record_id,phase_id,entity,country,date,metric_type,metric_category,d_value,c_value,n_value,balance_score,sustainability_index,unit,source_type,source_name,url,notes
1,0,Geological Prospecting_Entity,USA,2025-01-01,daily_state,ndc_balance,257.17,210.09,161.17,69.34,0.0449,index,simulated,Synthetic Generator - Bottleneck,,Bottleneck at Phase 6 (Vaulting) - severe D-C imbalance
2,1,Mine Extraction_Entity,USA,2025-01-01,daily_state,ndc_balance,220.13,186.9,149.98,73.94,0.0898,index,simulated,Synthetic Generator - Bottleneck,,Bottleneck at Phase 6 (Vaulting) - severe D-C imbalance
3,2,Ore Processing_Entity,USA,2025-01-01,daily_state,ndc_balance,264.42,226.37,183.47,74.99,0.0686,index,simulated,Synthetic Generator - Bottleneck,,Bottleneck at Phase 6 (Vaulting) - severe D-C imbalance
4,3,Doré Production_Entity,USA,2025-01-01,daily_state,ndc_balance,308.55,215.14,140.63,54.58,0.0114,index,simulated,Synthetic Generator - Bottleneck,,Bottleneck at Phase 6 (Vaulting) - severe D-C imbalance
5,4,Refining_Entity,USA,2025-01-01,daily_state,ndc_balance,231.57,225.87,217.7,95.19,2.3498,index,simulated,Synthetic Generator - Bottleneck,,Bottleneck at Phase 6 (Vaulting) - severe D-C imbalance
6,5,Bar Casting & Assay_Entity,USA,2025-01-01,daily_state,ndc_balance,254.86,228.24,195.72,81.15,0.1392,index,simulated,Synthetic Generator - Bottleneck,,Bottleneck at Phase 6 (Vaulting) - severe D-C imbalance
7,6,Logistics & Vaulting_Entity,USA,2025-01-01,daily_state,ndc_balance,432.25,165.32,77.74,29.08,0.0014,index,simulated,Synthetic Generator - Bottleneck,,Bottleneck at Phase 6 (Vaulting) - severe D-C imbalance
8,7,Exchange Registration_Entity,USA,2025-01-01,daily_state,ndc_balance,222.37,195.04,162.88,78.21,0.1322,index,simulated,Synthetic Generator - Bottleneck,,Bottleneck at Phase 6 (Vaulting) - severe D-C imbalance
9,0,Geological Prospecting_Entity,USA,2025-01-02,daily_state,ndc_balance,205.53,227.05,178.72,82.73,0.2114,index,simulated,Synthetic Generator - Bottleneck,,Bottleneck at Phase 6 (Vaulting) - severe D-C imbalance
10,1,Mine Extraction_Entity,USA,2025-01-02,daily_state,ndc_balance,243.98,224.21,198.9,85.04,0.2496,index,simulated,Synthetic Generator - Bottleneck,,Bottleneck at Phase 6 (Vaulting) - severe D-C imbalance
11,2,Ore Processing_Entity,USA,2025-01-02,daily_state,ndc_balance,274.87,270.7,264.63,97.01,3.654,index,simulated,Synthetic Generator - Bottleneck,,Bottleneck at Phase 6 (Vaulting) - severe D-C imbalance
12,3,Doré Production_Entity,USA,2025-01-02,daily_state,ndc_balance,243.3,195.15,146.68,67.31,0.0429,index,simulated,Synthetic Generator - Bottleneck,,Bottleneck at Phase 6 (Vaulting) - severe D-C imbalance
13,4,Refining_Entity,USA,2025-01-02,daily_state,ndc_balance,238.67,225.0,206.67,89.18,0.5086,index,simulated,Synthetic Generator - Bottleneck,,Bottleneck at Phase 6 (Vaulting) - severe D-C imbalance
14,5,Bar Casting & Assay_Entity,USA,2025-01-02,daily_state,ndc_balance,238.35,221.66,199.81,86.93,0.3463,index,simulated,Synthetic Generator - Bottleneck,,Bottleneck at Phase 6 (Vaulting) - severe D-C imbalance
15,6,Logistics & Vaulting_Entity,USA,2025-01-02,daily_state,ndc_balance,406.93,174.2,84.83,31.86,0.0018,index,simulated,Synthetic Generator - Bottleneck,,Bottleneck at Phase 6 (Vaulting) - severe D-C imbalance
16,7,Exchange Registration_Entity,USA,2025-01-02,daily_state,ndc_balance,240.28,243.21,235.98,97.62,5.3775,index,simulated,Synthetic Generator - Bottleneck,,Bottleneck at Phase 6 (Vaulting) - severe D-C imbalance
17,0,Geological Prospecting_Entity,USA,2025-01-03,daily_state,ndc_balance,257.21,217.23,173.23,73.28,0.0622,index,simulated,Synthetic Generator - Bottleneck,,Bottleneck at Phase 6 (Vaulting) - severe D-C imbalance
18,1,Mine Extraction_Entity,USA,2025-01-03,daily_state,ndc_balance,275.42,215.5,157.67,64.72,0.0278,index,simulated,Synthetic Generator - Bottleneck,,Bottleneck at Phase 6 (Vaulting) - severe D-C imbalance
19,2,Ore Processing_Entity,USA,2025-01-03,daily_state,ndc_balance,217.64,249.52,180.5,77.45,0.0975,index,simulated,Synthetic Generator - Bottleneck,,Bottleneck at Phase 6 (Vaulting) - severe D-C imbalance
20,3,Doré Production_Entity,USA,2025-01-03,daily_state,ndc_balance,233.65,248.03,214.38,89.05,0.4613,index,simulated,Synthetic Generator - Bottleneck,,Bottleneck at Phase 6 (Vaulting) - severe D-C imbalance
21,4,Refining_Entity,USA,2025-01-03,daily_state,ndc_balance,201.93,274.81,138.6,58.83,0.0188,index,simulated,Synthetic Generator - Bottleneck,,Bottleneck at Phase 6 (Vaulting) - severe D-C imbalance
22,5,Bar Casting & Assay_Entity,USA,2025-01-03,daily_state,ndc_balance,266.43,200.7,141.18,61.06,0.0231,index,simulated,Synthetic Generator - Bottleneck,,Bottleneck at Phase 6 (Vaulting) - severe D-C imbalance
23,6,Logistics & Vaulting_Entity,USA,2025-01-03,daily_state,ndc_balance,390.42,205.08,109.5,38.7,0.0029,index,simulated,Synthetic Generator - Bottleneck,,Bottleneck at Phase 6 (Vaulting) - severe D-C imbalance
24,7,Exchange Registration_Entity,USA,2025-01-03,daily_state,ndc_balance,241.19,215.19,183.63,80.6,0.1457,index,simulated,Synthetic Generator - Bottleneck,,Bottleneck at Phase 6 (Vaulting) - severe D-C imbalance
25,0,Geological Prospecting_Entity,USA,2025-01-04,daily_state,ndc_balance,204.68,231.23,172.91,79.48,0.1399,index,simulated,Synthetic Generator - Bottleneck,,Bottleneck at Phase 6 (Vaulting) - severe D-C imbalance
26,1,Mine Extraction_Entity,USA,2025-01-04,daily_state,ndc_balance,245.45,257.89,228.45,90.8,0.6068,index,simulated,Synthetic Generator - Bottleneck,,Bottleneck at Phase 6 (Vaulting) - severe D-C imbalance
27,2,Ore Processing_Entity,USA,2025-01-04,daily_state,ndc_balance,222.02,201.99,176.81,83.49,0.2433,index,simulated,Synthetic Generator - Bottleneck,,Bottleneck at Phase 6 (Vaulting) - severe D-C imbalance
28,3,Doré Production_Entity,USA,2025-01-04,daily_state,ndc_balance,259.02,265.17,250.2,95.47,2.0916,index,simulated,Synthetic Generator - Bottleneck,,Bottleneck at Phase 6 (Vaulting) - severe D-C imbalance
29,4,Refining_Entity,USA,2025-01-04,daily_state,ndc_balance,218.58,267.04,168.06,69.56,0.0424,index,simulated,Synthetic Generator - Bottleneck,,Bottleneck at Phase 6 (Vaulting) - severe D-C imbalance
30,5,Bar Casting & Assay_Entity,USA,2025-01-04,daily_state,ndc_balance,255.18,264.64,241.95,93.11,1.0067,index,simulated,Synthetic Generator - Bottleneck,,Bottleneck at Phase 6 (Vaulting) - severe D-C imbalance
31,6,Logistics & Vaulting_Entity,USA,2025-01-04,daily_state,ndc_balance,418.6,142.17,65.12,26.69,0.0013,index,simulated,Synthetic Generator - Bottleneck,,Bottleneck at Phase 6 (Vaulting) - severe D-C imbalance
32,7,Exchange Registration_Entity,USA,2025-01-04,daily_state,ndc_balance,255.75,260.64,248.67,96.32,2.9471,index,simulated,Synthetic Generator - Bottleneck,,Bottleneck at Phase 6 (Vaulting) - severe D-C imbalance
33,0,Geological Prospecting_Entity,USA,2025-01-05,daily_state,ndc_balance,232.13,230.3,227.61,98.44,7.5032,index,simulated,Synthetic Generator - Bottleneck,,Bottleneck at Phase 6 (Vaulting) - severe D-C imbalance
34,1,Mine Extraction_Entity,USA,2025-01-05,daily_state,ndc_balance,246.48,167.51,107.06,52.69,0.016,index,simulated,Synthetic Generator - Bottleneck,,Bottleneck at Phase 6 (Vaulting) - severe D-C imbalance
35,2,Ore Processing_Entity,USA,2025-01-05,daily_state,ndc_balance,283.43,217.47,155.87,62.78,0.0229,index,simulated,Synthetic Generator - Bottleneck,,Bottleneck at Phase 6 (Vaulting) - severe D-C imbalance
36,3,Doré Production_Entity,USA,2025-01-05,daily_state,ndc_balance,260.11,237.83,209.56,84.25,0.1974,index,simulated,Synthetic Generator - Bottleneck,,Bottleneck at Phase 6 (Vaulting) - severe D-C imbalance
37,4,Refining_Entity,USA,2025-01-05,daily_state,ndc_balance,275.15,250.15,218.76,83.38,0.1575,index,simulated,Synthetic Generator - Bottleneck,,Bottleneck at Phase 6 (Vaulting) - severe D-C imbalance
38,5,Bar Casting & Assay_Entity,USA,2025-01-05,daily_state,ndc_balance,251.14,214.16,172.75,74.49,0.0726,index,simulated,Synthetic Generator - Bottleneck,,Bottleneck at Phase 6 (Vaulting) - severe D-C imbalance
39,6,Logistics & Vaulting_Entity,USA,2025-01-05,daily_state,ndc_balance,435.96,151.9,69.91,27.17,0.0012,index,simulated,Synthetic Generator - Bottleneck,,Bottleneck at Phase 6 (Vaulting) - severe D-C imbalance
40,7,Exchange Registration_Entity,USA,2025-01-05,daily_state,ndc_balance,274.42,204.85,142.8,60.23,0.0206,index,simulated,Synthetic Generator - Bottleneck,,Bottleneck at Phase 6 (Vaulting) - severe D-C imbalance
41,0,Geological Prospecting_Entity,USA,2025-01-06,daily_state,ndc_balance,275.05,244.03,206.77,79.81,0.1029,index,simulated,Synthetic Generator - Bottleneck,,Bottleneck at Phase 6 (Vaulting) - severe D-C imbalance
42,1,Mine Extraction_Entity,USA,2025-01-06,daily_state,ndc_balance,262.88,242.05,215.28,85.34,0.2252,index,simulated,Synthetic Generator - Bottleneck,,Bottleneck at Phase 6 (Vaulting) - severe D-C imbalance
43,2,Ore Processing_Entity,USA,2025-01-06,daily_state,ndc_balance,214.95,218.48,209.82,96.82,4.4531,index,simulated,Synthetic Generator - Bottleneck,,Bottleneck at Phase 6 (Vaulting) - severe D-C imbalance
44,3,Doré Production_Entity,USA,2025-01-06,daily_state,ndc_balance,263.45,244.17,219.09,86.38,0.2619,index,simulated,Synthetic Generator - Bottleneck,,Bottleneck at Phase 6 (Vaulting) - severe D-C imbalance
45,4,Refining_Entity,USA,2025-01-06,daily_state,ndc_balance,273.62,250.08,220.24,84.19,0.1773,index,simulated,Synthetic Generator - Bottleneck,,Bottleneck at Phase 6 (Vaulting) - severe D-C imbalance
46,5,Bar Casting & Assay_Entity,USA,2025-01-06,daily_state,ndc_balance,237.86,215.78,188.17,83.06,0.2011,index,simulated,Synthetic Generator - Bottleneck,,Bottleneck at Phase 6 (Vaulting) - severe D-C imbalance
47,6,Logistics & Vaulting_Entity,USA,2025-01-06,daily_state,ndc_balance,422.06,145.29,66.71,26.94,0.0013,index,simulated,Synthetic Generator - Bottleneck,,Bottleneck at Phase 6 (Vaulting) - severe D-C imbalance
48,7,Exchange Registration_Entity,USA,2025-01-06,daily_state,ndc_balance,297.51,241.68,184.24,68.71,0.032,index,simulated,Synthetic Generator - Bottleneck,,Bottleneck at Phase 6 (Vaulting) - severe D-C imbalance
49,0,Geological Prospecting_Entity,USA,2025-01-07,daily_state,ndc_balance,274.54,200.48,136.79,58.3,0.0182,index,simulated,Synthetic Generator - Bottleneck,,Bottleneck at Phase 6 (Vaulting) - severe D-C imbalance
50,1,Mine Extraction_Entity,USA,2025-01-07,daily_state,ndc_balance,274.89,295.79,247.58,86.82,0.2239,index,simulated,Synthetic Generator - Bottleneck,,Bottleneck at Phase 6 (Vaulting) - severe D-C imbalance
51,2,Ore Processing_Entity,USA,2025-01-07,daily_state,ndc_balance,223.58,259.29,182.81,75.93,0.0778,index,simulated,Synthetic Generator - Bottleneck,,Bottleneck at Phase 6 (Vaulting) - severe D-C imbalance
52,3,Doré Production_Entity,USA,2025-01-07,daily_state,ndc_balance,250.02,201.39,152.07,67.77,0.0421,index,simulated,Synthetic Generator - Bottleneck,,Bottleneck at Phase 6 (Vaulting) - severe D-C imbalance
53,4,Refining_Entity,USA,2025-01-07,daily_state,ndc_balance,259.86,260.84,258.39,99.25,9.1198,index,simulated,Synthetic Generator - Bottleneck,,Bottleneck at Phase 6 (Vaulting) - severe D-C imbalance
54,5,Bar Casting & Assay_Entity,USA,2025-01-07,daily_state,ndc_balance,246.45,264.07,223.24,87.51,0.3121,index,simulated,Synthetic Generator - Bottleneck,,Bottleneck at Phase 6 (Vaulting) - severe D-C imbalance
55,6,Logistics & Vaulting_Entity,USA,2025-01-07,daily_state,ndc_balance,386.66,157.58,75.48,30.58,0.0019,index,simulated,Synthetic Generator - Bottleneck,,Bottleneck at Phase 6 (Vaulting) - severe D-C imbalance
56,7,Exchange Registration_Entity,USA,2025-01-07,daily_state,ndc_balance,269.09,229.73,185.57,74.63,0.0641,index,simulated,Synthetic Generator - Bottleneck,,Bottleneck at Phase 6 (Vaulting) - severe D-C imbalance
57,0,Geological Prospecting_Entity,USA,2025-01-08,daily_state,ndc_balance,235.67,260.24,205.03,82.79,0.1629,index,simulated,Synthetic Generator - Bottleneck,,Bottleneck at Phase 6 (Vaulting) - severe D-C imbalance
58,1,Mine Extraction_Entity,USA,2025-01-08,daily_state,ndc_balance,260.62,261.45,259.37,99.36,9.3474,index,simulated,Synthetic Generator - Bottleneck,,Bottleneck at Phase 6 (Vaulting) - severe D-C imbalance
59,2,Ore Processing_Entity,USA,2025-01-08,daily_state,ndc_balance,247.54,255.06,236.87,94.27,1.5002,index,simulated,Synthetic Generator - Bottleneck,,Bottleneck at Phase 6 (Vaulting) - severe D-C imbalance
60,3,Doré Production_Entity,USA,2025-01-08,daily_state,ndc_balance,241.09,291.35,187.7,70.82,0.0394,index,simulated,Synthetic Generator - Bottleneck,,Bottleneck at Phase 6 (Vaulting) - severe D-C imbalance
61,4,Refining_Entity,USA,2025-01-08,daily_state,ndc_balance,233.75,292.63,174.89,66.87,0.0288,index,simulated,Synthetic Generator - Bottleneck,,Bottleneck at Phase 6 (Vaulting) - severe D-C imbalance
62,5,Bar Casting & Assay_Entity,USA,2025-01-08,daily_state,ndc_balance,260.36,199.81,143.26,62.81,0.0272,index,simulated,Synthetic Generator - Bottleneck,,Bottleneck at Phase 6 (Vaulting) - severe D-C imbalance
63,6,Logistics & Vaulting_Entity,USA,2025-01-08,daily_state,ndc_balance,447.36,181.89,87.06,30.52,0.0014,index,simulated,Synthetic Generator - Bottleneck,,Bottleneck at Phase 6 (Vaulting) - severe D-C imbalance
64,7,Exchange Registration_Entity,USA,2025-01-08,daily_state,ndc_balance,285.44,258.32,224.54,82.69,0.1341,index,simulated,Synthetic Generator - Bottleneck,,Bottleneck at Phase 6 (Vaulting) - severe D-C imbalance
65,0,Geological Prospecting_Entity,USA,2025-01-09,daily_state,ndc_balance,256.76,225.19,188.04,78.2,0.0994,index,simulated,Synthetic Generator - Bottleneck,,Bottleneck at Phase 6 (Vaulting) - severe D-C imbalance
66,1,Mine Extraction_Entity,USA,2025-01-09,daily_state,ndc_balance,269.51,240.02,204.34,80.34,0.1136,index,simulated,Synthetic Generator - Bottleneck,,Bottleneck at Phase 6 (Vaulting) - severe D-C imbalance
67,2,Ore Processing_Entity,USA,2025-01-09,daily_state,ndc_balance,263.72,186.16,123.04,55.53,0.0166,index,simulated,Synthetic Generator - Bottleneck,,Bottleneck at Phase 6 (Vaulting) - severe D-C imbalance
68,3,Doré Production_Entity,USA,2025-01-09,daily_state,ndc_balance,258.94,224.04,183.94,76.37,0.0814,index,simulated,Synthetic Generator - Bottleneck,,Bottleneck at Phase 6 (Vaulting) - severe D-C imbalance
69,4,Refining_Entity,USA,2025-01-09,daily_state,ndc_balance,283.07,255.58,221.49,82.35,0.1306,index,simulated,Synthetic Generator - Bottleneck,,Bottleneck at Phase 6 (Vaulting) - severe D-C imbalance
70,5,Bar Casting & Assay_Entity,USA,2025-01-09,daily_state,ndc_balance,265.56,245.7,219.96,86.11,0.2474,index,simulated,Synthetic Generator - Bottleneck,,Bottleneck at Phase 6 (Vaulting) - severe D-C imbalance
71,6,Logistics & Vaulting_Entity,USA,2025-01-09,daily_state,ndc_balance,400.03,204.35,107.48,37.59,0.0026,index,simulated,Synthetic Generator - Bottleneck,,Bottleneck at Phase 6 (Vaulting) - severe D-C imbalance
72,7,Exchange Registration_Entity,USA,2025-01-09,daily_state,ndc_balance,310.02,236.36,168.31,62.18,0.0184,index,simulated,Synthetic Generator - Bottleneck,,Bottleneck at Phase 6 (Vaulting) - severe D-C imbalance
73,0,Geological Prospecting_Entity,USA,2025-01-10,daily_state,ndc_balance,281.81,225.77,169.47,67.19,0.0317,index,simulated,Synthetic Generator - Bottleneck,,Bottleneck at Phase 6 (Vaulting) - severe D-C imbalance
74,1,Mine Extraction_Entity,USA,2025-01-10,daily_state,ndc_balance,234.06,241.02,224.18,94.38,1.7089,index,simulated,Synthetic Generator - Bottleneck,,Bottleneck at Phase 6 (Vaulting) - severe D-C imbalance
75,2,Ore Processing_Entity,USA,2025-01-10,daily_state,ndc_balance,258.7,230.15,195.68,80.2,0.1212,index,simulated,Synthetic Generator - Bottleneck,,Bottleneck at Phase 6 (Vaulting) - severe D-C imbalance
76,3,Doré Production_Entity,USA,2025-01-10,daily_state,ndc_balance,260.76,247.66,229.84,90.44,0.551,index,simulated,Synthetic Generator - Bottleneck,,Bottleneck at Phase 6 (Vaulting) - severe D-C imbalance
77,4,Refining_Entity,USA,2025-01-10,daily_state,ndc_balance,230.03,252.97,201.22,83.42,0.1865,index,simulated,Synthetic Generator - Bottleneck,,Bottleneck at Phase 6 (Vaulting) - severe D-C imbalance
78,5,Bar Casting & Assay_Entity,USA,2025-01-10,daily_state,ndc_balance,279.02,237.24,190.69,74.12,0.057,index,simulated,Synthetic Generator - Bottleneck,,Bottleneck at Phase 6 (Vaulting) - severe D-C imbalance
79,6,Logistics & Vaulting_Entity,USA,2025-01-10,daily_state,ndc_balance,443.05,161.74,75.18,28.09,0.0013,index,simulated,Synthetic Generator - Bottleneck,,Bottleneck at Phase 6 (Vaulting) - severe D-C imbalance
80,7,Exchange Registration_Entity,USA,2025-01-10,daily_state,ndc_balance,281.01,196.31,128.53,54.72,0.0139,index,simulated,Synthetic Generator - Bottleneck,,Bottleneck at Phase 6 (Vaulting) - severe D-C imbalance
81,0,Geological Prospecting_Entity,USA,2025-01-11,daily_state,ndc_balance,227.72,224.23,219.14,96.98,4.5062,index,simulated,Synthetic Generator - Bottleneck,,Bottleneck at Phase 6 (Vaulting) - severe D-C imbalance
82,1,Mine Extraction_Entity,USA,2025-01-11,daily_state,ndc_balance,231.16,226.3,219.3,95.88,2.9756,index,simulated,Synthetic Generator - Bottleneck,,Bottleneck at Phase 6 (Vaulting) - severe D-C imbalance
83,2,Ore Processing_Entity,USA,2025-01-11,daily_state,ndc_balance,245.72,260.93,225.34,88.99,0.4142,index,simulated,Synthetic Generator - Bottleneck,,Bottleneck at Phase 6 (Vaulting) - severe D-C imbalance
84,3,Doré Production_Entity,USA,2025-01-11,daily_state,ndc_balance,243.58,200.36,154.92,70.13,0.0533,index,simulated,Synthetic Generator - Bottleneck,,Bottleneck at Phase 6 (Vaulting) - severe D-C imbalance
85,4,Refining_Entity,USA,2025-01-11,daily_state,ndc_balance,272.8,219.07,164.87,67.44,0.0345,index,simulated,Synthetic Generator - Bottleneck,,Bottleneck at Phase 6 (Vaulting) - severe D-C imbalance
86,5,Bar Casting & Assay_Entity,USA,2025-01-11,daily_state,ndc_balance,261.45,243.59,220.14,87.23,0.3041,index,simulated,Synthetic Generator - Bottleneck,,Bottleneck at Phase 6 (Vaulting) - severe D-C imbalance
87,6,Logistics & Vaulting_Entity,USA,2025-01-11,daily_state,ndc_balance,423.99,196.41,98.64,34.18,0.0019,index,simulated,Synthetic Generator - Bottleneck,,Bottleneck at Phase 6 (Vaulting) - severe D-C imbalance
88,7,Exchange Registration_Entity,USA,2025-01-11,daily_state,ndc_balance,282.36,203.28,136.84,57.12,0.016,index,simulated,Synthetic Generator - Bottleneck,,Bottleneck at Phase 6 (Vaulting) - severe D-C imbalance
89,0,Geological Prospecting_Entity,USA,2025-01-12,daily_state,ndc_balance,293.57,244.86,192.39,71.76,0.042,index,simulated,Synthetic Generator - Bottleneck,,Bottleneck at Phase 6 (Vaulting) - severe D-C imbalance
90,1,Mine Extraction_Entity,USA,2025-01-12,daily_state,ndc_balance,247.05,264.1,224.5,87.89,0.3327,index,simulated,Synthetic Generator - Bottleneck,,Bottleneck at Phase 6 (Vaulting) - severe D-C imbalance
91,2,Ore Processing_Entity,USA,2025-01-12,daily_state,ndc_balance,254.99,249.98,242.75,96.15,2.8504,index,simulated,Synthetic Generator - Bottleneck,,Bottleneck at Phase 6 (Vaulting) - severe D-C imbalance
92,3,Doré Production_Entity,USA,2025-01-12,daily_state,ndc_balance,299.84,233.12,169.42,64.08,0.0224,index,simulated,Synthetic Generator - Bottleneck,,Bottleneck at Phase 6 (Vaulting) - severe D-C imbalance
93,4,Refining_Entity,USA,2025-01-12,daily_state,ndc_balance,243.64,242.91,241.83,99.4,9.4936,index,simulated,Synthetic Generator - Bottleneck,,Bottleneck at Phase 6 (Vaulting) - severe D-C imbalance
94,5,Bar Casting & Assay_Entity,USA,2025-01-12,daily_state,ndc_balance,284.8,194.32,124.61,52.97,0.0122,index,simulated,Synthetic Generator - Bottleneck,,Bottleneck at Phase 6 (Vaulting) - severe D-C imbalance
95,6,Logistics & Vaulting_Entity,USA,2025-01-12,daily_state,ndc_balance,380.69,171.19,84.93,33.27,0.0023,index,simulated,Synthetic Generator - Bottleneck,,Bottleneck at Phase 6 (Vaulting) - severe D-C imbalance
96,7,Exchange Registration_Entity,USA,2025-01-12,daily_state,ndc_balance,240.86,213.68,181.04,79.8,0.1336,index,simulated,Synthetic Generator - Bottleneck,,Bottleneck at Phase 6 (Vaulting) - severe D-C imbalance
97,0,Geological Prospecting_Entity,USA,2025-01-13,daily_state,ndc_balance,260.05,217.73,171.85,72.22,0.0555,index,simulated,Synthetic Generator - Bottleneck,,Bottleneck at Phase 6 (Vaulting) - severe D-C imbalance
98,1,Mine Extraction_Entity,USA,2025-01-13,daily_state,ndc_balance,221.46,241.73,195.65,84.56,0.2376,index,simulated,Synthetic Generator - Bottleneck,,Bottleneck at Phase 6 (Vaulting) - severe D-C imbalance
99,2,Ore Processing_Entity,USA,2025-01-13,daily_state,ndc_balance,267.25,197.63,136.49,59.39,0.0206,index,simulated,Synthetic Generator - Bottleneck,,Bottleneck at Phase 6 (Vaulting) - severe D-C imbalance
100,3,Doré Production_Entity,USA,2025-01-13,daily_state,ndc_balance,266.4,260.43,251.85,95.62,2.1899,index,simulated,Synthetic Generator - Bottleneck,,Bottleneck at Phase 6 (Vaulting) - severe D-C imbalance
101,4,Refining_Entity,USA,2025-01-13,daily_state,ndc_balance,269.08,270.46,267.03,98.98,8.3997,index,simulated,Synthetic Generator - Bottleneck,,Bottleneck at Phase 6 (Vaulting) - severe D-C imbalance
102,5,Bar Casting & Assay_Entity,USA,2025-01-13,daily_state,ndc_balance,308.02,222.71,150.52,57.47,0.0137,index,simulated,Synthetic Generator - Bottleneck,,Bottleneck at Phase 6 (Vaulting) - severe D-C imbalance
103,6,Logistics & Vaulting_Entity,USA,2025-01-13,daily_state,ndc_balance,422.19,173.75,83.48,30.82,0.0016,index,simulated,Synthetic Generator - Bottleneck,,Bottleneck at Phase 6 (Vaulting) - severe D-C imbalance
104,7,Exchange Registration_Entity,USA,2025-01-13,daily_state,ndc_balance,273.98,262.36,246.31,91.87,0.6898,index,simulated,Synthetic Generator - Bottleneck,,Bottleneck at Phase 6 (Vaulting) - severe D-C imbalance
105,0,Geological Prospecting_Entity,USA,2025-01-14,daily_state,ndc_balance,223.1,218.47,211.81,95.94,3.1848,index,simulated,Synthetic Generator - Bottleneck,,Bottleneck at Phase 6 (Vaulting) - severe D-C imbalance
106,1,Mine Extraction_Entity,USA,2025-01-14,daily_state,ndc_balance,277.54,265.5,248.89,91.69,0.645,index,simulated,Synthetic Generator - Bottleneck,,Bottleneck at Phase 6 (Vaulting) - severe D-C imbalance
107,2,Ore Processing_Entity,USA,2025-01-14,daily_state,ndc_balance,242.74,261.36,218.42,86.72,0.2803,index,simulated,Synthetic Generator - Bottleneck,,Bottleneck at Phase 6 (Vaulting) - severe D-C imbalance
108,3,Doré Production_Entity,USA,2025-01-14,daily_state,ndc_balance,256.82,277.51,230.0,86.15,0.2284,index,simulated,Synthetic Generator - Bottleneck,,Bottleneck at Phase 6 (Vaulting) - severe D-C imbalance
109,4,Refining_Entity,USA,2025-01-14,daily_state,ndc_balance,251.49,265.64,232.35,89.89,0.4756,index,simulated,Synthetic Generator - Bottleneck,,Bottleneck at Phase 6 (Vaulting) - severe D-C imbalance
110,5,Bar Casting & Assay_Entity,USA,2025-01-14,daily_state,ndc_balance,317.29,246.28,178.67,63.91,0.0198,index,simulated,Synthetic Generator - Bottleneck,,Bottleneck at Phase 6 (Vaulting) - severe D-C imbalance
111,6,Logistics & Vaulting_Entity,USA,2025-01-14,daily_state,ndc_balance,420.99,190.84,94.98,33.51,0.0019,index,simulated,Synthetic Generator - Bottleneck,,Bottleneck at Phase 6 (Vaulting) - severe D-C imbalance
112,7,Exchange Registration_Entity,USA,2025-01-14,daily_state,ndc_balance,266.66,283.72,243.89,88.67,0.332,index,simulated,Synthetic Generator - Bottleneck,,Bottleneck at Phase 6 (Vaulting) - severe D-C imbalance
113,0,Geological Prospecting_Entity,USA,2025-01-15,daily_state,ndc_balance,253.6,233.18,207.0,85.12,0.2341,index,simulated,Synthetic Generator - Bottleneck,,Bottleneck at Phase 6 (Vaulting) - severe D-C imbalance
114,1,Mine Extraction_Entity,USA,2025-01-15,daily_state,ndc_balance,233.29,267.43,193.49,77.46,0.085,index,simulated,Synthetic Generator - Bottleneck,,Bottleneck at Phase 6 (Vaulting) - severe D-C imbalance
115,2,Ore Processing_Entity,USA,2025-01-15,daily_state,ndc_balance,267.34,227.57,183.17,74.26,0.0628,index,simulated,Synthetic Generator - Bottleneck,,Bottleneck at Phase 6 (Vaulting) - severe D-C imbalance
116,3,Doré Production_Entity,USA,2025-01-15,daily_state,ndc_balance,261.53,202.29,146.21,63.57,0.0284,index,simulated,Synthetic Generator - Bottleneck,,Bottleneck at Phase 6 (Vaulting) - severe D-C imbalance
117,4,Refining_Entity,USA,2025-01-15,daily_state,ndc_balance,253.7,251.32,247.81,98.14,6.3829,index,simulated,Synthetic Generator - Bottleneck,,Bottleneck at Phase 6 (Vaulting) - severe D-C imbalance
118,5,Bar Casting & Assay_Entity,USA,2025-01-15,daily_state,ndc_balance,298.93,211.86,140.55,55.85,0.0132,index,simulated,Synthetic Generator - Bottleneck,,Bottleneck at Phase 6 (Vaulting) - severe D-C imbalance
119,6,Logistics & Vaulting_Entity,USA,2025-01-15,daily_state,ndc_balance,394.43,166.57,80.72,31.49,0.0019,index,simulated,Synthetic Generator - Bottleneck,,Bottleneck at Phase 6 (Vaulting) - severe D-C imbalance
120,7,Exchange Registration_Entity,USA,2025-01-15,daily_state,ndc_balance,246.88,257.67,231.96,91.97,0.7912,index,simulated,Synthetic Generator - Bottleneck,,Bottleneck at Phase 6 (Vaulting) - severe D-C imbalance
121,0,Geological Prospecting_Entity,USA,2025-01-16,daily_state,ndc_balance,280.97,248.01,208.76,79.08,0.0912,index,simulated,Synthetic Generator - Bottleneck,,Bottleneck at Phase 6 (Vaulting) - severe D-C imbalance
122,1,Mine Extraction_Entity,USA,2025-01-16,daily_state,ndc_balance,274.43,243.35,206.05,79.73,0.1025,index,simulated,Synthetic Generator - Bottleneck,,Bottleneck at Phase 6 (Vaulting) - severe D-C imbalance
123,2,Ore Processing_Entity,USA,2025-01-16,daily_state,ndc_balance,248.1,231.67,210.02,87.6,0.3575,index,simulated,Synthetic Generator - Bottleneck,,Bottleneck at Phase 6 (Vaulting) - severe D-C imbalance
124,3,Doré Production_Entity,USA,2025-01-16,daily_state,ndc_balance,243.79,201.3,156.34,70.57,0.0551,index,simulated,Synthetic Generator - Bottleneck,,Bottleneck at Phase 6 (Vaulting) - severe D-C imbalance
125,4,Refining_Entity,USA,2025-01-16,daily_state,ndc_balance,255.29,238.99,217.4,88.02,0.363,index,simulated,Synthetic Generator - Bottleneck,,Bottleneck at Phase 6 (Vaulting) - severe D-C imbalance
126,5,Bar Casting & Assay_Entity,USA,2025-01-16,daily_state,ndc_balance,279.87,233.36,183.29,71.72,0.046,index,simulated,Synthetic Generator - Bottleneck,,Bottleneck at Phase 6 (Vaulting) - severe D-C imbalance
127,6,Logistics & Vaulting_Entity,USA,2025-01-16,daily_state,ndc_balance,416.75,166.93,79.53,30.15,0.0016,index,simulated,Synthetic Generator - Bottleneck,,Bottleneck at Phase 6 (Vaulting) - severe D-C imbalance
128,7,Exchange Registration_Entity,USA,2025-01-16,daily_state,ndc_balance,274.34,243.19,205.82,79.68,0.102,index,simulated,Synthetic Generator - Bottleneck,,Bottleneck at Phase 6 (Vaulting) - severe D-C imbalance
129,0,Geological Prospecting_Entity,USA,2025-01-17,daily_state,ndc_balance,227.13,242.19,207.12,88.31,0.4226,index,simulated,Synthetic Generator - Bottleneck,,Bottleneck at Phase 6 (Vaulting) - severe D-C imbalance
130,1,Mine Extraction_Entity,USA,2025-01-17,daily_state,ndc_balance,254.66,222.05,184.07,77.4,0.0931,index,simulated,Synthetic Generator - Bottleneck,,Bottleneck at Phase 6 (Vaulting) - severe D-C imbalance
131,2,Ore Processing_Entity,USA,2025-01-17,daily_state,ndc_balance,238.24,245.77,227.61,94.06,1.5018,index,simulated,Synthetic Generator - Bottleneck,,Bottleneck at Phase 6 (Vaulting) - severe D-C imbalance
132,3,Doré Production_Entity,USA,2025-01-17,daily_state,ndc_balance,227.33,248.75,200.18,84.18,0.2134,index,simulated,Synthetic Generator - Bottleneck,,Bottleneck at Phase 6 (Vaulting) - severe D-C imbalance
133,4,Refining_Entity,USA,2025-01-17,daily_state,ndc_balance,232.09,266.57,192.04,77.21,0.0834,index,simulated,Synthetic Generator - Bottleneck,,Bottleneck at Phase 6 (Vaulting) - severe D-C imbalance
134,5,Bar Casting & Assay_Entity,USA,2025-01-17,daily_state,ndc_balance,311.75,209.48,132.6,51.89,0.0096,index,simulated,Synthetic Generator - Bottleneck,,Bottleneck at Phase 6 (Vaulting) - severe D-C imbalance
135,6,Logistics & Vaulting_Entity,USA,2025-01-17,daily_state,ndc_balance,430.68,169.1,80.09,29.68,0.0015,index,simulated,Synthetic Generator - Bottleneck,,Bottleneck at Phase 6 (Vaulting) - severe D-C imbalance
136,7,Exchange Registration_Entity,USA,2025-01-17,daily_state,ndc_balance,292.64,193.82,121.21,50.9,0.0102,index,simulated,Synthetic Generator - Bottleneck,,Bottleneck at Phase 6 (Vaulting) - severe D-C imbalance
137,0,Geological Prospecting_Entity,USA,2025-01-18,daily_state,ndc_balance,259.61,218.18,172.95,72.67,0.0579,index,simulated,Synthetic Generator - Bottleneck,,Bottleneck at Phase 6 (Vaulting) - severe D-C imbalance
138,1,Mine Extraction_Entity,USA,2025-01-18,daily_state,ndc_balance,245.86,214.22,177.42,77.31,0.0989,index,simulated,Synthetic Generator - Bottleneck,,Bottleneck at Phase 6 (Vaulting) - severe D-C imbalance
139,2,Ore Processing_Entity,USA,2025-01-18,daily_state,ndc_balance,266.45,219.08,169.31,70.08,0.0444,index,simulated,Synthetic Generator - Bottleneck,,Bottleneck at Phase 6 (Vaulting) - severe D-C imbalance
140,3,Doré Production_Entity,USA,2025-01-18,daily_state,ndc_balance,261.04,231.4,195.84,79.68,0.1125,index,simulated,Synthetic Generator - Bottleneck,,Bottleneck at Phase 6 (Vaulting) - severe D-C imbalance
141,4,Refining_Entity,USA,2025-01-18,daily_state,ndc_balance,247.71,243.69,237.85,96.81,3.8265,index,simulated,Synthetic Generator - Bottleneck,,Bottleneck at Phase 6 (Vaulting) - severe D-C imbalance
142,5,Bar Casting & Assay_Entity,USA,2025-01-18,daily_state,ndc_balance,249.64,236.33,218.34,89.89,0.5347,index,simulated,Synthetic Generator - Bottleneck,,Bottleneck at Phase 6 (Vaulting) - severe D-C imbalance
143,6,Logistics & Vaulting_Entity,USA,2025-01-18,daily_state,ndc_balance,450.61,168.33,78.68,28.57,0.0013,index,simulated,Synthetic Generator - Bottleneck,,Bottleneck at Phase 6 (Vaulting) - severe D-C imbalance
144,7,Exchange Registration_Entity,USA,2025-01-18,daily_state,ndc_balance,293.84,263.85,227.02,81.53,0.1099,index,simulated,Synthetic Generator - Bottleneck,,Bottleneck at Phase 6 (Vaulting) - severe D-C imbalance
145,0,Geological Prospecting_Entity,USA,2025-01-19,daily_state,ndc_balance,233.68,203.62,168.66,77.32,0.1095,index,simulated,Synthetic Generator - Bottleneck,,Bottleneck at Phase 6 (Vaulting) - severe D-C imbalance
146,1,Mine Extraction_Entity,USA,2025-01-19,daily_state,ndc_balance,256.04,226.31,190.84,79.28,0.1119,index,simulated,Synthetic Generator - Bottleneck,,Bottleneck at Phase 6 (Vaulting) - severe D-C imbalance
147,2,Ore Processing_Entity,USA,2025-01-19,daily_state,ndc_balance,287.37,240.87,190.35,72.35,0.046,index,simulated,Synthetic Generator - Bottleneck,,Bottleneck at Phase 6 (Vaulting) - severe D-C imbalance
148,3,Doré Production_Entity,USA,2025-01-19,daily_state,ndc_balance,233.96,211.32,183.23,82.41,0.1914,index,simulated,Synthetic Generator - Bottleneck,,Bottleneck at Phase 6 (Vaulting) - severe D-C imbalance
149,4,Refining_Entity,USA,2025-01-19,daily_state,ndc_balance,271.8,225.72,176.46,71.24,0.0469,index,simulated,Synthetic Generator - Bottleneck,,Bottleneck at Phase 6 (Vaulting) - severe D-C imbalance
150,5,Bar Casting & Assay_Entity,USA,2025-01-19,daily_state,ndc_balance,265.48,255.13,240.73,92.5,0.8532,index,simulated,Synthetic Generator - Bottleneck,,Bottleneck at Phase 6 (Vaulting) - severe D-C imbalance
151,6,Logistics & Vaulting_Entity,USA,2025-01-19,daily_state,ndc_balance,410.31,179.31,87.97,32.43,0.0019,index,simulated,Synthetic Generator - Bottleneck,,Bottleneck at Phase 6 (Vaulting) - severe D-C imbalance
152,7,Exchange Registration_Entity,USA,2025-01-19,daily_state,ndc_balance,268.34,244.63,214.71,83.8,0.1748,index,simulated,Synthetic Generator - Bottleneck,,Bottleneck at Phase 6 (Vaulting) - severe D-C imbalance
153,0,Geological Prospecting_Entity,USA,2025-01-20,daily_state,ndc_balance,261.81,234.5,201.11,81.17,0.1322,index,simulated,Synthetic Generator - Bottleneck,,Bottleneck at Phase 6 (Vaulting) - severe D-C imbalance
154,1,Mine Extraction_Entity,USA,2025-01-20,daily_state,ndc_balance,251.27,230.71,204.41,84.9,0.2309,index,simulated,Synthetic Generator - Bottleneck,,Bottleneck at Phase 6 (Vaulting) - severe D-C imbalance
155,2,Ore Processing_Entity,USA,2025-01-20,daily_state,ndc_balance,220.45,246.44,188.75,80.98,0.1459,index,simulated,Synthetic Generator - Bottleneck,,Bottleneck at Phase 6 (Vaulting) - severe D-C imbalance
156,3,Doré Production_Entity,USA,2025-01-20,daily_state,ndc_balance,287.84,217.91,154.05,61.51,0.0204,index,simulated,Synthetic Generator - Bottleneck,,Bottleneck at Phase 6 (Vaulting) - severe D-C imbalance
157,4,Refining_Entity,USA,2025-01-20,daily_state,ndc_balance,234.54,218.23,196.87,87.02,0.3624,index,simulated,Synthetic Generator - Bottleneck,,Bottleneck at Phase 6 (Vaulting) - severe D-C imbalance
158,5,Bar Casting & Assay_Entity,USA,2025-01-20,daily_state,ndc_balance,278.69,242.7,200.87,77.24,0.0766,index,simulated,Synthetic Generator - Bottleneck,,Bottleneck at Phase 6 (Vaulting) - severe D-C imbalance
159,6,Logistics & Vaulting_Entity,USA,2025-01-20,daily_state,ndc_balance,416.83,166.23,79.09,30.05,0.0016,index,simulated,Synthetic Generator - Bottleneck,,Bottleneck at Phase 6 (Vaulting) - severe D-C imbalance
160,7,Exchange Registration_Entity,USA,2025-01-20,daily_state,ndc_balance,268.5,189.79,125.59,55.64,0.0161,index,simulated,Synthetic Generator - Bottleneck,,Bottleneck at Phase 6 (Vaulting) - severe D-C imbalance
161,0,Geological Prospecting_Entity,USA,2025-01-21,daily_state,ndc_balance,252.87,261.79,240.34,93.41,1.1166,index,simulated,Synthetic Generator - Bottleneck,,Bottleneck at Phase 6 (Vaulting) - severe D-C imbalance
162,1,Mine Extraction_Entity,USA,2025-01-21,daily_state,ndc_balance,224.98,201.69,173.18,81.3,0.181,index,simulated,Synthetic Generator - Bottleneck,,Bottleneck at Phase 6 (Vaulting) - severe D-C imbalance
163,2,Ore Processing_Entity,USA,2025-01-21,daily_state,ndc_balance,281.59,224.71,167.94,66.76,0.0308,index,simulated,Synthetic Generator - Bottleneck,,Bottleneck at Phase 6 (Vaulting) - severe D-C imbalance
164,3,Doré Production_Entity,USA,2025-01-21,daily_state,ndc_balance,272.72,236.15,194.08,76.48,0.0742,index,simulated,Synthetic Generator - Bottleneck,,Bottleneck at Phase 6 (Vaulting) - severe D-C imbalance
165,4,Refining_Entity,USA,2025-01-21,daily_state,ndc_balance,246.76,250.96,240.66,96.71,3.6186,index,simulated,Synthetic Generator - Bottleneck,,Bottleneck at Phase 6 (Vaulting) - severe D-C imbalance
166,5,Bar Casting & Assay_Entity,USA,2025-01-21,daily_state,ndc_balance,245.96,235.13,220.21,91.57,0.7855,index,simulated,Synthetic Generator - Bottleneck,,Bottleneck at Phase 6 (Vaulting) - severe D-C imbalance
167,6,Logistics & Vaulting_Entity,USA,2025-01-21,daily_state,ndc_balance,412.37,160.19,75.65,29.43,0.0016,index,simulated,Synthetic Generator - Bottleneck,,Bottleneck at Phase 6 (Vaulting) - severe D-C imbalance
168,7,Exchange Registration_Entity,USA,2025-01-21,daily_state,ndc_balance,271.11,223.84,173.82,70.56,0.0446,index,simulated,Synthetic Generator - Bottleneck,,Bottleneck at Phase 6 (Vaulting) - severe D-C imbalance
169,0,Geological Prospecting_Entity,USA,2025-01-22,daily_state,ndc_balance,246.86,209.75,168.46,74.03,0.0721,index,simulated,Synthetic Generator - Bottleneck,,Bottleneck at Phase 6 (Vaulting) - severe D-C imbalance
170,1,Mine Extraction_Entity,USA,2025-01-22,daily_state,ndc_balance,281.83,261.92,235.89,86.82,0.2461,index,simulated,Synthetic Generator - Bottleneck,,Bottleneck at Phase 6 (Vaulting) - severe D-C imbalance
171,2,Ore Processing_Entity,USA,2025-01-22,daily_state,ndc_balance,269.28,232.36,190.15,76.02,0.0728,index,simulated,Synthetic Generator - Bottleneck,,Bottleneck at Phase 6 (Vaulting) - severe D-C imbalance
172,3,Doré Production_Entity,USA,2025-01-22,daily_state,ndc_balance,215.42,288.82,150.04,60.15,0.0185,index,simulated,Synthetic Generator - Bottleneck,,Bottleneck at Phase 6 (Vaulting) - severe D-C imbalance
173,4,Refining_Entity,USA,2025-01-22,daily_state,ndc_balance,248.78,221.28,188.09,80.17,0.1305,index,simulated,Synthetic Generator - Bottleneck,,Bottleneck at Phase 6 (Vaulting) - severe D-C imbalance
174,5,Bar Casting & Assay_Entity,USA,2025-01-22,daily_state,ndc_balance,271.28,261.41,247.6,92.98,0.9301,index,simulated,Synthetic Generator - Bottleneck,,Bottleneck at Phase 6 (Vaulting) - severe D-C imbalance
175,6,Logistics & Vaulting_Entity,USA,2025-01-22,daily_state,ndc_balance,419.54,199.18,101.11,34.98,0.0021,index,simulated,Synthetic Generator - Bottleneck,,Bottleneck at Phase 6 (Vaulting) - severe D-C imbalance
176,7,Exchange Registration_Entity,USA,2025-01-22,daily_state,ndc_balance,283.51,205.19,138.8,57.55,0.0163,index,simulated,Synthetic Generator - Bottleneck,,Bottleneck at Phase 6 (Vaulting) - severe D-C imbalance
177,0,Geological Prospecting_Entity,USA,2025-01-23,daily_state,ndc_balance,236.52,263.94,202.99,81.24,0.1313,index,simulated,Synthetic Generator - Bottleneck,,Bottleneck at Phase 6 (Vaulting) - severe D-C imbalance
178,1,Mine Extraction_Entity,USA,2025-01-23,daily_state,ndc_balance,195.75,236.26,152.61,70.97,0.0605,index,simulated,Synthetic Generator - Bottleneck,,Bottleneck at Phase 6 (Vaulting) - severe D-C imbalance
179,2,Ore Processing_Entity,USA,2025-01-23,daily_state,ndc_balance,221.38,228.09,211.88,94.29,1.8206,index,simulated,Synthetic Generator - Bottleneck,,Bottleneck at Phase 6 (Vaulting) - severe D-C imbalance
180,3,Doré Production_Entity,USA,2025-01-23,daily_state,ndc_balance,244.02,231.04,213.48,89.91,0.5603,index,simulated,Synthetic Generator - Bottleneck,,Bottleneck at Phase 6 (Vaulting) - severe D-C imbalance
181,4,Refining_Entity,USA,2025-01-23,daily_state,ndc_balance,238.95,212.57,180.72,80.19,0.1416,index,simulated,Synthetic Generator - Bottleneck,,Bottleneck at Phase 6 (Vaulting) - severe D-C imbalance
182,5,Bar Casting & Assay_Entity,USA,2025-01-23,daily_state,ndc_balance,307.97,279.41,243.69,83.07,0.1212,index,simulated,Synthetic Generator - Bottleneck,,Bottleneck at Phase 6 (Vaulting) - severe D-C imbalance
183,6,Logistics & Vaulting_Entity,USA,2025-01-23,daily_state,ndc_balance,396.76,203.73,107.45,37.79,0.0027,index,simulated,Synthetic Generator - Bottleneck,,Bottleneck at Phase 6 (Vaulting) - severe D-C imbalance
184,7,Exchange Registration_Entity,USA,2025-01-23,daily_state,ndc_balance,251.17,237.12,218.22,89.42,0.4823,index,simulated,Synthetic Generator - Bottleneck,,Bottleneck at Phase 6 (Vaulting) - severe D-C imbalance
185,0,Geological Prospecting_Entity,USA,2025-01-24,daily_state,ndc_balance,248.73,223.51,192.49,81.64,0.1547,index,simulated,Synthetic Generator - Bottleneck,,Bottleneck at Phase 6 (Vaulting) - severe D-C imbalance
186,1,Mine Extraction_Entity,USA,2025-01-24,daily_state,ndc_balance,269.68,243.15,210.33,82.14,0.1401,index,simulated,Synthetic Generator - Bottleneck,,Bottleneck at Phase 6 (Vaulting) - severe D-C imbalance
187,2,Ore Processing_Entity,USA,2025-01-24,daily_state,ndc_balance,240.47,207.39,169.6,75.95,0.0905,index,simulated,Synthetic Generator - Bottleneck,,Bottleneck at Phase 6 (Vaulting) - severe D-C imbalance
188,3,Doré Production_Entity,USA,2025-01-24,daily_state,ndc_balance,232.13,198.97,161.5,75.15,0.0901,index,simulated,Synthetic Generator - Bottleneck,,Bottleneck at Phase 6 (Vaulting) - severe D-C imbalance
189,4,Refining_Entity,USA,2025-01-24,daily_state,ndc_balance,250.24,210.08,166.33,72.54,0.0616,index,simulated,Synthetic Generator - Bottleneck,,Bottleneck at Phase 6 (Vaulting) - severe D-C imbalance
190,5,Bar Casting & Assay_Entity,USA,2025-01-24,daily_state,ndc_balance,255.87,267.54,239.79,91.65,0.6844,index,simulated,Synthetic Generator - Bottleneck,,Bottleneck at Phase 6 (Vaulting) - severe D-C imbalance
191,6,Logistics & Vaulting_Entity,USA,2025-01-24,daily_state,ndc_balance,443.99,179.52,85.77,30.38,0.0014,index,simulated,Synthetic Generator - Bottleneck,,Bottleneck at Phase 6 (Vaulting) - severe D-C imbalance
192,7,Exchange Registration_Entity,USA,2025-01-24,daily_state,ndc_balance,254.58,282.78,219.79,81.92,0.1242,index,simulated,Synthetic Generator - Bottleneck,,Bottleneck at Phase 6 (Vaulting) - severe D-C imbalance
193,0,Geological Prospecting_Entity,USA,2025-01-25,daily_state,ndc_balance,260.42,231.8,197.23,80.27,0.1207,index,simulated,Synthetic Generator - Bottleneck,,Bottleneck at Phase 6 (Vaulting) - severe D-C imbalance
194,1,Mine Extraction_Entity,USA,2025-01-25,daily_state,ndc_balance,221.48,249.85,187.45,79.69,0.1227,index,simulated,Synthetic Generator - Bottleneck,,Bottleneck at Phase 6 (Vaulting) - severe D-C imbalance
195,2,Ore Processing_Entity,USA,2025-01-25,daily_state,ndc_balance,266.59,224.21,177.9,72.77,0.0554,index,simulated,Synthetic Generator - Bottleneck,,Bottleneck at Phase 6 (Vaulting) - severe D-C imbalance
196,3,Doré Production_Entity,USA,2025-01-25,daily_state,ndc_balance,255.82,230.91,200.03,82.3,0.1586,index,simulated,Synthetic Generator - Bottleneck,,Bottleneck at Phase 6 (Vaulting) - severe D-C imbalance
197,4,Refining_Entity,USA,2025-01-25,daily_state,ndc_balance,246.32,177.8,119.98,57.33,0.0213,index,simulated,Synthetic Generator - Bottleneck,,Bottleneck at Phase 6 (Vaulting) - severe D-C imbalance
198,5,Bar Casting & Assay_Entity,USA,2025-01-25,daily_state,ndc_balance,255.7,258.16,252.08,98.11,6.2323,index,simulated,Synthetic Generator - Bottleneck,,Bottleneck at Phase 6 (Vaulting) - severe D-C imbalance
199,6,Logistics & Vaulting_Entity,USA,2025-01-25,daily_state,ndc_balance,407.37,180.79,89.22,32.88,0.0019,index,simulated,Synthetic Generator - Bottleneck,,Bottleneck at Phase 6 (Vaulting) - severe D-C imbalance
200,7,Exchange Registration_Entity,USA,2025-01-25,daily_state,ndc_balance,238.27,246.75,226.36,93.35,1.2195,index,simulated,Synthetic Generator - Bottleneck,,Bottleneck at Phase 6 (Vaulting) - severe D-C imbalance
201,0,Geological Prospecting_Entity,USA,2025-01-26,daily_state,ndc_balance,245.67,216.52,181.91,78.87,0.1163,index,simulated,Synthetic Generator - Bottleneck,,Bottleneck at Phase 6 (Vaulting) - severe D-C imbalance
202,1,Mine Extraction_Entity,USA,2025-01-26,daily_state,ndc_balance,276.65,263.22,244.89,90.75,0.5255,index,simulated,Synthetic Generator - Bottleneck,,Bottleneck at Phase 6 (Vaulting) - severe D-C imbalance
203,2,Ore Processing_Entity,USA,2025-01-26,daily_state,ndc_balance,237.9,252.44,218.4,89.12,0.4515,index,simulated,Synthetic Generator - Bottleneck,,Bottleneck at Phase 6 (Vaulting) - severe D-C imbalance
204,3,Doré Production_Entity,USA,2025-01-26,daily_state,ndc_balance,260.75,256.06,249.26,96.47,3.1247,index,simulated,Synthetic Generator - Bottleneck,,Bottleneck at Phase 6 (Vaulting) - severe D-C imbalance
205,4,Refining_Entity,USA,2025-01-26,daily_state,ndc_balance,216.11,265.17,165.36,69.08,0.0414,index,simulated,Synthetic Generator - Bottleneck,,Bottleneck at Phase 6 (Vaulting) - severe D-C imbalance
206,5,Bar Casting & Assay_Entity,USA,2025-01-26,daily_state,ndc_balance,247.58,225.67,198.02,83.78,0.204,index,simulated,Synthetic Generator - Bottleneck,,Bottleneck at Phase 6 (Vaulting) - severe D-C imbalance
207,6,Logistics & Vaulting_Entity,USA,2025-01-26,daily_state,ndc_balance,472.76,184.53,87.26,29.54,0.0012,index,simulated,Synthetic Generator - Bottleneck,,Bottleneck at Phase 6 (Vaulting) - severe D-C imbalance
208,7,Exchange Registration_Entity,USA,2025-01-26,daily_state,ndc_balance,242.67,184.6,131.15,61.97,0.0296,index,simulated,Synthetic Generator - Bottleneck,,Bottleneck at Phase 6 (Vaulting) - severe D-C imbalance
209,0,Geological Prospecting_Entity,USA,2025-01-27,daily_state,ndc_balance,277.8,206.37,143.17,59.8,0.0196,index,simulated,Synthetic Generator - Bottleneck,,Bottleneck at Phase 6 (Vaulting) - severe D-C imbalance
210,1,Mine Extraction_Entity,USA,2025-01-27,daily_state,ndc_balance,229.93,231.72,227.29,98.47,7.5837,index,simulated,Synthetic Generator - Bottleneck,,Bottleneck at Phase 6 (Vaulting) - severe D-C imbalance
211,2,Ore Processing_Entity,USA,2025-01-27,daily_state,ndc_balance,278.33,259.33,234.38,87.24,0.2696,index,simulated,Synthetic Generator - Bottleneck,,Bottleneck at Phase 6 (Vaulting) - severe D-C imbalance
212,3,Doré Production_Entity,USA,2025-01-27,daily_state,ndc_balance,246.84,247.71,245.56,99.3,9.3053,index,simulated,Synthetic Generator - Bottleneck,,Bottleneck at Phase 6 (Vaulting) - severe D-C imbalance
213,4,Refining_Entity,USA,2025-01-27,daily_state,ndc_balance,237.99,243.49,230.09,95.58,2.4851,index,simulated,Synthetic Generator - Bottleneck,,Bottleneck at Phase 6 (Vaulting) - severe D-C imbalance
214,5,Bar Casting & Assay_Entity,USA,2025-01-27,daily_state,ndc_balance,259.2,259.58,258.63,99.71,9.8573,index,simulated,Synthetic Generator - Bottleneck,,Bottleneck at Phase 6 (Vaulting) - severe D-C imbalance
215,6,Logistics & Vaulting_Entity,USA,2025-01-27,daily_state,ndc_balance,439.34,187.41,91.14,31.76,0.0016,index,simulated,Synthetic Generator - Bottleneck,,Bottleneck at Phase 6 (Vaulting) - severe D-C imbalance
216,7,Exchange Registration_Entity,USA,2025-01-27,daily_state,ndc_balance,240.16,260.28,214.2,85.68,0.2411,index,simulated,Synthetic Generator - Bottleneck,,Bottleneck at Phase 6 (Vaulting) - severe D-C imbalance
217,0,Geological Prospecting_Entity,USA,2025-01-28,daily_state,ndc_balance,248.16,212.95,173.09,75.3,0.08,index,simulated,Synthetic Generator - Bottleneck,,Bottleneck at Phase 6 (Vaulting) - severe D-C imbalance
218,1,Mine Extraction_Entity,USA,2025-01-28,daily_state,ndc_balance,241.93,242.11,241.67,99.85,9.9681,index,simulated,Synthetic Generator - Bottleneck,,Bottleneck at Phase 6 (Vaulting) - severe D-C imbalance
219,2,Ore Processing_Entity,USA,2025-01-28,daily_state,ndc_balance,268.2,235.41,196.76,78.31,0.0921,index,simulated,Synthetic Generator - Bottleneck,,Bottleneck at Phase 6 (Vaulting) - severe D-C imbalance
220,3,Doré Production_Entity,USA,2025-01-28,daily_state,ndc_balance,225.82,241.42,205.18,87.87,0.3946,index,simulated,Synthetic Generator - Bottleneck,,Bottleneck at Phase 6 (Vaulting) - severe D-C imbalance
221,4,Refining_Entity,USA,2025-01-28,daily_state,ndc_balance,252.27,244.65,233.86,94.14,1.4682,index,simulated,Synthetic Generator - Bottleneck,,Bottleneck at Phase 6 (Vaulting) - severe D-C imbalance
222,5,Bar Casting & Assay_Entity,USA,2025-01-28,daily_state,ndc_balance,274.81,261.63,243.61,90.85,0.5442,index,simulated,Synthetic Generator - Bottleneck,,Bottleneck at Phase 6 (Vaulting) - severe D-C imbalance
223,6,Logistics & Vaulting_Entity,USA,2025-01-28,daily_state,ndc_balance,408.12,170.76,82.49,31.25,0.0018,index,simulated,Synthetic Generator - Bottleneck,,Bottleneck at Phase 6 (Vaulting) - severe D-C imbalance
224,7,Exchange Registration_Entity,USA,2025-01-28,daily_state,ndc_balance,223.64,261.17,181.32,75.02,0.0705,index,simulated,Synthetic Generator - Bottleneck,,Bottleneck at Phase 6 (Vaulting) - severe D-C imbalance
225,0,Geological Prospecting_Entity,USA,2025-01-29,daily_state,ndc_balance,278.98,232.12,181.87,71.47,0.0453,index,simulated,Synthetic Generator - Bottleneck,,Bottleneck at Phase 6 (Vaulting) - severe D-C imbalance
226,1,Mine Extraction_Entity,USA,2025-01-29,daily_state,ndc_balance,245.17,276.67,207.41,79.64,0.0998,index,simulated,Synthetic Generator - Bottleneck,,Bottleneck at Phase 6 (Vaulting) - severe D-C imbalance
227,2,Ore Processing_Entity,USA,2025-01-29,daily_state,ndc_balance,260.11,250.91,238.01,93.17,1.0556,index,simulated,Synthetic Generator - Bottleneck,,Bottleneck at Phase 6 (Vaulting) - severe D-C imbalance
228,3,Doré Production_Entity,USA,2025-01-29,daily_state,ndc_balance,226.18,256.97,189.72,78.69,0.1044,index,simulated,Synthetic Generator - Bottleneck,,Bottleneck at Phase 6 (Vaulting) - severe D-C imbalance
229,4,Refining_Entity,USA,2025-01-29,daily_state,ndc_balance,231.42,211.65,186.56,84.3,0.2495,index,simulated,Synthetic Generator - Bottleneck,,Bottleneck at Phase 6 (Vaulting) - severe D-C imbalance
230,5,Bar Casting & Assay_Entity,USA,2025-01-29,daily_state,ndc_balance,248.09,222.34,190.84,81.25,0.1486,index,simulated,Synthetic Generator - Bottleneck,,Bottleneck at Phase 6 (Vaulting) - severe D-C imbalance
231,6,Logistics & Vaulting_Entity,USA,2025-01-29,daily_state,ndc_balance,415.57,158.39,74.41,29.0,0.0015,index,simulated,Synthetic Generator - Bottleneck,,Bottleneck at Phase 6 (Vaulting) - severe D-C imbalance
232,7,Exchange Registration_Entity,USA,2025-01-29,daily_state,ndc_balance,260.76,273.8,242.91,90.91,0.5549,index,simulated,Synthetic Generator - Bottleneck,,Bottleneck at Phase 6 (Vaulting) - severe D-C imbalance
233,0,Geological Prospecting_Entity,USA,2025-01-30,daily_state,ndc_balance,211.05,264.46,157.75,66.77,0.0349,index,simulated,Synthetic Generator - Bottleneck,,Bottleneck at Phase 6 (Vaulting) - severe D-C imbalance
234,1,Mine Extraction_Entity,USA,2025-01-30,daily_state,ndc_balance,233.79,261.42,200.11,80.94,0.1293,index,simulated,Synthetic Generator - Bottleneck,,Bottleneck at Phase 6 (Vaulting) - severe D-C imbalance
235,2,Ore Processing_Entity,USA,2025-01-30,daily_state,ndc_balance,248.63,240.72,229.56,93.83,1.3775,index,simulated,Synthetic Generator - Bottleneck,,Bottleneck at Phase 6 (Vaulting) - severe D-C imbalance
236,3,Doré Production_Entity,USA,2025-01-30,daily_state,ndc_balance,246.3,270.3,216.03,83.73,0.1706,index,simulated,Synthetic Generator - Bottleneck,,Bottleneck at Phase 6 (Vaulting) - severe D-C imbalance
237,4,Refining_Entity,USA,2025-01-30,daily_state,ndc_balance,225.21,255.2,189.52,79.06,0.11,index,simulated,Synthetic Generator - Bottleneck,,Bottleneck at Phase 6 (Vaulting) - severe D-C imbalance
238,5,Bar Casting & Assay_Entity,USA,2025-01-30,daily_state,ndc_balance,275.62,255.76,229.87,86.58,0.2473,index,simulated,Synthetic Generator - Bottleneck,,Bottleneck at Phase 6 (Vaulting) - severe D-C imbalance
239,6,Logistics & Vaulting_Entity,USA,2025-01-30,daily_state,ndc_balance,466.49,172.07,80.18,28.3,0.0012,index,simulated,Synthetic Generator - Bottleneck,,Bottleneck at Phase 6 (Vaulting) - severe D-C imbalance
240,7,Exchange Registration_Entity,USA,2025-01-30,daily_state,ndc_balance,257.99,244.78,226.85,90.27,0.5423,index,simulated,Synthetic Generator - Bottleneck,,Bottleneck at Phase 6 (Vaulting) - severe D-C imbalance
241,0,Geological Prospecting_Entity,USA,2025-01-31,daily_state,ndc_balance,274.67,239.81,199.11,77.58,0.0816,index,simulated,Synthetic Generator - Bottleneck,,Bottleneck at Phase 6 (Vaulting) - severe D-C imbalance
242,1,Mine Extraction_Entity,USA,2025-01-31,daily_state,ndc_balance,242.24,272.65,205.61,80.01,0.107,index,simulated,Synthetic Generator - Bottleneck,,Bottleneck at Phase 6 (Vaulting) - severe D-C imbalance
243,2,Ore Processing_Entity,USA,2025-01-31,daily_state,ndc_balance,240.17,204.68,164.99,74.41,0.0788,index,simulated,Synthetic Generator - Bottleneck,,Bottleneck at Phase 6 (Vaulting) - severe D-C imbalance
244,3,Doré Production_Entity,USA,2025-01-31,daily_state,ndc_balance,239.66,255.48,218.63,88.36,0.3846,index,simulated,Synthetic Generator - Bottleneck,,Bottleneck at Phase 6 (Vaulting) - severe D-C imbalance
245,4,Refining_Entity,USA,2025-01-31,daily_state,ndc_balance,277.84,242.78,201.79,77.69,0.0807,index,simulated,Synthetic Generator - Bottleneck,,Bottleneck at Phase 6 (Vaulting) - severe D-C imbalance
246,5,Bar Casting & Assay_Entity,USA,2025-01-31,daily_state,ndc_balance,278.48,204.78,140.65,58.9,0.0184,index,simulated,Synthetic Generator - Bottleneck,,Bottleneck at Phase 6 (Vaulting) - severe D-C imbalance
247,6,Logistics & Vaulting_Entity,USA,2025-01-31,daily_state,ndc_balance,411.13,175.67,85.48,31.81,0.0018,index,simulated,Synthetic Generator - Bottleneck,,Bottleneck at Phase 6 (Vaulting) - severe D-C imbalance
248,7,Exchange Registration_Entity,USA,2025-01-31,daily_state,ndc_balance,233.99,251.25,211.35,87.17,0.3249,index,simulated,Synthetic Generator - Bottleneck,,Bottleneck at Phase 6 (Vaulting) - severe D-C imbalance
249,0,Geological Prospecting_Entity,USA,2025-02-01,daily_state,ndc_balance,263.82,228.88,188.55,76.73,0.0813,index,simulated,Synthetic Generator - Bottleneck,,Bottleneck at Phase 6 (Vaulting) - severe D-C imbalance
250,1,Mine Extraction_Entity,USA,2025-02-01,daily_state,ndc_balance,252.78,238.87,220.12,89.58,0.4915,index,simulated,Synthetic Generator - Bottleneck,,Bottleneck at Phase 6 (Vaulting) - severe D-C imbalance
251,2,Ore Processing_Entity,USA,2025-02-01,daily_state,ndc_balance,231.48,237.16,223.35,95.33,2.3686,index,simulated,Synthetic Generator - Bottleneck,,Bottleneck at Phase 6 (Vaulting) - severe D-C imbalance
252,3,Doré Production_Entity,USA,2025-02-01,daily_state,ndc_balance,247.13,235.87,220.42,91.29,0.7318,index,simulated,Synthetic Generator - Bottleneck,,Bottleneck at Phase 6 (Vaulting) - severe D-C imbalance
253,4,Refining_Entity,USA,2025-02-01,daily_state,ndc_balance,250.64,241.89,229.63,93.26,1.1568,index,simulated,Synthetic Generator - Bottleneck,,Bottleneck at Phase 6 (Vaulting) - severe D-C imbalance
254,5,Bar Casting & Assay_Entity,USA,2025-02-01,daily_state,ndc_balance,241.98,271.44,206.27,80.48,0.1139,index,simulated,Synthetic Generator - Bottleneck,,Bottleneck at Phase 6 (Vaulting) - severe D-C imbalance
255,6,Logistics & Vaulting_Entity,USA,2025-02-01,daily_state,ndc_balance,396.61,169.19,82.28,31.76,0.0019,index,simulated,Synthetic Generator - Bottleneck,,Bottleneck at Phase 6 (Vaulting) - severe D-C imbalance
256,7,Exchange Registration_Entity,USA,2025-02-01,daily_state,ndc_balance,289.53,224.76,163.08,63.93,0.0238,index,simulated,Synthetic Generator - Bottleneck,,Bottleneck at Phase 6 (Vaulting) - severe D-C imbalance
257,0,Geological Prospecting_Entity,USA,2025-02-02,daily_state,ndc_balance,222.92,258.36,182.41,76.01,0.079,index,simulated,Synthetic Generator - Bottleneck,,Bottleneck at Phase 6 (Vaulting) - severe D-C imbalance
258,1,Mine Extraction_Entity,USA,2025-02-02,daily_state,ndc_balance,208.46,234.12,177.43,80.32,0.1496,index,simulated,Synthetic Generator - Bottleneck,,Bottleneck at Phase 6 (Vaulting) - severe D-C imbalance
259,2,Ore Processing_Entity,USA,2025-02-02,daily_state,ndc_balance,292.92,201.38,130.0,53.52,0.0119,index,simulated,Synthetic Generator - Bottleneck,,Bottleneck at Phase 6 (Vaulting) - severe D-C imbalance
260,3,Doré Production_Entity,USA,2025-02-02,daily_state,ndc_balance,210.36,202.52,191.58,92.82,1.3992,index,simulated,Synthetic Generator - Bottleneck,,Bottleneck at Phase 6 (Vaulting) - severe D-C imbalance
261,4,Refining_Entity,USA,2025-02-02,daily_state,ndc_balance,267.97,268.12,267.74,99.89,9.9769,index,simulated,Synthetic Generator - Bottleneck,,Bottleneck at Phase 6 (Vaulting) - severe D-C imbalance
262,5,Bar Casting & Assay_Entity,USA,2025-02-02,daily_state,ndc_balance,238.87,257.61,214.49,86.46,0.2771,index,simulated,Synthetic Generator - Bottleneck,,Bottleneck at Phase 6 (Vaulting) - severe D-C imbalance
263,6,Logistics & Vaulting_Entity,USA,2025-02-02,daily_state,ndc_balance,447.81,206.81,103.72,34.08,0.0017,index,simulated,Synthetic Generator - Bottleneck,,Bottleneck at Phase 6 (Vaulting) - severe D-C imbalance
264,7,Exchange Registration_Entity,USA,2025-02-02,daily_state,ndc_balance,226.91,194.57,158.01,75.2,0.0947,index,simulated,Synthetic Generator - Bottleneck,,Bottleneck at Phase 6 (Vaulting) - severe D-C imbalance
265,0,Geological Prospecting_Entity,USA,2025-02-03,daily_state,ndc_balance,233.58,229.33,223.17,96.42,3.5607,index,simulated,Synthetic Generator - Bottleneck,,Bottleneck at Phase 6 (Vaulting) - severe D-C imbalance
266,1,Mine Extraction_Entity,USA,2025-02-03,daily_state,ndc_balance,244.82,235.3,222.06,92.52,0.9942,index,simulated,Synthetic Generator - Bottleneck,,Bottleneck at Phase 6 (Vaulting) - severe D-C imbalance
267,2,Ore Processing_Entity,USA,2025-02-03,daily_state,ndc_balance,272.38,271.86,271.09,99.62,9.7395,index,simulated,Synthetic Generator - Bottleneck,,Bottleneck at Phase 6 (Vaulting) - severe D-C imbalance
268,3,Doré Production_Entity,USA,2025-02-03,daily_state,ndc_balance,246.57,267.46,219.65,85.53,0.2239,index,simulated,Synthetic Generator - Bottleneck,,Bottleneck at Phase 6 (Vaulting) - severe D-C imbalance
269,4,Refining_Entity,USA,2025-02-03,daily_state,ndc_balance,257.15,241.61,220.88,88.62,0.3976,index,simulated,Synthetic Generator - Bottleneck,,Bottleneck at Phase 6 (Vaulting) - severe D-C imbalance
270,5,Bar Casting & Assay_Entity,USA,2025-02-03,daily_state,ndc_balance,265.76,243.23,214.58,84.4,0.1931,index,simulated,Synthetic Generator - Bottleneck,,Bottleneck at Phase 6 (Vaulting) - severe D-C imbalance
271,6,Logistics & Vaulting_Entity,USA,2025-02-03,daily_state,ndc_balance,461.16,158.42,72.72,26.9,0.0011,index,simulated,Synthetic Generator - Bottleneck,,Bottleneck at Phase 6 (Vaulting) - severe D-C imbalance
272,7,Exchange Registration_Entity,USA,2025-02-03,daily_state,ndc_balance,219.72,250.16,183.81,78.4,0.1068,index,simulated,Synthetic Generator - Bottleneck,,Bottleneck at Phase 6 (Vaulting) - severe D-C imbalance
273,0,Geological Prospecting_Entity,USA,2025-02-04,daily_state,ndc_balance,258.79,271.7,241.13,90.93,0.566,index,simulated,Synthetic Generator - Bottleneck,,Bottleneck at Phase 6 (Vaulting) - severe D-C imbalance
274,1,Mine Extraction_Entity,USA,2025-02-04,daily_state,ndc_balance,249.51,204.44,157.38,69.68,0.049,index,simulated,Synthetic Generator - Bottleneck,,Bottleneck at Phase 6 (Vaulting) - severe D-C imbalance
275,2,Ore Processing_Entity,USA,2025-02-04,daily_state,ndc_balance,266.85,258.87,247.58,94.2,1.3583,index,simulated,Synthetic Generator - Bottleneck,,Bottleneck at Phase 6 (Vaulting) - severe D-C imbalance
276,3,Doré Production_Entity,USA,2025-02-04,daily_state,ndc_balance,211.16,239.9,177.12,78.69,0.1196,index,simulated,Synthetic Generator - Bottleneck,,Bottleneck at Phase 6 (Vaulting) - severe D-C imbalance
277,4,Refining_Entity,USA,2025-02-04,daily_state,ndc_balance,218.2,223.38,210.76,95.46,2.71,index,simulated,Synthetic Generator - Bottleneck,,Bottleneck at Phase 6 (Vaulting) - severe D-C imbalance
278,5,Bar Casting & Assay_Entity,USA,2025-02-04,daily_state,ndc_balance,228.11,262.53,188.27,76.93,0.0837,index,simulated,Synthetic Generator - Bottleneck,,Bottleneck at Phase 6 (Vaulting) - severe D-C imbalance
279,6,Logistics & Vaulting_Entity,USA,2025-02-04,daily_state,ndc_balance,422.34,160.72,75.48,28.97,0.0015,index,simulated,Synthetic Generator - Bottleneck,,Bottleneck at Phase 6 (Vaulting) - severe D-C imbalance
280,7,Exchange Registration_Entity,USA,2025-02-04,daily_state,ndc_balance,246.12,218.47,185.23,79.88,0.1291,index,simulated,Synthetic Generator - Bottleneck,,Bottleneck at Phase 6 (Vaulting) - severe D-C imbalance
281,0,Geological Prospecting_Entity,USA,2025-02-05,daily_state,ndc_balance,256.6,219.65,178.0,74.98,0.0727,index,simulated,Synthetic Generator - Bottleneck,,Bottleneck at Phase 6 (Vaulting) - severe D-C imbalance
282,1,Mine Extraction_Entity,USA,2025-02-05,daily_state,ndc_balance,242.69,252.61,228.89,92.45,0.9224,index,simulated,Synthetic Generator - Bottleneck,,Bottleneck at Phase 6 (Vaulting) - severe D-C imbalance
283,2,Ore Processing_Entity,USA,2025-02-05,daily_state,ndc_balance,260.43,273.42,242.65,90.93,0.559,index,simulated,Synthetic Generator - Bottleneck,,Bottleneck at Phase 6 (Vaulting) - severe D-C imbalance
284,3,Doré Production_Entity,USA,2025-02-05,daily_state,ndc_balance,248.35,247.66,246.63,99.44,9.5409,index,simulated,Synthetic Generator - Bottleneck,,Bottleneck at Phase 6 (Vaulting) - severe D-C imbalance
285,4,Refining_Entity,USA,2025-02-05,daily_state,ndc_balance,241.25,244.55,236.42,97.33,4.7802,index,simulated,Synthetic Generator - Bottleneck,,Bottleneck at Phase 6 (Vaulting) - severe D-C imbalance
286,5,Bar Casting & Assay_Entity,USA,2025-02-05,daily_state,ndc_balance,253.53,240.7,223.25,90.38,0.5728,index,simulated,Synthetic Generator - Bottleneck,,Bottleneck at Phase 6 (Vaulting) - severe D-C imbalance
287,6,Logistics & Vaulting_Entity,USA,2025-02-05,daily_state,ndc_balance,383.92,184.97,94.53,35.47,0.0025,index,simulated,Synthetic Generator - Bottleneck,,Bottleneck at Phase 6 (Vaulting) - severe D-C imbalance
288,7,Exchange Registration_Entity,USA,2025-02-05,daily_state,ndc_balance,234.64,238.09,229.61,97.14,4.5667,index,simulated,Synthetic Generator - Bottleneck,,Bottleneck at Phase 6 (Vaulting) - severe D-C imbalance
289,0,Geological Prospecting_Entity,USA,2025-02-06,daily_state,ndc_balance,224.31,276.9,170.46,68.4,0.036,index,simulated,Synthetic Generator - Bottleneck,,Bottleneck at Phase 6 (Vaulting) - severe D-C imbalance
290,1,Mine Extraction_Entity,USA,2025-02-06,daily_state,ndc_balance,259.83,234.27,202.66,82.14,0.1508,index,simulated,Synthetic Generator - Bottleneck,,Bottleneck at Phase 6 (Vaulting) - severe D-C imbalance
291,2,Ore Processing_Entity,USA,2025-02-06,daily_state,ndc_balance,227.26,219.45,208.5,93.36,1.4102,index,simulated,Synthetic Generator - Bottleneck,,Bottleneck at Phase 6 (Vaulting) - severe D-C imbalance
292,3,Doré Production_Entity,USA,2025-02-06,daily_state,ndc_balance,276.05,243.44,204.68,78.96,0.0932,index,simulated,Synthetic Generator - Bottleneck,,Bottleneck at Phase 6 (Vaulting) - severe D-C imbalance
293,4,Refining_Entity,USA,2025-02-06,daily_state,ndc_balance,238.99,252.74,220.42,89.69,0.5021,index,simulated,Synthetic Generator - Bottleneck,,Bottleneck at Phase 6 (Vaulting) - severe D-C imbalance
294,5,Bar Casting & Assay_Entity,USA,2025-02-06,daily_state,ndc_balance,227.07,281.5,171.74,67.93,0.0336,index,simulated,Synthetic Generator - Bottleneck,,Bottleneck at Phase 6 (Vaulting) - severe D-C imbalance
295,6,Logistics & Vaulting_Entity,USA,2025-02-06,daily_state,ndc_balance,447.06,173.0,81.61,29.35,0.0013,index,simulated,Synthetic Generator - Bottleneck,,Bottleneck at Phase 6 (Vaulting) - severe D-C imbalance
296,7,Exchange Registration_Entity,USA,2025-02-06,daily_state,ndc_balance,213.97,190.19,161.52,80.07,0.1738,index,simulated,Synthetic Generator - Bottleneck,,Bottleneck at Phase 6 (Vaulting) - severe D-C imbalance
297,0,Geological Prospecting_Entity,USA,2025-02-07,daily_state,ndc_balance,220.37,206.51,188.12,88.18,0.4951,index,simulated,Synthetic Generator - Bottleneck,,Bottleneck at Phase 6 (Vaulting) - severe D-C imbalance
298,1,Mine Extraction_Entity,USA,2025-02-07,daily_state,ndc_balance,252.7,231.84,205.21,84.78,0.2247,index,simulated,Synthetic Generator - Bottleneck,,Bottleneck at Phase 6 (Vaulting) - severe D-C imbalance
299,2,Ore Processing_Entity,USA,2025-02-07,daily_state,ndc_balance,223.09,232.97,209.44,91.87,0.9297,index,simulated,Synthetic Generator - Bottleneck,,Bottleneck at Phase 6 (Vaulting) - severe D-C imbalance
300,3,Doré Production_Entity,USA,2025-02-07,daily_state,ndc_balance,260.11,253.2,243.35,94.82,1.7313,index,simulated,Synthetic Generator - Bottleneck,,Bottleneck at Phase 6 (Vaulting) - severe D-C imbalance
301,4,Refining_Entity,USA,2025-02-07,daily_state,ndc_balance,212.01,236.79,181.73,81.11,0.1602,index,simulated,Synthetic Generator - Bottleneck,,Bottleneck at Phase 6 (Vaulting) - severe D-C imbalance
302,5,Bar Casting & Assay_Entity,USA,2025-02-07,daily_state,ndc_balance,214.39,267.31,161.11,67.3,0.0356,index,simulated,Synthetic Generator - Bottleneck,,Bottleneck at Phase 6 (Vaulting) - severe D-C imbalance
303,6,Logistics & Vaulting_Entity,USA,2025-02-07,daily_state,ndc_balance,435.68,166.53,78.3,29.07,0.0014,index,simulated,Synthetic Generator - Bottleneck,,Bottleneck at Phase 6 (Vaulting) - severe D-C imbalance
304,7,Exchange Registration_Entity,USA,2025-02-07,daily_state,ndc_balance,210.77,244.41,172.35,75.94,0.0876,index,simulated,Synthetic Generator - Bottleneck,,Bottleneck at Phase 6 (Vaulting) - severe D-C imbalance
305,0,Geological Prospecting_Entity,USA,2025-02-08,daily_state,ndc_balance,204.94,248.4,159.02,70.48,0.0527,index,simulated,Synthetic Generator - Bottleneck,,Bottleneck at Phase 6 (Vaulting) - severe D-C imbalance
306,1,Mine Extraction_Entity,USA,2025-02-08,daily_state,ndc_balance,244.54,264.25,218.98,86.14,0.2509,index,simulated,Synthetic Generator - Bottleneck,,Bottleneck at Phase 6 (Vaulting) - severe D-C imbalance
307,2,Ore Processing_Entity,USA,2025-02-08,daily_state,ndc_balance,228.03,224.52,219.41,96.97,4.4804,index,simulated,Synthetic Generator - Bottleneck,,Bottleneck at Phase 6 (Vaulting) - severe D-C imbalance
308,3,Doré Production_Entity,USA,2025-02-08,daily_state,ndc_balance,219.87,214.89,207.75,95.57,2.8762,index,simulated,Synthetic Generator - Bottleneck,,Bottleneck at Phase 6 (Vaulting) - severe D-C imbalance
309,4,Refining_Entity,USA,2025-02-08,daily_state,ndc_balance,226.36,264.9,183.05,74.75,0.0669,index,simulated,Synthetic Generator - Bottleneck,,Bottleneck at Phase 6 (Vaulting) - severe D-C imbalance
310,5,Bar Casting & Assay_Entity,USA,2025-02-08,daily_state,ndc_balance,226.86,248.61,199.36,83.95,0.2069,index,simulated,Synthetic Generator - Bottleneck,,Bottleneck at Phase 6 (Vaulting) - severe D-C imbalance
311,6,Logistics & Vaulting_Entity,USA,2025-02-08,daily_state,ndc_balance,412.38,160.96,76.11,29.54,0.0016,index,simulated,Synthetic Generator - Bottleneck,,Bottleneck at Phase 6 (Vaulting) - severe D-C imbalance
312,7,Exchange Registration_Entity,USA,2025-02-08,daily_state,ndc_balance,222.65,270.97,171.95,70.0,0.0427,index,simulated,Synthetic Generator - Bottleneck,,Bottleneck at Phase 6 (Vaulting) - severe D-C imbalance
313,0,Geological Prospecting_Entity,USA,2025-02-09,daily_state,ndc_balance,225.84,260.23,186.13,76.78,0.0839,index,simulated,Synthetic Generator - Bottleneck,,Bottleneck at Phase 6 (Vaulting) - severe D-C imbalance
314,1,Mine Extraction_Entity,USA,2025-02-09,daily_state,ndc_balance,233.01,227.93,220.62,95.73,2.7927,index,simulated,Synthetic Generator - Bottleneck,,Bottleneck at Phase 6 (Vaulting) - severe D-C imbalance
315,2,Ore Processing_Entity,USA,2025-02-09,daily_state,ndc_balance,260.61,223.41,181.37,75.17,0.0717,index,simulated,Synthetic Generator - Bottleneck,,Bottleneck at Phase 6 (Vaulting) - severe D-C imbalance
316,3,Doré Production_Entity,USA,2025-02-09,daily_state,ndc_balance,250.75,232.13,207.97,86.2,0.2804,index,simulated,Synthetic Generator - Bottleneck,,Bottleneck at Phase 6 (Vaulting) - severe D-C imbalance
317,4,Refining_Entity,USA,2025-02-09,daily_state,ndc_balance,252.59,180.48,120.63,56.5,0.0192,index,simulated,Synthetic Generator - Bottleneck,,Bottleneck at Phase 6 (Vaulting) - severe D-C imbalance
318,5,Bar Casting & Assay_Entity,USA,2025-02-09,daily_state,ndc_balance,203.09,261.59,147.37,63.94,0.0291,index,simulated,Synthetic Generator - Bottleneck,,Bottleneck at Phase 6 (Vaulting) - severe D-C imbalance
319,6,Logistics & Vaulting_Entity,USA,2025-02-09,daily_state,ndc_balance,440.74,166.34,77.95,28.79,0.0013,index,simulated,Synthetic Generator - Bottleneck,,Bottleneck at Phase 6 (Vaulting) - severe D-C imbalance
320,7,Exchange Registration_Entity,USA,2025-02-09,daily_state,ndc_balance,221.44,263.16,175.8,72.83,0.0571,index,simulated,Synthetic Generator - Bottleneck,,Bottleneck at Phase 6 (Vaulting) - severe D-C imbalance
321,0,Geological Prospecting_Entity,USA,2025-02-10,daily_state,ndc_balance,263.86,189.31,127.01,56.83,0.018,index,simulated,Synthetic Generator - Bottleneck,,Bottleneck at Phase 6 (Vaulting) - severe D-C imbalance
322,1,Mine Extraction_Entity,USA,2025-02-10,daily_state,ndc_balance,232.28,231.69,230.8,99.49,9.6595,index,simulated,Synthetic Generator - Bottleneck,,Bottleneck at Phase 6 (Vaulting) - severe D-C imbalance
323,2,Ore Processing_Entity,USA,2025-02-10,daily_state,ndc_balance,264.06,302.46,219.24,77.58,0.0674,index,simulated,Synthetic Generator - Bottleneck,,Bottleneck at Phase 6 (Vaulting) - severe D-C imbalance
324,3,Doré Production_Entity,USA,2025-02-10,daily_state,ndc_balance,245.44,204.83,161.04,71.82,0.0603,index,simulated,Synthetic Generator - Bottleneck,,Bottleneck at Phase 6 (Vaulting) - severe D-C imbalance
325,4,Refining_Entity,USA,2025-02-10,daily_state,ndc_balance,258.05,273.02,237.84,89.61,0.4266,index,simulated,Synthetic Generator - Bottleneck,,Bottleneck at Phase 6 (Vaulting) - severe D-C imbalance
326,5,Bar Casting & Assay_Entity,USA,2025-02-10,daily_state,ndc_balance,240.81,224.15,202.3,87.08,0.3476,index,simulated,Synthetic Generator - Bottleneck,,Bottleneck at Phase 6 (Vaulting) - severe D-C imbalance
327,6,Logistics & Vaulting_Entity,USA,2025-02-10,daily_state,ndc_balance,439.16,189.95,92.84,32.14,0.0016,index,simulated,Synthetic Generator - Bottleneck,,Bottleneck at Phase 6 (Vaulting) - severe D-C imbalance
328,7,Exchange Registration_Entity,USA,2025-02-10,daily_state,ndc_balance,206.46,264.88,150.45,64.34,0.0292,index,simulated,Synthetic Generator - Bottleneck,,Bottleneck at Phase 6 (Vaulting) - severe D-C imbalance
329,0,Geological Prospecting_Entity,USA,2025-02-11,daily_state,ndc_balance,269.95,269.55,268.95,99.71,9.844,index,simulated,Synthetic Generator - Bottleneck,,Bottleneck at Phase 6 (Vaulting) - severe D-C imbalance
330,1,Mine Extraction_Entity,USA,2025-02-11,daily_state,ndc_balance,248.67,231.05,208.02,86.78,0.3119,index,simulated,Synthetic Generator - Bottleneck,,Bottleneck at Phase 6 (Vaulting) - severe D-C imbalance
331,2,Ore Processing_Entity,USA,2025-02-11,daily_state,ndc_balance,274.55,209.75,149.67,62.37,0.0238,index,simulated,Synthetic Generator - Bottleneck,,Bottleneck at Phase 6 (Vaulting) - severe D-C imbalance
332,3,Doré Production_Entity,USA,2025-02-11,daily_state,ndc_balance,258.77,205.75,153.16,66.38,0.0354,index,simulated,Synthetic Generator - Bottleneck,,Bottleneck at Phase 6 (Vaulting) - severe D-C imbalance
333,4,Refining_Entity,USA,2025-02-11,daily_state,ndc_balance,271.31,233.55,190.56,75.7,0.0697,index,simulated,Synthetic Generator - Bottleneck,,Bottleneck at Phase 6 (Vaulting) - severe D-C imbalance
334,5,Bar Casting & Assay_Entity,USA,2025-02-11,daily_state,ndc_balance,263.1,259.65,254.61,97.41,4.569,index,simulated,Synthetic Generator - Bottleneck,,Bottleneck at Phase 6 (Vaulting) - severe D-C imbalance
335,6,Logistics & Vaulting_Entity,USA,2025-02-11,daily_state,ndc_balance,395.54,201.37,105.73,37.46,0.0027,index,simulated,Synthetic Generator - Bottleneck,,Bottleneck at Phase 6 (Vaulting) - severe D-C imbalance
336,7,Exchange Registration_Entity,USA,2025-02-11,daily_state,ndc_balance,259.04,276.71,235.62,88.01,0.3102,index,simulated,Synthetic Generator - Bottleneck,,Bottleneck at Phase 6 (Vaulting) - severe D-C imbalance
337,0,Geological Prospecting_Entity,USA,2025-02-12,daily_state,ndc_balance,234.77,232.35,228.79,97.96,6.3093,index,simulated,Synthetic Generator - Bottleneck,,Bottleneck at Phase 6 (Vaulting) - severe D-C imbalance
338,1,Mine Extraction_Entity,USA,2025-02-12,daily_state,ndc_balance,252.91,222.41,186.34,78.57,0.1063,index,simulated,Synthetic Generator - Bottleneck,,Bottleneck at Phase 6 (Vaulting) - severe D-C imbalance
339,2,Ore Processing_Entity,USA,2025-02-12,daily_state,ndc_balance,283.85,243.61,198.04,75.31,0.0614,index,simulated,Synthetic Generator - Bottleneck,,Bottleneck at Phase 6 (Vaulting) - severe D-C imbalance
340,3,Doré Production_Entity,USA,2025-02-12,daily_state,ndc_balance,195.93,248.48,144.55,65.51,0.0361,index,simulated,Synthetic Generator - Bottleneck,,Bottleneck at Phase 6 (Vaulting) - severe D-C imbalance
341,4,Refining_Entity,USA,2025-02-12,daily_state,ndc_balance,243.04,238.13,231.04,96.04,2.9318,index,simulated,Synthetic Generator - Bottleneck,,Bottleneck at Phase 6 (Vaulting) - severe D-C imbalance
342,5,Bar Casting & Assay_Entity,USA,2025-02-12,daily_state,ndc_balance,229.55,268.02,186.15,75.05,0.0671,index,simulated,Synthetic Generator - Bottleneck,,Bottleneck at Phase 6 (Vaulting) - severe D-C imbalance
343,6,Logistics & Vaulting_Entity,USA,2025-02-12,daily_state,ndc_balance,442.39,184.25,88.87,31.13,0.0015,index,simulated,Synthetic Generator - Bottleneck,,Bottleneck at Phase 6 (Vaulting) - severe D-C imbalance
344,7,Exchange Registration_Entity,USA,2025-02-12,daily_state,ndc_balance,222.6,252.71,186.89,78.8,0.1091,index,simulated,Synthetic Generator - Bottleneck,,Bottleneck at Phase 6 (Vaulting) - severe D-C imbalance
345,0,Geological Prospecting_Entity,USA,2025-02-13,daily_state,ndc_balance,250.39,219.94,184.0,78.41,0.1067,index,simulated,Synthetic Generator - Bottleneck,,Bottleneck at Phase 6 (Vaulting) - severe D-C imbalance
346,1,Mine Extraction_Entity,USA,2025-02-13,daily_state,ndc_balance,261.58,251.5,237.47,92.58,0.8964,index,simulated,Synthetic Generator - Bottleneck,,Bottleneck at Phase 6 (Vaulting) - severe D-C imbalance
347,2,Ore Processing_Entity,USA,2025-02-13,daily_state,ndc_balance,280.81,271.38,258.13,93.51,1.0118,index,simulated,Synthetic Generator - Bottleneck,,Bottleneck at Phase 6 (Vaulting) - severe D-C imbalance
348,3,Doré Production_Entity,USA,2025-02-13,daily_state,ndc_balance,236.29,260.51,206.0,83.03,0.1676,index,simulated,Synthetic Generator - Bottleneck,,Bottleneck at Phase 6 (Vaulting) - severe D-C imbalance
349,4,Refining_Entity,USA,2025-02-13,daily_state,ndc_balance,230.98,257.4,198.58,81.44,0.1413,index,simulated,Synthetic Generator - Bottleneck,,Bottleneck at Phase 6 (Vaulting) - severe D-C imbalance
350,5,Bar Casting & Assay_Entity,USA,2025-02-13,daily_state,ndc_balance,225.93,222.66,217.91,97.15,4.8462,index,simulated,Synthetic Generator - Bottleneck,,Bottleneck at Phase 6 (Vaulting) - severe D-C imbalance
351,6,Logistics & Vaulting_Entity,USA,2025-02-13,daily_state,ndc_balance,425.6,139.88,63.72,26.11,0.0012,index,simulated,Synthetic Generator - Bottleneck,,Bottleneck at Phase 6 (Vaulting) - severe D-C imbalance
352,7,Exchange Registration_Entity,USA,2025-02-13,daily_state,ndc_balance,196.06,248.18,144.93,65.7,0.0367,index,simulated,Synthetic Generator - Bottleneck,,Bottleneck at Phase 6 (Vaulting) - severe D-C imbalance
353,0,Geological Prospecting_Entity,USA,2025-02-14,daily_state,ndc_balance,251.65,230.77,204.13,84.71,0.2242,index,simulated,Synthetic Generator - Bottleneck,,Bottleneck at Phase 6 (Vaulting) - severe D-C imbalance
354,1,Mine Extraction_Entity,USA,2025-02-14,daily_state,ndc_balance,218.41,219.55,216.72,98.97,8.8473,index,simulated,Synthetic Generator - Bottleneck,,Bottleneck at Phase 6 (Vaulting) - severe D-C imbalance
355,2,Ore Processing_Entity,USA,2025-02-14,daily_state,ndc_balance,257.82,254.54,249.74,97.49,4.8179,index,simulated,Synthetic Generator - Bottleneck,,Bottleneck at Phase 6 (Vaulting) - severe D-C imbalance
356,3,Doré Production_Entity,USA,2025-02-14,daily_state,ndc_balance,249.68,268.92,224.56,86.66,0.2629,index,simulated,Synthetic Generator - Bottleneck,,Bottleneck at Phase 6 (Vaulting) - severe D-C imbalance
357,4,Refining_Entity,USA,2025-02-14,daily_state,ndc_balance,257.95,221.31,179.85,75.27,0.074,index,simulated,Synthetic Generator - Bottleneck,,Bottleneck at Phase 6 (Vaulting) - severe D-C imbalance
358,5,Bar Casting & Assay_Entity,USA,2025-02-14,daily_state,ndc_balance,230.12,213.49,191.83,86.55,0.3492,index,simulated,Synthetic Generator - Bottleneck,,Bottleneck at Phase 6 (Vaulting) - severe D-C imbalance
359,6,Logistics & Vaulting_Entity,USA,2025-02-14,daily_state,ndc_balance,417.84,196.68,99.46,34.7,0.002,index,simulated,Synthetic Generator - Bottleneck,,Bottleneck at Phase 6 (Vaulting) - severe D-C imbalance
360,7,Exchange Registration_Entity,USA,2025-02-14,daily_state,ndc_balance,246.77,286.34,201.64,75.85,0.0635,index,simulated,Synthetic Generator - Bottleneck,,Bottleneck at Phase 6 (Vaulting) - severe D-C imbalance
361,0,Geological Prospecting_Entity,USA,2025-02-15,daily_state,ndc_balance,243.94,273.65,207.94,80.48,0.112,index,simulated,Synthetic Generator - Bottleneck,,Bottleneck at Phase 6 (Vaulting) - severe D-C imbalance
362,1,Mine Extraction_Entity,USA,2025-02-15,daily_state,ndc_balance,246.13,276.79,209.15,80.13,0.1053,index,simulated,Synthetic Generator - Bottleneck,,Bottleneck at Phase 6 (Vaulting) - severe D-C imbalance
363,2,Ore Processing_Entity,USA,2025-02-15,daily_state,ndc_balance,249.56,257.68,238.1,93.89,1.3175,index,simulated,Synthetic Generator - Bottleneck,,Bottleneck at Phase 6 (Vaulting) - severe D-C imbalance
364,3,Doré Production_Entity,USA,2025-02-15,daily_state,ndc_balance,279.5,235.16,186.68,72.81,0.0506,index,simulated,Synthetic Generator - Bottleneck,,Bottleneck at Phase 6 (Vaulting) - severe D-C imbalance
365,4,Refining_Entity,USA,2025-02-15,daily_state,ndc_balance,254.37,272.22,230.79,87.71,0.3042,index,simulated,Synthetic Generator - Bottleneck,,Bottleneck at Phase 6 (Vaulting) - severe D-C imbalance
366,5,Bar Casting & Assay_Entity,USA,2025-02-15,daily_state,ndc_balance,232.68,215.78,193.77,86.48,0.3382,index,simulated,Synthetic Generator - Bottleneck,,Bottleneck at Phase 6 (Vaulting) - severe D-C imbalance
367,6,Logistics & Vaulting_Entity,USA,2025-02-15,daily_state,ndc_balance,462.86,172.95,80.85,28.57,0.0012,index,simulated,Synthetic Generator - Bottleneck,,Bottleneck at Phase 6 (Vaulting) - severe D-C imbalance
368,7,Exchange Registration_Entity,USA,2025-02-15,daily_state,ndc_balance,238.49,278.69,193.21,74.94,0.0615,index,simulated,Synthetic Generator - Bottleneck,,Bottleneck at Phase 6 (Vaulting) - severe D-C imbalance
369,0,Geological Prospecting_Entity,USA,2025-02-16,daily_state,ndc_balance,237.83,214.8,186.23,82.4,0.1851,index,simulated,Synthetic Generator - Bottleneck,,Bottleneck at Phase 6 (Vaulting) - severe D-C imbalance
370,1,Mine Extraction_Entity,USA,2025-02-16,daily_state,ndc_balance,255.07,195.17,139.5,62.52,0.0278,index,simulated,Synthetic Generator - Bottleneck,,Bottleneck at Phase 6 (Vaulting) - severe D-C imbalance
371,2,Ore Processing_Entity,USA,2025-02-16,daily_state,ndc_balance,244.24,246.13,241.46,98.48,7.3802,index,simulated,Synthetic Generator - Bottleneck,,Bottleneck at Phase 6 (Vaulting) - severe D-C imbalance
372,3,Doré Production_Entity,USA,2025-02-16,daily_state,ndc_balance,244.6,201.41,155.92,70.25,0.0533,index,simulated,Synthetic Generator - Bottleneck,,Bottleneck at Phase 6 (Vaulting) - severe D-C imbalance
373,4,Refining_Entity,USA,2025-02-16,daily_state,ndc_balance,281.88,242.59,197.87,75.67,0.0643,index,simulated,Synthetic Generator - Bottleneck,,Bottleneck at Phase 6 (Vaulting) - severe D-C imbalance
374,5,Bar Casting & Assay_Entity,USA,2025-02-16,daily_state,ndc_balance,263.72,242.44,215.18,85.1,0.2162,index,simulated,Synthetic Generator - Bottleneck,,Bottleneck at Phase 6 (Vaulting) - severe D-C imbalance
375,6,Logistics & Vaulting_Entity,USA,2025-02-16,daily_state,ndc_balance,402.4,184.04,91.93,33.78,0.0021,index,simulated,Synthetic Generator - Bottleneck,,Bottleneck at Phase 6 (Vaulting) - severe D-C imbalance
376,7,Exchange Registration_Entity,USA,2025-02-16,daily_state,ndc_balance,233.49,218.69,199.07,88.1,0.4368,index,simulated,Synthetic Generator - Bottleneck,,Bottleneck at Phase 6 (Vaulting) - severe D-C imbalance
377,0,Geological Prospecting_Entity,USA,2025-02-17,daily_state,ndc_balance,279.4,224.44,168.98,67.48,0.033,index,simulated,Synthetic Generator - Bottleneck,,Bottleneck at Phase 6 (Vaulting) - severe D-C imbalance
378,1,Mine Extraction_Entity,USA,2025-02-17,daily_state,ndc_balance,213.19,273.2,155.54,64.45,0.0277,index,simulated,Synthetic Generator - Bottleneck,,Bottleneck at Phase 6 (Vaulting) - severe D-C imbalance
379,2,Ore Processing_Entity,USA,2025-02-17,daily_state,ndc_balance,239.91,224.8,204.75,88.17,0.4196,index,simulated,Synthetic Generator - Bottleneck,,Bottleneck at Phase 6 (Vaulting) - severe D-C imbalance
380,3,Doré Production_Entity,USA,2025-02-17,daily_state,ndc_balance,214.69,283.52,151.82,61.54,0.0211,index,simulated,Synthetic Generator - Bottleneck,,Bottleneck at Phase 6 (Vaulting) - severe D-C imbalance
381,4,Refining_Entity,USA,2025-02-17,daily_state,ndc_balance,224.21,241.46,201.7,86.69,0.3251,index,simulated,Synthetic Generator - Bottleneck,,Bottleneck at Phase 6 (Vaulting) - severe D-C imbalance
382,5,Bar Casting & Assay_Entity,USA,2025-02-17,daily_state,ndc_balance,253.25,259.54,244.25,95.27,2.0183,index,simulated,Synthetic Generator - Bottleneck,,Bottleneck at Phase 6 (Vaulting) - severe D-C imbalance
383,6,Logistics & Vaulting_Entity,USA,2025-02-17,daily_state,ndc_balance,418.81,154.48,71.98,28.3,0.0014,index,simulated,Synthetic Generator - Bottleneck,,Bottleneck at Phase 6 (Vaulting) - severe D-C imbalance
384,7,Exchange Registration_Entity,USA,2025-02-17,daily_state,ndc_balance,224.28,251.05,191.72,80.8,0.1376,index,simulated,Synthetic Generator - Bottleneck,,Bottleneck at Phase 6 (Vaulting) - severe D-C imbalance
385,0,Geological Prospecting_Entity,USA,2025-02-18,daily_state,ndc_balance,234.26,245.08,219.35,91.54,0.786,index,simulated,Synthetic Generator - Bottleneck,,Bottleneck at Phase 6 (Vaulting) - severe D-C imbalance
386,1,Mine Extraction_Entity,USA,2025-02-18,daily_state,ndc_balance,263.63,264.06,263.0,99.68,9.8204,index,simulated,Synthetic Generator - Bottleneck,,Bottleneck at Phase 6 (Vaulting) - severe D-C imbalance
387,2,Ore Processing_Entity,USA,2025-02-18,daily_state,ndc_balance,225.48,294.92,161.02,62.44,0.0207,index,simulated,Synthetic Generator - Bottleneck,,Bottleneck at Phase 6 (Vaulting) - severe D-C imbalance
388,3,Doré Production_Entity,USA,2025-02-18,daily_state,ndc_balance,265.35,239.96,208.38,82.58,0.1527,index,simulated,Synthetic Generator - Bottleneck,,Bottleneck at Phase 6 (Vaulting) - severe D-C imbalance
389,4,Refining_Entity,USA,2025-02-18,daily_state,ndc_balance,271.79,299.14,237.49,83.29,0.132,index,simulated,Synthetic Generator - Bottleneck,,Bottleneck at Phase 6 (Vaulting) - severe D-C imbalance
390,5,Bar Casting & Assay_Entity,USA,2025-02-18,daily_state,ndc_balance,206.28,243.33,165.23,73.75,0.0723,index,simulated,Synthetic Generator - Bottleneck,,Bottleneck at Phase 6 (Vaulting) - severe D-C imbalance
391,6,Logistics & Vaulting_Entity,USA,2025-02-18,daily_state,ndc_balance,372.43,182.89,94.31,36.14,0.0028,index,simulated,Synthetic Generator - Bottleneck,,Bottleneck at Phase 6 (Vaulting) - severe D-C imbalance
392,7,Exchange Registration_Entity,USA,2025-02-18,daily_state,ndc_balance,250.6,243.49,233.39,94.48,1.6513,index,simulated,Synthetic Generator - Bottleneck,,Bottleneck at Phase 6 (Vaulting) - severe D-C imbalance
393,0,Geological Prospecting_Entity,USA,2025-02-19,daily_state,ndc_balance,236.91,188.76,140.84,66.6,0.043,index,simulated,Synthetic Generator - Bottleneck,,Bottleneck at Phase 6 (Vaulting) - severe D-C imbalance
394,1,Mine Extraction_Entity,USA,2025-02-19,daily_state,ndc_balance,257.47,276.39,232.64,87.21,0.2719,index,simulated,Synthetic Generator - Bottleneck,,Bottleneck at Phase 6 (Vaulting) - severe D-C imbalance
395,2,Ore Processing_Entity,USA,2025-02-19,daily_state,ndc_balance,238.18,251.0,220.76,90.29,0.5734,index,simulated,Synthetic Generator - Bottleneck,,Bottleneck at Phase 6 (Vaulting) - severe D-C imbalance
396,3,Doré Production_Entity,USA,2025-02-19,daily_state,ndc_balance,218.64,251.43,180.63,77.04,0.0921,index,simulated,Synthetic Generator - Bottleneck,,Bottleneck at Phase 6 (Vaulting) - severe D-C imbalance
397,4,Refining_Entity,USA,2025-02-19,daily_state,ndc_balance,242.13,220.94,194.15,83.94,0.2178,index,simulated,Synthetic Generator - Bottleneck,,Bottleneck at Phase 6 (Vaulting) - severe D-C imbalance
398,5,Bar Casting & Assay_Entity,USA,2025-02-19,daily_state,ndc_balance,220.06,239.0,195.71,85.34,0.271,index,simulated,Synthetic Generator - Bottleneck,,Bottleneck at Phase 6 (Vaulting) - severe D-C imbalance
399,6,Logistics & Vaulting_Entity,USA,2025-02-19,daily_state,ndc_balance,427.65,160.32,75.0,28.64,0.0014,index,simulated,Synthetic Generator - Bottleneck,,Bottleneck at Phase 6 (Vaulting) - severe D-C imbalance
400,7,Exchange Registration_Entity,USA,2025-02-19,daily_state,ndc_balance,238.28,241.48,233.59,97.38,4.9305,index,simulated,Synthetic Generator - Bottleneck,,Bottleneck at Phase 6 (Vaulting) - severe D-C imbalance
401,0,Geological Prospecting_Entity,USA,2025-02-20,daily_state,ndc_balance,228.02,284.92,170.96,67.07,0.0308,index,simulated,Synthetic Generator - Bottleneck,,Bottleneck at Phase 6 (Vaulting) - severe D-C imbalance
402,1,Mine Extraction_Entity,USA,2025-02-20,daily_state,ndc_balance,232.93,223.26,209.88,92.04,0.9668,index,simulated,Synthetic Generator - Bottleneck,,Bottleneck at Phase 6 (Vaulting) - severe D-C imbalance
403,2,Ore Processing_Entity,USA,2025-02-20,daily_state,ndc_balance,230.43,284.96,174.77,68.2,0.0335,index,simulated,Synthetic Generator - Bottleneck,,Bottleneck at Phase 6 (Vaulting) - severe D-C imbalance
404,3,Doré Production_Entity,USA,2025-02-20,daily_state,ndc_balance,261.06,216.59,169.13,71.13,0.0503,index,simulated,Synthetic Generator - Bottleneck,,Bottleneck at Phase 6 (Vaulting) - severe D-C imbalance
405,4,Refining_Entity,USA,2025-02-20,daily_state,ndc_balance,272.12,245.02,211.57,81.94,0.1343,index,simulated,Synthetic Generator - Bottleneck,,Bottleneck at Phase 6 (Vaulting) - severe D-C imbalance
406,5,Bar Casting & Assay_Entity,USA,2025-02-20,daily_state,ndc_balance,240.76,240.02,238.91,99.38,9.4771,index,simulated,Synthetic Generator - Bottleneck,,Bottleneck at Phase 6 (Vaulting) - severe D-C imbalance
407,6,Logistics & Vaulting_Entity,USA,2025-02-20,daily_state,ndc_balance,405.01,185.07,92.41,33.75,0.0021,index,simulated,Synthetic Generator - Bottleneck,,Bottleneck at Phase 6 (Vaulting) - severe D-C imbalance
408,7,Exchange Registration_Entity,USA,2025-02-20,daily_state,ndc_balance,238.3,285.95,187.06,71.66,0.0439,index,simulated,Synthetic Generator - Bottleneck,,Bottleneck at Phase 6 (Vaulting) - severe D-C imbalance
409,0,Geological Prospecting_Entity,USA,2025-02-21,daily_state,ndc_balance,224.61,278.4,169.92,67.95,0.0344,index,simulated,Synthetic Generator - Bottleneck,,Bottleneck at Phase 6 (Vaulting) - severe D-C imbalance
410,1,Mine Extraction_Entity,USA,2025-02-21,daily_state,ndc_balance,247.77,247.48,247.03,99.76,9.9129,index,simulated,Synthetic Generator - Bottleneck,,Bottleneck at Phase 6 (Vaulting) - severe D-C imbalance
411,2,Ore Processing_Entity,USA,2025-02-21,daily_state,ndc_balance,266.66,224.24,177.9,72.75,0.0553,index,simulated,Synthetic Generator - Bottleneck,,Bottleneck at Phase 6 (Vaulting) - severe D-C imbalance
412,3,Doré Production_Entity,USA,2025-02-21,daily_state,ndc_balance,267.28,172.31,105.44,49.13,0.0111,index,simulated,Synthetic Generator - Bottleneck,,Bottleneck at Phase 6 (Vaulting) - severe D-C imbalance
413,4,Refining_Entity,USA,2025-02-21,daily_state,ndc_balance,235.6,216.9,192.87,85.32,0.278,index,simulated,Synthetic Generator - Bottleneck,,Bottleneck at Phase 6 (Vaulting) - severe D-C imbalance
414,5,Bar Casting & Assay_Entity,USA,2025-02-21,daily_state,ndc_balance,211.04,242.96,174.12,76.9,0.0972,index,simulated,Synthetic Generator - Bottleneck,,Bottleneck at Phase 6 (Vaulting) - severe D-C imbalance
415,6,Logistics & Vaulting_Entity,USA,2025-02-21,daily_state,ndc_balance,427.71,190.54,94.17,32.99,0.0018,index,simulated,Synthetic Generator - Bottleneck,,Bottleneck at Phase 6 (Vaulting) - severe D-C imbalance
416,7,Exchange Registration_Entity,USA,2025-02-21,daily_state,ndc_balance,257.02,221.89,181.69,76.08,0.0804,index,simulated,Synthetic Generator - Bottleneck,,Bottleneck at Phase 6 (Vaulting) - severe D-C imbalance
417,0,Geological Prospecting_Entity,USA,2025-02-22,daily_state,ndc_balance,257.38,243.11,223.88,89.5,0.4679,index,simulated,Synthetic Generator - Bottleneck,,Bottleneck at Phase 6 (Vaulting) - severe D-C imbalance
418,1,Mine Extraction_Entity,USA,2025-02-22,daily_state,ndc_balance,268.72,259.42,246.38,93.31,1.0368,index,simulated,Synthetic Generator - Bottleneck,,Bottleneck at Phase 6 (Vaulting) - severe D-C imbalance
419,2,Ore Processing_Entity,USA,2025-02-22,daily_state,ndc_balance,250.61,217.57,179.38,76.82,0.0908,index,simulated,Synthetic Generator - Bottleneck,,Bottleneck at Phase 6 (Vaulting) - severe D-C imbalance
420,3,Doré Production_Entity,USA,2025-02-22,daily_state,ndc_balance,236.94,226.26,211.57,91.38,0.8053,index,simulated,Synthetic Generator - Bottleneck,,Bottleneck at Phase 6 (Vaulting) - severe D-C imbalance
421,4,Refining_Entity,USA,2025-02-22,daily_state,ndc_balance,243.69,246.7,239.29,97.59,5.2522,index,simulated,Synthetic Generator - Bottleneck,,Bottleneck at Phase 6 (Vaulting) - severe D-C imbalance
422,5,Bar Casting & Assay_Entity,USA,2025-02-22,daily_state,ndc_balance,251.05,246.67,240.32,96.57,3.428,index,simulated,Synthetic Generator - Bottleneck,,Bottleneck at Phase 6 (Vaulting) - severe D-C imbalance
423,6,Logistics & Vaulting_Entity,USA,2025-02-22,daily_state,ndc_balance,420.32,182.15,89.09,32.2,0.0018,index,simulated,Synthetic Generator - Bottleneck,,Bottleneck at Phase 6 (Vaulting) - severe D-C imbalance
424,7,Exchange Registration_Entity,USA,2025-02-22,daily_state,ndc_balance,244.84,213.42,176.85,77.36,0.1003,index,simulated,Synthetic Generator - Bottleneck,,Bottleneck at Phase 6 (Vaulting) - severe D-C imbalance
425,0,Geological Prospecting_Entity,USA,2025-02-23,daily_state,ndc_balance,214.89,222.62,204.05,93.29,1.4336,index,simulated,Synthetic Generator - Bottleneck,,Bottleneck at Phase 6 (Vaulting) - severe D-C imbalance
426,1,Mine Extraction_Entity,USA,2025-02-23,daily_state,ndc_balance,259.46,222.43,180.57,75.17,0.0724,index,simulated,Synthetic Generator - Bottleneck,,Bottleneck at Phase 6 (Vaulting) - severe D-C imbalance
427,2,Ore Processing_Entity,USA,2025-02-23,daily_state,ndc_balance,245.24,251.66,236.08,95.03,1.954,index,simulated,Synthetic Generator - Bottleneck,,Bottleneck at Phase 6 (Vaulting) - severe D-C imbalance
428,3,Doré Production_Entity,USA,2025-02-23,daily_state,ndc_balance,260.41,213.01,163.65,69.49,0.0443,index,simulated,Synthetic Generator - Bottleneck,,Bottleneck at Phase 6 (Vaulting) - severe D-C imbalance
429,4,Refining_Entity,USA,2025-02-23,daily_state,ndc_balance,269.94,268.18,265.58,98.71,7.6402,index,simulated,Synthetic Generator - Bottleneck,,Bottleneck at Phase 6 (Vaulting) - severe D-C imbalance
430,5,Bar Casting & Assay_Entity,USA,2025-02-23,daily_state,ndc_balance,214.92,226.89,198.7,89.98,0.6518,index,simulated,Synthetic Generator - Bottleneck,,Bottleneck at Phase 6 (Vaulting) - severe D-C imbalance
431,6,Logistics & Vaulting_Entity,USA,2025-02-23,daily_state,ndc_balance,443.82,177.8,84.71,30.16,0.0014,index,simulated,Synthetic Generator - Bottleneck,,Bottleneck at Phase 6 (Vaulting) - severe D-C imbalance
432,7,Exchange Registration_Entity,USA,2025-02-23,daily_state,ndc_balance,213.65,199.64,181.15,87.71,0.4851,index,simulated,Synthetic Generator - Bottleneck,,Bottleneck at Phase 6 (Vaulting) - severe D-C imbalance
433,0,Geological Prospecting_Entity,USA,2025-02-24,daily_state,ndc_balance,245.01,210.92,172.11,75.71,0.0853,index,simulated,Synthetic Generator - Bottleneck,,Bottleneck at Phase 6 (Vaulting) - severe D-C imbalance
434,1,Mine Extraction_Entity,USA,2025-02-24,daily_state,ndc_balance,241.73,240.81,239.44,99.24,9.2171,index,simulated,Synthetic Generator - Bottleneck,,Bottleneck at Phase 6 (Vaulting) - severe D-C imbalance
435,2,Ore Processing_Entity,USA,2025-02-24,daily_state,ndc_balance,279.25,232.74,182.71,71.67,0.046,index,simulated,Synthetic Generator - Bottleneck,,Bottleneck at Phase 6 (Vaulting) - severe D-C imbalance
436,3,Doré Production_Entity,USA,2025-02-24,daily_state,ndc_balance,271.45,275.72,265.24,96.95,3.5439,index,simulated,Synthetic Generator - Bottleneck,,Bottleneck at Phase 6 (Vaulting) - severe D-C imbalance
437,4,Refining_Entity,USA,2025-02-24,daily_state,ndc_balance,278.69,247.12,209.23,79.73,0.0994,index,simulated,Synthetic Generator - Bottleneck,,Bottleneck at Phase 6 (Vaulting) - severe D-C imbalance
438,5,Bar Casting & Assay_Entity,USA,2025-02-24,daily_state,ndc_balance,199.14,258.48,143.35,63.19,0.0283,index,simulated,Synthetic Generator - Bottleneck,,Bottleneck at Phase 6 (Vaulting) - severe D-C imbalance
439,6,Logistics & Vaulting_Entity,USA,2025-02-24,daily_state,ndc_balance,440.97,178.78,85.49,30.45,0.0015,index,simulated,Synthetic Generator - Bottleneck,,Bottleneck at Phase 6 (Vaulting) - severe D-C imbalance
440,7,Exchange Registration_Entity,USA,2025-02-24,daily_state,ndc_balance,295.69,254.3,207.25,75.58,0.058,index,simulated,Synthetic Generator - Bottleneck,,Bottleneck at Phase 6 (Vaulting) - severe D-C imbalance
441,0,Geological Prospecting_Entity,USA,2025-02-25,daily_state,ndc_balance,261.37,267.16,253.03,95.76,2.2951,index,simulated,Synthetic Generator - Bottleneck,,Bottleneck at Phase 6 (Vaulting) - severe D-C imbalance
442,1,Mine Extraction_Entity,USA,2025-02-25,daily_state,ndc_balance,256.67,177.68,115.4,54.04,0.016,index,simulated,Synthetic Generator - Bottleneck,,Bottleneck at Phase 6 (Vaulting) - severe D-C imbalance
443,2,Ore Processing_Entity,USA,2025-02-25,daily_state,ndc_balance,240.02,269.93,203.94,80.12,0.1105,index,simulated,Synthetic Generator - Bottleneck,,Bottleneck at Phase 6 (Vaulting) - severe D-C imbalance
444,3,Doré Production_Entity,USA,2025-02-25,daily_state,ndc_balance,233.85,234.41,233.0,99.52,9.6906,index,simulated,Synthetic Generator - Bottleneck,,Bottleneck at Phase 6 (Vaulting) - severe D-C imbalance
445,4,Refining_Entity,USA,2025-02-25,daily_state,ndc_balance,229.1,284.6,172.89,67.71,0.0324,index,simulated,Synthetic Generator - Bottleneck,,Bottleneck at Phase 6 (Vaulting) - severe D-C imbalance
446,5,Bar Casting & Assay_Entity,USA,2025-02-25,daily_state,ndc_balance,273.05,224.25,173.09,69.95,0.0418,index,simulated,Synthetic Generator - Bottleneck,,Bottleneck at Phase 6 (Vaulting) - severe D-C imbalance
447,6,Logistics & Vaulting_Entity,USA,2025-02-25,daily_state,ndc_balance,422.95,169.79,80.95,30.21,0.0016,index,simulated,Synthetic Generator - Bottleneck,,Bottleneck at Phase 6 (Vaulting) - severe D-C imbalance
448,7,Exchange Registration_Entity,USA,2025-02-25,daily_state,ndc_balance,275.69,243.82,205.74,79.36,0.0975,index,simulated,Synthetic Generator - Bottleneck,,Bottleneck at Phase 6 (Vaulting) - severe D-C imbalance
449,0,Geological Prospecting_Entity,USA,2025-02-26,daily_state,ndc_balance,266.23,248.3,224.7,87.39,0.3015,index,simulated,Synthetic Generator - Bottleneck,,Bottleneck at Phase 6 (Vaulting) - severe D-C imbalance
450,1,Mine Extraction_Entity,USA,2025-02-26,daily_state,ndc_balance,308.71,214.3,139.53,54.25,0.0112,index,simulated,Synthetic Generator - Bottleneck,,Bottleneck at Phase 6 (Vaulting) - severe D-C imbalance
451,2,Ore Processing_Entity,USA,2025-02-26,daily_state,ndc_balance,215.79,230.17,196.68,88.25,0.461,index,simulated,Synthetic Generator - Bottleneck,,Bottleneck at Phase 6 (Vaulting) - severe D-C imbalance
452,3,Doré Production_Entity,USA,2025-02-26,daily_state,ndc_balance,218.64,202.69,181.93,86.42,0.3781,index,simulated,Synthetic Generator - Bottleneck,,Bottleneck at Phase 6 (Vaulting) - severe D-C imbalance
453,4,Refining_Entity,USA,2025-02-26,daily_state,ndc_balance,229.97,216.95,199.44,89.29,0.5564,index,simulated,Synthetic Generator - Bottleneck,,Bottleneck at Phase 6 (Vaulting) - severe D-C imbalance
454,5,Bar Casting & Assay_Entity,USA,2025-02-26,daily_state,ndc_balance,221.44,258.64,179.49,75.0,0.0718,index,simulated,Synthetic Generator - Bottleneck,,Bottleneck at Phase 6 (Vaulting) - severe D-C imbalance
455,6,Logistics & Vaulting_Entity,USA,2025-02-26,daily_state,ndc_balance,409.88,177.31,86.66,32.15,0.0018,index,simulated,Synthetic Generator - Bottleneck,,Bottleneck at Phase 6 (Vaulting) - severe D-C imbalance
456,7,Exchange Registration_Entity,USA,2025-02-26,daily_state,ndc_balance,283.65,210.33,145.65,59.63,0.0186,index,simulated,Synthetic Generator - Bottleneck,,Bottleneck at Phase 6 (Vaulting) - severe D-C imbalance
457,0,Geological Prospecting_Entity,USA,2025-02-27,daily_state,ndc_balance,244.71,249.14,238.28,96.5,3.3706,index,simulated,Synthetic Generator - Bottleneck,,Bottleneck at Phase 6 (Vaulting) - severe D-C imbalance
458,1,Mine Extraction_Entity,USA,2025-02-27,daily_state,ndc_balance,211.17,180.38,145.8,74.7,0.1044,index,simulated,Synthetic Generator - Bottleneck,,Bottleneck at Phase 6 (Vaulting) - severe D-C imbalance
459,2,Ore Processing_Entity,USA,2025-02-27,daily_state,ndc_balance,256.92,252.3,245.6,96.47,3.1885,index,simulated,Synthetic Generator - Bottleneck,,Bottleneck at Phase 6 (Vaulting) - severe D-C imbalance
460,3,Doré Production_Entity,USA,2025-02-27,daily_state,ndc_balance,291.28,243.95,192.61,72.25,0.0444,index,simulated,Synthetic Generator - Bottleneck,,Bottleneck at Phase 6 (Vaulting) - severe D-C imbalance
461,4,Refining_Entity,USA,2025-02-27,daily_state,ndc_balance,266.39,235.11,197.88,79.07,0.1012,index,simulated,Synthetic Generator - Bottleneck,,Bottleneck at Phase 6 (Vaulting) - severe D-C imbalance
462,5,Bar Casting & Assay_Entity,USA,2025-02-27,daily_state,ndc_balance,247.68,286.64,203.04,76.2,0.0655,index,simulated,Synthetic Generator - Bottleneck,,Bottleneck at Phase 6 (Vaulting) - severe D-C imbalance
463,6,Logistics & Vaulting_Entity,USA,2025-02-27,daily_state,ndc_balance,377.52,186.2,96.23,36.29,0.0027,index,simulated,Synthetic Generator - Bottleneck,,Bottleneck at Phase 6 (Vaulting) - severe D-C imbalance
464,7,Exchange Registration_Entity,USA,2025-02-27,daily_state,ndc_balance,310.61,235.12,166.2,61.5,0.0175,index,simulated,Synthetic Generator - Bottleneck,,Bottleneck at Phase 6 (Vaulting) - severe D-C imbalance
465,0,Geological Prospecting_Entity,USA,2025-02-28,daily_state,ndc_balance,283.01,224.27,166.34,66.03,0.0289,index,simulated,Synthetic Generator - Bottleneck,,Bottleneck at Phase 6 (Vaulting) - severe D-C imbalance
466,1,Mine Extraction_Entity,USA,2025-02-28,daily_state,ndc_balance,249.36,240.84,228.87,93.39,1.2106,index,simulated,Synthetic Generator - Bottleneck,,Bottleneck at Phase 6 (Vaulting) - severe D-C imbalance
467,2,Ore Processing_Entity,USA,2025-02-28,daily_state,ndc_balance,205.65,210.8,198.28,95.23,2.7401,index,simulated,Synthetic Generator - Bottleneck,,Bottleneck at Phase 6 (Vaulting) - severe D-C imbalance
468,3,Doré Production_Entity,USA,2025-02-28,daily_state,ndc_balance,228.06,260.55,189.96,77.93,0.0938,index,simulated,Synthetic Generator - Bottleneck,,Bottleneck at Phase 6 (Vaulting) - severe D-C imbalance
469,4,Refining_Entity,USA,2025-02-28,daily_state,ndc_balance,267.44,248.1,222.9,86.53,0.2603,index,simulated,Synthetic Generator - Bottleneck,,Bottleneck at Phase 6 (Vaulting) - severe D-C imbalance
470,5,Bar Casting & Assay_Entity,USA,2025-02-28,daily_state,ndc_balance,259.51,240.08,214.88,86.09,0.2579,index,simulated,Synthetic Generator - Bottleneck,,Bottleneck at Phase 6 (Vaulting) - severe D-C imbalance
471,6,Logistics & Vaulting_Entity,USA,2025-02-28,daily_state,ndc_balance,444.04,180.13,86.15,30.46,0.0014,index,simulated,Synthetic Generator - Bottleneck,,Bottleneck at Phase 6 (Vaulting) - severe D-C imbalance
472,7,Exchange Registration_Entity,USA,2025-02-28,daily_state,ndc_balance,270.91,220.19,167.96,68.77,0.0387,index,simulated,Synthetic Generator - Bottleneck,,Bottleneck at Phase 6 (Vaulting) - severe D-C imbalance
473,0,Geological Prospecting_Entity,USA,2025-03-01,daily_state,ndc_balance,263.69,229.47,189.75,77.14,0.0847,index,simulated,Synthetic Generator - Bottleneck,,Bottleneck at Phase 6 (Vaulting) - severe D-C imbalance
474,1,Mine Extraction_Entity,USA,2025-03-01,daily_state,ndc_balance,269.53,211.7,155.52,65.11,0.0298,index,simulated,Synthetic Generator - Bottleneck,,Bottleneck at Phase 6 (Vaulting) - severe D-C imbalance
475,2,Ore Processing_Entity,USA,2025-03-01,daily_state,ndc_balance,228.02,257.19,193.03,79.71,0.1162,index,simulated,Synthetic Generator - Bottleneck,,Bottleneck at Phase 6 (Vaulting) - severe D-C imbalance
476,3,Doré Production_Entity,USA,2025-03-01,daily_state,ndc_balance,248.23,228.65,203.48,85.41,0.2543,index,simulated,Synthetic Generator - Bottleneck,,Bottleneck at Phase 6 (Vaulting) - severe D-C imbalance
477,4,Refining_Entity,USA,2025-03-01,daily_state,ndc_balance,267.8,224.82,178.0,72.54,0.0538,index,simulated,Synthetic Generator - Bottleneck,,Bottleneck at Phase 6 (Vaulting) - severe D-C imbalance
478,5,Bar Casting & Assay_Entity,USA,2025-03-01,daily_state,ndc_balance,240.39,278.35,196.92,76.13,0.0689,index,simulated,Synthetic Generator - Bottleneck,,Bottleneck at Phase 6 (Vaulting) - severe D-C imbalance
479,6,Logistics & Vaulting_Entity,USA,2025-03-01,daily_state,ndc_balance,450.78,203.59,101.17,33.4,0.0016,index,simulated,Synthetic Generator - Bottleneck,,Bottleneck at Phase 6 (Vaulting) - severe D-C imbalance
480,7,Exchange Registration_Entity,USA,2025-03-01,daily_state,ndc_balance,265.66,256.57,243.81,93.39,1.0799,index,simulated,Synthetic Generator - Bottleneck,,Bottleneck at Phase 6 (Vaulting) - severe D-C imbalance
481,0,Geological Prospecting_Entity,USA,2025-03-02,daily_state,ndc_balance,231.02,217.33,199.02,88.82,0.5063,index,simulated,Synthetic Generator - Bottleneck,,Bottleneck at Phase 6 (Vaulting) - severe D-C imbalance
482,1,Mine Extraction_Entity,USA,2025-03-02,daily_state,ndc_balance,202.99,281.82,136.7,57.15,0.0161,index,simulated,Synthetic Generator - Bottleneck,,Bottleneck at Phase 6 (Vaulting) - severe D-C imbalance
483,2,Ore Processing_Entity,USA,2025-03-02,daily_state,ndc_balance,232.72,236.84,226.75,96.58,3.7114,index,simulated,Synthetic Generator - Bottleneck,,Bottleneck at Phase 6 (Vaulting) - severe D-C imbalance
484,3,Doré Production_Entity,USA,2025-03-02,daily_state,ndc_balance,231.79,257.38,200.21,81.97,0.1505,index,simulated,Synthetic Generator - Bottleneck,,Bottleneck at Phase 6 (Vaulting) - severe D-C imbalance
485,4,Refining_Entity,USA,2025-03-02,daily_state,ndc_balance,242.49,207.38,167.87,74.86,0.0805,index,simulated,Synthetic Generator - Bottleneck,,Bottleneck at Phase 6 (Vaulting) - severe D-C imbalance
486,5,Bar Casting & Assay_Entity,USA,2025-03-02,daily_state,ndc_balance,254.64,206.67,157.39,68.61,0.0433,index,simulated,Synthetic Generator - Bottleneck,,Bottleneck at Phase 6 (Vaulting) - severe D-C imbalance
487,6,Logistics & Vaulting_Entity,USA,2025-03-02,daily_state,ndc_balance,403.25,148.4,69.11,28.25,0.0015,index,simulated,Synthetic Generator - Bottleneck,,Bottleneck at Phase 6 (Vaulting) - severe D-C imbalance
488,7,Exchange Registration_Entity,USA,2025-03-02,daily_state,ndc_balance,244.03,229.46,209.98,88.74,0.4494,index,simulated,Synthetic Generator - Bottleneck,,Bottleneck at Phase 6 (Vaulting) - severe D-C imbalance
489,0,Geological Prospecting_Entity,USA,2025-03-03,daily_state,ndc_balance,210.71,202.97,192.16,92.92,1.4311,index,simulated,Synthetic Generator - Bottleneck,,Bottleneck at Phase 6 (Vaulting) - severe D-C imbalance
490,1,Mine Extraction_Entity,USA,2025-03-03,daily_state,ndc_balance,249.95,226.41,197.04,82.83,0.1772,index,simulated,Synthetic Generator - Bottleneck,,Bottleneck at Phase 6 (Vaulting) - severe D-C imbalance
491,2,Ore Processing_Entity,USA,2025-03-03,daily_state,ndc_balance,289.84,285.85,280.01,97.28,3.8541,index,simulated,Synthetic Generator - Bottleneck,,Bottleneck at Phase 6 (Vaulting) - severe D-C imbalance
492,3,Doré Production_Entity,USA,2025-03-03,daily_state,ndc_balance,232.64,253.93,205.53,84.56,0.2159,index,simulated,Synthetic Generator - Bottleneck,,Bottleneck at Phase 6 (Vaulting) - severe D-C imbalance
493,4,Refining_Entity,USA,2025-03-03,daily_state,ndc_balance,264.99,225.06,180.68,73.98,0.0624,index,simulated,Synthetic Generator - Bottleneck,,Bottleneck at Phase 6 (Vaulting) - severe D-C imbalance
494,5,Bar Casting & Assay_Entity,USA,2025-03-03,daily_state,ndc_balance,217.36,241.33,187.76,81.98,0.171,index,simulated,Synthetic Generator - Bottleneck,,Bottleneck at Phase 6 (Vaulting) - severe D-C imbalance
495,6,Logistics & Vaulting_Entity,USA,2025-03-03,daily_state,ndc_balance,416.54,173.46,83.67,31.13,0.0017,index,simulated,Synthetic Generator - Bottleneck,,Bottleneck at Phase 6 (Vaulting) - severe D-C imbalance
496,7,Exchange Registration_Entity,USA,2025-03-03,daily_state,ndc_balance,282.22,205.65,140.02,58.12,0.017,index,simulated,Synthetic Generator - Bottleneck,,Bottleneck at Phase 6 (Vaulting) - severe D-C imbalance
497,0,Geological Prospecting_Entity,USA,2025-03-04,daily_state,ndc_balance,226.96,242.73,206.12,87.82,0.3867,index,simulated,Synthetic Generator - Bottleneck,,Bottleneck at Phase 6 (Vaulting) - severe D-C imbalance
498,1,Mine Extraction_Entity,USA,2025-03-04,daily_state,ndc_balance,257.72,210.58,161.59,69.36,0.0448,index,simulated,Synthetic Generator - Bottleneck,,Bottleneck at Phase 6 (Vaulting) - severe D-C imbalance
499,2,Ore Processing_Entity,USA,2025-03-04,daily_state,ndc_balance,268.56,195.74,133.3,58.14,0.0188,index,simulated,Synthetic Generator - Bottleneck,,Bottleneck at Phase 6 (Vaulting) - severe D-C imbalance
500,3,Doré Production_Entity,USA,2025-03-04,daily_state,ndc_balance,238.44,233.55,226.5,95.98,2.9505,index,simulated,Synthetic Generator - Bottleneck,,Bottleneck at Phase 6 (Vaulting) - severe D-C imbalance
501,4,Refining_Entity,USA,2025-03-04,daily_state,ndc_balance,237.28,225.87,210.29,90.84,0.7143,index,simulated,Synthetic Generator - Bottleneck,,Bottleneck at Phase 6 (Vaulting) - severe D-C imbalance
502,5,Bar Casting & Assay_Entity,USA,2025-03-04,daily_state,ndc_balance,286.18,219.48,157.24,62.74,0.0224,index,simulated,Synthetic Generator - Bottleneck,,Bottleneck at Phase 6 (Vaulting) - severe D-C imbalance
503,6,Logistics & Vaulting_Entity,USA,2025-03-04,daily_state,ndc_balance,468.82,186.56,88.71,29.99,0.0013,index,simulated,Synthetic Generator - Bottleneck,,Bottleneck at Phase 6 (Vaulting) - severe D-C imbalance
504,7,Exchange Registration_Entity,USA,2025-03-04,daily_state,ndc_balance,275.71,235.99,191.23,74.97,0.063,index,simulated,Synthetic Generator - Bottleneck,,Bottleneck at Phase 6 (Vaulting) - severe D-C imbalance
505,0,Geological Prospecting_Entity,USA,2025-03-05,daily_state,ndc_balance,300.6,215.16,144.04,56.64,0.0137,index,simulated,Synthetic Generator - Bottleneck,,Bottleneck at Phase 6 (Vaulting) - severe D-C imbalance
506,1,Mine Extraction_Entity,USA,2025-03-05,daily_state,ndc_balance,227.59,221.13,211.95,94.48,1.9315,index,simulated,Synthetic Generator - Bottleneck,,Bottleneck at Phase 6 (Vaulting) - severe D-C imbalance
507,2,Ore Processing_Entity,USA,2025-03-05,daily_state,ndc_balance,250.64,196.86,144.61,65.1,0.0344,index,simulated,Synthetic Generator - Bottleneck,,Bottleneck at Phase 6 (Vaulting) - severe D-C imbalance
508,3,Doré Production_Entity,USA,2025-03-05,daily_state,ndc_balance,250.45,282.34,212.14,79.78,0.0974,index,simulated,Synthetic Generator - Bottleneck,,Bottleneck at Phase 6 (Vaulting) - severe D-C imbalance
509,4,Refining_Entity,USA,2025-03-05,daily_state,ndc_balance,253.03,232.68,206.6,85.15,0.2359,index,simulated,Synthetic Generator - Bottleneck,,Bottleneck at Phase 6 (Vaulting) - severe D-C imbalance
510,5,Bar Casting & Assay_Entity,USA,2025-03-05,daily_state,ndc_balance,237.89,262.31,207.36,83.01,0.1649,index,simulated,Synthetic Generator - Bottleneck,,Bottleneck at Phase 6 (Vaulting) - severe D-C imbalance
511,6,Logistics & Vaulting_Entity,USA,2025-03-05,daily_state,ndc_balance,403.48,207.7,109.69,37.89,0.0026,index,simulated,Synthetic Generator - Bottleneck,,Bottleneck at Phase 6 (Vaulting) - severe D-C imbalance
512,7,Exchange Registration_Entity,USA,2025-03-05,daily_state,ndc_balance,312.66,230.42,158.61,59.09,0.0148,index,simulated,Synthetic Generator - Bottleneck,,Bottleneck at Phase 6 (Vaulting) - severe D-C imbalance
513,0,Geological Prospecting_Entity,USA,2025-03-06,daily_state,ndc_balance,249.77,265.77,228.42,88.66,0.3761,index,simulated,Synthetic Generator - Bottleneck,,Bottleneck at Phase 6 (Vaulting) - severe D-C imbalance
514,1,Mine Extraction_Entity,USA,2025-03-06,daily_state,ndc_balance,271.9,219.85,166.73,68.19,0.0368,index,simulated,Synthetic Generator - Bottleneck,,Bottleneck at Phase 6 (Vaulting) - severe D-C imbalance
515,2,Ore Processing_Entity,USA,2025-03-06,daily_state,ndc_balance,239.47,206.94,169.65,76.21,0.0936,index,simulated,Synthetic Generator - Bottleneck,,Bottleneck at Phase 6 (Vaulting) - severe D-C imbalance
516,3,Doré Production_Entity,USA,2025-03-06,daily_state,ndc_balance,258.18,256.67,254.42,98.83,8.132,index,simulated,Synthetic Generator - Bottleneck,,Bottleneck at Phase 6 (Vaulting) - severe D-C imbalance
517,4,Refining_Entity,USA,2025-03-06,daily_state,ndc_balance,223.0,228.62,214.96,95.2,2.4057,index,simulated,Synthetic Generator - Bottleneck,,Bottleneck at Phase 6 (Vaulting) - severe D-C imbalance
518,5,Bar Casting & Assay_Entity,USA,2025-03-06,daily_state,ndc_balance,224.8,216.48,204.86,92.86,1.2617,index,simulated,Synthetic Generator - Bottleneck,,Bottleneck at Phase 6 (Vaulting) - severe D-C imbalance
519,6,Logistics & Vaulting_Entity,USA,2025-03-06,daily_state,ndc_balance,431.02,169.0,80.01,29.65,0.0015,index,simulated,Synthetic Generator - Bottleneck,,Bottleneck at Phase 6 (Vaulting) - severe D-C imbalance
520,7,Exchange Registration_Entity,USA,2025-03-06,daily_state,ndc_balance,267.73,183.49,118.13,53.3,0.0141,index,simulated,Synthetic Generator - Bottleneck,,Bottleneck at Phase 6 (Vaulting) - severe D-C imbalance
521,0,Geological Prospecting_Entity,USA,2025-03-07,daily_state,ndc_balance,253.74,238.89,219.02,88.96,0.434,index,simulated,Synthetic Generator - Bottleneck,,Bottleneck at Phase 6 (Vaulting) - severe D-C imbalance
522,1,Mine Extraction_Entity,USA,2025-03-07,daily_state,ndc_balance,235.42,235.27,235.06,99.88,9.9787,index,simulated,Synthetic Generator - Bottleneck,,Bottleneck at Phase 6 (Vaulting) - severe D-C imbalance
523,2,Ore Processing_Entity,USA,2025-03-07,daily_state,ndc_balance,253.61,219.63,180.53,76.49,0.0859,index,simulated,Synthetic Generator - Bottleneck,,Bottleneck at Phase 6 (Vaulting) - severe D-C imbalance
524,3,Doré Production_Entity,USA,2025-03-07,daily_state,ndc_balance,220.47,285.14,159.3,63.54,0.0239,index,simulated,Synthetic Generator - Bottleneck,,Bottleneck at Phase 6 (Vaulting) - severe D-C imbalance
525,4,Refining_Entity,USA,2025-03-07,daily_state,ndc_balance,237.33,237.58,236.97,99.79,9.9396,index,simulated,Synthetic Generator - Bottleneck,,Bottleneck at Phase 6 (Vaulting) - severe D-C imbalance
526,5,Bar Casting & Assay_Entity,USA,2025-03-07,daily_state,ndc_balance,273.44,326.29,216.05,72.33,0.0357,index,simulated,Synthetic Generator - Bottleneck,,Bottleneck at Phase 6 (Vaulting) - severe D-C imbalance
527,6,Logistics & Vaulting_Entity,USA,2025-03-07,daily_state,ndc_balance,395.11,186.75,94.61,34.83,0.0023,index,simulated,Synthetic Generator - Bottleneck,,Bottleneck at Phase 6 (Vaulting) - severe D-C imbalance
528,7,Exchange Registration_Entity,USA,2025-03-07,daily_state,ndc_balance,258.97,211.11,161.57,69.1,0.0435,index,simulated,Synthetic Generator - Bottleneck,,Bottleneck at Phase 6 (Vaulting) - severe D-C imbalance
529,0,Geological Prospecting_Entity,USA,2025-03-08,daily_state,ndc_balance,235.6,211.86,182.64,81.75,0.1744,index,simulated,Synthetic Generator - Bottleneck,,Bottleneck at Phase 6 (Vaulting) - severe D-C imbalance
530,1,Mine Extraction_Entity,USA,2025-03-08,daily_state,ndc_balance,249.17,203.14,155.48,69.11,0.047,index,simulated,Synthetic Generator - Bottleneck,,Bottleneck at Phase 6 (Vaulting) - severe D-C imbalance
531,2,Ore Processing_Entity,USA,2025-03-08,daily_state,ndc_balance,268.94,241.38,207.57,81.47,0.1299,index,simulated,Synthetic Generator - Bottleneck,,Bottleneck at Phase 6 (Vaulting) - severe D-C imbalance
532,3,Doré Production_Entity,USA,2025-03-08,daily_state,ndc_balance,258.45,228.35,192.45,79.22,0.1091,index,simulated,Synthetic Generator - Bottleneck,,Bottleneck at Phase 6 (Vaulting) - severe D-C imbalance
533,4,Refining_Entity,USA,2025-03-08,daily_state,ndc_balance,242.66,247.19,236.09,96.4,3.2734,index,simulated,Synthetic Generator - Bottleneck,,Bottleneck at Phase 6 (Vaulting) - severe D-C imbalance
534,5,Bar Casting & Assay_Entity,USA,2025-03-08,daily_state,ndc_balance,231.39,228.25,223.65,97.32,5.0262,index,simulated,Synthetic Generator - Bottleneck,,Bottleneck at Phase 6 (Vaulting) - severe D-C imbalance
535,6,Logistics & Vaulting_Entity,USA,2025-03-08,daily_state,ndc_balance,402.81,166.64,80.2,30.96,0.0018,index,simulated,Synthetic Generator - Bottleneck,,Bottleneck at Phase 6 (Vaulting) - severe D-C imbalance
536,7,Exchange Registration_Entity,USA,2025-03-08,daily_state,ndc_balance,229.95,258.72,195.26,80.06,0.1193,index,simulated,Synthetic Generator - Bottleneck,,Bottleneck at Phase 6 (Vaulting) - severe D-C imbalance
537,0,Geological Prospecting_Entity,USA,2025-03-09,daily_state,ndc_balance,236.27,269.08,197.57,78.36,0.092,index,simulated,Synthetic Generator - Bottleneck,,Bottleneck at Phase 6 (Vaulting) - severe D-C imbalance
538,1,Mine Extraction_Entity,USA,2025-03-09,daily_state,ndc_balance,271.38,207.85,148.71,62.61,0.0247,index,simulated,Synthetic Generator - Bottleneck,,Bottleneck at Phase 6 (Vaulting) - severe D-C imbalance
539,2,Ore Processing_Entity,USA,2025-03-09,daily_state,ndc_balance,228.23,304.01,160.0,60.74,0.0174,index,simulated,Synthetic Generator - Bottleneck,,Bottleneck at Phase 6 (Vaulting) - severe D-C imbalance
540,3,Doré Production_Entity,USA,2025-03-09,daily_state,ndc_balance,285.02,239.21,189.34,72.51,0.0474,index,simulated,Synthetic Generator - Bottleneck,,Bottleneck at Phase 6 (Vaulting) - severe D-C imbalance
541,4,Refining_Entity,USA,2025-03-09,daily_state,ndc_balance,255.15,224.23,187.71,78.48,0.1035,index,simulated,Synthetic Generator - Bottleneck,,Bottleneck at Phase 6 (Vaulting) - severe D-C imbalance
542,5,Bar Casting & Assay_Entity,USA,2025-03-09,daily_state,ndc_balance,264.72,218.43,169.49,70.49,0.0464,index,simulated,Synthetic Generator - Bottleneck,,Bottleneck at Phase 6 (Vaulting) - severe D-C imbalance
543,6,Logistics & Vaulting_Entity,USA,2025-03-09,daily_state,ndc_balance,379.35,160.18,77.62,31.49,0.0021,index,simulated,Synthetic Generator - Bottleneck,,Bottleneck at Phase 6 (Vaulting) - severe D-C imbalance
544,7,Exchange Registration_Entity,USA,2025-03-09,daily_state,ndc_balance,271.24,197.85,134.84,58.21,0.0185,index,simulated,Synthetic Generator - Bottleneck,,Bottleneck at Phase 6 (Vaulting) - severe D-C imbalance
545,0,Geological Prospecting_Entity,USA,2025-03-10,daily_state,ndc_balance,248.65,213.13,173.0,75.15,0.0786,index,simulated,Synthetic Generator - Bottleneck,,Bottleneck at Phase 6 (Vaulting) - severe D-C imbalance
546,1,Mine Extraction_Entity,USA,2025-03-10,daily_state,ndc_balance,234.35,261.33,201.31,81.35,0.1356,index,simulated,Synthetic Generator - Bottleneck,,Bottleneck at Phase 6 (Vaulting) - severe D-C imbalance
547,2,Ore Processing_Entity,USA,2025-03-10,daily_state,ndc_balance,254.95,239.76,219.46,88.77,0.4153,index,simulated,Synthetic Generator - Bottleneck,,Bottleneck at Phase 6 (Vaulting) - severe D-C imbalance
548,3,Doré Production_Entity,USA,2025-03-10,daily_state,ndc_balance,267.58,252.02,231.16,89.02,0.3964,index,simulated,Synthetic Generator - Bottleneck,,Bottleneck at Phase 6 (Vaulting) - severe D-C imbalance
549,4,Refining_Entity,USA,2025-03-10,daily_state,ndc_balance,278.93,228.5,175.86,69.66,0.0392,index,simulated,Synthetic Generator - Bottleneck,,Bottleneck at Phase 6 (Vaulting) - severe D-C imbalance
550,5,Bar Casting & Assay_Entity,USA,2025-03-10,daily_state,ndc_balance,248.82,203.03,155.55,69.21,0.0475,index,simulated,Synthetic Generator - Bottleneck,,Bottleneck at Phase 6 (Vaulting) - severe D-C imbalance
551,6,Logistics & Vaulting_Entity,USA,2025-03-10,daily_state,ndc_balance,411.42,194.47,98.53,34.83,0.0021,index,simulated,Synthetic Generator - Bottleneck,,Bottleneck at Phase 6 (Vaulting) - severe D-C imbalance
552,7,Exchange Registration_Entity,USA,2025-03-10,daily_state,ndc_balance,295.16,251.23,202.2,74.25,0.0515,index,simulated,Synthetic Generator - Bottleneck,,Bottleneck at Phase 6 (Vaulting) - severe D-C imbalance
553,0,Geological Prospecting_Entity,USA,2025-03-11,daily_state,ndc_balance,214.12,267.08,160.84,67.26,0.0355,index,simulated,Synthetic Generator - Bottleneck,,Bottleneck at Phase 6 (Vaulting) - severe D-C imbalance
554,1,Mine Extraction_Entity,USA,2025-03-11,daily_state,ndc_balance,213.23,262.45,162.57,68.72,0.0411,index,simulated,Synthetic Generator - Bottleneck,,Bottleneck at Phase 6 (Vaulting) - severe D-C imbalance
555,2,Ore Processing_Entity,USA,2025-03-11,daily_state,ndc_balance,242.64,257.56,222.65,89.06,0.43,index,simulated,Synthetic Generator - Bottleneck,,Bottleneck at Phase 6 (Vaulting) - severe D-C imbalance
556,3,Doré Production_Entity,USA,2025-03-11,daily_state,ndc_balance,223.35,269.28,174.36,71.1,0.0472,index,simulated,Synthetic Generator - Bottleneck,,Bottleneck at Phase 6 (Vaulting) - severe D-C imbalance
557,4,Refining_Entity,USA,2025-03-11,daily_state,ndc_balance,220.7,223.29,216.9,97.71,5.9886,index,simulated,Synthetic Generator - Bottleneck,,Bottleneck at Phase 6 (Vaulting) - severe D-C imbalance
558,5,Bar Casting & Assay_Entity,USA,2025-03-11,daily_state,ndc_balance,238.71,190.94,143.07,67.01,0.0436,index,simulated,Synthetic Generator - Bottleneck,,Bottleneck at Phase 6 (Vaulting) - severe D-C imbalance
559,6,Logistics & Vaulting_Entity,USA,2025-03-11,daily_state,ndc_balance,421.89,207.09,106.77,36.12,0.0022,index,simulated,Synthetic Generator - Bottleneck,,Bottleneck at Phase 6 (Vaulting) - severe D-C imbalance
560,7,Exchange Registration_Entity,USA,2025-03-11,daily_state,ndc_balance,320.55,230.95,155.57,57.18,0.0124,index,simulated,Synthetic Generator - Bottleneck,,Bottleneck at Phase 6 (Vaulting) - severe D-C imbalance
561,0,Geological Prospecting_Entity,USA,2025-03-12,daily_state,ndc_balance,272.33,245.8,212.92,82.3,0.1401,index,simulated,Synthetic Generator - Bottleneck,,Bottleneck at Phase 6 (Vaulting) - severe D-C imbalance
562,1,Mine Extraction_Entity,USA,2025-03-12,daily_state,ndc_balance,259.98,231.45,196.96,80.29,0.1214,index,simulated,Synthetic Generator - Bottleneck,,Bottleneck at Phase 6 (Vaulting) - severe D-C imbalance
563,2,Ore Processing_Entity,USA,2025-03-12,daily_state,ndc_balance,253.9,253.44,252.74,99.63,9.7887,index,simulated,Synthetic Generator - Bottleneck,,Bottleneck at Phase 6 (Vaulting) - severe D-C imbalance
564,3,Doré Production_Entity,USA,2025-03-12,daily_state,ndc_balance,238.43,238.06,237.51,99.69,9.8663,index,simulated,Synthetic Generator - Bottleneck,,Bottleneck at Phase 6 (Vaulting) - severe D-C imbalance
565,4,Refining_Entity,USA,2025-03-12,daily_state,ndc_balance,248.83,260.66,232.58,91.32,0.667,index,simulated,Synthetic Generator - Bottleneck,,Bottleneck at Phase 6 (Vaulting) - severe D-C imbalance
566,5,Bar Casting & Assay_Entity,USA,2025-03-12,daily_state,ndc_balance,238.53,232.8,224.58,95.3,2.3312,index,simulated,Synthetic Generator - Bottleneck,,Bottleneck at Phase 6 (Vaulting) - severe D-C imbalance
567,6,Logistics & Vaulting_Entity,USA,2025-03-12,daily_state,ndc_balance,458.24,197.46,96.38,32.04,0.0015,index,simulated,Synthetic Generator - Bottleneck,,Bottleneck at Phase 6 (Vaulting) - severe D-C imbalance
568,7,Exchange Registration_Entity,USA,2025-03-12,daily_state,ndc_balance,291.98,230.62,170.44,65.68,0.0265,index,simulated,Synthetic Generator - Bottleneck,,Bottleneck at Phase 6 (Vaulting) - severe D-C imbalance
569,0,Geological Prospecting_Entity,USA,2025-03-13,daily_state,ndc_balance,256.42,265.06,244.26,93.69,1.1823,index,simulated,Synthetic Generator - Bottleneck,,Bottleneck at Phase 6 (Vaulting) - severe D-C imbalance
570,1,Mine Extraction_Entity,USA,2025-03-13,daily_state,ndc_balance,281.21,191.21,122.26,52.73,0.0123,index,simulated,Synthetic Generator - Bottleneck,,Bottleneck at Phase 6 (Vaulting) - severe D-C imbalance
571,2,Ore Processing_Entity,USA,2025-03-13,daily_state,ndc_balance,223.69,272.74,172.39,69.79,0.0414,index,simulated,Synthetic Generator - Bottleneck,,Bottleneck at Phase 6 (Vaulting) - severe D-C imbalance
572,3,Doré Production_Entity,USA,2025-03-13,daily_state,ndc_balance,244.46,223.21,196.31,84.04,0.2166,index,simulated,Synthetic Generator - Bottleneck,,Bottleneck at Phase 6 (Vaulting) - severe D-C imbalance
573,4,Refining_Entity,USA,2025-03-13,daily_state,ndc_balance,224.92,226.12,223.12,98.94,8.7269,index,simulated,Synthetic Generator - Bottleneck,,Bottleneck at Phase 6 (Vaulting) - severe D-C imbalance
574,5,Bar Casting & Assay_Entity,USA,2025-03-13,daily_state,ndc_balance,232.89,285.72,178.21,69.09,0.0357,index,simulated,Synthetic Generator - Bottleneck,,Bottleneck at Phase 6 (Vaulting) - severe D-C imbalance
575,6,Logistics & Vaulting_Entity,USA,2025-03-13,daily_state,ndc_balance,419.55,179.13,87.14,31.79,0.0017,index,simulated,Synthetic Generator - Bottleneck,,Bottleneck at Phase 6 (Vaulting) - severe D-C imbalance
576,7,Exchange Registration_Entity,USA,2025-03-13,daily_state,ndc_balance,274.3,255.7,231.24,87.32,0.2808,index,simulated,Synthetic Generator - Bottleneck,,Bottleneck at Phase 6 (Vaulting) - severe D-C imbalance
577,0,Geological Prospecting_Entity,USA,2025-03-14,daily_state,ndc_balance,268.92,266.84,263.77,98.47,6.9858,index,simulated,Synthetic Generator - Bottleneck,,Bottleneck at Phase 6 (Vaulting) - severe D-C imbalance
578,1,Mine Extraction_Entity,USA,2025-03-14,daily_state,ndc_balance,237.38,232.55,225.59,96.01,3.0006,index,simulated,Synthetic Generator - Bottleneck,,Bottleneck at Phase 6 (Vaulting) - severe D-C imbalance
579,2,Ore Processing_Entity,USA,2025-03-14,daily_state,ndc_balance,265.38,226.82,183.46,74.78,0.0668,index,simulated,Synthetic Generator - Bottleneck,,Bottleneck at Phase 6 (Vaulting) - severe D-C imbalance
580,3,Doré Production_Entity,USA,2025-03-14,daily_state,ndc_balance,249.9,249.97,249.79,99.94,9.9949,index,simulated,Synthetic Generator - Bottleneck,,Bottleneck at Phase 6 (Vaulting) - severe D-C imbalance
581,4,Refining_Entity,USA,2025-03-14,daily_state,ndc_balance,265.7,195.56,134.44,58.98,0.0203,index,simulated,Synthetic Generator - Bottleneck,,Bottleneck at Phase 6 (Vaulting) - severe D-C imbalance
582,5,Bar Casting & Assay_Entity,USA,2025-03-14,daily_state,ndc_balance,276.2,227.01,175.37,70.04,0.0412,index,simulated,Synthetic Generator - Bottleneck,,Bottleneck at Phase 6 (Vaulting) - severe D-C imbalance
583,6,Logistics & Vaulting_Entity,USA,2025-03-14,daily_state,ndc_balance,434.15,191.65,94.39,32.72,0.0017,index,simulated,Synthetic Generator - Bottleneck,,Bottleneck at Phase 6 (Vaulting) - severe D-C imbalance
584,7,Exchange Registration_Entity,USA,2025-03-14,daily_state,ndc_balance,292.05,267.24,235.72,84.38,0.1599,index,simulated,Synthetic Generator - Bottleneck,,Bottleneck at Phase 6 (Vaulting) - severe D-C imbalance
585,0,Geological Prospecting_Entity,USA,2025-03-15,daily_state,ndc_balance,276.93,276.09,274.84,99.4,9.3414,index,simulated,Synthetic Generator - Bottleneck,,Bottleneck at Phase 6 (Vaulting) - severe D-C imbalance
586,1,Mine Extraction_Entity,USA,2025-03-15,daily_state,ndc_balance,255.83,240.8,220.7,88.92,0.4243,index,simulated,Synthetic Generator - Bottleneck,,Bottleneck at Phase 6 (Vaulting) - severe D-C imbalance
587,2,Ore Processing_Entity,USA,2025-03-15,daily_state,ndc_balance,267.46,258.3,245.45,93.38,1.0661,index,simulated,Synthetic Generator - Bottleneck,,Bottleneck at Phase 6 (Vaulting) - severe D-C imbalance
588,3,Doré Production_Entity,USA,2025-03-15,daily_state,ndc_balance,243.82,250.12,234.81,95.09,2.0115,index,simulated,Synthetic Generator - Bottleneck,,Bottleneck at Phase 6 (Vaulting) - severe D-C imbalance
589,4,Refining_Entity,USA,2025-03-15,daily_state,ndc_balance,249.3,218.65,182.58,78.2,0.1054,index,simulated,Synthetic Generator - Bottleneck,,Bottleneck at Phase 6 (Vaulting) - severe D-C imbalance
590,5,Bar Casting & Assay_Entity,USA,2025-03-15,daily_state,ndc_balance,288.57,233.73,177.59,68.38,0.0331,index,simulated,Synthetic Generator - Bottleneck,,Bottleneck at Phase 6 (Vaulting) - severe D-C imbalance
591,6,Logistics & Vaulting_Entity,USA,2025-03-15,daily_state,ndc_balance,460.97,155.62,71.2,26.58,0.0011,index,simulated,Synthetic Generator - Bottleneck,,Bottleneck at Phase 6 (Vaulting) - severe D-C imbalance
592,7,Exchange Registration_Entity,USA,2025-03-15,daily_state,ndc_balance,245.95,236.09,222.4,92.29,0.9325,index,simulated,Synthetic Generator - Bottleneck,,Bottleneck at Phase 6 (Vaulting) - severe D-C imbalance
593,0,Geological Prospecting_Entity,USA,2025-03-16,daily_state,ndc_balance,272.75,249.99,220.98,84.63,0.1894,index,simulated,Synthetic Generator - Bottleneck,,Bottleneck at Phase 6 (Vaulting) - severe D-C imbalance
594,1,Mine Extraction_Entity,USA,2025-03-16,daily_state,ndc_balance,256.21,211.82,164.74,70.71,0.0505,index,simulated,Synthetic Generator - Bottleneck,,Bottleneck at Phase 6 (Vaulting) - severe D-C imbalance
595,2,Ore Processing_Entity,USA,2025-03-16,daily_state,ndc_balance,226.86,248.06,199.95,84.29,0.2176,index,simulated,Synthetic Generator - Bottleneck,,Bottleneck at Phase 6 (Vaulting) - severe D-C imbalance
596,3,Doré Production_Entity,USA,2025-03-16,daily_state,ndc_balance,222.72,226.7,216.94,96.55,3.8637,index,simulated,Synthetic Generator - Bottleneck,,Bottleneck at Phase 6 (Vaulting) - severe D-C imbalance
597,4,Refining_Entity,USA,2025-03-16,daily_state,ndc_balance,260.02,215.44,167.98,70.97,0.0501,index,simulated,Synthetic Generator - Bottleneck,,Bottleneck at Phase 6 (Vaulting) - severe D-C imbalance
598,5,Bar Casting & Assay_Entity,USA,2025-03-16,daily_state,ndc_balance,295.59,262.51,222.7,79.95,0.0906,index,simulated,Synthetic Generator - Bottleneck,,Bottleneck at Phase 6 (Vaulting) - severe D-C imbalance
599,6,Logistics & Vaulting_Entity,USA,2025-03-16,daily_state,ndc_balance,388.57,166.01,80.78,31.81,0.002,index,simulated,Synthetic Generator - Bottleneck,,Bottleneck at Phase 6 (Vaulting) - severe D-C imbalance
600,7,Exchange Registration_Entity,USA,2025-03-16,daily_state,ndc_balance,208.46,217.65,195.75,91.9,1.0576,index,simulated,Synthetic Generator - Bottleneck,,Bottleneck at Phase 6 (Vaulting) - severe D-C imbalance
601,0,Geological Prospecting_Entity,USA,2025-03-17,daily_state,ndc_balance,265.33,229.65,188.64,76.42,0.078,index,simulated,Synthetic Generator - Bottleneck,,Bottleneck at Phase 6 (Vaulting) - severe D-C imbalance
602,1,Mine Extraction_Entity,USA,2025-03-17,daily_state,ndc_balance,259.22,201.94,147.07,64.28,0.0304,index,simulated,Synthetic Generator - Bottleneck,,Bottleneck at Phase 6 (Vaulting) - severe D-C imbalance
603,2,Ore Processing_Entity,USA,2025-03-17,daily_state,ndc_balance,265.96,226.12,181.75,74.11,0.0626,index,simulated,Synthetic Generator - Bottleneck,,Bottleneck at Phase 6 (Vaulting) - severe D-C imbalance
604,3,Doré Production_Entity,USA,2025-03-17,daily_state,ndc_balance,250.24,237.68,220.58,90.45,0.5956,index,simulated,Synthetic Generator - Bottleneck,,Bottleneck at Phase 6 (Vaulting) - severe D-C imbalance
605,4,Refining_Entity,USA,2025-03-17,daily_state,ndc_balance,224.57,211.17,193.28,88.75,0.5278,index,simulated,Synthetic Generator - Bottleneck,,Bottleneck at Phase 6 (Vaulting) - severe D-C imbalance
606,5,Bar Casting & Assay_Entity,USA,2025-03-17,daily_state,ndc_balance,283.43,241.53,194.68,74.41,0.0567,index,simulated,Synthetic Generator - Bottleneck,,Bottleneck at Phase 6 (Vaulting) - severe D-C imbalance
607,6,Logistics & Vaulting_Entity,USA,2025-03-17,daily_state,ndc_balance,441.0,184.87,89.37,31.3,0.0015,index,simulated,Synthetic Generator - Bottleneck,,Bottleneck at Phase 6 (Vaulting) - severe D-C imbalance
608,7,Exchange Registration_Entity,USA,2025-03-17,daily_state,ndc_balance,254.05,196.05,141.37,63.34,0.0296,index,simulated,Synthetic Generator - Bottleneck,,Bottleneck at Phase 6 (Vaulting) - severe D-C imbalance
609,0,Geological Prospecting_Entity,USA,2025-03-18,daily_state,ndc_balance,244.59,239.32,231.72,95.78,2.642,index,simulated,Synthetic Generator - Bottleneck,,Bottleneck at Phase 6 (Vaulting) - severe D-C imbalance
610,1,Mine Extraction_Entity,USA,2025-03-18,daily_state,ndc_balance,289.06,257.17,218.67,80.2,0.0974,index,simulated,Synthetic Generator - Bottleneck,,Bottleneck at Phase 6 (Vaulting) - severe D-C imbalance
611,2,Ore Processing_Entity,USA,2025-03-18,daily_state,ndc_balance,280.72,254.94,222.63,83.22,0.1482,index,simulated,Synthetic Generator - Bottleneck,,Bottleneck at Phase 6 (Vaulting) - severe D-C imbalance
612,3,Doré Production_Entity,USA,2025-03-18,daily_state,ndc_balance,235.77,242.93,225.64,94.28,1.6345,index,simulated,Synthetic Generator - Bottleneck,,Bottleneck at Phase 6 (Vaulting) - severe D-C imbalance
613,4,Refining_Entity,USA,2025-03-18,daily_state,ndc_balance,254.72,216.52,173.99,74.08,0.0681,index,simulated,Synthetic Generator - Bottleneck,,Bottleneck at Phase 6 (Vaulting) - severe D-C imbalance
614,5,Bar Casting & Assay_Entity,USA,2025-03-18,daily_state,ndc_balance,256.83,226.14,189.77,78.74,0.1051,index,simulated,Synthetic Generator - Bottleneck,,Bottleneck at Phase 6 (Vaulting) - severe D-C imbalance
615,6,Logistics & Vaulting_Entity,USA,2025-03-18,daily_state,ndc_balance,452.11,148.79,67.79,26.14,0.0011,index,simulated,Synthetic Generator - Bottleneck,,Bottleneck at Phase 6 (Vaulting) - severe D-C imbalance
616,7,Exchange Registration_Entity,USA,2025-03-18,daily_state,ndc_balance,272.31,217.78,163.16,67.0,0.0335,index,simulated,Synthetic Generator - Bottleneck,,Bottleneck at Phase 6 (Vaulting) - severe D-C imbalance
617,0,Geological Prospecting_Entity,USA,2025-03-19,daily_state,ndc_balance,222.56,269.5,172.87,70.59,0.0452,index,simulated,Synthetic Generator - Bottleneck,,Bottleneck at Phase 6 (Vaulting) - severe D-C imbalance
618,1,Mine Extraction_Entity,USA,2025-03-19,daily_state,ndc_balance,264.64,271.36,255.02,95.16,1.8108,index,simulated,Synthetic Generator - Bottleneck,,Bottleneck at Phase 6 (Vaulting) - severe D-C imbalance
619,2,Ore Processing_Entity,USA,2025-03-19,daily_state,ndc_balance,266.01,291.5,233.8,83.96,0.1517,index,simulated,Synthetic Generator - Bottleneck,,Bottleneck at Phase 6 (Vaulting) - severe D-C imbalance
620,3,Doré Production_Entity,USA,2025-03-19,daily_state,ndc_balance,261.17,236.09,204.91,82.52,0.1564,index,simulated,Synthetic Generator - Bottleneck,,Bottleneck at Phase 6 (Vaulting) - severe D-C imbalance
621,4,Refining_Entity,USA,2025-03-19,daily_state,ndc_balance,256.86,271.09,237.58,90.04,0.4707,index,simulated,Synthetic Generator - Bottleneck,,Bottleneck at Phase 6 (Vaulting) - severe D-C imbalance
622,5,Bar Casting & Assay_Entity,USA,2025-03-19,daily_state,ndc_balance,249.24,214.81,175.53,75.86,0.0837,index,simulated,Synthetic Generator - Bottleneck,,Bottleneck at Phase 6 (Vaulting) - severe D-C imbalance
623,6,Logistics & Vaulting_Entity,USA,2025-03-19,daily_state,ndc_balance,413.82,148.43,68.73,27.73,0.0014,index,simulated,Synthetic Generator - Bottleneck,,Bottleneck at Phase 6 (Vaulting) - severe D-C imbalance
624,7,Exchange Registration_Entity,USA,2025-03-19,daily_state,ndc_balance,247.99,196.03,145.01,65.77,0.0369,index,simulated,Synthetic Generator - Bottleneck,,Bottleneck at Phase 6 (Vaulting) - severe D-C imbalance
625,0,Geological Prospecting_Entity,USA,2025-03-20,daily_state,ndc_balance,251.06,261.63,236.4,92.24,0.8214,index,simulated,Synthetic Generator - Bottleneck,,Bottleneck at Phase 6 (Vaulting) - severe D-C imbalance
626,1,Mine Extraction_Entity,USA,2025-03-20,daily_state,ndc_balance,240.46,281.93,194.02,74.52,0.0578,index,simulated,Synthetic Generator - Bottleneck,,Bottleneck at Phase 6 (Vaulting) - severe D-C imbalance
627,2,Ore Processing_Entity,USA,2025-03-20,daily_state,ndc_balance,220.79,269.78,169.73,69.55,0.0415,index,simulated,Synthetic Generator - Bottleneck,,Bottleneck at Phase 6 (Vaulting) - severe D-C imbalance
628,3,Doré Production_Entity,USA,2025-03-20,daily_state,ndc_balance,263.5,197.1,137.67,60.41,0.0226,index,simulated,Synthetic Generator - Bottleneck,,Bottleneck at Phase 6 (Vaulting) - severe D-C imbalance
629,4,Refining_Entity,USA,2025-03-20,daily_state,ndc_balance,304.22,238.41,174.72,64.88,0.023,index,simulated,Synthetic Generator - Bottleneck,,Bottleneck at Phase 6 (Vaulting) - severe D-C imbalance
630,5,Bar Casting & Assay_Entity,USA,2025-03-20,daily_state,ndc_balance,247.43,195.84,145.06,65.9,0.0374,index,simulated,Synthetic Generator - Bottleneck,,Bottleneck at Phase 6 (Vaulting) - severe D-C imbalance
631,6,Logistics & Vaulting_Entity,USA,2025-03-20,daily_state,ndc_balance,415.6,178.09,86.75,31.89,0.0018,index,simulated,Synthetic Generator - Bottleneck,,Bottleneck at Phase 6 (Vaulting) - severe D-C imbalance
632,7,Exchange Registration_Entity,USA,2025-03-20,daily_state,ndc_balance,244.38,237.67,228.11,94.65,1.8143,index,simulated,Synthetic Generator - Bottleneck,,Bottleneck at Phase 6 (Vaulting) - severe D-C imbalance
633,0,Geological Prospecting_Entity,USA,2025-03-21,daily_state,ndc_balance,262.66,230.31,192.25,78.16,0.0946,index,simulated,Synthetic Generator - Bottleneck,,Bottleneck at Phase 6 (Vaulting) - severe D-C imbalance
634,1,Mine Extraction_Entity,USA,2025-03-21,daily_state,ndc_balance,211.3,236.27,180.87,80.95,0.1579,index,simulated,Synthetic Generator - Bottleneck,,Bottleneck at Phase 6 (Vaulting) - severe D-C imbalance
635,2,Ore Processing_Entity,USA,2025-03-21,daily_state,ndc_balance,202.65,248.84,154.92,68.99,0.0466,index,simulated,Synthetic Generator - Bottleneck,,Bottleneck at Phase 6 (Vaulting) - severe D-C imbalance
636,3,Doré Production_Entity,USA,2025-03-21,daily_state,ndc_balance,230.41,244.08,212.02,89.4,0.508,index,simulated,Synthetic Generator - Bottleneck,,Bottleneck at Phase 6 (Vaulting) - severe D-C imbalance
637,4,Refining_Entity,USA,2025-03-21,daily_state,ndc_balance,276.28,216.28,158.33,64.77,0.0277,index,simulated,Synthetic Generator - Bottleneck,,Bottleneck at Phase 6 (Vaulting) - severe D-C imbalance
638,5,Bar Casting & Assay_Entity,USA,2025-03-21,daily_state,ndc_balance,286.21,220.17,158.24,63.04,0.0229,index,simulated,Synthetic Generator - Bottleneck,,Bottleneck at Phase 6 (Vaulting) - severe D-C imbalance
639,6,Logistics & Vaulting_Entity,USA,2025-03-21,daily_state,ndc_balance,455.06,174.52,82.13,29.14,0.0013,index,simulated,Synthetic Generator - Bottleneck,,Bottleneck at Phase 6 (Vaulting) - severe D-C imbalance
640,7,Exchange Registration_Entity,USA,2025-03-21,daily_state,ndc_balance,222.75,264.14,177.3,73.09,0.058,index,simulated,Synthetic Generator - Bottleneck,,Bottleneck at Phase 6 (Vaulting) - severe D-C imbalance
641,0,Geological Prospecting_Entity,USA,2025-03-22,daily_state,ndc_balance,241.28,218.96,191.03,83.11,0.1968,index,simulated,Synthetic Generator - Bottleneck,,Bottleneck at Phase 6 (Vaulting) - severe D-C imbalance
642,1,Mine Extraction_Entity,USA,2025-03-22,daily_state,ndc_balance,240.44,238.88,236.58,98.71,8.046,index,simulated,Synthetic Generator - Bottleneck,,Bottleneck at Phase 6 (Vaulting) - severe D-C imbalance
643,2,Ore Processing_Entity,USA,2025-03-22,daily_state,ndc_balance,276.84,191.65,124.47,54.04,0.0138,index,simulated,Synthetic Generator - Bottleneck,,Bottleneck at Phase 6 (Vaulting) - severe D-C imbalance
644,3,Doré Production_Entity,USA,2025-03-22,daily_state,ndc_balance,250.46,255.62,243.02,96.04,2.7296,index,simulated,Synthetic Generator - Bottleneck,,Bottleneck at Phase 6 (Vaulting) - severe D-C imbalance
645,4,Refining_Entity,USA,2025-03-22,daily_state,ndc_balance,253.87,272.75,229.12,87.07,0.273,index,simulated,Synthetic Generator - Bottleneck,,Bottleneck at Phase 6 (Vaulting) - severe D-C imbalance
646,5,Bar Casting & Assay_Entity,USA,2025-03-22,daily_state,ndc_balance,263.35,226.48,184.58,75.58,0.073,index,simulated,Synthetic Generator - Bottleneck,,Bottleneck at Phase 6 (Vaulting) - severe D-C imbalance
647,6,Logistics & Vaulting_Entity,USA,2025-03-22,daily_state,ndc_balance,431.85,181.49,87.81,31.37,0.0016,index,simulated,Synthetic Generator - Bottleneck,,Bottleneck at Phase 6 (Vaulting) - severe D-C imbalance
648,7,Exchange Registration_Entity,USA,2025-03-22,daily_state,ndc_balance,229.14,261.61,191.01,78.02,0.0939,index,simulated,Synthetic Generator - Bottleneck,,Bottleneck at Phase 6 (Vaulting) - severe D-C imbalance
649,0,Geological Prospecting_Entity,USA,2025-03-23,daily_state,ndc_balance,236.95,224.72,208.12,90.19,0.6268,index,simulated,Synthetic Generator - Bottleneck,,Bottleneck at Phase 6 (Vaulting) - severe D-C imbalance
650,1,Mine Extraction_Entity,USA,2025-03-23,daily_state,ndc_balance,239.44,273.83,199.19,77.79,0.0839,index,simulated,Synthetic Generator - Bottleneck,,Bottleneck at Phase 6 (Vaulting) - severe D-C imbalance
651,2,Ore Processing_Entity,USA,2025-03-23,daily_state,ndc_balance,185.58,249.89,128.71,59.77,0.0241,index,simulated,Synthetic Generator - Bottleneck,,Bottleneck at Phase 6 (Vaulting) - severe D-C imbalance
652,3,Doré Production_Entity,USA,2025-03-23,daily_state,ndc_balance,250.69,197.98,146.3,65.67,0.0359,index,simulated,Synthetic Generator - Bottleneck,,Bottleneck at Phase 6 (Vaulting) - severe D-C imbalance
653,4,Refining_Entity,USA,2025-03-23,daily_state,ndc_balance,256.19,251.89,245.65,96.7,3.5092,index,simulated,Synthetic Generator - Bottleneck,,Bottleneck at Phase 6 (Vaulting) - severe D-C imbalance
654,5,Bar Casting & Assay_Entity,USA,2025-03-23,daily_state,ndc_balance,276.34,164.98,95.37,44.66,0.0081,index,simulated,Synthetic Generator - Bottleneck,,Bottleneck at Phase 6 (Vaulting) - severe D-C imbalance
655,6,Logistics & Vaulting_Entity,USA,2025-03-23,daily_state,ndc_balance,447.33,168.93,79.18,28.8,0.0013,index,simulated,Synthetic Generator - Bottleneck,,Bottleneck at Phase 6 (Vaulting) - severe D-C imbalance
656,7,Exchange Registration_Entity,USA,2025-03-23,daily_state,ndc_balance,248.27,268.84,221.69,85.81,0.2309,index,simulated,Synthetic Generator - Bottleneck,,Bottleneck at Phase 6 (Vaulting) - severe D-C imbalance
657,0,Geological Prospecting_Entity,USA,2025-03-24,daily_state,ndc_balance,232.47,256.51,202.45,82.9,0.17,index,simulated,Synthetic Generator - Bottleneck,,Bottleneck at Phase 6 (Vaulting) - severe D-C imbalance
658,1,Mine Extraction_Entity,USA,2025-03-24,daily_state,ndc_balance,242.29,188.22,136.66,64.0,0.0341,index,simulated,Synthetic Generator - Bottleneck,,Bottleneck at Phase 6 (Vaulting) - severe D-C imbalance
659,2,Ore Processing_Entity,USA,2025-03-24,daily_state,ndc_balance,273.35,220.62,166.97,67.99,0.0358,index,simulated,Synthetic Generator - Bottleneck,,Bottleneck at Phase 6 (Vaulting) - severe D-C imbalance
660,3,Doré Production_Entity,USA,2025-03-24,daily_state,ndc_balance,232.91,229.92,225.55,97.47,5.2852,index,simulated,Synthetic Generator - Bottleneck,,Bottleneck at Phase 6 (Vaulting) - severe D-C imbalance
661,4,Refining_Entity,USA,2025-03-24,daily_state,ndc_balance,255.44,238.57,216.31,87.62,0.3392,index,simulated,Synthetic Generator - Bottleneck,,Bottleneck at Phase 6 (Vaulting) - severe D-C imbalance
662,5,Bar Casting & Assay_Entity,USA,2025-03-24,daily_state,ndc_balance,275.07,198.05,133.32,57.12,0.0168,index,simulated,Synthetic Generator - Bottleneck,,Bottleneck at Phase 6 (Vaulting) - severe D-C imbalance
663,6,Logistics & Vaulting_Entity,USA,2025-03-24,daily_state,ndc_balance,405.15,178.26,87.68,32.63,0.0019,index,simulated,Synthetic Generator - Bottleneck,,Bottleneck at Phase 6 (Vaulting) - severe D-C imbalance
664,7,Exchange Registration_Entity,USA,2025-03-24,daily_state,ndc_balance,270.32,248.91,221.39,85.35,0.2134,index,simulated,Synthetic Generator - Bottleneck,,Bottleneck at Phase 6 (Vaulting) - severe D-C imbalance
665,0,Geological Prospecting_Entity,USA,2025-03-25,daily_state,ndc_balance,271.7,240.96,204.06,79.75,0.1047,index,simulated,Synthetic Generator - Bottleneck,,Bottleneck at Phase 6 (Vaulting) - severe D-C imbalance
666,1,Mine Extraction_Entity,USA,2025-03-25,daily_state,ndc_balance,240.33,233.83,224.58,94.74,1.9163,index,simulated,Synthetic Generator - Bottleneck,,Bottleneck at Phase 6 (Vaulting) - severe D-C imbalance
667,2,Ore Processing_Entity,USA,2025-03-25,daily_state,ndc_balance,246.63,255.09,234.73,93.58,1.226,index,simulated,Synthetic Generator - Bottleneck,,Bottleneck at Phase 6 (Vaulting) - severe D-C imbalance
668,3,Doré Production_Entity,USA,2025-03-25,daily_state,ndc_balance,277.49,248.99,214.05,81.43,0.1216,index,simulated,Synthetic Generator - Bottleneck,,Bottleneck at Phase 6 (Vaulting) - severe D-C imbalance
669,4,Refining_Entity,USA,2025-03-25,daily_state,ndc_balance,273.74,215.88,159.29,65.52,0.0298,index,simulated,Synthetic Generator - Bottleneck,,Bottleneck at Phase 6 (Vaulting) - severe D-C imbalance
670,5,Bar Casting & Assay_Entity,USA,2025-03-25,daily_state,ndc_balance,255.24,213.77,168.79,72.26,0.0578,index,simulated,Synthetic Generator - Bottleneck,,Bottleneck at Phase 6 (Vaulting) - severe D-C imbalance
671,6,Logistics & Vaulting_Entity,USA,2025-03-25,daily_state,ndc_balance,426.29,174.62,83.77,30.7,0.0016,index,simulated,Synthetic Generator - Bottleneck,,Bottleneck at Phase 6 (Vaulting) - severe D-C imbalance
672,7,Exchange Registration_Entity,USA,2025-03-25,daily_state,ndc_balance,245.07,229.74,209.38,88.24,0.4082,index,simulated,Synthetic Generator - Bottleneck,,Bottleneck at Phase 6 (Vaulting) - severe D-C imbalance
673,0,Geological Prospecting_Entity,USA,2025-03-26,daily_state,ndc_balance,250.86,257.17,241.83,95.21,2.007,index,simulated,Synthetic Generator - Bottleneck,,Bottleneck at Phase 6 (Vaulting) - severe D-C imbalance
674,1,Mine Extraction_Entity,USA,2025-03-26,daily_state,ndc_balance,208.69,293.04,139.06,56.23,0.014,index,simulated,Synthetic Generator - Bottleneck,,Bottleneck at Phase 6 (Vaulting) - severe D-C imbalance
675,2,Ore Processing_Entity,USA,2025-03-26,daily_state,ndc_balance,244.34,189.37,137.17,63.77,0.033,index,simulated,Synthetic Generator - Bottleneck,,Bottleneck at Phase 6 (Vaulting) - severe D-C imbalance
676,3,Doré Production_Entity,USA,2025-03-26,daily_state,ndc_balance,253.16,240.84,224.01,90.72,0.6176,index,simulated,Synthetic Generator - Bottleneck,,Bottleneck at Phase 6 (Vaulting) - severe D-C imbalance
677,4,Refining_Entity,USA,2025-03-26,daily_state,ndc_balance,248.36,264.78,226.53,88.34,0.3577,index,simulated,Synthetic Generator - Bottleneck,,Bottleneck at Phase 6 (Vaulting) - severe D-C imbalance
678,5,Bar Casting & Assay_Entity,USA,2025-03-26,daily_state,ndc_balance,277.77,239.76,196.27,76.06,0.0687,index,simulated,Synthetic Generator - Bottleneck,,Bottleneck at Phase 6 (Vaulting) - severe D-C imbalance
679,6,Logistics & Vaulting_Entity,USA,2025-03-26,daily_state,ndc_balance,429.0,178.43,86.03,31.09,0.0016,index,simulated,Synthetic Generator - Bottleneck,,Bottleneck at Phase 6 (Vaulting) - severe D-C imbalance
680,7,Exchange Registration_Entity,USA,2025-03-26,daily_state,ndc_balance,264.4,217.1,167.52,69.92,0.0445,index,simulated,Synthetic Generator - Bottleneck,,Bottleneck at Phase 6 (Vaulting) - severe D-C imbalance
681,0,Geological Prospecting_Entity,USA,2025-03-27,daily_state,ndc_balance,252.79,241.63,226.25,91.54,0.7423,index,simulated,Synthetic Generator - Bottleneck,,Bottleneck at Phase 6 (Vaulting) - severe D-C imbalance
682,1,Mine Extraction_Entity,USA,2025-03-27,daily_state,ndc_balance,266.27,218.9,169.15,70.06,0.0444,index,simulated,Synthetic Generator - Bottleneck,,Bottleneck at Phase 6 (Vaulting) - severe D-C imbalance
683,2,Ore Processing_Entity,USA,2025-03-27,daily_state,ndc_balance,215.13,243.92,180.9,78.97,0.1192,index,simulated,Synthetic Generator - Bottleneck,,Bottleneck at Phase 6 (Vaulting) - severe D-C imbalance
684,3,Doré Production_Entity,USA,2025-03-27,daily_state,ndc_balance,255.62,277.24,227.78,85.56,0.2095,index,simulated,Synthetic Generator - Bottleneck,,Bottleneck at Phase 6 (Vaulting) - severe D-C imbalance
685,4,Refining_Entity,USA,2025-03-27,daily_state,ndc_balance,224.59,268.87,176.78,71.94,0.0508,index,simulated,Synthetic Generator - Bottleneck,,Bottleneck at Phase 6 (Vaulting) - severe D-C imbalance
686,5,Bar Casting & Assay_Entity,USA,2025-03-27,daily_state,ndc_balance,309.33,223.37,150.78,57.36,0.0135,index,simulated,Synthetic Generator - Bottleneck,,Bottleneck at Phase 6 (Vaulting) - severe D-C imbalance
687,6,Logistics & Vaulting_Entity,USA,2025-03-27,daily_state,ndc_balance,394.18,173.9,85.62,32.7,0.0021,index,simulated,Synthetic Generator - Bottleneck,,Bottleneck at Phase 6 (Vaulting) - severe D-C imbalance
688,7,Exchange Registration_Entity,USA,2025-03-27,daily_state,ndc_balance,227.91,269.01,182.41,73.67,0.0589,index,simulated,Synthetic Generator - Bottleneck,,Bottleneck at Phase 6 (Vaulting) - severe D-C imbalance
689,0,Geological Prospecting_Entity,USA,2025-03-28,daily_state,ndc_balance,238.17,278.88,192.47,74.68,0.06,index,simulated,Synthetic Generator - Bottleneck,,Bottleneck at Phase 6 (Vaulting) - severe D-C imbalance
690,1,Mine Extraction_Entity,USA,2025-03-28,daily_state,ndc_balance,227.71,196.52,160.85,76.04,0.1018,index,simulated,Synthetic Generator - Bottleneck,,Bottleneck at Phase 6 (Vaulting) - severe D-C imbalance
691,2,Ore Processing_Entity,USA,2025-03-28,daily_state,ndc_balance,272.13,183.13,116.07,51.99,0.0126,index,simulated,Synthetic Generator - Bottleneck,,Bottleneck at Phase 6 (Vaulting) - severe D-C imbalance
692,3,Doré Production_Entity,USA,2025-03-28,daily_state,ndc_balance,245.92,317.94,177.75,63.57,0.0192,index,simulated,Synthetic Generator - Bottleneck,,Bottleneck at Phase 6 (Vaulting) - severe D-C imbalance
693,4,Refining_Entity,USA,2025-03-28,daily_state,ndc_balance,249.76,211.98,170.03,73.9,0.0696,index,simulated,Synthetic Generator - Bottleneck,,Bottleneck at Phase 6 (Vaulting) - severe D-C imbalance
694,5,Bar Casting & Assay_Entity,USA,2025-03-28,daily_state,ndc_balance,259.87,232.12,198.38,80.77,0.1282,index,simulated,Synthetic Generator - Bottleneck,,Bottleneck at Phase 6 (Vaulting) - severe D-C imbalance
695,6,Logistics & Vaulting_Entity,USA,2025-03-28,daily_state,ndc_balance,423.21,189.93,94.15,33.21,0.0018,index,simulated,Synthetic Generator - Bottleneck,,Bottleneck at Phase 6 (Vaulting) - severe D-C imbalance
696,7,Exchange Registration_Entity,USA,2025-03-28,daily_state,ndc_balance,205.94,297.71,133.66,53.98,0.0119,index,simulated,Synthetic Generator - Bottleneck,,Bottleneck at Phase 6 (Vaulting) - severe D-C imbalance
697,0,Geological Prospecting_Entity,USA,2025-03-29,daily_state,ndc_balance,254.9,258.17,250.12,97.5,4.8363,index,simulated,Synthetic Generator - Bottleneck,,Bottleneck at Phase 6 (Vaulting) - severe D-C imbalance
698,1,Mine Extraction_Entity,USA,2025-03-29,daily_state,ndc_balance,237.44,272.16,196.96,77.48,0.0823,index,simulated,Synthetic Generator - Bottleneck,,Bottleneck at Phase 6 (Vaulting) - severe D-C imbalance
699,2,Ore Processing_Entity,USA,2025-03-29,daily_state,ndc_balance,244.86,246.94,241.79,98.33,6.9804,index,simulated,Synthetic Generator - Bottleneck,,Bottleneck at Phase 6 (Vaulting) - severe D-C imbalance
700,3,Doré Production_Entity,USA,2025-03-29,daily_state,ndc_balance,231.34,215.08,193.81,86.89,0.3644,index,simulated,Synthetic Generator - Bottleneck,,Bottleneck at Phase 6 (Vaulting) - severe D-C imbalance
701,4,Refining_Entity,USA,2025-03-29,daily_state,ndc_balance,263.76,228.91,188.65,76.78,0.0816,index,simulated,Synthetic Generator - Bottleneck,,Bottleneck at Phase 6 (Vaulting) - severe D-C imbalance
702,5,Bar Casting & Assay_Entity,USA,2025-03-29,daily_state,ndc_balance,242.87,217.95,187.4,81.45,0.1585,index,simulated,Synthetic Generator - Bottleneck,,Bottleneck at Phase 6 (Vaulting) - severe D-C imbalance
703,6,Logistics & Vaulting_Entity,USA,2025-03-29,daily_state,ndc_balance,433.98,170.56,80.81,29.7,0.0014,index,simulated,Synthetic Generator - Bottleneck,,Bottleneck at Phase 6 (Vaulting) - severe D-C imbalance
704,7,Exchange Registration_Entity,USA,2025-03-29,daily_state,ndc_balance,223.82,256.26,185.93,77.63,0.0941,index,simulated,Synthetic Generator - Bottleneck,,Bottleneck at Phase 6 (Vaulting) - severe D-C imbalance
705,0,Geological Prospecting_Entity,USA,2025-03-30,daily_state,ndc_balance,211.65,203.22,191.51,92.34,1.2333,index,simulated,Synthetic Generator - Bottleneck,,Bottleneck at Phase 6 (Vaulting) - severe D-C imbalance
706,1,Mine Extraction_Entity,USA,2025-03-30,daily_state,ndc_balance,256.73,221.57,181.37,76.05,0.0803,index,simulated,Synthetic Generator - Bottleneck,,Bottleneck at Phase 6 (Vaulting) - severe D-C imbalance
707,2,Ore Processing_Entity,USA,2025-03-30,daily_state,ndc_balance,271.13,264.17,254.23,94.99,1.7094,index,simulated,Synthetic Generator - Bottleneck,,Bottleneck at Phase 6 (Vaulting) - severe D-C imbalance
708,3,Doré Production_Entity,USA,2025-03-30,daily_state,ndc_balance,264.38,285.49,236.97,86.25,0.2195,index,simulated,Synthetic Generator - Bottleneck,,Bottleneck at Phase 6 (Vaulting) - severe D-C imbalance
709,4,Refining_Entity,USA,2025-03-30,daily_state,ndc_balance,248.34,256.22,237.19,94.03,1.3859,index,simulated,Synthetic Generator - Bottleneck,,Bottleneck at Phase 6 (Vaulting) - severe D-C imbalance
710,5,Bar Casting & Assay_Entity,USA,2025-03-30,daily_state,ndc_balance,247.09,296.04,194.29,71.84,0.0415,index,simulated,Synthetic Generator - Bottleneck,,Bottleneck at Phase 6 (Vaulting) - severe D-C imbalance
711,6,Logistics & Vaulting_Entity,USA,2025-03-30,daily_state,ndc_balance,459.67,180.18,85.3,29.64,0.0013,index,simulated,Synthetic Generator - Bottleneck,,Bottleneck at Phase 6 (Vaulting) - severe D-C imbalance
712,7,Exchange Registration_Entity,USA,2025-03-30,daily_state,ndc_balance,233.73,289.98,176.63,67.84,0.0315,index,simulated,Synthetic Generator - Bottleneck,,Bottleneck at Phase 6 (Vaulting) - severe D-C imbalance
713,0,Geological Prospecting_Entity,USA,2025-03-31,daily_state,ndc_balance,247.06,223.58,194.35,82.69,0.1783,index,simulated,Synthetic Generator - Bottleneck,,Bottleneck at Phase 6 (Vaulting) - severe D-C imbalance
714,1,Mine Extraction_Entity,USA,2025-03-31,daily_state,ndc_balance,267.48,241.96,210.21,82.63,0.1512,index,simulated,Synthetic Generator - Bottleneck,,Bottleneck at Phase 6 (Vaulting) - severe D-C imbalance
715,2,Ore Processing_Entity,USA,2025-03-31,daily_state,ndc_balance,253.66,219.14,179.6,76.17,0.0832,index,simulated,Synthetic Generator - Bottleneck,,Bottleneck at Phase 6 (Vaulting) - severe D-C imbalance
716,3,Doré Production_Entity,USA,2025-03-31,daily_state,ndc_balance,215.65,245.9,180.04,78.19,0.1081,index,simulated,Synthetic Generator - Bottleneck,,Bottleneck at Phase 6 (Vaulting) - severe D-C imbalance
717,4,Refining_Entity,USA,2025-03-31,daily_state,ndc_balance,268.1,234.35,194.88,77.75,0.0871,index,simulated,Synthetic Generator - Bottleneck,,Bottleneck at Phase 6 (Vaulting) - severe D-C imbalance
718,5,Bar Casting & Assay_Entity,USA,2025-03-31,daily_state,ndc_balance,286.24,217.89,154.91,62.03,0.0214,index,simulated,Synthetic Generator - Bottleneck,,Bottleneck at Phase 6 (Vaulting) - severe D-C imbalance
719,6,Logistics & Vaulting_Entity,USA,2025-03-31,daily_state,ndc_balance,398.91,178.99,88.72,33.2,0.0021,index,simulated,Synthetic Generator - Bottleneck,,Bottleneck at Phase 6 (Vaulting) - severe D-C imbalance
720,7,Exchange Registration_Entity,USA,2025-03-31,daily_state,ndc_balance,224.55,275.12,172.09,69.24,0.039,index,simulated,Synthetic Generator - Bottleneck,,Bottleneck at Phase 6 (Vaulting) - severe D-C imbalance
721,0,Geological Prospecting_Entity,USA,2025-04-01,daily_state,ndc_balance,234.5,274.2,189.82,74.86,0.063,index,simulated,Synthetic Generator - Bottleneck,,Bottleneck at Phase 6 (Vaulting) - severe D-C imbalance
722,1,Mine Extraction_Entity,USA,2025-04-01,daily_state,ndc_balance,289.34,239.02,185.73,70.62,0.0393,index,simulated,Synthetic Generator - Bottleneck,,Bottleneck at Phase 6 (Vaulting) - severe D-C imbalance
723,2,Ore Processing_Entity,USA,2025-04-01,daily_state,ndc_balance,274.99,213.59,155.06,63.98,0.0264,index,simulated,Synthetic Generator - Bottleneck,,Bottleneck at Phase 6 (Vaulting) - severe D-C imbalance
724,3,Doré Production_Entity,USA,2025-04-01,daily_state,ndc_balance,271.5,266.18,258.49,96.16,2.609,index,simulated,Synthetic Generator - Bottleneck,,Bottleneck at Phase 6 (Vaulting) - severe D-C imbalance
725,4,Refining_Entity,USA,2025-04-01,daily_state,ndc_balance,267.27,239.61,205.75,81.3,0.129,index,simulated,Synthetic Generator - Bottleneck,,Bottleneck at Phase 6 (Vaulting) - severe D-C imbalance
726,5,Bar Casting & Assay_Entity,USA,2025-04-01,daily_state,ndc_balance,197.1,220.25,168.85,81.04,0.1832,index,simulated,Synthetic Generator - Bottleneck,,Bottleneck at Phase 6 (Vaulting) - severe D-C imbalance
727,6,Logistics & Vaulting_Entity,USA,2025-04-01,daily_state,ndc_balance,407.48,165.33,79.08,30.47,0.0017,index,simulated,Synthetic Generator - Bottleneck,,Bottleneck at Phase 6 (Vaulting) - severe D-C imbalance
728,7,Exchange Registration_Entity,USA,2025-04-01,daily_state,ndc_balance,229.22,245.01,208.32,87.9,0.3855,index,simulated,Synthetic Generator - Bottleneck,,Bottleneck at Phase 6 (Vaulting) - severe D-C imbalance
729,0,Geological Prospecting_Entity,USA,2025-04-02,daily_state,ndc_balance,233.51,213.53,188.18,84.27,0.2444,index,simulated,Synthetic Generator - Bottleneck,,Bottleneck at Phase 6 (Vaulting) - severe D-C imbalance
730,1,Mine Extraction_Entity,USA,2025-04-02,daily_state,ndc_balance,235.69,268.04,197.44,78.56,0.0947,index,simulated,Synthetic Generator - Bottleneck,,Bottleneck at Phase 6 (Vaulting) - severe D-C imbalance
731,2,Ore Processing_Entity,USA,2025-04-02,daily_state,ndc_balance,236.78,227.13,213.74,92.17,0.9692,index,simulated,Synthetic Generator - Bottleneck,,Bottleneck at Phase 6 (Vaulting) - severe D-C imbalance
732,3,Doré Production_Entity,USA,2025-04-02,daily_state,ndc_balance,240.87,248.47,230.11,94.06,1.4729,index,simulated,Synthetic Generator - Bottleneck,,Bottleneck at Phase 6 (Vaulting) - severe D-C imbalance
733,4,Refining_Entity,USA,2025-04-02,daily_state,ndc_balance,259.12,163.88,98.8,47.95,0.011,index,simulated,Synthetic Generator - Bottleneck,,Bottleneck at Phase 6 (Vaulting) - severe D-C imbalance
734,5,Bar Casting & Assay_Entity,USA,2025-04-02,daily_state,ndc_balance,275.22,273.04,269.81,98.43,6.7748,index,simulated,Synthetic Generator - Bottleneck,,Bottleneck at Phase 6 (Vaulting) - severe D-C imbalance
735,6,Logistics & Vaulting_Entity,USA,2025-04-02,daily_state,ndc_balance,399.0,165.42,79.67,31.01,0.0018,index,simulated,Synthetic Generator - Bottleneck,,Bottleneck at Phase 6 (Vaulting) - severe D-C imbalance
736,7,Exchange Registration_Entity,USA,2025-04-02,daily_state,ndc_balance,218.7,235.96,196.25,86.39,0.3248,index,simulated,Synthetic Generator - Bottleneck,,Bottleneck at Phase 6 (Vaulting) - severe D-C imbalance
737,0,Geological Prospecting_Entity,USA,2025-04-03,daily_state,ndc_balance,254.48,191.34,134.34,60.88,0.025,index,simulated,Synthetic Generator - Bottleneck,,Bottleneck at Phase 6 (Vaulting) - severe D-C imbalance
738,1,Mine Extraction_Entity,USA,2025-04-03,daily_state,ndc_balance,227.64,278.48,174.77,69.41,0.0385,index,simulated,Synthetic Generator - Bottleneck,,Bottleneck at Phase 6 (Vaulting) - severe D-C imbalance
739,2,Ore Processing_Entity,USA,2025-04-03,daily_state,ndc_balance,231.44,271.09,186.95,74.64,0.0632,index,simulated,Synthetic Generator - Bottleneck,,Bottleneck at Phase 6 (Vaulting) - severe D-C imbalance
740,3,Doré Production_Entity,USA,2025-04-03,daily_state,ndc_balance,257.11,194.77,137.79,61.57,0.0257,index,simulated,Synthetic Generator - Bottleneck,,Bottleneck at Phase 6 (Vaulting) - severe D-C imbalance
741,4,Refining_Entity,USA,2025-04-03,daily_state,ndc_balance,262.71,237.06,205.29,82.26,0.1497,index,simulated,Synthetic Generator - Bottleneck,,Bottleneck at Phase 6 (Vaulting) - severe D-C imbalance
742,5,Bar Casting & Assay_Entity,USA,2025-04-03,daily_state,ndc_balance,244.23,244.12,243.94,99.9,9.9865,index,simulated,Synthetic Generator - Bottleneck,,Bottleneck at Phase 6 (Vaulting) - severe D-C imbalance
743,6,Logistics & Vaulting_Entity,USA,2025-04-03,daily_state,ndc_balance,429.49,190.61,94.07,32.88,0.0018,index,simulated,Synthetic Generator - Bottleneck,,Bottleneck at Phase 6 (Vaulting) - severe D-C imbalance
744,7,Exchange Registration_Entity,USA,2025-04-03,daily_state,ndc_balance,252.55,264.21,236.5,91.55,0.6855,index,simulated,Synthetic Generator - Bottleneck,,Bottleneck at Phase 6 (Vaulting) - severe D-C imbalance
745,0,Geological Prospecting_Entity,USA,2025-04-04,daily_state,ndc_balance,222.49,228.16,214.38,95.15,2.3716,index,simulated,Synthetic Generator - Bottleneck,,Bottleneck at Phase 6 (Vaulting) - severe D-C imbalance
746,1,Mine Extraction_Entity,USA,2025-04-04,daily_state,ndc_balance,308.86,258.11,203.27,71.99,0.0387,index,simulated,Synthetic Generator - Bottleneck,,Bottleneck at Phase 6 (Vaulting) - severe D-C imbalance
747,2,Ore Processing_Entity,USA,2025-04-04,daily_state,ndc_balance,297.39,274.89,245.76,85.96,0.1937,index,simulated,Synthetic Generator - Bottleneck,,Bottleneck at Phase 6 (Vaulting) - severe D-C imbalance
748,3,Doré Production_Entity,USA,2025-04-04,daily_state,ndc_balance,254.84,247.54,237.17,94.43,1.5797,index,simulated,Synthetic Generator - Bottleneck,,Bottleneck at Phase 6 (Vaulting) - severe D-C imbalance
749,4,Refining_Entity,USA,2025-04-04,daily_state,ndc_balance,249.27,196.55,145.01,65.51,0.0359,index,simulated,Synthetic Generator - Bottleneck,,Bottleneck at Phase 6 (Vaulting) - severe D-C imbalance
750,5,Bar Casting & Assay_Entity,USA,2025-04-04,daily_state,ndc_balance,252.23,269.15,229.77,88.19,0.3375,index,simulated,Synthetic Generator - Bottleneck,,Bottleneck at Phase 6 (Vaulting) - severe D-C imbalance
751,6,Logistics & Vaulting_Entity,USA,2025-04-04,daily_state,ndc_balance,408.01,186.18,92.91,33.71,0.002,index,simulated,Synthetic Generator - Bottleneck,,Bottleneck at Phase 6 (Vaulting) - severe D-C imbalance
752,7,Exchange Registration_Entity,USA,2025-04-04,daily_state,ndc_balance,247.63,230.19,207.39,86.86,0.3183,index,simulated,Synthetic Generator - Bottleneck,,Bottleneck at Phase 6 (Vaulting) - severe D-C imbalance
753,0,Geological Prospecting_Entity,USA,2025-04-05,daily_state,ndc_balance,240.97,214.55,182.61,80.31,0.1412,index,simulated,Synthetic Generator - Bottleneck,,Bottleneck at Phase 6 (Vaulting) - severe D-C imbalance
754,1,Mine Extraction_Entity,USA,2025-04-05,daily_state,ndc_balance,233.56,207.81,176.72,80.21,0.1486,index,simulated,Synthetic Generator - Bottleneck,,Bottleneck at Phase 6 (Vaulting) - severe D-C imbalance
755,2,Ore Processing_Entity,USA,2025-04-05,daily_state,ndc_balance,231.99,275.49,184.35,72.92,0.0526,index,simulated,Synthetic Generator - Bottleneck,,Bottleneck at Phase 6 (Vaulting) - severe D-C imbalance
756,3,Doré Production_Entity,USA,2025-04-05,daily_state,ndc_balance,231.69,243.16,215.99,91.0,0.7063,index,simulated,Synthetic Generator - Bottleneck,,Bottleneck at Phase 6 (Vaulting) - severe D-C imbalance
757,4,Refining_Entity,USA,2025-04-05,daily_state,ndc_balance,239.94,269.47,204.23,80.32,0.1134,index,simulated,Synthetic Generator - Bottleneck,,Bottleneck at Phase 6 (Vaulting) - severe D-C imbalance
758,5,Bar Casting & Assay_Entity,USA,2025-04-05,daily_state,ndc_balance,276.59,261.38,240.87,89.58,0.414,index,simulated,Synthetic Generator - Bottleneck,,Bottleneck at Phase 6 (Vaulting) - severe D-C imbalance
759,6,Logistics & Vaulting_Entity,USA,2025-04-05,daily_state,ndc_balance,426.12,176.53,85.0,30.99,0.0016,index,simulated,Synthetic Generator - Bottleneck,,Bottleneck at Phase 6 (Vaulting) - severe D-C imbalance
760,7,Exchange Registration_Entity,USA,2025-04-05,daily_state,ndc_balance,208.67,300.25,136.01,54.34,0.0119,index,simulated,Synthetic Generator - Bottleneck,,Bottleneck at Phase 6 (Vaulting) - severe D-C imbalance
761,0,Geological Prospecting_Entity,USA,2025-04-06,daily_state,ndc_balance,234.81,256.59,207.13,84.38,0.2064,index,simulated,Synthetic Generator - Bottleneck,,Bottleneck at Phase 6 (Vaulting) - severe D-C imbalance
762,1,Mine Extraction_Entity,USA,2025-04-06,daily_state,ndc_balance,271.19,226.12,177.6,71.72,0.049,index,simulated,Synthetic Generator - Bottleneck,,Bottleneck at Phase 6 (Vaulting) - severe D-C imbalance
763,2,Ore Processing_Entity,USA,2025-04-06,daily_state,ndc_balance,270.76,259.11,243.02,91.75,0.6857,index,simulated,Synthetic Generator - Bottleneck,,Bottleneck at Phase 6 (Vaulting) - severe D-C imbalance
764,3,Doré Production_Entity,USA,2025-04-06,daily_state,ndc_balance,284.56,228.27,171.58,67.32,0.0315,index,simulated,Synthetic Generator - Bottleneck,,Bottleneck at Phase 6 (Vaulting) - severe D-C imbalance
765,4,Refining_Entity,USA,2025-04-06,daily_state,ndc_balance,224.28,227.36,219.78,97.33,5.1317,index,simulated,Synthetic Generator - Bottleneck,,Bottleneck at Phase 6 (Vaulting) - severe D-C imbalance
766,5,Bar Casting & Assay_Entity,USA,2025-04-06,daily_state,ndc_balance,253.05,242.13,227.07,91.73,0.774,index,simulated,Synthetic Generator - Bottleneck,,Bottleneck at Phase 6 (Vaulting) - severe D-C imbalance
767,6,Logistics & Vaulting_Entity,USA,2025-04-06,daily_state,ndc_balance,412.13,151.36,70.46,28.21,0.0015,index,simulated,Synthetic Generator - Bottleneck,,Bottleneck at Phase 6 (Vaulting) - severe D-C imbalance
768,7,Exchange Registration_Entity,USA,2025-04-06,daily_state,ndc_balance,244.11,299.51,186.78,69.08,0.0325,index,simulated,Synthetic Generator - Bottleneck,,Bottleneck at Phase 6 (Vaulting) - severe D-C imbalance
769,0,Geological Prospecting_Entity,USA,2025-04-07,daily_state,ndc_balance,259.29,255.23,249.32,96.92,3.7798,index,simulated,Synthetic Generator - Bottleneck,,Bottleneck at Phase 6 (Vaulting) - severe D-C imbalance
770,1,Mine Extraction_Entity,USA,2025-04-07,daily_state,ndc_balance,261.45,249.93,234.06,91.56,0.7004,index,simulated,Synthetic Generator - Bottleneck,,Bottleneck at Phase 6 (Vaulting) - severe D-C imbalance
771,2,Ore Processing_Entity,USA,2025-04-07,daily_state,ndc_balance,268.63,249.88,225.33,86.97,0.2766,index,simulated,Synthetic Generator - Bottleneck,,Bottleneck at Phase 6 (Vaulting) - severe D-C imbalance
772,3,Doré Production_Entity,USA,2025-04-07,daily_state,ndc_balance,243.75,220.1,190.77,82.36,0.1757,index,simulated,Synthetic Generator - Bottleneck,,Bottleneck at Phase 6 (Vaulting) - severe D-C imbalance
773,4,Refining_Entity,USA,2025-04-07,daily_state,ndc_balance,245.02,247.85,240.86,97.74,5.5481,index,simulated,Synthetic Generator - Bottleneck,,Bottleneck at Phase 6 (Vaulting) - severe D-C imbalance
774,5,Bar Casting & Assay_Entity,USA,2025-04-07,daily_state,ndc_balance,241.06,249.43,229.3,93.51,1.2507,index,simulated,Synthetic Generator - Bottleneck,,Bottleneck at Phase 6 (Vaulting) - severe D-C imbalance
775,6,Logistics & Vaulting_Entity,USA,2025-04-07,daily_state,ndc_balance,428.78,192.5,95.43,33.22,0.0018,index,simulated,Synthetic Generator - Bottleneck,,Bottleneck at Phase 6 (Vaulting) - severe D-C imbalance
776,7,Exchange Registration_Entity,USA,2025-04-07,daily_state,ndc_balance,262.78,250.54,233.76,91.1,0.6254,index,simulated,Synthetic Generator - Bottleneck,,Bottleneck at Phase 6 (Vaulting) - severe D-C imbalance
777,0,Geological Prospecting_Entity,USA,2025-04-08,daily_state,ndc_balance,223.84,231.37,213.24,93.7,1.4999,index,simulated,Synthetic Generator - Bottleneck,,Bottleneck at Phase 6 (Vaulting) - severe D-C imbalance
778,1,Mine Extraction_Entity,USA,2025-04-08,daily_state,ndc_balance,250.88,194.11,140.34,63.6,0.0309,index,simulated,Synthetic Generator - Bottleneck,,Bottleneck at Phase 6 (Vaulting) - severe D-C imbalance
779,2,Ore Processing_Entity,USA,2025-04-08,daily_state,ndc_balance,277.77,243.56,203.31,78.17,0.0847,index,simulated,Synthetic Generator - Bottleneck,,Bottleneck at Phase 6 (Vaulting) - severe D-C imbalance
780,3,Doré Production_Entity,USA,2025-04-08,daily_state,ndc_balance,257.63,274.14,235.6,88.65,0.3538,index,simulated,Synthetic Generator - Bottleneck,,Bottleneck at Phase 6 (Vaulting) - severe D-C imbalance
781,4,Refining_Entity,USA,2025-04-08,daily_state,ndc_balance,237.4,254.35,215.06,87.52,0.3362,index,simulated,Synthetic Generator - Bottleneck,,Bottleneck at Phase 6 (Vaulting) - severe D-C imbalance
782,5,Bar Casting & Assay_Entity,USA,2025-04-08,daily_state,ndc_balance,243.73,237.84,229.42,95.29,2.2419,index,simulated,Synthetic Generator - Bottleneck,,Bottleneck at Phase 6 (Vaulting) - severe D-C imbalance
783,6,Logistics & Vaulting_Entity,USA,2025-04-08,daily_state,ndc_balance,404.56,204.98,107.37,37.28,0.0025,index,simulated,Synthetic Generator - Bottleneck,,Bottleneck at Phase 6 (Vaulting) - severe D-C imbalance
784,7,Exchange Registration_Entity,USA,2025-04-08,daily_state,ndc_balance,232.24,264.32,194.36,78.45,0.0962,index,simulated,Synthetic Generator - Bottleneck,,Bottleneck at Phase 6 (Vaulting) - severe D-C imbalance
785,0,Geological Prospecting_Entity,USA,2025-04-09,daily_state,ndc_balance,212.5,269.5,156.77,65.51,0.0307,index,simulated,Synthetic Generator - Bottleneck,,Bottleneck at Phase 6 (Vaulting) - severe D-C imbalance
786,1,Mine Extraction_Entity,USA,2025-04-09,daily_state,ndc_balance,271.04,242.44,207.56,80.97,0.1207,index,simulated,Synthetic Generator - Bottleneck,,Bottleneck at Phase 6 (Vaulting) - severe D-C imbalance
787,2,Ore Processing_Entity,USA,2025-04-09,daily_state,ndc_balance,245.46,250.0,238.89,96.43,3.2679,index,simulated,Synthetic Generator - Bottleneck,,Bottleneck at Phase 6 (Vaulting) - severe D-C imbalance
788,3,Doré Production_Entity,USA,2025-04-09,daily_state,ndc_balance,295.78,195.92,122.54,50.9,0.01,index,simulated,Synthetic Generator - Bottleneck,,Bottleneck at Phase 6 (Vaulting) - severe D-C imbalance
789,4,Refining_Entity,USA,2025-04-09,daily_state,ndc_balance,265.64,217.21,166.81,69.44,0.0425,index,simulated,Synthetic Generator - Bottleneck,,Bottleneck at Phase 6 (Vaulting) - severe D-C imbalance
790,5,Bar Casting & Assay_Entity,USA,2025-04-09,daily_state,ndc_balance,244.1,237.1,227.16,94.42,1.6937,index,simulated,Synthetic Generator - Bottleneck,,Bottleneck at Phase 6 (Vaulting) - severe D-C imbalance
791,6,Logistics & Vaulting_Entity,USA,2025-04-09,daily_state,ndc_balance,411.43,179.84,88.24,32.44,0.0019,index,simulated,Synthetic Generator - Bottleneck,,Bottleneck at Phase 6 (Vaulting) - severe D-C imbalance
792,7,Exchange Registration_Entity,USA,2025-04-09,daily_state,ndc_balance,219.85,270.71,167.55,68.68,0.0385,index,simulated,Synthetic Generator - Bottleneck,,Bottleneck at Phase 6 (Vaulting) - severe D-C imbalance
793,0,Geological Prospecting_Entity,USA,2025-04-10,daily_state,ndc_balance,214.12,253.49,170.76,73.3,0.0641,index,simulated,Synthetic Generator - Bottleneck,,Bottleneck at Phase 6 (Vaulting) - severe D-C imbalance
794,1,Mine Extraction_Entity,USA,2025-04-10,daily_state,ndc_balance,243.47,210.73,173.09,76.42,0.0924,index,simulated,Synthetic Generator - Bottleneck,,Bottleneck at Phase 6 (Vaulting) - severe D-C imbalance
795,2,Ore Processing_Entity,USA,2025-04-10,daily_state,ndc_balance,254.05,201.08,148.95,65.9,0.0355,index,simulated,Synthetic Generator - Bottleneck,,Bottleneck at Phase 6 (Vaulting) - severe D-C imbalance
796,3,Doré Production_Entity,USA,2025-04-10,daily_state,ndc_balance,250.79,204.43,156.44,69.09,0.0463,index,simulated,Synthetic Generator - Bottleneck,,Bottleneck at Phase 6 (Vaulting) - severe D-C imbalance
797,4,Refining_Entity,USA,2025-04-10,daily_state,ndc_balance,259.23,216.89,171.04,72.14,0.0555,index,simulated,Synthetic Generator - Bottleneck,,Bottleneck at Phase 6 (Vaulting) - severe D-C imbalance
798,5,Bar Casting & Assay_Entity,USA,2025-04-10,daily_state,ndc_balance,234.12,251.47,211.36,87.11,0.3215,index,simulated,Synthetic Generator - Bottleneck,,Bottleneck at Phase 6 (Vaulting) - severe D-C imbalance
799,6,Logistics & Vaulting_Entity,USA,2025-04-10,daily_state,ndc_balance,404.55,179.13,88.33,32.81,0.002,index,simulated,Synthetic Generator - Bottleneck,,Bottleneck at Phase 6 (Vaulting) - severe D-C imbalance
800,7,Exchange Registration_Entity,USA,2025-04-10,daily_state,ndc_balance,215.16,258.82,168.41,71.37,0.0522,index,simulated,Synthetic Generator - Bottleneck,,Bottleneck at Phase 6 (Vaulting) - severe D-C imbalance
801,0,Geological Prospecting_Entity,USA,2025-04-11,daily_state,ndc_balance,285.3,309.81,253.8,85.37,0.1638,index,simulated,Synthetic Generator - Bottleneck,,Bottleneck at Phase 6 (Vaulting) - severe D-C imbalance
802,1,Mine Extraction_Entity,USA,2025-04-11,daily_state,ndc_balance,251.82,259.71,240.67,94.11,1.3865,index,simulated,Synthetic Generator - Bottleneck,,Bottleneck at Phase 6 (Vaulting) - severe D-C imbalance
803,2,Ore Processing_Entity,USA,2025-04-11,daily_state,ndc_balance,214.39,277.57,154.73,63.43,0.025,index,simulated,Synthetic Generator - Bottleneck,,Bottleneck at Phase 6 (Vaulting) - severe D-C imbalance
804,3,Doré Production_Entity,USA,2025-04-11,daily_state,ndc_balance,265.52,227.9,185.29,75.32,0.0702,index,simulated,Synthetic Generator - Bottleneck,,Bottleneck at Phase 6 (Vaulting) - severe D-C imbalance
805,4,Refining_Entity,USA,2025-04-11,daily_state,ndc_balance,274.74,233.64,187.84,74.14,0.0588,index,simulated,Synthetic Generator - Bottleneck,,Bottleneck at Phase 6 (Vaulting) - severe D-C imbalance
806,5,Bar Casting & Assay_Entity,USA,2025-04-11,daily_state,ndc_balance,232.68,256.78,202.6,82.89,0.1693,index,simulated,Synthetic Generator - Bottleneck,,Bottleneck at Phase 6 (Vaulting) - severe D-C imbalance
807,6,Logistics & Vaulting_Entity,USA,2025-04-11,daily_state,ndc_balance,398.73,195.32,100.61,36.05,0.0024,index,simulated,Synthetic Generator - Bottleneck,,Bottleneck at Phase 6 (Vaulting) - severe D-C imbalance
808,7,Exchange Registration_Entity,USA,2025-04-11,daily_state,ndc_balance,227.29,214.81,197.98,89.6,0.6034,index,simulated,Synthetic Generator - Bottleneck,,Bottleneck at Phase 6 (Vaulting) - severe D-C imbalance
809,0,Geological Prospecting_Entity,USA,2025-04-12,daily_state,ndc_balance,231.81,258.99,198.63,81.07,0.1335,index,simulated,Synthetic Generator - Bottleneck,,Bottleneck at Phase 6 (Vaulting) - severe D-C imbalance
810,1,Mine Extraction_Entity,USA,2025-04-12,daily_state,ndc_balance,237.66,206.3,170.06,76.8,0.1006,index,simulated,Synthetic Generator - Bottleneck,,Bottleneck at Phase 6 (Vaulting) - severe D-C imbalance
811,2,Ore Processing_Entity,USA,2025-04-12,daily_state,ndc_balance,237.89,239.2,235.94,98.91,8.5304,index,simulated,Synthetic Generator - Bottleneck,,Bottleneck at Phase 6 (Vaulting) - severe D-C imbalance
812,3,Doré Production_Entity,USA,2025-04-12,daily_state,ndc_balance,226.38,211.21,191.23,87.46,0.4163,index,simulated,Synthetic Generator - Bottleneck,,Bottleneck at Phase 6 (Vaulting) - severe D-C imbalance
813,4,Refining_Entity,USA,2025-04-12,daily_state,ndc_balance,292.23,218.49,152.54,60.37,0.0184,index,simulated,Synthetic Generator - Bottleneck,,Bottleneck at Phase 6 (Vaulting) - severe D-C imbalance
814,5,Bar Casting & Assay_Entity,USA,2025-04-12,daily_state,ndc_balance,234.16,236.44,230.8,98.09,6.5764,index,simulated,Synthetic Generator - Bottleneck,,Bottleneck at Phase 6 (Vaulting) - severe D-C imbalance
815,6,Logistics & Vaulting_Entity,USA,2025-04-12,daily_state,ndc_balance,411.57,189.32,94.79,33.96,0.002,index,simulated,Synthetic Generator - Bottleneck,,Bottleneck at Phase 6 (Vaulting) - severe D-C imbalance
816,7,Exchange Registration_Entity,USA,2025-04-12,daily_state,ndc_balance,270.37,231.41,187.51,74.96,0.0655,index,simulated,Synthetic Generator - Bottleneck,,Bottleneck at Phase 6 (Vaulting) - severe D-C imbalance
817,0,Geological Prospecting_Entity,USA,2025-04-13,daily_state,ndc_balance,225.27,271.86,175.66,70.98,0.0459,index,simulated,Synthetic Generator - Bottleneck,,Bottleneck at Phase 6 (Vaulting) - severe D-C imbalance
818,1,Mine Extraction_Entity,USA,2025-04-13,daily_state,ndc_balance,248.09,283.26,206.81,78.01,0.0802,index,simulated,Synthetic Generator - Bottleneck,,Bottleneck at Phase 6 (Vaulting) - severe D-C imbalance
819,2,Ore Processing_Entity,USA,2025-04-13,daily_state,ndc_balance,205.09,244.89,161.92,72.25,0.0627,index,simulated,Synthetic Generator - Bottleneck,,Bottleneck at Phase 6 (Vaulting) - severe D-C imbalance
820,3,Doré Production_Entity,USA,2025-04-13,daily_state,ndc_balance,288.37,231.17,173.64,67.25,0.0305,index,simulated,Synthetic Generator - Bottleneck,,Bottleneck at Phase 6 (Vaulting) - severe D-C imbalance
821,4,Refining_Entity,USA,2025-04-13,daily_state,ndc_balance,245.49,247.39,242.69,98.48,7.3523,index,simulated,Synthetic Generator - Bottleneck,,Bottleneck at Phase 6 (Vaulting) - severe D-C imbalance
822,5,Bar Casting & Assay_Entity,USA,2025-04-13,daily_state,ndc_balance,228.33,238.5,214.28,91.82,0.8814,index,simulated,Synthetic Generator - Bottleneck,,Bottleneck at Phase 6 (Vaulting) - severe D-C imbalance
823,6,Logistics & Vaulting_Entity,USA,2025-04-13,daily_state,ndc_balance,413.24,170.59,82.04,30.9,0.0017,index,simulated,Synthetic Generator - Bottleneck,,Bottleneck at Phase 6 (Vaulting) - severe D-C imbalance
824,7,Exchange Registration_Entity,USA,2025-04-13,daily_state,ndc_balance,278.96,248.61,211.84,80.44,0.1074,index,simulated,Synthetic Generator - Bottleneck,,Bottleneck at Phase 6 (Vaulting) - severe D-C imbalance
825,0,Geological Prospecting_Entity,USA,2025-04-14,daily_state,ndc_balance,255.01,260.21,247.5,96.08,2.6985,index,simulated,Synthetic Generator - Bottleneck,,Bottleneck at Phase 6 (Vaulting) - severe D-C imbalance
826,1,Mine Extraction_Entity,USA,2025-04-14,daily_state,ndc_balance,244.71,220.64,190.87,82.14,0.1697,index,simulated,Synthetic Generator - Bottleneck,,Bottleneck at Phase 6 (Vaulting) - severe D-C imbalance
827,2,Ore Processing_Entity,USA,2025-04-14,daily_state,ndc_balance,237.95,240.04,234.85,98.27,6.9456,index,simulated,Synthetic Generator - Bottleneck,,Bottleneck at Phase 6 (Vaulting) - severe D-C imbalance
828,3,Doré Production_Entity,USA,2025-04-14,daily_state,ndc_balance,228.82,227.49,225.53,98.85,8.5118,index,simulated,Synthetic Generator - Bottleneck,,Bottleneck at Phase 6 (Vaulting) - severe D-C imbalance
829,4,Refining_Entity,USA,2025-04-14,daily_state,ndc_balance,239.68,293.11,184.07,69.45,0.0349,index,simulated,Synthetic Generator - Bottleneck,,Bottleneck at Phase 6 (Vaulting) - severe D-C imbalance
830,5,Bar Casting & Assay_Entity,USA,2025-04-14,daily_state,ndc_balance,183.01,242.42,129.02,61.25,0.0283,index,simulated,Synthetic Generator - Bottleneck,,Bottleneck at Phase 6 (Vaulting) - severe D-C imbalance
831,6,Logistics & Vaulting_Entity,USA,2025-04-14,daily_state,ndc_balance,454.51,181.83,86.59,30.12,0.0013,index,simulated,Synthetic Generator - Bottleneck,,Bottleneck at Phase 6 (Vaulting) - severe D-C imbalance
832,7,Exchange Registration_Entity,USA,2025-04-14,daily_state,ndc_balance,272.36,237.64,197.15,77.49,0.0823,index,simulated,Synthetic Generator - Bottleneck,,Bottleneck at Phase 6 (Vaulting) - severe D-C imbalance
833,0,Geological Prospecting_Entity,USA,2025-04-15,daily_state,ndc_balance,236.65,183.95,133.65,64.06,0.0359,index,simulated,Synthetic Generator - Bottleneck,,Bottleneck at Phase 6 (Vaulting) - severe D-C imbalance
834,1,Mine Extraction_Entity,USA,2025-04-15,daily_state,ndc_balance,254.11,220.61,181.89,76.82,0.0883,index,simulated,Synthetic Generator - Bottleneck,,Bottleneck at Phase 6 (Vaulting) - severe D-C imbalance
835,2,Ore Processing_Entity,USA,2025-04-15,daily_state,ndc_balance,233.99,227.53,218.33,94.62,1.9292,index,simulated,Synthetic Generator - Bottleneck,,Bottleneck at Phase 6 (Vaulting) - severe D-C imbalance
836,3,Doré Production_Entity,USA,2025-04-15,daily_state,ndc_balance,284.9,300.12,264.2,90.35,0.4136,index,simulated,Synthetic Generator - Bottleneck,,Bottleneck at Phase 6 (Vaulting) - severe D-C imbalance
837,4,Refining_Entity,USA,2025-04-15,daily_state,ndc_balance,254.34,228.38,196.51,81.53,0.1462,index,simulated,Synthetic Generator - Bottleneck,,Bottleneck at Phase 6 (Vaulting) - severe D-C imbalance
838,5,Bar Casting & Assay_Entity,USA,2025-04-15,daily_state,ndc_balance,214.04,259.16,166.26,70.59,0.0489,index,simulated,Synthetic Generator - Bottleneck,,Bottleneck at Phase 6 (Vaulting) - severe D-C imbalance
839,6,Logistics & Vaulting_Entity,USA,2025-04-15,daily_state,ndc_balance,455.66,176.29,83.16,29.34,0.0013,index,simulated,Synthetic Generator - Bottleneck,,Bottleneck at Phase 6 (Vaulting) - severe D-C imbalance
840,7,Exchange Registration_Entity,USA,2025-04-15,daily_state,ndc_balance,212.5,250.03,170.73,74.07,0.0705,index,simulated,Synthetic Generator - Bottleneck,,Bottleneck at Phase 6 (Vaulting) - severe D-C imbalance
841,0,Geological Prospecting_Entity,USA,2025-04-16,daily_state,ndc_balance,269.71,200.35,138.99,59.79,0.0207,index,simulated,Synthetic Generator - Bottleneck,,Bottleneck at Phase 6 (Vaulting) - severe D-C imbalance
842,1,Mine Extraction_Entity,USA,2025-04-16,daily_state,ndc_balance,253.53,251.28,247.96,98.24,6.6409,index,simulated,Synthetic Generator - Bottleneck,,Bottleneck at Phase 6 (Vaulting) - severe D-C imbalance
843,2,Ore Processing_Entity,USA,2025-04-16,daily_state,ndc_balance,248.54,220.23,186.3,79.63,0.1233,index,simulated,Synthetic Generator - Bottleneck,,Bottleneck at Phase 6 (Vaulting) - severe D-C imbalance
844,3,Doré Production_Entity,USA,2025-04-16,daily_state,ndc_balance,270.32,229.92,184.88,74.16,0.0609,index,simulated,Synthetic Generator - Bottleneck,,Bottleneck at Phase 6 (Vaulting) - severe D-C imbalance
845,4,Refining_Entity,USA,2025-04-16,daily_state,ndc_balance,220.3,188.76,153.16,75.11,0.0996,index,simulated,Synthetic Generator - Bottleneck,,Bottleneck at Phase 6 (Vaulting) - severe D-C imbalance
846,5,Bar Casting & Assay_Entity,USA,2025-04-16,daily_state,ndc_balance,262.02,263.33,260.07,99.01,8.5309,index,simulated,Synthetic Generator - Bottleneck,,Bottleneck at Phase 6 (Vaulting) - severe D-C imbalance
847,6,Logistics & Vaulting_Entity,USA,2025-04-16,daily_state,ndc_balance,421.76,173.4,83.28,30.8,0.0016,index,simulated,Synthetic Generator - Bottleneck,,Bottleneck at Phase 6 (Vaulting) - severe D-C imbalance
848,7,Exchange Registration_Entity,USA,2025-04-16,daily_state,ndc_balance,252.14,204.63,155.82,68.6,0.0441,index,simulated,Synthetic Generator - Bottleneck,,Bottleneck at Phase 6 (Vaulting) - severe D-C imbalance
849,0,Geological Prospecting_Entity,USA,2025-04-17,daily_state,ndc_balance,241.37,187.0,135.39,63.73,0.0337,index,simulated,Synthetic Generator - Bottleneck,,Bottleneck at Phase 6 (Vaulting) - severe D-C imbalance
850,1,Mine Extraction_Entity,USA,2025-04-17,daily_state,ndc_balance,235.28,232.23,227.76,97.44,5.1771,index,simulated,Synthetic Generator - Bottleneck,,Bottleneck at Phase 6 (Vaulting) - severe D-C imbalance
851,2,Ore Processing_Entity,USA,2025-04-17,daily_state,ndc_balance,262.2,239.0,209.74,83.78,0.1825,index,simulated,Synthetic Generator - Bottleneck,,Bottleneck at Phase 6 (Vaulting) - severe D-C imbalance
852,3,Doré Production_Entity,USA,2025-04-17,daily_state,ndc_balance,265.9,273.73,254.78,94.44,1.4024,index,simulated,Synthetic Generator - Bottleneck,,Bottleneck at Phase 6 (Vaulting) - severe D-C imbalance
853,4,Refining_Entity,USA,2025-04-17,daily_state,ndc_balance,271.16,251.76,226.45,86.67,0.2588,index,simulated,Synthetic Generator - Bottleneck,,Bottleneck at Phase 6 (Vaulting) - severe D-C imbalance
854,5,Bar Casting & Assay_Entity,USA,2025-04-17,daily_state,ndc_balance,236.4,223.79,206.73,89.88,0.5916,index,simulated,Synthetic Generator - Bottleneck,,Bottleneck at Phase 6 (Vaulting) - severe D-C imbalance
855,6,Logistics & Vaulting_Entity,USA,2025-04-17,daily_state,ndc_balance,434.8,205.2,103.89,34.78,0.0019,index,simulated,Synthetic Generator - Bottleneck,,Bottleneck at Phase 6 (Vaulting) - severe D-C imbalance
856,7,Exchange Registration_Entity,USA,2025-04-17,daily_state,ndc_balance,272.0,277.83,263.61,95.89,2.2764,index,simulated,Synthetic Generator - Bottleneck,,Bottleneck at Phase 6 (Vaulting) - severe D-C imbalance
857,0,Geological Prospecting_Entity,USA,2025-04-18,daily_state,ndc_balance,219.49,211.15,199.52,92.68,1.2563,index,simulated,Synthetic Generator - Bottleneck,,Bottleneck at Phase 6 (Vaulting) - severe D-C imbalance
858,1,Mine Extraction_Entity,USA,2025-04-18,daily_state,ndc_balance,267.1,246.61,220.14,85.77,0.2325,index,simulated,Synthetic Generator - Bottleneck,,Bottleneck at Phase 6 (Vaulting) - severe D-C imbalance
859,2,Ore Processing_Entity,USA,2025-04-18,daily_state,ndc_balance,276.28,239.61,197.32,76.69,0.0738,index,simulated,Synthetic Generator - Bottleneck,,Bottleneck at Phase 6 (Vaulting) - severe D-C imbalance
860,3,Doré Production_Entity,USA,2025-04-18,daily_state,ndc_balance,232.64,234.66,229.66,98.29,7.1027,index,simulated,Synthetic Generator - Bottleneck,,Bottleneck at Phase 6 (Vaulting) - severe D-C imbalance
861,4,Refining_Entity,USA,2025-04-18,daily_state,ndc_balance,219.35,211.79,201.17,93.34,1.4888,index,simulated,Synthetic Generator - Bottleneck,,Bottleneck at Phase 6 (Vaulting) - severe D-C imbalance
862,5,Bar Casting & Assay_Entity,USA,2025-04-18,daily_state,ndc_balance,255.1,270.43,234.5,89.28,0.4081,index,simulated,Synthetic Generator - Bottleneck,,Bottleneck at Phase 6 (Vaulting) - severe D-C imbalance
863,6,Logistics & Vaulting_Entity,USA,2025-04-18,daily_state,ndc_balance,427.26,154.18,71.49,27.85,0.0013,index,simulated,Synthetic Generator - Bottleneck,,Bottleneck at Phase 6 (Vaulting) - severe D-C imbalance
864,7,Exchange Registration_Entity,USA,2025-04-18,daily_state,ndc_balance,260.19,197.8,140.44,61.9,0.0256,index,simulated,Synthetic Generator - Bottleneck,,Bottleneck at Phase 6 (Vaulting) - severe D-C imbalance
865,0,Geological Prospecting_Entity,USA,2025-04-19,daily_state,ndc_balance,273.53,225.41,174.65,70.34,0.043,index,simulated,Synthetic Generator - Bottleneck,,Bottleneck at Phase 6 (Vaulting) - severe D-C imbalance
866,1,Mine Extraction_Entity,USA,2025-04-19,daily_state,ndc_balance,228.29,240.74,211.38,90.17,0.6052,index,simulated,Synthetic Generator - Bottleneck,,Bottleneck at Phase 6 (Vaulting) - severe D-C imbalance
867,2,Ore Processing_Entity,USA,2025-04-19,daily_state,ndc_balance,237.2,277.09,192.22,74.98,0.0624,index,simulated,Synthetic Generator - Bottleneck,,Bottleneck at Phase 6 (Vaulting) - severe D-C imbalance
868,3,Doré Production_Entity,USA,2025-04-19,daily_state,ndc_balance,235.3,205.02,169.79,77.31,0.1079,index,simulated,Synthetic Generator - Bottleneck,,Bottleneck at Phase 6 (Vaulting) - severe D-C imbalance
869,4,Refining_Entity,USA,2025-04-19,daily_state,ndc_balance,206.94,239.23,169.86,76.34,0.095,index,simulated,Synthetic Generator - Bottleneck,,Bottleneck at Phase 6 (Vaulting) - severe D-C imbalance
870,5,Bar Casting & Assay_Entity,USA,2025-04-19,daily_state,ndc_balance,224.05,213.11,198.18,90.69,0.7709,index,simulated,Synthetic Generator - Bottleneck,,Bottleneck at Phase 6 (Vaulting) - severe D-C imbalance
871,6,Logistics & Vaulting_Entity,USA,2025-04-19,daily_state,ndc_balance,443.78,190.01,92.53,31.86,0.0016,index,simulated,Synthetic Generator - Bottleneck,,Bottleneck at Phase 6 (Vaulting) - severe D-C imbalance
872,7,Exchange Registration_Entity,USA,2025-04-19,daily_state,ndc_balance,268.73,261.25,250.62,94.59,1.5167,index,simulated,Synthetic Generator - Bottleneck,,Bottleneck at Phase 6 (Vaulting) - severe D-C imbalance
873,0,Geological Prospecting_Entity,USA,2025-04-20,daily_state,ndc_balance,263.25,219.43,172.28,71.68,0.0518,index,simulated,Synthetic Generator - Bottleneck,,Bottleneck at Phase 6 (Vaulting) - severe D-C imbalance
874,1,Mine Extraction_Entity,USA,2025-04-20,daily_state,ndc_balance,229.22,260.45,192.23,78.67,0.1015,index,simulated,Synthetic Generator - Bottleneck,,Bottleneck at Phase 6 (Vaulting) - severe D-C imbalance
875,2,Ore Processing_Entity,USA,2025-04-20,daily_state,ndc_balance,257.93,244.24,225.73,89.93,0.507,index,simulated,Synthetic Generator - Bottleneck,,Bottleneck at Phase 6 (Vaulting) - severe D-C imbalance
876,3,Doré Production_Entity,USA,2025-04-20,daily_state,ndc_balance,233.07,255.2,205.05,84.08,0.2001,index,simulated,Synthetic Generator - Bottleneck,,Bottleneck at Phase 6 (Vaulting) - severe D-C imbalance
877,4,Refining_Entity,USA,2025-04-20,daily_state,ndc_balance,234.89,237.45,231.13,97.87,6.0404,index,simulated,Synthetic Generator - Bottleneck,,Bottleneck at Phase 6 (Vaulting) - severe D-C imbalance
878,5,Bar Casting & Assay_Entity,USA,2025-04-20,daily_state,ndc_balance,264.01,232.44,195.03,78.73,0.0993,index,simulated,Synthetic Generator - Bottleneck,,Bottleneck at Phase 6 (Vaulting) - severe D-C imbalance
879,6,Logistics & Vaulting_Entity,USA,2025-04-20,daily_state,ndc_balance,388.54,164.21,79.6,31.51,0.002,index,simulated,Synthetic Generator - Bottleneck,,Bottleneck at Phase 6 (Vaulting) - severe D-C imbalance
880,7,Exchange Registration_Entity,USA,2025-04-20,daily_state,ndc_balance,290.81,232.42,174.0,66.93,0.0292,index,simulated,Synthetic Generator - Bottleneck,,Bottleneck at Phase 6 (Vaulting) - severe D-C imbalance
881,0,Geological Prospecting_Entity,USA,2025-04-21,daily_state,ndc_balance,247.42,227.27,201.49,84.97,0.2404,index,simulated,Synthetic Generator - Bottleneck,,Bottleneck at Phase 6 (Vaulting) - severe D-C imbalance
882,1,Mine Extraction_Entity,USA,2025-04-21,daily_state,ndc_balance,259.71,218.77,173.91,72.96,0.0593,index,simulated,Synthetic Generator - Bottleneck,,Bottleneck at Phase 6 (Vaulting) - severe D-C imbalance
883,2,Ore Processing_Entity,USA,2025-04-21,daily_state,ndc_balance,256.11,221.72,182.17,76.45,0.0838,index,simulated,Synthetic Generator - Bottleneck,,Bottleneck at Phase 6 (Vaulting) - severe D-C imbalance
884,3,Doré Production_Entity,USA,2025-04-21,daily_state,ndc_balance,232.05,224.06,212.86,93.35,1.356,index,simulated,Synthetic Generator - Bottleneck,,Bottleneck at Phase 6 (Vaulting) - severe D-C imbalance
885,4,Refining_Entity,USA,2025-04-21,daily_state,ndc_balance,242.49,238.78,233.37,96.98,4.2046,index,simulated,Synthetic Generator - Bottleneck,,Bottleneck at Phase 6 (Vaulting) - severe D-C imbalance
886,5,Bar Casting & Assay_Entity,USA,2025-04-21,daily_state,ndc_balance,239.71,156.79,97.06,50.07,0.0145,index,simulated,Synthetic Generator - Bottleneck,,Bottleneck at Phase 6 (Vaulting) - severe D-C imbalance
887,6,Logistics & Vaulting_Entity,USA,2025-04-21,daily_state,ndc_balance,403.85,174.13,85.01,32.06,0.0019,index,simulated,Synthetic Generator - Bottleneck,,Bottleneck at Phase 6 (Vaulting) - severe D-C imbalance
888,7,Exchange Registration_Entity,USA,2025-04-21,daily_state,ndc_balance,302.32,198.18,122.91,50.21,0.0092,index,simulated,Synthetic Generator - Bottleneck,,Bottleneck at Phase 6 (Vaulting) - severe D-C imbalance
889,0,Geological Prospecting_Entity,USA,2025-04-22,daily_state,ndc_balance,253.26,277.38,222.73,84.04,0.169,index,simulated,Synthetic Generator - Bottleneck,,Bottleneck at Phase 6 (Vaulting) - severe D-C imbalance
890,1,Mine Extraction_Entity,USA,2025-04-22,daily_state,ndc_balance,223.74,249.85,191.84,81.14,0.1446,index,simulated,Synthetic Generator - Bottleneck,,Bottleneck at Phase 6 (Vaulting) - severe D-C imbalance
891,2,Ore Processing_Entity,USA,2025-04-22,daily_state,ndc_balance,233.95,227.38,218.05,94.54,1.8808,index,simulated,Synthetic Generator - Bottleneck,,Bottleneck at Phase 6 (Vaulting) - severe D-C imbalance
892,3,Doré Production_Entity,USA,2025-04-22,daily_state,ndc_balance,233.94,221.7,205.12,90.07,0.6263,index,simulated,Synthetic Generator - Bottleneck,,Bottleneck at Phase 6 (Vaulting) - severe D-C imbalance
893,4,Refining_Entity,USA,2025-04-22,daily_state,ndc_balance,304.44,261.11,212.1,75.23,0.053,index,simulated,Synthetic Generator - Bottleneck,,Bottleneck at Phase 6 (Vaulting) - severe D-C imbalance
894,5,Bar Casting & Assay_Entity,USA,2025-04-22,daily_state,ndc_balance,257.12,261.25,251.1,96.88,3.691,index,simulated,Synthetic Generator - Bottleneck,,Bottleneck at Phase 6 (Vaulting) - severe D-C imbalance
895,6,Logistics & Vaulting_Entity,USA,2025-04-22,daily_state,ndc_balance,387.87,185.92,94.79,35.3,0.0025,index,simulated,Synthetic Generator - Bottleneck,,Bottleneck at Phase 6 (Vaulting) - severe D-C imbalance
896,7,Exchange Registration_Entity,USA,2025-04-22,daily_state,ndc_balance,294.64,203.21,131.55,53.76,0.0119,index,simulated,Synthetic Generator - Bottleneck,,Bottleneck at Phase 6 (Vaulting) - severe D-C imbalance
897,0,Geological Prospecting_Entity,USA,2025-04-23,daily_state,ndc_balance,269.31,257.61,241.48,91.68,0.681,index,simulated,Synthetic Generator - Bottleneck,,Bottleneck at Phase 6 (Vaulting) - severe D-C imbalance
898,1,Mine Extraction_Entity,USA,2025-04-23,daily_state,ndc_balance,287.04,229.56,171.97,67.0,0.0302,index,simulated,Synthetic Generator - Bottleneck,,Bottleneck at Phase 6 (Vaulting) - severe D-C imbalance
899,2,Ore Processing_Entity,USA,2025-04-23,daily_state,ndc_balance,228.05,230.96,223.79,97.51,5.4122,index,simulated,Synthetic Generator - Bottleneck,,Bottleneck at Phase 6 (Vaulting) - severe D-C imbalance
900,3,Doré Production_Entity,USA,2025-04-23,daily_state,ndc_balance,278.71,194.29,126.97,54.56,0.014,index,simulated,Synthetic Generator - Bottleneck,,Bottleneck at Phase 6 (Vaulting) - severe D-C imbalance
901,4,Refining_Entity,USA,2025-04-23,daily_state,ndc_balance,208.63,242.23,170.34,75.77,0.0878,index,simulated,Synthetic Generator - Bottleneck,,Bottleneck at Phase 6 (Vaulting) - severe D-C imbalance
902,5,Bar Casting & Assay_Entity,USA,2025-04-23,daily_state,ndc_balance,226.46,249.01,198.13,83.44,0.1929,index,simulated,Synthetic Generator - Bottleneck,,Bottleneck at Phase 6 (Vaulting) - severe D-C imbalance
903,6,Logistics & Vaulting_Entity,USA,2025-04-23,daily_state,ndc_balance,438.91,171.71,81.25,29.6,0.0014,index,simulated,Synthetic Generator - Bottleneck,,Bottleneck at Phase 6 (Vaulting) - severe D-C imbalance
904,7,Exchange Registration_Entity,USA,2025-04-23,daily_state,ndc_balance,236.31,275.26,192.18,75.35,0.0655,index,simulated,Synthetic Generator - Bottleneck,,Bottleneck at Phase 6 (Vaulting) - severe D-C imbalance
905,0,Geological Prospecting_Entity,USA,2025-04-24,daily_state,ndc_balance,230.06,213.52,191.97,86.61,0.353,index,simulated,Synthetic Generator - Bottleneck,,Bottleneck at Phase 6 (Vaulting) - severe D-C imbalance
906,1,Mine Extraction_Entity,USA,2025-04-24,daily_state,ndc_balance,272.07,230.39,184.29,73.61,0.0572,index,simulated,Synthetic Generator - Bottleneck,,Bottleneck at Phase 6 (Vaulting) - severe D-C imbalance
907,2,Ore Processing_Entity,USA,2025-04-24,daily_state,ndc_balance,248.73,252.07,243.85,97.39,4.7305,index,simulated,Synthetic Generator - Bottleneck,,Bottleneck at Phase 6 (Vaulting) - severe D-C imbalance
908,3,Doré Production_Entity,USA,2025-04-24,daily_state,ndc_balance,271.67,231.66,186.87,74.49,0.0621,index,simulated,Synthetic Generator - Bottleneck,,Bottleneck at Phase 6 (Vaulting) - severe D-C imbalance
909,4,Refining_Entity,USA,2025-04-24,daily_state,ndc_balance,280.4,186.61,117.17,51.22,0.0114,index,simulated,Synthetic Generator - Bottleneck,,Bottleneck at Phase 6 (Vaulting) - severe D-C imbalance
910,5,Bar Casting & Assay_Entity,USA,2025-04-24,daily_state,ndc_balance,250.89,227.6,198.47,83.06,0.1811,index,simulated,Synthetic Generator - Bottleneck,,Bottleneck at Phase 6 (Vaulting) - severe D-C imbalance
911,6,Logistics & Vaulting_Entity,USA,2025-04-24,daily_state,ndc_balance,447.45,182.13,87.2,30.55,0.0014,index,simulated,Synthetic Generator - Bottleneck,,Bottleneck at Phase 6 (Vaulting) - severe D-C imbalance
912,7,Exchange Registration_Entity,USA,2025-04-24,daily_state,ndc_balance,260.54,240.57,214.78,85.79,0.2447,index,simulated,Synthetic Generator - Bottleneck,,Bottleneck at Phase 6 (Vaulting) - severe D-C imbalance
913,0,Geological Prospecting_Entity,USA,2025-04-25,daily_state,ndc_balance,267.86,256.05,239.77,91.56,0.6683,index,simulated,Synthetic Generator - Bottleneck,,Bottleneck at Phase 6 (Vaulting) - severe D-C imbalance
914,1,Mine Extraction_Entity,USA,2025-04-25,daily_state,ndc_balance,229.41,227.9,225.67,98.7,8.1503,index,simulated,Synthetic Generator - Bottleneck,,Bottleneck at Phase 6 (Vaulting) - severe D-C imbalance
915,2,Ore Processing_Entity,USA,2025-04-25,daily_state,ndc_balance,249.92,238.97,223.88,91.61,0.7698,index,simulated,Synthetic Generator - Bottleneck,,Bottleneck at Phase 6 (Vaulting) - severe D-C imbalance
916,3,Doré Production_Entity,USA,2025-04-25,daily_state,ndc_balance,264.99,189.63,126.92,56.62,0.0176,index,simulated,Synthetic Generator - Bottleneck,,Bottleneck at Phase 6 (Vaulting) - severe D-C imbalance
917,4,Refining_Entity,USA,2025-04-25,daily_state,ndc_balance,256.69,232.75,202.84,82.99,0.1715,index,simulated,Synthetic Generator - Bottleneck,,Bottleneck at Phase 6 (Vaulting) - severe D-C imbalance
918,5,Bar Casting & Assay_Entity,USA,2025-04-25,daily_state,ndc_balance,219.44,229.71,205.31,91.45,0.8657,index,simulated,Synthetic Generator - Bottleneck,,Bottleneck at Phase 6 (Vaulting) - severe D-C imbalance
919,6,Logistics & Vaulting_Entity,USA,2025-04-25,daily_state,ndc_balance,415.71,125.98,56.78,24.81,0.0012,index,simulated,Synthetic Generator - Bottleneck,,Bottleneck at Phase 6 (Vaulting) - severe D-C imbalance
920,7,Exchange Registration_Entity,USA,2025-04-25,daily_state,ndc_balance,259.82,202.21,147.1,64.18,0.03,index,simulated,Synthetic Generator - Bottleneck,,Bottleneck at Phase 6 (Vaulting) - severe D-C imbalance
921,0,Geological Prospecting_Entity,USA,2025-04-26,daily_state,ndc_balance,260.66,219.86,175.05,73.12,0.0597,index,simulated,Synthetic Generator - Bottleneck,,Bottleneck at Phase 6 (Vaulting) - severe D-C imbalance
922,1,Mine Extraction_Entity,USA,2025-04-26,daily_state,ndc_balance,245.7,278.56,206.63,78.98,0.0918,index,simulated,Synthetic Generator - Bottleneck,,Bottleneck at Phase 6 (Vaulting) - severe D-C imbalance
923,2,Ore Processing_Entity,USA,2025-04-26,daily_state,ndc_balance,269.89,262.56,252.12,94.71,1.5691,index,simulated,Synthetic Generator - Bottleneck,,Bottleneck at Phase 6 (Vaulting) - severe D-C imbalance
924,3,Doré Production_Entity,USA,2025-04-26,daily_state,ndc_balance,240.0,253.58,221.65,89.85,0.5148,index,simulated,Synthetic Generator - Bottleneck,,Bottleneck at Phase 6 (Vaulting) - severe D-C imbalance
925,4,Refining_Entity,USA,2025-04-26,daily_state,ndc_balance,245.32,235.1,220.95,92.0,0.8731,index,simulated,Synthetic Generator - Bottleneck,,Bottleneck at Phase 6 (Vaulting) - severe D-C imbalance
926,5,Bar Casting & Assay_Entity,USA,2025-04-26,daily_state,ndc_balance,245.06,232.95,216.45,90.59,0.6386,index,simulated,Synthetic Generator - Bottleneck,,Bottleneck at Phase 6 (Vaulting) - severe D-C imbalance
927,6,Logistics & Vaulting_Entity,USA,2025-04-26,daily_state,ndc_balance,449.86,177.6,84.25,29.81,0.0013,index,simulated,Synthetic Generator - Bottleneck,,Bottleneck at Phase 6 (Vaulting) - severe D-C imbalance
928,7,Exchange Registration_Entity,USA,2025-04-26,daily_state,ndc_balance,285.69,260.84,229.39,84.03,0.1593,index,simulated,Synthetic Generator - Bottleneck,,Bottleneck at Phase 6 (Vaulting) - severe D-C imbalance
929,0,Geological Prospecting_Entity,USA,2025-04-27,daily_state,ndc_balance,270.63,204.78,144.7,61.47,0.023,index,simulated,Synthetic Generator - Bottleneck,,Bottleneck at Phase 6 (Vaulting) - severe D-C imbalance
930,1,Mine Extraction_Entity,USA,2025-04-27,daily_state,ndc_balance,258.9,261.27,255.4,98.2,6.4032,index,simulated,Synthetic Generator - Bottleneck,,Bottleneck at Phase 6 (Vaulting) - severe D-C imbalance
931,2,Ore Processing_Entity,USA,2025-04-27,daily_state,ndc_balance,267.84,212.17,157.3,65.99,0.0322,index,simulated,Synthetic Generator - Bottleneck,,Bottleneck at Phase 6 (Vaulting) - severe D-C imbalance
932,3,Doré Production_Entity,USA,2025-04-27,daily_state,ndc_balance,236.86,264.86,202.73,80.94,0.1259,index,simulated,Synthetic Generator - Bottleneck,,Bottleneck at Phase 6 (Vaulting) - severe D-C imbalance
933,4,Refining_Entity,USA,2025-04-27,daily_state,ndc_balance,234.76,232.51,229.18,98.1,6.6247,index,simulated,Synthetic Generator - Bottleneck,,Bottleneck at Phase 6 (Vaulting) - severe D-C imbalance
934,5,Bar Casting & Assay_Entity,USA,2025-04-27,daily_state,ndc_balance,269.18,246.21,217.05,84.31,0.1861,index,simulated,Synthetic Generator - Bottleneck,,Bottleneck at Phase 6 (Vaulting) - severe D-C imbalance
935,6,Logistics & Vaulting_Entity,USA,2025-04-27,daily_state,ndc_balance,405.46,166.84,80.15,30.82,0.0018,index,simulated,Synthetic Generator - Bottleneck,,Bottleneck at Phase 6 (Vaulting) - severe D-C imbalance
936,7,Exchange Registration_Entity,USA,2025-04-27,daily_state,ndc_balance,279.09,191.71,123.67,53.46,0.0131,index,simulated,Synthetic Generator - Bottleneck,,Bottleneck at Phase 6 (Vaulting) - severe D-C imbalance
937,0,Geological Prospecting_Entity,USA,2025-04-28,daily_state,ndc_balance,245.05,248.33,240.26,97.39,4.8212,index,simulated,Synthetic Generator - Bottleneck,,Bottleneck at Phase 6 (Vaulting) - severe D-C imbalance
938,1,Mine Extraction_Entity,USA,2025-04-28,daily_state,ndc_balance,275.98,256.69,231.43,86.95,0.2616,index,simulated,Synthetic Generator - Bottleneck,,Bottleneck at Phase 6 (Vaulting) - severe D-C imbalance
939,2,Ore Processing_Entity,USA,2025-04-28,daily_state,ndc_balance,235.72,269.46,196.19,77.85,0.0871,index,simulated,Synthetic Generator - Bottleneck,,Bottleneck at Phase 6 (Vaulting) - severe D-C imbalance
940,3,Doré Production_Entity,USA,2025-04-28,daily_state,ndc_balance,244.01,209.11,169.69,75.12,0.0814,index,simulated,Synthetic Generator - Bottleneck,,Bottleneck at Phase 6 (Vaulting) - severe D-C imbalance
941,4,Refining_Entity,USA,2025-04-28,daily_state,ndc_balance,246.56,275.95,210.79,80.81,0.1144,index,simulated,Synthetic Generator - Bottleneck,,Bottleneck at Phase 6 (Vaulting) - severe D-C imbalance
942,5,Bar Casting & Assay_Entity,USA,2025-04-28,daily_state,ndc_balance,241.88,247.17,234.25,95.81,2.6284,index,simulated,Synthetic Generator - Bottleneck,,Bottleneck at Phase 6 (Vaulting) - severe D-C imbalance
943,6,Logistics & Vaulting_Entity,USA,2025-04-28,daily_state,ndc_balance,452.74,158.53,73.04,27.26,0.0012,index,simulated,Synthetic Generator - Bottleneck,,Bottleneck at Phase 6 (Vaulting) - severe D-C imbalance
944,7,Exchange Registration_Entity,USA,2025-04-28,daily_state,ndc_balance,245.49,185.47,130.86,61.33,0.0277,index,simulated,Synthetic Generator - Bottleneck,,Bottleneck at Phase 6 (Vaulting) - severe D-C imbalance
945,0,Geological Prospecting_Entity,USA,2025-04-29,daily_state,ndc_balance,257.45,244.16,226.13,90.19,0.5358,index,simulated,Synthetic Generator - Bottleneck,,Bottleneck at Phase 6 (Vaulting) - severe D-C imbalance
946,1,Mine Extraction_Entity,USA,2025-04-29,daily_state,ndc_balance,280.85,246.09,205.24,78.07,0.082,index,simulated,Synthetic Generator - Bottleneck,,Bottleneck at Phase 6 (Vaulting) - severe D-C imbalance
947,2,Ore Processing_Entity,USA,2025-04-29,daily_state,ndc_balance,241.92,240.04,237.28,98.46,7.405,index,simulated,Synthetic Generator - Bottleneck,,Bottleneck at Phase 6 (Vaulting) - severe D-C imbalance
948,3,Doré Production_Entity,USA,2025-04-29,daily_state,ndc_balance,252.35,198.21,145.61,65.11,0.034,index,simulated,Synthetic Generator - Bottleneck,,Bottleneck at Phase 6 (Vaulting) - severe D-C imbalance
949,4,Refining_Entity,USA,2025-04-29,daily_state,ndc_balance,304.21,253.0,198.12,71.41,0.038,index,simulated,Synthetic Generator - Bottleneck,,Bottleneck at Phase 6 (Vaulting) - severe D-C imbalance
950,5,Bar Casting & Assay_Entity,USA,2025-04-29,daily_state,ndc_balance,243.8,261.62,220.38,87.26,0.3052,index,simulated,Synthetic Generator - Bottleneck,,Bottleneck at Phase 6 (Vaulting) - severe D-C imbalance
951,6,Logistics & Vaulting_Entity,USA,2025-04-29,daily_state,ndc_balance,434.19,177.89,85.35,30.71,0.0015,index,simulated,Synthetic Generator - Bottleneck,,Bottleneck at Phase 6 (Vaulting) - severe D-C imbalance
952,7,Exchange Registration_Entity,USA,2025-04-29,daily_state,ndc_balance,257.01,241.9,221.68,88.91,0.4196,index,simulated,Synthetic Generator - Bottleneck,,Bottleneck at Phase 6 (Vaulting) - severe D-C imbalance
953,0,Geological Prospecting_Entity,USA,2025-04-30,daily_state,ndc_balance,257.71,219.75,177.25,74.48,0.0689,index,simulated,Synthetic Generator - Bottleneck,,Bottleneck at Phase 6 (Vaulting) - severe D-C imbalance
954,1,Mine Extraction_Entity,USA,2025-04-30,daily_state,ndc_balance,278.38,247.33,209.94,80.01,0.1027,index,simulated,Synthetic Generator - Bottleneck,,Bottleneck at Phase 6 (Vaulting) - severe D-C imbalance
955,2,Ore Processing_Entity,USA,2025-04-30,daily_state,ndc_balance,264.6,274.8,250.35,92.84,0.8766,index,simulated,Synthetic Generator - Bottleneck,,Bottleneck at Phase 6 (Vaulting) - severe D-C imbalance
956,3,Doré Production_Entity,USA,2025-04-30,daily_state,ndc_balance,250.44,247.92,244.22,98.01,6.1274,index,simulated,Synthetic Generator - Bottleneck,,Bottleneck at Phase 6 (Vaulting) - severe D-C imbalance
957,4,Refining_Entity,USA,2025-04-30,daily_state,ndc_balance,266.2,221.88,174.2,71.68,0.0506,index,simulated,Synthetic Generator - Bottleneck,,Bottleneck at Phase 6 (Vaulting) - severe D-C imbalance
958,5,Bar Casting & Assay_Entity,USA,2025-04-30,daily_state,ndc_balance,241.81,248.7,232.01,94.61,1.7387,index,simulated,Synthetic Generator - Bottleneck,,Bottleneck at Phase 6 (Vaulting) - severe D-C imbalance
959,6,Logistics & Vaulting_Entity,USA,2025-04-30,daily_state,ndc_balance,400.88,214.76,115.94,39.51,0.0029,index,simulated,Synthetic Generator - Bottleneck,,Bottleneck at Phase 6 (Vaulting) - severe D-C imbalance
960,7,Exchange Registration_Entity,USA,2025-04-30,daily_state,ndc_balance,239.61,195.71,150.11,69.32,0.0516,index,simulated,Synthetic Generator - Bottleneck,,Bottleneck at Phase 6 (Vaulting) - severe D-C imbalance
961,0,Geological Prospecting_Entity,USA,2025-05-01,daily_state,ndc_balance,276.28,257.83,233.53,87.5,0.2853,index,simulated,Synthetic Generator - Bottleneck,,Bottleneck at Phase 6 (Vaulting) - severe D-C imbalance
962,1,Mine Extraction_Entity,USA,2025-05-01,daily_state,ndc_balance,229.48,255.18,197.84,81.76,0.1491,index,simulated,Synthetic Generator - Bottleneck,,Bottleneck at Phase 6 (Vaulting) - severe D-C imbalance
963,2,Ore Processing_Entity,USA,2025-05-01,daily_state,ndc_balance,279.36,239.24,193.99,75.04,0.0618,index,simulated,Synthetic Generator - Bottleneck,,Bottleneck at Phase 6 (Vaulting) - severe D-C imbalance
964,3,Doré Production_Entity,USA,2025-05-01,daily_state,ndc_balance,301.98,196.9,121.58,49.86,0.009,index,simulated,Synthetic Generator - Bottleneck,,Bottleneck at Phase 6 (Vaulting) - severe D-C imbalance
965,4,Refining_Entity,USA,2025-05-01,daily_state,ndc_balance,263.88,269.16,256.24,96.15,2.6351,index,simulated,Synthetic Generator - Bottleneck,,Bottleneck at Phase 6 (Vaulting) - severe D-C imbalance
966,5,Bar Casting & Assay_Entity,USA,2025-05-01,daily_state,ndc_balance,259.78,239.72,213.84,85.69,0.2425,index,simulated,Synthetic Generator - Bottleneck,,Bottleneck at Phase 6 (Vaulting) - severe D-C imbalance
967,6,Logistics & Vaulting_Entity,USA,2025-05-01,daily_state,ndc_balance,414.19,186.66,92.68,33.33,0.0019,index,simulated,Synthetic Generator - Bottleneck,,Bottleneck at Phase 6 (Vaulting) - severe D-C imbalance
968,7,Exchange Registration_Entity,USA,2025-05-01,daily_state,ndc_balance,281.92,244.66,201.62,76.77,0.0715,index,simulated,Synthetic Generator - Bottleneck,,Bottleneck at Phase 6 (Vaulting) - severe D-C imbalance
969,0,Geological Prospecting_Entity,USA,2025-05-02,daily_state,ndc_balance,270.8,214.53,159.06,65.99,0.0315,index,simulated,Synthetic Generator - Bottleneck,,Bottleneck at Phase 6 (Vaulting) - severe D-C imbalance
970,1,Mine Extraction_Entity,USA,2025-05-02,daily_state,ndc_balance,245.44,216.5,182.08,78.99,0.118,index,simulated,Synthetic Generator - Bottleneck,,Bottleneck at Phase 6 (Vaulting) - severe D-C imbalance
971,2,Ore Processing_Entity,USA,2025-05-02,daily_state,ndc_balance,242.28,265.38,213.05,84.02,0.1839,index,simulated,Synthetic Generator - Bottleneck,,Bottleneck at Phase 6 (Vaulting) - severe D-C imbalance
972,3,Doré Production_Entity,USA,2025-05-02,daily_state,ndc_balance,252.16,305.17,195.99,70.65,0.0355,index,simulated,Synthetic Generator - Bottleneck,,Bottleneck at Phase 6 (Vaulting) - severe D-C imbalance
973,4,Refining_Entity,USA,2025-05-02,daily_state,ndc_balance,253.87,241.49,224.6,90.71,0.6129,index,simulated,Synthetic Generator - Bottleneck,,Bottleneck at Phase 6 (Vaulting) - severe D-C imbalance
974,5,Bar Casting & Assay_Entity,USA,2025-05-02,daily_state,ndc_balance,245.38,228.1,205.51,86.86,0.3241,index,simulated,Synthetic Generator - Bottleneck,,Bottleneck at Phase 6 (Vaulting) - severe D-C imbalance
975,6,Logistics & Vaulting_Entity,USA,2025-05-02,daily_state,ndc_balance,418.84,196.92,99.53,34.66,0.002,index,simulated,Synthetic Generator - Bottleneck,,Bottleneck at Phase 6 (Vaulting) - severe D-C imbalance
976,7,Exchange Registration_Entity,USA,2025-05-02,daily_state,ndc_balance,265.49,211.36,157.55,66.51,0.034,index,simulated,Synthetic Generator - Bottleneck,,Bottleneck at Phase 6 (Vaulting) - severe D-C imbalance
977,0,Geological Prospecting_Entity,USA,2025-05-03,daily_state,ndc_balance,231.5,228.74,224.71,97.65,5.688,index,simulated,Synthetic Generator - Bottleneck,,Bottleneck at Phase 6 (Vaulting) - severe D-C imbalance
978,1,Mine Extraction_Entity,USA,2025-05-03,daily_state,ndc_balance,251.48,269.84,227.35,87.28,0.288,index,simulated,Synthetic Generator - Bottleneck,,Bottleneck at Phase 6 (Vaulting) - severe D-C imbalance
979,2,Ore Processing_Entity,USA,2025-05-03,daily_state,ndc_balance,223.19,232.0,210.91,92.68,1.1404,index,simulated,Synthetic Generator - Bottleneck,,Bottleneck at Phase 6 (Vaulting) - severe D-C imbalance
980,3,Doré Production_Entity,USA,2025-05-03,daily_state,ndc_balance,252.89,194.16,139.26,62.85,0.0289,index,simulated,Synthetic Generator - Bottleneck,,Bottleneck at Phase 6 (Vaulting) - severe D-C imbalance
981,4,Refining_Entity,USA,2025-05-03,daily_state,ndc_balance,233.33,223.0,208.79,91.53,0.8576,index,simulated,Synthetic Generator - Bottleneck,,Bottleneck at Phase 6 (Vaulting) - severe D-C imbalance
982,5,Bar Casting & Assay_Entity,USA,2025-05-03,daily_state,ndc_balance,228.71,248.02,203.82,85.58,0.2611,index,simulated,Synthetic Generator - Bottleneck,,Bottleneck at Phase 6 (Vaulting) - severe D-C imbalance
983,6,Logistics & Vaulting_Entity,USA,2025-05-03,daily_state,ndc_balance,416.79,171.67,82.5,30.84,0.0017,index,simulated,Synthetic Generator - Bottleneck,,Bottleneck at Phase 6 (Vaulting) - severe D-C imbalance
984,7,Exchange Registration_Entity,USA,2025-05-03,daily_state,ndc_balance,269.17,276.0,259.4,95.17,1.7641,index,simulated,Synthetic Generator - Bottleneck,,Bottleneck at Phase 6 (Vaulting) - severe D-C imbalance
985,0,Geological Prospecting_Entity,USA,2025-05-04,daily_state,ndc_balance,282.79,191.93,122.53,52.59,0.0121,index,simulated,Synthetic Generator - Bottleneck,,Bottleneck at Phase 6 (Vaulting) - severe D-C imbalance
986,1,Mine Extraction_Entity,USA,2025-05-04,daily_state,ndc_balance,261.54,235.55,203.47,81.97,0.1459,index,simulated,Synthetic Generator - Bottleneck,,Bottleneck at Phase 6 (Vaulting) - severe D-C imbalance
987,2,Ore Processing_Entity,USA,2025-05-04,daily_state,ndc_balance,253.1,230.04,201.1,83.34,0.1846,index,simulated,Synthetic Generator - Bottleneck,,Bottleneck at Phase 6 (Vaulting) - severe D-C imbalance
988,3,Doré Production_Entity,USA,2025-05-04,daily_state,ndc_balance,252.35,243.79,231.75,93.44,1.1992,index,simulated,Synthetic Generator - Bottleneck,,Bottleneck at Phase 6 (Vaulting) - severe D-C imbalance
989,4,Refining_Entity,USA,2025-05-04,daily_state,ndc_balance,238.42,217.59,191.25,83.97,0.2253,index,simulated,Synthetic Generator - Bottleneck,,Bottleneck at Phase 6 (Vaulting) - severe D-C imbalance
990,5,Bar Casting & Assay_Entity,USA,2025-05-04,daily_state,ndc_balance,237.08,248.23,221.75,91.41,0.7447,index,simulated,Synthetic Generator - Bottleneck,,Bottleneck at Phase 6 (Vaulting) - severe D-C imbalance
991,6,Logistics & Vaulting_Entity,USA,2025-05-04,daily_state,ndc_balance,431.98,192.8,95.36,33.04,0.0017,index,simulated,Synthetic Generator - Bottleneck,,Bottleneck at Phase 6 (Vaulting) - severe D-C imbalance
992,7,Exchange Registration_Entity,USA,2025-05-04,daily_state,ndc_balance,247.96,241.87,233.15,95.2,2.1215,index,simulated,Synthetic Generator - Bottleneck,,Bottleneck at Phase 6 (Vaulting) - severe D-C imbalance
993,0,Geological Prospecting_Entity,USA,2025-05-05,daily_state,ndc_balance,269.25,269.14,268.97,99.92,9.9879,index,simulated,Synthetic Generator - Bottleneck,,Bottleneck at Phase 6 (Vaulting) - severe D-C imbalance
994,1,Mine Extraction_Entity,USA,2025-05-05,daily_state,ndc_balance,248.82,234.48,215.24,89.11,0.4633,index,simulated,Synthetic Generator - Bottleneck,,Bottleneck at Phase 6 (Vaulting) - severe D-C imbalance
995,2,Ore Processing_Entity,USA,2025-05-05,daily_state,ndc_balance,253.82,211.26,165.58,71.51,0.0549,index,simulated,Synthetic Generator - Bottleneck,,Bottleneck at Phase 6 (Vaulting) - severe D-C imbalance
996,3,Doré Production_Entity,USA,2025-05-05,daily_state,ndc_balance,246.13,258.61,229.07,90.79,0.6027,index,simulated,Synthetic Generator - Bottleneck,,Bottleneck at Phase 6 (Vaulting) - severe D-C imbalance
997,4,Refining_Entity,USA,2025-05-05,daily_state,ndc_balance,262.84,233.24,197.67,79.84,0.1129,index,simulated,Synthetic Generator - Bottleneck,,Bottleneck at Phase 6 (Vaulting) - severe D-C imbalance
998,5,Bar Casting & Assay_Entity,USA,2025-05-05,daily_state,ndc_balance,251.87,220.87,184.4,78.18,0.103,index,simulated,Synthetic Generator - Bottleneck,,Bottleneck at Phase 6 (Vaulting) - severe D-C imbalance
999,6,Logistics & Vaulting_Entity,USA,2025-05-05,daily_state,ndc_balance,434.07,178.83,85.95,30.85,0.0015,index,simulated,Synthetic Generator - Bottleneck,,Bottleneck at Phase 6 (Vaulting) - severe D-C imbalance
1000,7,Exchange Registration_Entity,USA,2025-05-05,daily_state,ndc_balance,249.44,227.65,200.11,83.97,0.2064,index,simulated,Synthetic Generator - Bottleneck,,Bottleneck at Phase 6 (Vaulting) - severe D-C imbalance
1001,0,Geological Prospecting_Entity,USA,2025-05-06,daily_state,ndc_balance,248.74,228.8,203.23,85.19,0.2454,index,simulated,Synthetic Generator - Bottleneck,,Bottleneck at Phase 6 (Vaulting) - severe D-C imbalance
1002,1,Mine Extraction_Entity,USA,2025-05-06,daily_state,ndc_balance,263.16,230.12,191.43,77.79,0.0907,index,simulated,Synthetic Generator - Bottleneck,,Bottleneck at Phase 6 (Vaulting) - severe D-C imbalance
1003,2,Ore Processing_Entity,USA,2025-05-06,daily_state,ndc_balance,281.86,276.63,269.06,96.36,2.6779,index,simulated,Synthetic Generator - Bottleneck,,Bottleneck at Phase 6 (Vaulting) - severe D-C imbalance
1004,3,Doré Production_Entity,USA,2025-05-06,daily_state,ndc_balance,232.17,241.74,218.87,92.39,0.9838,index,simulated,Synthetic Generator - Bottleneck,,Bottleneck at Phase 6 (Vaulting) - severe D-C imbalance
1005,4,Refining_Entity,USA,2025-05-06,daily_state,ndc_balance,236.99,231.83,224.42,95.74,2.7357,index,simulated,Synthetic Generator - Bottleneck,,Bottleneck at Phase 6 (Vaulting) - severe D-C imbalance
1006,5,Bar Casting & Assay_Entity,USA,2025-05-06,daily_state,ndc_balance,289.05,232.91,175.94,67.81,0.0316,index,simulated,Synthetic Generator - Bottleneck,,Bottleneck at Phase 6 (Vaulting) - severe D-C imbalance
1007,6,Logistics & Vaulting_Entity,USA,2025-05-06,daily_state,ndc_balance,427.2,188.12,92.56,32.65,0.0017,index,simulated,Synthetic Generator - Bottleneck,,Bottleneck at Phase 6 (Vaulting) - severe D-C imbalance
1008,7,Exchange Registration_Entity,USA,2025-05-06,daily_state,ndc_balance,231.98,217.3,197.83,88.11,0.4435,index,simulated,Synthetic Generator - Bottleneck,,Bottleneck at Phase 6 (Vaulting) - severe D-C imbalance
1009,0,Geological Prospecting_Entity,USA,2025-05-07,daily_state,ndc_balance,225.88,217.85,206.61,93.14,1.343,index,simulated,Synthetic Generator - Bottleneck,,Bottleneck at Phase 6 (Vaulting) - severe D-C imbalance
1010,1,Mine Extraction_Entity,USA,2025-05-07,daily_state,ndc_balance,193.0,253.61,137.17,62.0,0.0271,index,simulated,Synthetic Generator - Bottleneck,,Bottleneck at Phase 6 (Vaulting) - severe D-C imbalance
1011,2,Ore Processing_Entity,USA,2025-05-07,daily_state,ndc_balance,291.08,243.7,192.32,72.21,0.0443,index,simulated,Synthetic Generator - Bottleneck,,Bottleneck at Phase 6 (Vaulting) - severe D-C imbalance
1012,3,Doré Production_Entity,USA,2025-05-07,daily_state,ndc_balance,221.67,223.93,218.36,98.01,6.6272,index,simulated,Synthetic Generator - Bottleneck,,Bottleneck at Phase 6 (Vaulting) - severe D-C imbalance
1013,4,Refining_Entity,USA,2025-05-07,daily_state,ndc_balance,240.82,214.56,182.77,80.4,0.1429,index,simulated,Synthetic Generator - Bottleneck,,Bottleneck at Phase 6 (Vaulting) - severe D-C imbalance
1014,5,Bar Casting & Assay_Entity,USA,2025-05-07,daily_state,ndc_balance,267.71,259.95,248.95,94.37,1.426,index,simulated,Synthetic Generator - Bottleneck,,Bottleneck at Phase 6 (Vaulting) - severe D-C imbalance
1015,6,Logistics & Vaulting_Entity,USA,2025-05-07,daily_state,ndc_balance,396.89,190.88,97.47,35.41,0.0024,index,simulated,Synthetic Generator - Bottleneck,,Bottleneck at Phase 6 (Vaulting) - severe D-C imbalance
1016,7,Exchange Registration_Entity,USA,2025-05-07,daily_state,ndc_balance,279.53,288.24,267.2,94.14,1.1649,index,simulated,Synthetic Generator - Bottleneck,,Bottleneck at Phase 6 (Vaulting) - severe D-C imbalance
1017,0,Geological Prospecting_Entity,USA,2025-05-08,daily_state,ndc_balance,307.3,217.45,144.04,55.72,0.0124,index,simulated,Synthetic Generator - Bottleneck,,Bottleneck at Phase 6 (Vaulting) - severe D-C imbalance
1018,1,Mine Extraction_Entity,USA,2025-05-08,daily_state,ndc_balance,306.48,231.14,162.79,61.16,0.0176,index,simulated,Synthetic Generator - Bottleneck,,Bottleneck at Phase 6 (Vaulting) - severe D-C imbalance
1019,2,Ore Processing_Entity,USA,2025-05-08,daily_state,ndc_balance,238.15,248.18,224.24,92.24,0.9048,index,simulated,Synthetic Generator - Bottleneck,,Bottleneck at Phase 6 (Vaulting) - severe D-C imbalance
1020,3,Doré Production_Entity,USA,2025-05-08,daily_state,ndc_balance,238.36,249.98,222.43,91.12,0.6898,index,simulated,Synthetic Generator - Bottleneck,,Bottleneck at Phase 6 (Vaulting) - severe D-C imbalance
1021,4,Refining_Entity,USA,2025-05-08,daily_state,ndc_balance,223.6,234.03,209.24,91.47,0.8415,index,simulated,Synthetic Generator - Bottleneck,,Bottleneck at Phase 6 (Vaulting) - severe D-C imbalance
1022,5,Bar Casting & Assay_Entity,USA,2025-05-08,daily_state,ndc_balance,277.71,237.37,192.02,74.79,0.0611,index,simulated,Synthetic Generator - Bottleneck,,Bottleneck at Phase 6 (Vaulting) - severe D-C imbalance
1023,6,Logistics & Vaulting_Entity,USA,2025-05-08,daily_state,ndc_balance,422.83,187.13,92.25,32.8,0.0018,index,simulated,Synthetic Generator - Bottleneck,,Bottleneck at Phase 6 (Vaulting) - severe D-C imbalance
1024,7,Exchange Registration_Entity,USA,2025-05-08,daily_state,ndc_balance,269.42,201.28,140.42,60.3,0.0215,index,simulated,Synthetic Generator - Bottleneck,,Bottleneck at Phase 6 (Vaulting) - severe D-C imbalance
1025,0,Geological Prospecting_Entity,USA,2025-05-09,daily_state,ndc_balance,261.69,233.3,198.89,80.49,0.1225,index,simulated,Synthetic Generator - Bottleneck,,Bottleneck at Phase 6 (Vaulting) - severe D-C imbalance
1026,1,Mine Extraction_Entity,USA,2025-05-09,daily_state,ndc_balance,253.33,266.5,235.39,90.59,0.5454,index,simulated,Synthetic Generator - Bottleneck,,Bottleneck at Phase 6 (Vaulting) - severe D-C imbalance
1027,2,Ore Processing_Entity,USA,2025-05-09,daily_state,ndc_balance,226.12,214.68,199.14,90.38,0.7107,index,simulated,Synthetic Generator - Bottleneck,,Bottleneck at Phase 6 (Vaulting) - severe D-C imbalance
1028,3,Doré Production_Entity,USA,2025-05-09,daily_state,ndc_balance,211.29,226.27,191.54,87.6,0.4266,index,simulated,Synthetic Generator - Bottleneck,,Bottleneck at Phase 6 (Vaulting) - severe D-C imbalance
1029,4,Refining_Entity,USA,2025-05-09,daily_state,ndc_balance,276.61,236.99,192.25,75.09,0.0633,index,simulated,Synthetic Generator - Bottleneck,,Bottleneck at Phase 6 (Vaulting) - severe D-C imbalance
1030,5,Bar Casting & Assay_Entity,USA,2025-05-09,daily_state,ndc_balance,226.67,225.77,224.44,99.21,9.2573,index,simulated,Synthetic Generator - Bottleneck,,Bottleneck at Phase 6 (Vaulting) - severe D-C imbalance
1031,6,Logistics & Vaulting_Entity,USA,2025-05-09,daily_state,ndc_balance,390.24,163.12,78.78,31.22,0.0019,index,simulated,Synthetic Generator - Bottleneck,,Bottleneck at Phase 6 (Vaulting) - severe D-C imbalance
1032,7,Exchange Registration_Entity,USA,2025-05-09,daily_state,ndc_balance,250.87,215.26,174.95,75.29,0.0783,index,simulated,Synthetic Generator - Bottleneck,,Bottleneck at Phase 6 (Vaulting) - severe D-C imbalance
1033,0,Geological Prospecting_Entity,USA,2025-05-10,daily_state,ndc_balance,272.25,238.22,198.34,77.88,0.0856,index,simulated,Synthetic Generator - Bottleneck,,Bottleneck at Phase 6 (Vaulting) - severe D-C imbalance
1034,1,Mine Extraction_Entity,USA,2025-05-10,daily_state,ndc_balance,251.71,233.04,208.8,86.21,0.2789,index,simulated,Synthetic Generator - Bottleneck,,Bottleneck at Phase 6 (Vaulting) - severe D-C imbalance
1035,2,Ore Processing_Entity,USA,2025-05-10,daily_state,ndc_balance,265.46,259.58,251.13,95.67,2.2446,index,simulated,Synthetic Generator - Bottleneck,,Bottleneck at Phase 6 (Vaulting) - severe D-C imbalance
1036,3,Doré Production_Entity,USA,2025-05-10,daily_state,ndc_balance,256.7,254.12,250.32,98.01,6.0012,index,simulated,Synthetic Generator - Bottleneck,,Bottleneck at Phase 6 (Vaulting) - severe D-C imbalance
1037,4,Refining_Entity,USA,2025-05-10,daily_state,ndc_balance,245.76,253.56,234.74,94.04,1.4126,index,simulated,Synthetic Generator - Bottleneck,,Bottleneck at Phase 6 (Vaulting) - severe D-C imbalance
1038,5,Bar Casting & Assay_Entity,USA,2025-05-10,daily_state,ndc_balance,248.15,237.11,221.91,91.48,0.7575,index,simulated,Synthetic Generator - Bottleneck,,Bottleneck at Phase 6 (Vaulting) - severe D-C imbalance
1039,6,Logistics & Vaulting_Entity,USA,2025-05-10,daily_state,ndc_balance,414.51,173.14,83.6,31.21,0.0017,index,simulated,Synthetic Generator - Bottleneck,,Bottleneck at Phase 6 (Vaulting) - severe D-C imbalance
1040,7,Exchange Registration_Entity,USA,2025-05-10,daily_state,ndc_balance,226.5,258.17,189.2,78.24,0.0987,index,simulated,Synthetic Generator - Bottleneck,,Bottleneck at Phase 6 (Vaulting) - severe D-C imbalance
1041,0,Geological Prospecting_Entity,USA,2025-05-11,daily_state,ndc_balance,276.21,269.28,259.37,95.1,1.7215,index,simulated,Synthetic Generator - Bottleneck,,Bottleneck at Phase 6 (Vaulting) - severe D-C imbalance
1042,1,Mine Extraction_Entity,USA,2025-05-11,daily_state,ndc_balance,224.87,272.23,174.71,70.61,0.0444,index,simulated,Synthetic Generator - Bottleneck,,Bottleneck at Phase 6 (Vaulting) - severe D-C imbalance
1043,2,Ore Processing_Entity,USA,2025-05-11,daily_state,ndc_balance,243.64,255.02,227.98,91.46,0.7166,index,simulated,Synthetic Generator - Bottleneck,,Bottleneck at Phase 6 (Vaulting) - severe D-C imbalance
1044,3,Doré Production_Entity,USA,2025-05-11,daily_state,ndc_balance,231.88,243.55,215.92,90.86,0.6836,index,simulated,Synthetic Generator - Bottleneck,,Bottleneck at Phase 6 (Vaulting) - severe D-C imbalance
1045,4,Refining_Entity,USA,2025-05-11,daily_state,ndc_balance,256.27,202.88,150.32,65.92,0.035,index,simulated,Synthetic Generator - Bottleneck,,Bottleneck at Phase 6 (Vaulting) - severe D-C imbalance
1046,5,Bar Casting & Assay_Entity,USA,2025-05-11,daily_state,ndc_balance,268.47,269.87,266.39,98.97,8.3631,index,simulated,Synthetic Generator - Bottleneck,,Bottleneck at Phase 6 (Vaulting) - severe D-C imbalance
1047,6,Logistics & Vaulting_Entity,USA,2025-05-11,daily_state,ndc_balance,416.51,200.4,102.35,35.43,0.0021,index,simulated,Synthetic Generator - Bottleneck,,Bottleneck at Phase 6 (Vaulting) - severe D-C imbalance
1048,7,Exchange Registration_Entity,USA,2025-05-11,daily_state,ndc_balance,233.82,269.49,192.65,76.74,0.078,index,simulated,Synthetic Generator - Bottleneck,,Bottleneck at Phase 6 (Vaulting) - severe D-C imbalance
1049,0,Geological Prospecting_Entity,USA,2025-05-12,daily_state,ndc_balance,205.63,300.47,132.21,53.19,0.0111,index,simulated,Synthetic Generator - Bottleneck,,Bottleneck at Phase 6 (Vaulting) - severe D-C imbalance
1050,1,Mine Extraction_Entity,USA,2025-05-12,daily_state,ndc_balance,279.91,232.88,182.45,71.46,0.045,index,simulated,Synthetic Generator - Bottleneck,,Bottleneck at Phase 6 (Vaulting) - severe D-C imbalance
1051,2,Ore Processing_Entity,USA,2025-05-12,daily_state,ndc_balance,210.56,247.2,169.61,74.34,0.0739,index,simulated,Synthetic Generator - Bottleneck,,Bottleneck at Phase 6 (Vaulting) - severe D-C imbalance
1052,3,Doré Production_Entity,USA,2025-05-12,daily_state,ndc_balance,221.12,251.12,185.56,78.75,0.1099,index,simulated,Synthetic Generator - Bottleneck,,Bottleneck at Phase 6 (Vaulting) - severe D-C imbalance
1053,4,Refining_Entity,USA,2025-05-12,daily_state,ndc_balance,258.23,216.46,171.09,72.36,0.057,index,simulated,Synthetic Generator - Bottleneck,,Bottleneck at Phase 6 (Vaulting) - severe D-C imbalance
1054,5,Bar Casting & Assay_Entity,USA,2025-05-12,daily_state,ndc_balance,280.05,255.56,224.6,83.96,0.164,index,simulated,Synthetic Generator - Bottleneck,,Bottleneck at Phase 6 (Vaulting) - severe D-C imbalance
1055,6,Logistics & Vaulting_Entity,USA,2025-05-12,daily_state,ndc_balance,439.52,180.13,86.43,30.72,0.0015,index,simulated,Synthetic Generator - Bottleneck,,Bottleneck at Phase 6 (Vaulting) - severe D-C imbalance
1056,7,Exchange Registration_Entity,USA,2025-05-12,daily_state,ndc_balance,206.84,274.35,145.63,61.13,0.0219,index,simulated,Synthetic Generator - Bottleneck,,Bottleneck at Phase 6 (Vaulting) - severe D-C imbalance
1057,0,Geological Prospecting_Entity,USA,2025-05-13,daily_state,ndc_balance,244.59,205.26,162.43,72.49,0.0642,index,simulated,Synthetic Generator - Bottleneck,,Bottleneck at Phase 6 (Vaulting) - severe D-C imbalance
1058,1,Mine Extraction_Entity,USA,2025-05-13,daily_state,ndc_balance,277.04,292.49,256.13,89.98,0.4024,index,simulated,Synthetic Generator - Bottleneck,,Bottleneck at Phase 6 (Vaulting) - severe D-C imbalance
1059,2,Ore Processing_Entity,USA,2025-05-13,daily_state,ndc_balance,249.18,293.98,199.54,73.73,0.0496,index,simulated,Synthetic Generator - Bottleneck,,Bottleneck at Phase 6 (Vaulting) - severe D-C imbalance
1060,3,Doré Production_Entity,USA,2025-05-13,daily_state,ndc_balance,251.83,230.49,203.37,84.41,0.2149,index,simulated,Synthetic Generator - Bottleneck,,Bottleneck at Phase 6 (Vaulting) - severe D-C imbalance
1061,4,Refining_Entity,USA,2025-05-13,daily_state,ndc_balance,237.39,280.93,189.42,73.35,0.0525,index,simulated,Synthetic Generator - Bottleneck,,Bottleneck at Phase 6 (Vaulting) - severe D-C imbalance
1062,5,Bar Casting & Assay_Entity,USA,2025-05-13,daily_state,ndc_balance,243.28,253.05,229.67,92.57,0.9474,index,simulated,Synthetic Generator - Bottleneck,,Bottleneck at Phase 6 (Vaulting) - severe D-C imbalance
1063,6,Logistics & Vaulting_Entity,USA,2025-05-13,daily_state,ndc_balance,408.82,173.1,83.96,31.56,0.0018,index,simulated,Synthetic Generator - Bottleneck,,Bottleneck at Phase 6 (Vaulting) - severe D-C imbalance
1064,7,Exchange Registration_Entity,USA,2025-05-13,daily_state,ndc_balance,253.52,241.89,225.92,91.23,0.6879,index,simulated,Synthetic Generator - Bottleneck,,Bottleneck at Phase 6 (Vaulting) - severe D-C imbalance
1065,0,Geological Prospecting_Entity,USA,2025-05-14,daily_state,ndc_balance,241.9,268.32,209.24,82.13,0.1413,index,simulated,Synthetic Generator - Bottleneck,,Bottleneck at Phase 6 (Vaulting) - severe D-C imbalance
1066,1,Mine Extraction_Entity,USA,2025-05-14,daily_state,ndc_balance,281.95,256.12,223.73,83.26,0.1477,index,simulated,Synthetic Generator - Bottleneck,,Bottleneck at Phase 6 (Vaulting) - severe D-C imbalance
1067,2,Ore Processing_Entity,USA,2025-05-14,daily_state,ndc_balance,236.9,227.23,213.83,92.16,0.9661,index,simulated,Synthetic Generator - Bottleneck,,Bottleneck at Phase 6 (Vaulting) - severe D-C imbalance
1068,3,Doré Production_Entity,USA,2025-05-14,daily_state,ndc_balance,251.6,248.02,242.81,97.2,4.3896,index,simulated,Synthetic Generator - Bottleneck,,Bottleneck at Phase 6 (Vaulting) - severe D-C imbalance
1069,4,Refining_Entity,USA,2025-05-14,daily_state,ndc_balance,230.24,258.08,196.47,80.6,0.1274,index,simulated,Synthetic Generator - Bottleneck,,Bottleneck at Phase 6 (Vaulting) - severe D-C imbalance
1070,5,Bar Casting & Assay_Entity,USA,2025-05-14,daily_state,ndc_balance,261.75,191.08,130.33,58.28,0.02,index,simulated,Synthetic Generator - Bottleneck,,Bottleneck at Phase 6 (Vaulting) - severe D-C imbalance
1071,6,Logistics & Vaulting_Entity,USA,2025-05-14,daily_state,ndc_balance,401.42,172.44,84.07,31.95,0.0019,index,simulated,Synthetic Generator - Bottleneck,,Bottleneck at Phase 6 (Vaulting) - severe D-C imbalance
1072,7,Exchange Registration_Entity,USA,2025-05-14,daily_state,ndc_balance,229.49,299.93,164.02,62.52,0.0201,index,simulated,Synthetic Generator - Bottleneck,,Bottleneck at Phase 6 (Vaulting) - severe D-C imbalance
1073,0,Geological Prospecting_Entity,USA,2025-05-15,daily_state,ndc_balance,254.76,218.98,178.35,75.51,0.0775,index,simulated,Synthetic Generator - Bottleneck,,Bottleneck at Phase 6 (Vaulting) - severe D-C imbalance
1074,1,Mine Extraction_Entity,USA,2025-05-15,daily_state,ndc_balance,254.41,231.2,202.07,83.32,0.1822,index,simulated,Synthetic Generator - Bottleneck,,Bottleneck at Phase 6 (Vaulting) - severe D-C imbalance
1075,2,Ore Processing_Entity,USA,2025-05-15,daily_state,ndc_balance,256.5,254.51,251.59,98.47,7.1817,index,simulated,Synthetic Generator - Bottleneck,,Bottleneck at Phase 6 (Vaulting) - severe D-C imbalance
1076,3,Doré Production_Entity,USA,2025-05-15,daily_state,ndc_balance,274.18,239.39,198.77,77.59,0.0819,index,simulated,Synthetic Generator - Bottleneck,,Bottleneck at Phase 6 (Vaulting) - severe D-C imbalance
1077,4,Refining_Entity,USA,2025-05-15,daily_state,ndc_balance,282.78,262.7,236.47,86.76,0.242,index,simulated,Synthetic Generator - Bottleneck,,Bottleneck at Phase 6 (Vaulting) - severe D-C imbalance
1078,5,Bar Casting & Assay_Entity,USA,2025-05-15,daily_state,ndc_balance,246.96,288.58,200.06,74.94,0.0574,index,simulated,Synthetic Generator - Bottleneck,,Bottleneck at Phase 6 (Vaulting) - severe D-C imbalance
1079,6,Logistics & Vaulting_Entity,USA,2025-05-15,daily_state,ndc_balance,426.54,167.47,79.32,29.68,0.0015,index,simulated,Synthetic Generator - Bottleneck,,Bottleneck at Phase 6 (Vaulting) - severe D-C imbalance
1080,7,Exchange Registration_Entity,USA,2025-05-15,daily_state,ndc_balance,262.34,305.76,213.19,75.27,0.0528,index,simulated,Synthetic Generator - Bottleneck,,Bottleneck at Phase 6 (Vaulting) - severe D-C imbalance
1081,0,Geological Prospecting_Entity,USA,2025-05-16,daily_state,ndc_balance,249.34,227.41,199.71,83.87,0.2037,index,simulated,Synthetic Generator - Bottleneck,,Bottleneck at Phase 6 (Vaulting) - severe D-C imbalance
1082,1,Mine Extraction_Entity,USA,2025-05-16,daily_state,ndc_balance,246.55,257.87,230.96,91.6,0.7244,index,simulated,Synthetic Generator - Bottleneck,,Bottleneck at Phase 6 (Vaulting) - severe D-C imbalance
1083,2,Ore Processing_Entity,USA,2025-05-16,daily_state,ndc_balance,275.56,254.26,226.79,85.68,0.2158,index,simulated,Synthetic Generator - Bottleneck,,Bottleneck at Phase 6 (Vaulting) - severe D-C imbalance
1084,3,Doré Production_Entity,USA,2025-05-16,daily_state,ndc_balance,252.03,277.45,220.17,83.26,0.1524,index,simulated,Synthetic Generator - Bottleneck,,Bottleneck at Phase 6 (Vaulting) - severe D-C imbalance
1085,4,Refining_Entity,USA,2025-05-16,daily_state,ndc_balance,243.74,265.77,215.64,84.72,0.2019,index,simulated,Synthetic Generator - Bottleneck,,Bottleneck at Phase 6 (Vaulting) - severe D-C imbalance
1086,5,Bar Casting & Assay_Entity,USA,2025-05-16,daily_state,ndc_balance,256.3,243.54,226.17,90.53,0.5792,index,simulated,Synthetic Generator - Bottleneck,,Bottleneck at Phase 6 (Vaulting) - severe D-C imbalance
1087,6,Logistics & Vaulting_Entity,USA,2025-05-16,daily_state,ndc_balance,417.73,179.16,87.3,31.91,0.0018,index,simulated,Synthetic Generator - Bottleneck,,Bottleneck at Phase 6 (Vaulting) - severe D-C imbalance
1088,7,Exchange Registration_Entity,USA,2025-05-16,daily_state,ndc_balance,220.38,288.33,157.34,62.42,0.0216,index,simulated,Synthetic Generator - Bottleneck,,Bottleneck at Phase 6 (Vaulting) - severe D-C imbalance
1089,0,Geological Prospecting_Entity,USA,2025-05-17,daily_state,ndc_balance,235.34,221.49,202.97,88.9,0.4957,index,simulated,Synthetic Generator - Bottleneck,,Bottleneck at Phase 6 (Vaulting) - severe D-C imbalance
1090,1,Mine Extraction_Entity,USA,2025-05-17,daily_state,ndc_balance,292.42,264.45,229.66,82.59,0.1262,index,simulated,Synthetic Generator - Bottleneck,,Bottleneck at Phase 6 (Vaulting) - severe D-C imbalance
1091,2,Ore Processing_Entity,USA,2025-05-17,daily_state,ndc_balance,202.3,225.87,173.49,81.16,0.1768,index,simulated,Synthetic Generator - Bottleneck,,Bottleneck at Phase 6 (Vaulting) - severe D-C imbalance
1092,3,Doré Production_Entity,USA,2025-05-17,daily_state,ndc_balance,213.76,216.23,210.13,97.74,6.206,index,simulated,Synthetic Generator - Bottleneck,,Bottleneck at Phase 6 (Vaulting) - severe D-C imbalance
1093,4,Refining_Entity,USA,2025-05-17,daily_state,ndc_balance,187.23,236.58,138.68,65.89,0.0409,index,simulated,Synthetic Generator - Bottleneck,,Bottleneck at Phase 6 (Vaulting) - severe D-C imbalance
1094,5,Bar Casting & Assay_Entity,USA,2025-05-17,daily_state,ndc_balance,240.05,233.77,224.8,94.9,2.021,index,simulated,Synthetic Generator - Bottleneck,,Bottleneck at Phase 6 (Vaulting) - severe D-C imbalance
1095,6,Logistics & Vaulting_Entity,USA,2025-05-17,daily_state,ndc_balance,387.5,181.24,91.4,34.49,0.0024,index,simulated,Synthetic Generator - Bottleneck,,Bottleneck at Phase 6 (Vaulting) - severe D-C imbalance
1096,7,Exchange Registration_Entity,USA,2025-05-17,daily_state,ndc_balance,218.63,292.93,152.38,60.21,0.0181,index,simulated,Synthetic Generator - Bottleneck,,Bottleneck at Phase 6 (Vaulting) - severe D-C imbalance
1097,0,Geological Prospecting_Entity,USA,2025-05-18,daily_state,ndc_balance,278.23,259.63,235.14,87.49,0.2811,index,simulated,Synthetic Generator - Bottleneck,,Bottleneck at Phase 6 (Vaulting) - severe D-C imbalance
1098,1,Mine Extraction_Entity,USA,2025-05-18,daily_state,ndc_balance,243.47,289.63,193.06,72.7,0.0467,index,simulated,Synthetic Generator - Bottleneck,,Bottleneck at Phase 6 (Vaulting) - severe D-C imbalance
1099,2,Ore Processing_Entity,USA,2025-05-18,daily_state,ndc_balance,218.94,204.91,186.33,87.97,0.4836,index,simulated,Synthetic Generator - Bottleneck,,Bottleneck at Phase 6 (Vaulting) - severe D-C imbalance
1100,3,Doré Production_Entity,USA,2025-05-18,daily_state,ndc_balance,248.32,296.35,196.18,72.32,0.0432,index,simulated,Synthetic Generator - Bottleneck,,Bottleneck at Phase 6 (Vaulting) - severe D-C imbalance
1101,4,Refining_Entity,USA,2025-05-18,daily_state,ndc_balance,245.95,235.42,220.87,91.79,0.8266,index,simulated,Synthetic Generator - Bottleneck,,Bottleneck at Phase 6 (Vaulting) - severe D-C imbalance
1102,5,Bar Casting & Assay_Entity,USA,2025-05-18,daily_state,ndc_balance,234.75,255.49,208.2,85.01,0.2271,index,simulated,Synthetic Generator - Bottleneck,,Bottleneck at Phase 6 (Vaulting) - severe D-C imbalance
1103,6,Logistics & Vaulting_Entity,USA,2025-05-18,daily_state,ndc_balance,439.06,191.84,94.11,32.43,0.0016,index,simulated,Synthetic Generator - Bottleneck,,Bottleneck at Phase 6 (Vaulting) - severe D-C imbalance
1104,7,Exchange Registration_Entity,USA,2025-05-18,daily_state,ndc_balance,213.7,238.14,183.72,81.44,0.1646,index,simulated,Synthetic Generator - Bottleneck,,Bottleneck at Phase 6 (Vaulting) - severe D-C imbalance
1105,0,Geological Prospecting_Entity,USA,2025-05-19,daily_state,ndc_balance,224.14,242.1,200.83,86.21,0.3007,index,simulated,Synthetic Generator - Bottleneck,,Bottleneck at Phase 6 (Vaulting) - severe D-C imbalance
1106,1,Mine Extraction_Entity,USA,2025-05-19,daily_state,ndc_balance,228.39,210.56,187.6,85.55,0.3051,index,simulated,Synthetic Generator - Bottleneck,,Bottleneck at Phase 6 (Vaulting) - severe D-C imbalance
1107,2,Ore Processing_Entity,USA,2025-05-19,daily_state,ndc_balance,241.53,227.77,209.3,89.23,0.502,index,simulated,Synthetic Generator - Bottleneck,,Bottleneck at Phase 6 (Vaulting) - severe D-C imbalance
1108,3,Doré Production_Entity,USA,2025-05-19,daily_state,ndc_balance,239.24,251.66,222.31,90.6,0.6087,index,simulated,Synthetic Generator - Bottleneck,,Bottleneck at Phase 6 (Vaulting) - severe D-C imbalance
1109,4,Refining_Entity,USA,2025-05-19,daily_state,ndc_balance,251.58,232.8,208.44,86.13,0.2756,index,simulated,Synthetic Generator - Bottleneck,,Bottleneck at Phase 6 (Vaulting) - severe D-C imbalance
1110,5,Bar Casting & Assay_Entity,USA,2025-05-19,daily_state,ndc_balance,267.82,206.72,149.09,63.36,0.0267,index,simulated,Synthetic Generator - Bottleneck,,Bottleneck at Phase 6 (Vaulting) - severe D-C imbalance
1111,6,Logistics & Vaulting_Entity,USA,2025-05-19,daily_state,ndc_balance,422.11,182.26,89.02,32.1,0.0017,index,simulated,Synthetic Generator - Bottleneck,,Bottleneck at Phase 6 (Vaulting) - severe D-C imbalance
1112,7,Exchange Registration_Entity,USA,2025-05-19,daily_state,ndc_balance,195.95,280.89,128.14,54.62,0.0138,index,simulated,Synthetic Generator - Bottleneck,,Bottleneck at Phase 6 (Vaulting) - severe D-C imbalance
1113,0,Geological Prospecting_Entity,USA,2025-05-20,daily_state,ndc_balance,232.37,242.26,218.67,92.16,0.9281,index,simulated,Synthetic Generator - Bottleneck,,Bottleneck at Phase 6 (Vaulting) - severe D-C imbalance
1114,1,Mine Extraction_Entity,USA,2025-05-20,daily_state,ndc_balance,273.29,263.14,248.98,92.84,0.8854,index,simulated,Synthetic Generator - Bottleneck,,Bottleneck at Phase 6 (Vaulting) - severe D-C imbalance
1115,2,Ore Processing_Entity,USA,2025-05-20,daily_state,ndc_balance,250.69,230.94,205.53,85.42,0.25,index,simulated,Synthetic Generator - Bottleneck,,Bottleneck at Phase 6 (Vaulting) - severe D-C imbalance
1116,3,Doré Production_Entity,USA,2025-05-20,daily_state,ndc_balance,268.95,256.87,240.25,91.41,0.641,index,simulated,Synthetic Generator - Bottleneck,,Bottleneck at Phase 6 (Vaulting) - severe D-C imbalance
1117,4,Refining_Entity,USA,2025-05-20,daily_state,ndc_balance,237.63,220.13,197.38,86.3,0.316,index,simulated,Synthetic Generator - Bottleneck,,Bottleneck at Phase 6 (Vaulting) - severe D-C imbalance
1118,5,Bar Casting & Assay_Entity,USA,2025-05-20,daily_state,ndc_balance,223.13,235.1,206.87,90.32,0.6524,index,simulated,Synthetic Generator - Bottleneck,,Bottleneck at Phase 6 (Vaulting) - severe D-C imbalance
1119,6,Logistics & Vaulting_Entity,USA,2025-05-20,daily_state,ndc_balance,418.35,197.04,99.67,34.72,0.002,index,simulated,Synthetic Generator - Bottleneck,,Bottleneck at Phase 6 (Vaulting) - severe D-C imbalance
1120,7,Exchange Registration_Entity,USA,2025-05-20,daily_state,ndc_balance,233.29,289.28,176.4,67.9,0.0318,index,simulated,Synthetic Generator - Bottleneck,,Bottleneck at Phase 6 (Vaulting) - severe D-C imbalance
1121,0,Geological Prospecting_Entity,USA,2025-05-21,daily_state,ndc_balance,236.05,268.45,197.74,78.55,0.0944,index,simulated,Synthetic Generator - Bottleneck,,Bottleneck at Phase 6 (Vaulting) - severe D-C imbalance
1122,1,Mine Extraction_Entity,USA,2025-05-21,daily_state,ndc_balance,239.42,259.44,213.59,85.7,0.2435,index,simulated,Synthetic Generator - Bottleneck,,Bottleneck at Phase 6 (Vaulting) - severe D-C imbalance
1123,2,Ore Processing_Entity,USA,2025-05-21,daily_state,ndc_balance,220.82,245.88,190.06,81.56,0.1568,index,simulated,Synthetic Generator - Bottleneck,,Bottleneck at Phase 6 (Vaulting) - severe D-C imbalance
1124,3,Doré Production_Entity,USA,2025-05-21,daily_state,ndc_balance,210.31,233.32,181.85,82.1,0.1853,index,simulated,Synthetic Generator - Bottleneck,,Bottleneck at Phase 6 (Vaulting) - severe D-C imbalance
1125,4,Refining_Entity,USA,2025-05-21,daily_state,ndc_balance,258.81,226.98,189.52,78.19,0.0977,index,simulated,Synthetic Generator - Bottleneck,,Bottleneck at Phase 6 (Vaulting) - severe D-C imbalance
1126,5,Bar Casting & Assay_Entity,USA,2025-05-21,daily_state,ndc_balance,243.85,252.24,232.05,93.57,1.2446,index,simulated,Synthetic Generator - Bottleneck,,Bottleneck at Phase 6 (Vaulting) - severe D-C imbalance
1127,6,Logistics & Vaulting_Entity,USA,2025-05-21,daily_state,ndc_balance,417.93,172.66,83.06,30.92,0.0017,index,simulated,Synthetic Generator - Bottleneck,,Bottleneck at Phase 6 (Vaulting) - severe D-C imbalance
1128,7,Exchange Registration_Entity,USA,2025-05-21,daily_state,ndc_balance,227.42,321.53,150.59,55.69,0.0113,index,simulated,Synthetic Generator - Bottleneck,,Bottleneck at Phase 6 (Vaulting) - severe D-C imbalance
1129,0,Geological Prospecting_Entity,USA,2025-05-22,daily_state,ndc_balance,273.07,269.06,263.22,97.11,3.8394,index,simulated,Synthetic Generator - Bottleneck,,Bottleneck at Phase 6 (Vaulting) - severe D-C imbalance
1130,1,Mine Extraction_Entity,USA,2025-05-22,daily_state,ndc_balance,258.71,244.16,224.6,89.36,0.4511,index,simulated,Synthetic Generator - Bottleneck,,Bottleneck at Phase 6 (Vaulting) - severe D-C imbalance
1131,2,Ore Processing_Entity,USA,2025-05-22,daily_state,ndc_balance,202.08,223.03,175.94,82.87,0.2228,index,simulated,Synthetic Generator - Bottleneck,,Bottleneck at Phase 6 (Vaulting) - severe D-C imbalance
1132,3,Doré Production_Entity,USA,2025-05-22,daily_state,ndc_balance,240.39,193.13,145.42,67.49,0.0446,index,simulated,Synthetic Generator - Bottleneck,,Bottleneck at Phase 6 (Vaulting) - severe D-C imbalance
1133,4,Refining_Entity,USA,2025-05-22,daily_state,ndc_balance,226.85,190.48,150.84,72.57,0.075,index,simulated,Synthetic Generator - Bottleneck,,Bottleneck at Phase 6 (Vaulting) - severe D-C imbalance
1134,5,Bar Casting & Assay_Entity,USA,2025-05-22,daily_state,ndc_balance,264.22,251.48,234.06,90.8,0.5797,index,simulated,Synthetic Generator - Bottleneck,,Bottleneck at Phase 6 (Vaulting) - severe D-C imbalance
1135,6,Logistics & Vaulting_Entity,USA,2025-05-22,daily_state,ndc_balance,442.14,186.22,90.17,31.42,0.0015,index,simulated,Synthetic Generator - Bottleneck,,Bottleneck at Phase 6 (Vaulting) - severe D-C imbalance
1136,7,Exchange Registration_Entity,USA,2025-05-22,daily_state,ndc_balance,208.16,206.75,204.66,98.66,8.3465,index,simulated,Synthetic Generator - Bottleneck,,Bottleneck at Phase 6 (Vaulting) - severe D-C imbalance
1137,0,Geological Prospecting_Entity,USA,2025-05-23,daily_state,ndc_balance,214.86,208.28,198.96,94.05,1.873,index,simulated,Synthetic Generator - Bottleneck,,Bottleneck at Phase 6 (Vaulting) - severe D-C imbalance
1138,1,Mine Extraction_Entity,USA,2025-05-23,daily_state,ndc_balance,232.22,236.01,226.72,96.84,4.1127,index,simulated,Synthetic Generator - Bottleneck,,Bottleneck at Phase 6 (Vaulting) - severe D-C imbalance
1139,2,Ore Processing_Entity,USA,2025-05-23,daily_state,ndc_balance,229.72,248.47,205.43,85.99,0.2764,index,simulated,Synthetic Generator - Bottleneck,,Bottleneck at Phase 6 (Vaulting) - severe D-C imbalance
1140,3,Doré Production_Entity,USA,2025-05-23,daily_state,ndc_balance,245.35,240.26,232.93,95.94,2.7842,index,simulated,Synthetic Generator - Bottleneck,,Bottleneck at Phase 6 (Vaulting) - severe D-C imbalance
1141,4,Refining_Entity,USA,2025-05-23,daily_state,ndc_balance,272.81,210.49,151.76,63.33,0.0257,index,simulated,Synthetic Generator - Bottleneck,,Bottleneck at Phase 6 (Vaulting) - severe D-C imbalance
1142,5,Bar Casting & Assay_Entity,USA,2025-05-23,daily_state,ndc_balance,273.34,230.67,183.76,73.18,0.0546,index,simulated,Synthetic Generator - Bottleneck,,Bottleneck at Phase 6 (Vaulting) - severe D-C imbalance
1143,6,Logistics & Vaulting_Entity,USA,2025-05-23,daily_state,ndc_balance,413.33,193.28,97.46,34.48,0.0021,index,simulated,Synthetic Generator - Bottleneck,,Bottleneck at Phase 6 (Vaulting) - severe D-C imbalance
1144,7,Exchange Registration_Entity,USA,2025-05-23,daily_state,ndc_balance,246.2,230.59,209.9,88.1,0.3946,index,simulated,Synthetic Generator - Bottleneck,,Bottleneck at Phase 6 (Vaulting) - severe D-C imbalance
1145,0,Geological Prospecting_Entity,USA,2025-05-24,daily_state,ndc_balance,246.36,247.03,245.35,99.46,9.5661,index,simulated,Synthetic Generator - Bottleneck,,Bottleneck at Phase 6 (Vaulting) - severe D-C imbalance
1146,1,Mine Extraction_Entity,USA,2025-05-24,daily_state,ndc_balance,244.54,254.63,230.53,92.38,0.8951,index,simulated,Synthetic Generator - Bottleneck,,Bottleneck at Phase 6 (Vaulting) - severe D-C imbalance
1147,2,Ore Processing_Entity,USA,2025-05-24,daily_state,ndc_balance,255.62,285.81,218.82,80.96,0.1085,index,simulated,Synthetic Generator - Bottleneck,,Bottleneck at Phase 6 (Vaulting) - severe D-C imbalance
1148,3,Doré Production_Entity,USA,2025-05-24,daily_state,ndc_balance,219.39,236.94,196.61,86.23,0.3146,index,simulated,Synthetic Generator - Bottleneck,,Bottleneck at Phase 6 (Vaulting) - severe D-C imbalance
1149,4,Refining_Entity,USA,2025-05-24,daily_state,ndc_balance,231.83,255.1,202.63,83.32,0.1813,index,simulated,Synthetic Generator - Bottleneck,,Bottleneck at Phase 6 (Vaulting) - severe D-C imbalance
1150,5,Bar Casting & Assay_Entity,USA,2025-05-24,daily_state,ndc_balance,232.46,239.78,222.11,94.08,1.5732,index,simulated,Synthetic Generator - Bottleneck,,Bottleneck at Phase 6 (Vaulting) - severe D-C imbalance
1151,6,Logistics & Vaulting_Entity,USA,2025-05-24,daily_state,ndc_balance,407.4,168.99,81.4,31.02,0.0018,index,simulated,Synthetic Generator - Bottleneck,,Bottleneck at Phase 6 (Vaulting) - severe D-C imbalance
1152,7,Exchange Registration_Entity,USA,2025-05-24,daily_state,ndc_balance,201.21,241.61,157.81,71.57,0.0609,index,simulated,Synthetic Generator - Bottleneck,,Bottleneck at Phase 6 (Vaulting) - severe D-C imbalance
1153,0,Geological Prospecting_Entity,USA,2025-05-25,daily_state,ndc_balance,271.69,239.37,201.02,78.83,0.0948,index,simulated,Synthetic Generator - Bottleneck,,Bottleneck at Phase 6 (Vaulting) - severe D-C imbalance
1154,1,Mine Extraction_Entity,USA,2025-05-25,daily_state,ndc_balance,262.55,281.62,237.49,87.34,0.2678,index,simulated,Synthetic Generator - Bottleneck,,Bottleneck at Phase 6 (Vaulting) - severe D-C imbalance
1155,2,Ore Processing_Entity,USA,2025-05-25,daily_state,ndc_balance,255.28,226.03,191.02,79.52,0.1156,index,simulated,Synthetic Generator - Bottleneck,,Bottleneck at Phase 6 (Vaulting) - severe D-C imbalance
1156,3,Doré Production_Entity,USA,2025-05-25,daily_state,ndc_balance,259.35,226.39,187.93,77.56,0.0913,index,simulated,Synthetic Generator - Bottleneck,,Bottleneck at Phase 6 (Vaulting) - severe D-C imbalance
1157,4,Refining_Entity,USA,2025-05-25,daily_state,ndc_balance,239.91,202.0,160.49,72.9,0.0691,index,simulated,Synthetic Generator - Bottleneck,,Bottleneck at Phase 6 (Vaulting) - severe D-C imbalance
1158,5,Bar Casting & Assay_Entity,USA,2025-05-25,daily_state,ndc_balance,283.01,221.66,162.35,64.82,0.0265,index,simulated,Synthetic Generator - Bottleneck,,Bottleneck at Phase 6 (Vaulting) - severe D-C imbalance
1159,6,Logistics & Vaulting_Entity,USA,2025-05-25,daily_state,ndc_balance,423.64,164.46,77.65,29.42,0.0015,index,simulated,Synthetic Generator - Bottleneck,,Bottleneck at Phase 6 (Vaulting) - severe D-C imbalance
1160,7,Exchange Registration_Entity,USA,2025-05-25,daily_state,ndc_balance,240.7,232.97,222.07,93.78,1.4343,index,simulated,Synthetic Generator - Bottleneck,,Bottleneck at Phase 6 (Vaulting) - severe D-C imbalance
1161,0,Geological Prospecting_Entity,USA,2025-05-26,daily_state,ndc_balance,247.17,261.95,227.3,89.33,0.4377,index,simulated,Synthetic Generator - Bottleneck,,Bottleneck at Phase 6 (Vaulting) - severe D-C imbalance
1162,1,Mine Extraction_Entity,USA,2025-05-26,daily_state,ndc_balance,265.82,239.45,206.89,82.01,0.1418,index,simulated,Synthetic Generator - Bottleneck,,Bottleneck at Phase 6 (Vaulting) - severe D-C imbalance
1163,2,Ore Processing_Entity,USA,2025-05-26,daily_state,ndc_balance,214.64,314.82,137.56,52.92,0.01,index,simulated,Synthetic Generator - Bottleneck,,Bottleneck at Phase 6 (Vaulting) - severe D-C imbalance
1164,3,Doré Production_Entity,USA,2025-05-26,daily_state,ndc_balance,284.92,258.07,224.58,82.82,0.1368,index,simulated,Synthetic Generator - Bottleneck,,Bottleneck at Phase 6 (Vaulting) - severe D-C imbalance
1165,4,Refining_Entity,USA,2025-05-26,daily_state,ndc_balance,234.94,237.16,231.66,98.14,6.6901,index,simulated,Synthetic Generator - Bottleneck,,Bottleneck at Phase 6 (Vaulting) - severe D-C imbalance
1166,5,Bar Casting & Assay_Entity,USA,2025-05-26,daily_state,ndc_balance,253.16,263.18,239.18,92.66,0.9046,index,simulated,Synthetic Generator - Bottleneck,,Bottleneck at Phase 6 (Vaulting) - severe D-C imbalance
1167,6,Logistics & Vaulting_Entity,USA,2025-05-26,daily_state,ndc_balance,425.25,168.24,79.86,29.86,0.0015,index,simulated,Synthetic Generator - Bottleneck,,Bottleneck at Phase 6 (Vaulting) - severe D-C imbalance
1168,7,Exchange Registration_Entity,USA,2025-05-26,daily_state,ndc_balance,224.68,278.63,169.86,67.89,0.0342,index,simulated,Synthetic Generator - Bottleneck,,Bottleneck at Phase 6 (Vaulting) - severe D-C imbalance
1169,0,Geological Prospecting_Entity,USA,2025-05-27,daily_state,ndc_balance,282.0,278.21,272.66,97.35,4.0997,index,simulated,Synthetic Generator - Bottleneck,,Bottleneck at Phase 6 (Vaulting) - severe D-C imbalance
1170,1,Mine Extraction_Entity,USA,2025-05-27,daily_state,ndc_balance,265.14,233.68,196.34,78.88,0.1001,index,simulated,Synthetic Generator - Bottleneck,,Bottleneck at Phase 6 (Vaulting) - severe D-C imbalance
1171,2,Ore Processing_Entity,USA,2025-05-27,daily_state,ndc_balance,185.17,247.43,129.41,60.46,0.0257,index,simulated,Synthetic Generator - Bottleneck,,Bottleneck at Phase 6 (Vaulting) - severe D-C imbalance
1172,3,Doré Production_Entity,USA,2025-05-27,daily_state,ndc_balance,249.96,243.5,234.28,94.96,1.9312,index,simulated,Synthetic Generator - Bottleneck,,Bottleneck at Phase 6 (Vaulting) - severe D-C imbalance
1173,4,Refining_Entity,USA,2025-05-27,daily_state,ndc_balance,251.08,206.84,160.21,70.3,0.0508,index,simulated,Synthetic Generator - Bottleneck,,Bottleneck at Phase 6 (Vaulting) - severe D-C imbalance
1174,5,Bar Casting & Assay_Entity,USA,2025-05-27,daily_state,ndc_balance,274.57,247.75,214.54,82.26,0.1371,index,simulated,Synthetic Generator - Bottleneck,,Bottleneck at Phase 6 (Vaulting) - severe D-C imbalance
1175,6,Logistics & Vaulting_Entity,USA,2025-05-27,daily_state,ndc_balance,433.65,194.2,96.18,33.14,0.0017,index,simulated,Synthetic Generator - Bottleneck,,Bottleneck at Phase 6 (Vaulting) - severe D-C imbalance
1176,7,Exchange Registration_Entity,USA,2025-05-27,daily_state,ndc_balance,248.54,238.78,225.21,92.45,0.9499,index,simulated,Synthetic Generator - Bottleneck,,Bottleneck at Phase 6 (Vaulting) - severe D-C imbalance
1177,0,Geological Prospecting_Entity,USA,2025-05-28,daily_state,ndc_balance,248.58,242.28,233.27,95.05,2.0099,index,simulated,Synthetic Generator - Bottleneck,,Bottleneck at Phase 6 (Vaulting) - severe D-C imbalance
1178,1,Mine Extraction_Entity,USA,2025-05-28,daily_state,ndc_balance,252.15,264.96,234.67,90.79,0.5751,index,simulated,Synthetic Generator - Bottleneck,,Bottleneck at Phase 6 (Vaulting) - severe D-C imbalance
1179,2,Ore Processing_Entity,USA,2025-05-28,daily_state,ndc_balance,262.87,291.93,227.01,81.95,0.117,index,simulated,Synthetic Generator - Bottleneck,,Bottleneck at Phase 6 (Vaulting) - severe D-C imbalance
1180,3,Doré Production_Entity,USA,2025-05-28,daily_state,ndc_balance,294.13,241.99,187.15,70.15,0.0367,index,simulated,Synthetic Generator - Bottleneck,,Bottleneck at Phase 6 (Vaulting) - severe D-C imbalance
1181,4,Refining_Entity,USA,2025-05-28,daily_state,ndc_balance,173.27,270.92,105.36,48.63,0.0105,index,simulated,Synthetic Generator - Bottleneck,,Bottleneck at Phase 6 (Vaulting) - severe D-C imbalance
1182,5,Bar Casting & Assay_Entity,USA,2025-05-28,daily_state,ndc_balance,251.88,212.35,168.97,73.06,0.0636,index,simulated,Synthetic Generator - Bottleneck,,Bottleneck at Phase 6 (Vaulting) - severe D-C imbalance
1183,6,Logistics & Vaulting_Entity,USA,2025-05-28,daily_state,ndc_balance,412.03,173.3,83.87,31.39,0.0018,index,simulated,Synthetic Generator - Bottleneck,,Bottleneck at Phase 6 (Vaulting) - severe D-C imbalance
1184,7,Exchange Registration_Entity,USA,2025-05-28,daily_state,ndc_balance,251.28,208.33,162.54,71.04,0.0539,index,simulated,Synthetic Generator - Bottleneck,,Bottleneck at Phase 6 (Vaulting) - severe D-C imbalance
1185,0,Geological Prospecting_Entity,USA,2025-05-29,daily_state,ndc_balance,228.45,248.58,202.66,85.05,0.2408,index,simulated,Synthetic Generator - Bottleneck,,Bottleneck at Phase 6 (Vaulting) - severe D-C imbalance
1186,1,Mine Extraction_Entity,USA,2025-05-29,daily_state,ndc_balance,262.46,256.04,246.85,95.23,1.9523,index,simulated,Synthetic Generator - Bottleneck,,Bottleneck at Phase 6 (Vaulting) - severe D-C imbalance
1187,2,Ore Processing_Entity,USA,2025-05-29,daily_state,ndc_balance,234.26,215.54,191.52,85.23,0.2776,index,simulated,Synthetic Generator - Bottleneck,,Bottleneck at Phase 6 (Vaulting) - severe D-C imbalance
1188,3,Doré Production_Entity,USA,2025-05-29,daily_state,ndc_balance,239.87,246.0,231.1,95.14,2.1021,index,simulated,Synthetic Generator - Bottleneck,,Bottleneck at Phase 6 (Vaulting) - severe D-C imbalance
1189,4,Refining_Entity,USA,2025-05-29,daily_state,ndc_balance,279.71,188.81,119.98,52.21,0.0121,index,simulated,Synthetic Generator - Bottleneck,,Bottleneck at Phase 6 (Vaulting) - severe D-C imbalance
1190,5,Bar Casting & Assay_Entity,USA,2025-05-29,daily_state,ndc_balance,257.41,199.59,144.64,63.81,0.0298,index,simulated,Synthetic Generator - Bottleneck,,Bottleneck at Phase 6 (Vaulting) - severe D-C imbalance
1191,6,Logistics & Vaulting_Entity,USA,2025-05-29,daily_state,ndc_balance,386.96,194.5,101.46,36.98,0.0027,index,simulated,Synthetic Generator - Bottleneck,,Bottleneck at Phase 6 (Vaulting) - severe D-C imbalance
1192,7,Exchange Registration_Entity,USA,2025-05-29,daily_state,ndc_balance,252.67,256.72,246.79,96.9,3.7962,index,simulated,Synthetic Generator - Bottleneck,,Bottleneck at Phase 6 (Vaulting) - severe D-C imbalance
1193,0,Geological Prospecting_Entity,USA,2025-05-30,daily_state,ndc_balance,268.42,228.01,183.07,74.0,0.0609,index,simulated,Synthetic Generator - Bottleneck,,Bottleneck at Phase 6 (Vaulting) - severe D-C imbalance
1194,1,Mine Extraction_Entity,USA,2025-05-30,daily_state,ndc_balance,241.35,294.64,185.72,69.64,0.0351,index,simulated,Synthetic Generator - Bottleneck,,Bottleneck at Phase 6 (Vaulting) - severe D-C imbalance
1195,2,Ore Processing_Entity,USA,2025-05-30,daily_state,ndc_balance,245.07,258.38,227.0,90.21,0.5343,index,simulated,Synthetic Generator - Bottleneck,,Bottleneck at Phase 6 (Vaulting) - severe D-C imbalance
1196,3,Doré Production_Entity,USA,2025-05-30,daily_state,ndc_balance,250.13,193.79,140.32,63.73,0.0314,index,simulated,Synthetic Generator - Bottleneck,,Bottleneck at Phase 6 (Vaulting) - severe D-C imbalance
1197,4,Refining_Entity,USA,2025-05-30,daily_state,ndc_balance,209.11,225.53,187.74,86.45,0.3577,index,simulated,Synthetic Generator - Bottleneck,,Bottleneck at Phase 6 (Vaulting) - severe D-C imbalance
1198,5,Bar Casting & Assay_Entity,USA,2025-05-30,daily_state,ndc_balance,281.97,253.2,217.88,81.54,0.1194,index,simulated,Synthetic Generator - Bottleneck,,Bottleneck at Phase 6 (Vaulting) - severe D-C imbalance
1199,6,Logistics & Vaulting_Entity,USA,2025-05-30,daily_state,ndc_balance,438.28,165.19,77.39,28.76,0.0013,index,simulated,Synthetic Generator - Bottleneck,,Bottleneck at Phase 6 (Vaulting) - severe D-C imbalance
1200,7,Exchange Registration_Entity,USA,2025-05-30,daily_state,ndc_balance,276.97,219.44,162.72,66.01,0.0301,index,simulated,Synthetic Generator - Bottleneck,,Bottleneck at Phase 6 (Vaulting) - severe D-C imbalance
1201,0,Geological Prospecting_Entity,USA,2025-05-31,daily_state,ndc_balance,254.26,239.74,220.25,89.21,0.4531,index,simulated,Synthetic Generator - Bottleneck,,Bottleneck at Phase 6 (Vaulting) - severe D-C imbalance
1202,1,Mine Extraction_Entity,USA,2025-05-31,daily_state,ndc_balance,246.52,273.46,213.21,82.12,0.1359,index,simulated,Synthetic Generator - Bottleneck,,Bottleneck at Phase 6 (Vaulting) - severe D-C imbalance
1203,2,Ore Processing_Entity,USA,2025-05-31,daily_state,ndc_balance,235.9,206.26,171.57,77.78,0.1126,index,simulated,Synthetic Generator - Bottleneck,,Bottleneck at Phase 6 (Vaulting) - severe D-C imbalance
1204,3,Doré Production_Entity,USA,2025-05-31,daily_state,ndc_balance,250.4,230.0,203.91,84.97,0.2348,index,simulated,Synthetic Generator - Bottleneck,,Bottleneck at Phase 6 (Vaulting) - severe D-C imbalance
1205,4,Refining_Entity,USA,2025-05-31,daily_state,ndc_balance,317.55,256.91,194.96,68.26,0.0271,index,simulated,Synthetic Generator - Bottleneck,,Bottleneck at Phase 6 (Vaulting) - severe D-C imbalance
1206,5,Bar Casting & Assay_Entity,USA,2025-05-31,daily_state,ndc_balance,251.57,207.74,161.36,70.58,0.0518,index,simulated,Synthetic Generator - Bottleneck,,Bottleneck at Phase 6 (Vaulting) - severe D-C imbalance
1207,6,Logistics & Vaulting_Entity,USA,2025-05-31,daily_state,ndc_balance,382.39,164.62,80.32,32.01,0.0021,index,simulated,Synthetic Generator - Bottleneck,,Bottleneck at Phase 6 (Vaulting) - severe D-C imbalance
1208,7,Exchange Registration_Entity,USA,2025-05-31,daily_state,ndc_balance,249.91,277.27,216.09,82.09,0.1318,index,simulated,Synthetic Generator - Bottleneck,,Bottleneck at Phase 6 (Vaulting) - severe D-C imbalance
1209,0,Geological Prospecting_Entity,USA,2025-06-01,daily_state,ndc_balance,272.43,245.73,212.67,82.2,0.1383,index,simulated,Synthetic Generator - Bottleneck,,Bottleneck at Phase 6 (Vaulting) - severe D-C imbalance
1210,1,Mine Extraction_Entity,USA,2025-06-01,daily_state,ndc_balance,243.54,246.72,238.88,97.45,4.9663,index,simulated,Synthetic Generator - Bottleneck,,Bottleneck at Phase 6 (Vaulting) - severe D-C imbalance
1211,2,Ore Processing_Entity,USA,2025-06-01,daily_state,ndc_balance,239.63,282.96,191.7,73.62,0.053,index,simulated,Synthetic Generator - Bottleneck,,Bottleneck at Phase 6 (Vaulting) - severe D-C imbalance
1212,3,Doré Production_Entity,USA,2025-06-01,daily_state,ndc_balance,246.22,237.84,226.08,93.42,1.2479,index,simulated,Synthetic Generator - Bottleneck,,Bottleneck at Phase 6 (Vaulting) - severe D-C imbalance
1213,4,Refining_Entity,USA,2025-06-01,daily_state,ndc_balance,205.68,235.11,171.2,77.85,0.1141,index,simulated,Synthetic Generator - Bottleneck,,Bottleneck at Phase 6 (Vaulting) - severe D-C imbalance
1214,5,Bar Casting & Assay_Entity,USA,2025-06-01,daily_state,ndc_balance,275.3,208.17,146.99,61.4,0.0221,index,simulated,Synthetic Generator - Bottleneck,,Bottleneck at Phase 6 (Vaulting) - severe D-C imbalance
1215,6,Logistics & Vaulting_Entity,USA,2025-06-01,daily_state,ndc_balance,404.99,191.89,97.32,34.91,0.0022,index,simulated,Synthetic Generator - Bottleneck,,Bottleneck at Phase 6 (Vaulting) - severe D-C imbalance
1216,7,Exchange Registration_Entity,USA,2025-06-01,daily_state,ndc_balance,221.08,266.04,172.96,71.32,0.0492,index,simulated,Synthetic Generator - Bottleneck,,Bottleneck at Phase 6 (Vaulting) - severe D-C imbalance
1217,0,Geological Prospecting_Entity,USA,2025-06-02,daily_state,ndc_balance,239.36,230.29,217.64,92.7,1.0836,index,simulated,Synthetic Generator - Bottleneck,,Bottleneck at Phase 6 (Vaulting) - severe D-C imbalance
1218,1,Mine Extraction_Entity,USA,2025-06-02,daily_state,ndc_balance,227.52,249.45,199.82,83.88,0.2037,index,simulated,Synthetic Generator - Bottleneck,,Bottleneck at Phase 6 (Vaulting) - severe D-C imbalance
1219,2,Ore Processing_Entity,USA,2025-06-02,daily_state,ndc_balance,299.2,259.54,213.77,76.71,0.0632,index,simulated,Synthetic Generator - Bottleneck,,Bottleneck at Phase 6 (Vaulting) - severe D-C imbalance
1220,3,Doré Production_Entity,USA,2025-06-02,daily_state,ndc_balance,232.71,268.39,191.57,76.66,0.078,index,simulated,Synthetic Generator - Bottleneck,,Bottleneck at Phase 6 (Vaulting) - severe D-C imbalance
1221,4,Refining_Entity,USA,2025-06-02,daily_state,ndc_balance,243.67,274.36,206.72,79.95,0.105,index,simulated,Synthetic Generator - Bottleneck,,Bottleneck at Phase 6 (Vaulting) - severe D-C imbalance
1222,5,Bar Casting & Assay_Entity,USA,2025-06-02,daily_state,ndc_balance,273.43,162.04,93.2,44.28,0.0081,index,simulated,Synthetic Generator - Bottleneck,,Bottleneck at Phase 6 (Vaulting) - severe D-C imbalance
1223,6,Logistics & Vaulting_Entity,USA,2025-06-02,daily_state,ndc_balance,399.92,194.17,99.59,35.74,0.0024,index,simulated,Synthetic Generator - Bottleneck,,Bottleneck at Phase 6 (Vaulting) - severe D-C imbalance
1224,7,Exchange Registration_Entity,USA,2025-06-02,daily_state,ndc_balance,256.63,212.01,164.74,70.63,0.05,index,simulated,Synthetic Generator - Bottleneck,,Bottleneck at Phase 6 (Vaulting) - severe D-C imbalance
1225,0,Geological Prospecting_Entity,USA,2025-06-03,daily_state,ndc_balance,237.33,192.34,146.24,68.45,0.0492,index,simulated,Synthetic Generator - Bottleneck,,Bottleneck at Phase 6 (Vaulting) - severe D-C imbalance
1226,1,Mine Extraction_Entity,USA,2025-06-03,daily_state,ndc_balance,248.23,295.27,196.87,72.72,0.045,index,simulated,Synthetic Generator - Bottleneck,,Bottleneck at Phase 6 (Vaulting) - severe D-C imbalance
1227,2,Ore Processing_Entity,USA,2025-06-03,daily_state,ndc_balance,266.1,294.76,230.57,82.33,0.1203,index,simulated,Synthetic Generator - Bottleneck,,Bottleneck at Phase 6 (Vaulting) - severe D-C imbalance
1228,3,Doré Production_Entity,USA,2025-06-03,daily_state,ndc_balance,267.65,265.69,262.79,98.55,7.2226,index,simulated,Synthetic Generator - Bottleneck,,Bottleneck at Phase 6 (Vaulting) - severe D-C imbalance
1229,4,Refining_Entity,USA,2025-06-03,daily_state,ndc_balance,289.48,249.43,203.76,75.83,0.062,index,simulated,Synthetic Generator - Bottleneck,,Bottleneck at Phase 6 (Vaulting) - severe D-C imbalance
1230,5,Bar Casting & Assay_Entity,USA,2025-06-03,daily_state,ndc_balance,252.21,262.25,238.22,92.63,0.9026,index,simulated,Synthetic Generator - Bottleneck,,Bottleneck at Phase 6 (Vaulting) - severe D-C imbalance
1231,6,Logistics & Vaulting_Entity,USA,2025-06-03,daily_state,ndc_balance,449.08,172.8,81.39,29.22,0.0013,index,simulated,Synthetic Generator - Bottleneck,,Bottleneck at Phase 6 (Vaulting) - severe D-C imbalance
1232,7,Exchange Registration_Entity,USA,2025-06-03,daily_state,ndc_balance,242.1,239.12,234.76,97.57,5.3029,index,simulated,Synthetic Generator - Bottleneck,,Bottleneck at Phase 6 (Vaulting) - severe D-C imbalance
1233,0,Geological Prospecting_Entity,USA,2025-06-04,daily_state,ndc_balance,266.63,259.95,250.41,95.11,1.8318,index,simulated,Synthetic Generator - Bottleneck,,Bottleneck at Phase 6 (Vaulting) - severe D-C imbalance
1234,1,Mine Extraction_Entity,USA,2025-06-04,daily_state,ndc_balance,221.52,287.79,159.3,63.09,0.0227,index,simulated,Synthetic Generator - Bottleneck,,Bottleneck at Phase 6 (Vaulting) - severe D-C imbalance
1235,2,Ore Processing_Entity,USA,2025-06-04,daily_state,ndc_balance,237.18,233.37,227.84,96.84,4.0874,index,simulated,Synthetic Generator - Bottleneck,,Bottleneck at Phase 6 (Vaulting) - severe D-C imbalance
1236,3,Doré Production_Entity,USA,2025-06-04,daily_state,ndc_balance,231.95,307.46,163.4,61.19,0.0175,index,simulated,Synthetic Generator - Bottleneck,,Bottleneck at Phase 6 (Vaulting) - severe D-C imbalance
1237,4,Refining_Entity,USA,2025-06-04,daily_state,ndc_balance,254.84,218.73,177.82,75.32,0.0761,index,simulated,Synthetic Generator - Bottleneck,,Bottleneck at Phase 6 (Vaulting) - severe D-C imbalance
1238,5,Bar Casting & Assay_Entity,USA,2025-06-04,daily_state,ndc_balance,271.83,256.5,235.9,89.34,0.4084,index,simulated,Synthetic Generator - Bottleneck,,Bottleneck at Phase 6 (Vaulting) - severe D-C imbalance
1239,6,Logistics & Vaulting_Entity,USA,2025-06-04,daily_state,ndc_balance,416.25,192.61,96.68,34.15,0.002,index,simulated,Synthetic Generator - Bottleneck,,Bottleneck at Phase 6 (Vaulting) - severe D-C imbalance
1240,7,Exchange Registration_Entity,USA,2025-06-04,daily_state,ndc_balance,242.85,221.44,194.41,83.83,0.2135,index,simulated,Synthetic Generator - Bottleneck,,Bottleneck at Phase 6 (Vaulting) - severe D-C imbalance
1241,0,Geological Prospecting_Entity,USA,2025-06-05,daily_state,ndc_balance,209.8,206.9,202.67,97.28,5.4413,index,simulated,Synthetic Generator - Bottleneck,,Bottleneck at Phase 6 (Vaulting) - severe D-C imbalance
1242,1,Mine Extraction_Entity,USA,2025-06-05,daily_state,ndc_balance,286.15,281.04,273.62,96.49,2.7638,index,simulated,Synthetic Generator - Bottleneck,,Bottleneck at Phase 6 (Vaulting) - severe D-C imbalance
1243,2,Ore Processing_Entity,USA,2025-06-05,daily_state,ndc_balance,251.32,281.57,214.57,80.66,0.108,index,simulated,Synthetic Generator - Bottleneck,,Bottleneck at Phase 6 (Vaulting) - severe D-C imbalance
1244,3,Doré Production_Entity,USA,2025-06-05,daily_state,ndc_balance,246.8,233.91,216.45,90.09,0.5682,index,simulated,Synthetic Generator - Bottleneck,,Bottleneck at Phase 6 (Vaulting) - severe D-C imbalance
1245,4,Refining_Entity,USA,2025-06-05,daily_state,ndc_balance,251.13,236.88,217.73,89.27,0.4691,index,simulated,Synthetic Generator - Bottleneck,,Bottleneck at Phase 6 (Vaulting) - severe D-C imbalance
1246,5,Bar Casting & Assay_Entity,USA,2025-06-05,daily_state,ndc_balance,248.79,266.73,225.19,87.42,0.3016,index,simulated,Synthetic Generator - Bottleneck,,Bottleneck at Phase 6 (Vaulting) - severe D-C imbalance
1247,6,Logistics & Vaulting_Entity,USA,2025-06-05,daily_state,ndc_balance,423.0,190.69,94.69,33.34,0.0019,index,simulated,Synthetic Generator - Bottleneck,,Bottleneck at Phase 6 (Vaulting) - severe D-C imbalance
1248,7,Exchange Registration_Entity,USA,2025-06-05,daily_state,ndc_balance,282.67,241.68,195.57,74.83,0.0592,index,simulated,Synthetic Generator - Bottleneck,,Bottleneck at Phase 6 (Vaulting) - severe D-C imbalance
1249,0,Geological Prospecting_Entity,USA,2025-06-06,daily_state,ndc_balance,230.59,206.18,176.43,80.92,0.165,index,simulated,Synthetic Generator - Bottleneck,,Bottleneck at Phase 6 (Vaulting) - severe D-C imbalance
1250,1,Mine Extraction_Entity,USA,2025-06-06,daily_state,ndc_balance,252.98,235.72,213.05,87.25,0.3249,index,simulated,Synthetic Generator - Bottleneck,,Bottleneck at Phase 6 (Vaulting) - severe D-C imbalance
1251,2,Ore Processing_Entity,USA,2025-06-06,daily_state,ndc_balance,251.75,239.6,223.0,90.8,0.6345,index,simulated,Synthetic Generator - Bottleneck,,Bottleneck at Phase 6 (Vaulting) - severe D-C imbalance
1252,3,Doré Production_Entity,USA,2025-06-06,daily_state,ndc_balance,301.67,206.74,133.1,53.29,0.0111,index,simulated,Synthetic Generator - Bottleneck,,Bottleneck at Phase 6 (Vaulting) - severe D-C imbalance
1253,4,Refining_Entity,USA,2025-06-06,daily_state,ndc_balance,210.2,248.31,168.08,73.57,0.0684,index,simulated,Synthetic Generator - Bottleneck,,Bottleneck at Phase 6 (Vaulting) - severe D-C imbalance
1254,5,Bar Casting & Assay_Entity,USA,2025-06-06,daily_state,ndc_balance,244.09,246.93,239.92,97.72,5.5283,index,simulated,Synthetic Generator - Bottleneck,,Bottleneck at Phase 6 (Vaulting) - severe D-C imbalance
1255,6,Logistics & Vaulting_Entity,USA,2025-06-06,daily_state,ndc_balance,431.68,199.26,99.92,34.07,0.0019,index,simulated,Synthetic Generator - Bottleneck,,Bottleneck at Phase 6 (Vaulting) - severe D-C imbalance
1256,7,Exchange Registration_Entity,USA,2025-06-06,daily_state,ndc_balance,234.39,216.39,193.15,85.77,0.2996,index,simulated,Synthetic Generator - Bottleneck,,Bottleneck at Phase 6 (Vaulting) - severe D-C imbalance
1257,0,Geological Prospecting_Entity,USA,2025-06-07,daily_state,ndc_balance,258.58,259.26,257.55,99.47,9.5501,index,simulated,Synthetic Generator - Bottleneck,,Bottleneck at Phase 6 (Vaulting) - severe D-C imbalance
1258,1,Mine Extraction_Entity,USA,2025-06-07,daily_state,ndc_balance,293.87,263.89,227.09,81.55,0.1101,index,simulated,Synthetic Generator - Bottleneck,,Bottleneck at Phase 6 (Vaulting) - severe D-C imbalance
1259,2,Ore Processing_Entity,USA,2025-06-07,daily_state,ndc_balance,248.86,217.74,181.27,77.87,0.1022,index,simulated,Synthetic Generator - Bottleneck,,Bottleneck at Phase 6 (Vaulting) - severe D-C imbalance
1260,3,Doré Production_Entity,USA,2025-06-07,daily_state,ndc_balance,238.71,225.18,207.0,89.28,0.5178,index,simulated,Synthetic Generator - Bottleneck,,Bottleneck at Phase 6 (Vaulting) - severe D-C imbalance
1261,4,Refining_Entity,USA,2025-06-07,daily_state,ndc_balance,263.1,246.42,224.31,88.09,0.347,index,simulated,Synthetic Generator - Bottleneck,,Bottleneck at Phase 6 (Vaulting) - severe D-C imbalance
1262,5,Bar Casting & Assay_Entity,USA,2025-06-07,daily_state,ndc_balance,223.65,229.03,215.93,95.41,2.5647,index,simulated,Synthetic Generator - Bottleneck,,Bottleneck at Phase 6 (Vaulting) - severe D-C imbalance
1263,6,Logistics & Vaulting_Entity,USA,2025-06-07,daily_state,ndc_balance,437.55,185.27,89.87,31.56,0.0016,index,simulated,Synthetic Generator - Bottleneck,,Bottleneck at Phase 6 (Vaulting) - severe D-C imbalance
1264,7,Exchange Registration_Entity,USA,2025-06-07,daily_state,ndc_balance,278.17,238.37,193.42,75.11,0.0627,index,simulated,Synthetic Generator - Bottleneck,,Bottleneck at Phase 6 (Vaulting) - severe D-C imbalance
1265,0,Geological Prospecting_Entity,USA,2025-06-08,daily_state,ndc_balance,282.53,245.9,203.38,77.16,0.074,index,simulated,Synthetic Generator - Bottleneck,,Bottleneck at Phase 6 (Vaulting) - severe D-C imbalance
1266,1,Mine Extraction_Entity,USA,2025-06-08,daily_state,ndc_balance,242.28,217.11,186.31,81.24,0.1554,index,simulated,Synthetic Generator - Bottleneck,,Bottleneck at Phase 6 (Vaulting) - severe D-C imbalance
1267,2,Ore Processing_Entity,USA,2025-06-08,daily_state,ndc_balance,254.99,178.98,117.69,55.09,0.0173,index,simulated,Synthetic Generator - Bottleneck,,Bottleneck at Phase 6 (Vaulting) - severe D-C imbalance
1268,3,Doré Production_Entity,USA,2025-06-08,daily_state,ndc_balance,246.31,234.85,219.14,91.11,0.7075,index,simulated,Synthetic Generator - Bottleneck,,Bottleneck at Phase 6 (Vaulting) - severe D-C imbalance
1269,4,Refining_Entity,USA,2025-06-08,daily_state,ndc_balance,222.71,216.79,208.36,94.82,2.2216,index,simulated,Synthetic Generator - Bottleneck,,Bottleneck at Phase 6 (Vaulting) - severe D-C imbalance
1270,5,Bar Casting & Assay_Entity,USA,2025-06-08,daily_state,ndc_balance,264.81,246.59,222.69,87.14,0.2924,index,simulated,Synthetic Generator - Bottleneck,,Bottleneck at Phase 6 (Vaulting) - severe D-C imbalance
1271,6,Logistics & Vaulting_Entity,USA,2025-06-08,daily_state,ndc_balance,422.04,184.6,90.6,32.46,0.0018,index,simulated,Synthetic Generator - Bottleneck,,Bottleneck at Phase 6 (Vaulting) - severe D-C imbalance
1272,7,Exchange Registration_Entity,USA,2025-06-08,daily_state,ndc_balance,270.66,258.53,241.86,91.43,0.6369,index,simulated,Synthetic Generator - Bottleneck,,Bottleneck at Phase 6 (Vaulting) - severe D-C imbalance
1273,0,Geological Prospecting_Entity,USA,2025-06-09,daily_state,ndc_balance,252.47,203.54,153.86,67.87,0.0416,index,simulated,Synthetic Generator - Bottleneck,,Bottleneck at Phase 6 (Vaulting) - severe D-C imbalance
1274,1,Mine Extraction_Entity,USA,2025-06-09,daily_state,ndc_balance,282.6,249.26,209.62,78.98,0.0891,index,simulated,Synthetic Generator - Bottleneck,,Bottleneck at Phase 6 (Vaulting) - severe D-C imbalance
1275,2,Ore Processing_Entity,USA,2025-06-09,daily_state,ndc_balance,238.21,208.66,173.97,78.03,0.1132,index,simulated,Synthetic Generator - Bottleneck,,Bottleneck at Phase 6 (Vaulting) - severe D-C imbalance
1276,3,Doré Production_Entity,USA,2025-06-09,daily_state,ndc_balance,257.92,237.07,210.36,85.07,0.2249,index,simulated,Synthetic Generator - Bottleneck,,Bottleneck at Phase 6 (Vaulting) - severe D-C imbalance
1277,4,Refining_Entity,USA,2025-06-09,daily_state,ndc_balance,281.48,231.35,178.72,70.03,0.0396,index,simulated,Synthetic Generator - Bottleneck,,Bottleneck at Phase 6 (Vaulting) - severe D-C imbalance
1278,5,Bar Casting & Assay_Entity,USA,2025-06-09,daily_state,ndc_balance,230.39,264.11,191.08,77.46,0.0872,index,simulated,Synthetic Generator - Bottleneck,,Bottleneck at Phase 6 (Vaulting) - severe D-C imbalance
1279,6,Logistics & Vaulting_Entity,USA,2025-06-09,daily_state,ndc_balance,438.51,182.53,88.03,31.11,0.0015,index,simulated,Synthetic Generator - Bottleneck,,Bottleneck at Phase 6 (Vaulting) - severe D-C imbalance
1280,7,Exchange Registration_Entity,USA,2025-06-09,daily_state,ndc_balance,284.05,225.38,167.4,66.16,0.029,index,simulated,Synthetic Generator - Bottleneck,,Bottleneck at Phase 6 (Vaulting) - severe D-C imbalance
1281,0,Geological Prospecting_Entity,USA,2025-06-10,daily_state,ndc_balance,254.68,269.12,235.15,89.82,0.4572,index,simulated,Synthetic Generator - Bottleneck,,Bottleneck at Phase 6 (Vaulting) - severe D-C imbalance
1282,1,Mine Extraction_Entity,USA,2025-06-10,daily_state,ndc_balance,262.51,235.77,202.93,81.57,0.1379,index,simulated,Synthetic Generator - Bottleneck,,Bottleneck at Phase 6 (Vaulting) - severe D-C imbalance
1283,2,Ore Processing_Entity,USA,2025-06-10,daily_state,ndc_balance,277.05,180.88,111.81,49.95,0.0108,index,simulated,Synthetic Generator - Bottleneck,,Bottleneck at Phase 6 (Vaulting) - severe D-C imbalance
1284,3,Doré Production_Entity,USA,2025-06-10,daily_state,ndc_balance,291.04,197.35,125.89,52.53,0.0114,index,simulated,Synthetic Generator - Bottleneck,,Bottleneck at Phase 6 (Vaulting) - severe D-C imbalance
1285,4,Refining_Entity,USA,2025-06-10,daily_state,ndc_balance,237.46,238.98,235.21,98.74,8.1254,index,simulated,Synthetic Generator - Bottleneck,,Bottleneck at Phase 6 (Vaulting) - severe D-C imbalance
1286,5,Bar Casting & Assay_Entity,USA,2025-06-10,daily_state,ndc_balance,242.75,267.75,211.52,82.97,0.1575,index,simulated,Synthetic Generator - Bottleneck,,Bottleneck at Phase 6 (Vaulting) - severe D-C imbalance
1287,6,Logistics & Vaulting_Entity,USA,2025-06-10,daily_state,ndc_balance,398.84,183.91,92.18,34.04,0.0022,index,simulated,Synthetic Generator - Bottleneck,,Bottleneck at Phase 6 (Vaulting) - severe D-C imbalance
1288,7,Exchange Registration_Entity,USA,2025-06-10,daily_state,ndc_balance,260.35,232.77,199.18,80.91,0.1298,index,simulated,Synthetic Generator - Bottleneck,,Bottleneck at Phase 6 (Vaulting) - severe D-C imbalance
1289,0,Geological Prospecting_Entity,USA,2025-06-11,daily_state,ndc_balance,248.7,242.32,233.21,95.0,1.9716,index,simulated,Synthetic Generator - Bottleneck,,Bottleneck at Phase 6 (Vaulting) - severe D-C imbalance
1290,1,Mine Extraction_Entity,USA,2025-06-11,daily_state,ndc_balance,239.0,227.25,211.22,90.63,0.6751,index,simulated,Synthetic Generator - Bottleneck,,Bottleneck at Phase 6 (Vaulting) - severe D-C imbalance
1291,2,Ore Processing_Entity,USA,2025-06-11,daily_state,ndc_balance,255.75,263.59,244.63,94.22,1.397,index,simulated,Synthetic Generator - Bottleneck,,Bottleneck at Phase 6 (Vaulting) - severe D-C imbalance
1292,3,Doré Production_Entity,USA,2025-06-11,daily_state,ndc_balance,238.03,218.28,193.08,84.71,0.2499,index,simulated,Synthetic Generator - Bottleneck,,Bottleneck at Phase 6 (Vaulting) - severe D-C imbalance
1293,4,Refining_Entity,USA,2025-06-11,daily_state,ndc_balance,262.27,239.19,210.04,83.86,0.1842,index,simulated,Synthetic Generator - Bottleneck,,Bottleneck at Phase 6 (Vaulting) - severe D-C imbalance
1294,5,Bar Casting & Assay_Entity,USA,2025-06-11,daily_state,ndc_balance,260.88,220.79,176.5,73.54,0.0618,index,simulated,Synthetic Generator - Bottleneck,,Bottleneck at Phase 6 (Vaulting) - severe D-C imbalance
1295,6,Logistics & Vaulting_Entity,USA,2025-06-11,daily_state,ndc_balance,384.41,172.0,85.16,33.12,0.0022,index,simulated,Synthetic Generator - Bottleneck,,Bottleneck at Phase 6 (Vaulting) - severe D-C imbalance
1296,7,Exchange Registration_Entity,USA,2025-06-11,daily_state,ndc_balance,257.63,222.72,182.68,76.26,0.0814,index,simulated,Synthetic Generator - Bottleneck,,Bottleneck at Phase 6 (Vaulting) - severe D-C imbalance
1297,0,Geological Prospecting_Entity,USA,2025-06-12,daily_state,ndc_balance,237.26,258.53,210.1,84.83,0.2164,index,simulated,Synthetic Generator - Bottleneck,,Bottleneck at Phase 6 (Vaulting) - severe D-C imbalance
1298,1,Mine Extraction_Entity,USA,2025-06-12,daily_state,ndc_balance,244.24,243.76,243.05,99.61,9.7792,index,simulated,Synthetic Generator - Bottleneck,,Bottleneck at Phase 6 (Vaulting) - severe D-C imbalance
1299,2,Ore Processing_Entity,USA,2025-06-12,daily_state,ndc_balance,253.15,244.87,233.22,93.67,1.2733,index,simulated,Synthetic Generator - Bottleneck,,Bottleneck at Phase 6 (Vaulting) - severe D-C imbalance
1300,3,Doré Production_Entity,USA,2025-06-12,daily_state,ndc_balance,249.52,252.77,244.76,97.46,4.8669,index,simulated,Synthetic Generator - Bottleneck,,Bottleneck at Phase 6 (Vaulting) - severe D-C imbalance
1301,4,Refining_Entity,USA,2025-06-12,daily_state,ndc_balance,234.09,274.99,188.43,74.27,0.0594,index,simulated,Synthetic Generator - Bottleneck,,Bottleneck at Phase 6 (Vaulting) - severe D-C imbalance
1302,5,Bar Casting & Assay_Entity,USA,2025-06-12,daily_state,ndc_balance,238.18,211.46,179.32,79.9,0.1381,index,simulated,Synthetic Generator - Bottleneck,,Bottleneck at Phase 6 (Vaulting) - severe D-C imbalance
1303,6,Logistics & Vaulting_Entity,USA,2025-06-12,daily_state,ndc_balance,423.76,167.23,79.32,29.8,0.0015,index,simulated,Synthetic Generator - Bottleneck,,Bottleneck at Phase 6 (Vaulting) - severe D-C imbalance
1304,7,Exchange Registration_Entity,USA,2025-06-12,daily_state,ndc_balance,286.96,279.47,268.79,94.92,1.5137,index,simulated,Synthetic Generator - Bottleneck,,Bottleneck at Phase 6 (Vaulting) - severe D-C imbalance
1305,0,Geological Prospecting_Entity,USA,2025-06-13,daily_state,ndc_balance,234.27,248.31,215.4,89.31,0.4828,index,simulated,Synthetic Generator - Bottleneck,,Bottleneck at Phase 6 (Vaulting) - severe D-C imbalance
1306,1,Mine Extraction_Entity,USA,2025-06-13,daily_state,ndc_balance,214.89,251.35,173.88,74.82,0.0747,index,simulated,Synthetic Generator - Bottleneck,,Bottleneck at Phase 6 (Vaulting) - severe D-C imbalance
1307,2,Ore Processing_Entity,USA,2025-06-13,daily_state,ndc_balance,232.29,224.38,213.27,93.42,1.379,index,simulated,Synthetic Generator - Bottleneck,,Bottleneck at Phase 6 (Vaulting) - severe D-C imbalance
1308,3,Doré Production_Entity,USA,2025-06-13,daily_state,ndc_balance,227.97,258.3,191.88,79.07,0.1075,index,simulated,Synthetic Generator - Bottleneck,,Bottleneck at Phase 6 (Vaulting) - severe D-C imbalance
1309,4,Refining_Entity,USA,2025-06-13,daily_state,ndc_balance,270.15,240.58,204.83,80.34,0.1131,index,simulated,Synthetic Generator - Bottleneck,,Bottleneck at Phase 6 (Vaulting) - severe D-C imbalance
1310,5,Bar Casting & Assay_Entity,USA,2025-06-13,daily_state,ndc_balance,224.34,284.76,165.35,65.42,0.0273,index,simulated,Synthetic Generator - Bottleneck,,Bottleneck at Phase 6 (Vaulting) - severe D-C imbalance
1311,6,Logistics & Vaulting_Entity,USA,2025-06-13,daily_state,ndc_balance,404.99,147.57,68.57,28.05,0.0015,index,simulated,Synthetic Generator - Bottleneck,,Bottleneck at Phase 6 (Vaulting) - severe D-C imbalance
1312,7,Exchange Registration_Entity,USA,2025-06-13,daily_state,ndc_balance,283.14,196.4,127.78,54.19,0.0133,index,simulated,Synthetic Generator - Bottleneck,,Bottleneck at Phase 6 (Vaulting) - severe D-C imbalance
1313,0,Geological Prospecting_Entity,USA,2025-06-14,daily_state,ndc_balance,269.77,230.47,186.32,74.72,0.0643,index,simulated,Synthetic Generator - Bottleneck,,Bottleneck at Phase 6 (Vaulting) - severe D-C imbalance
1314,1,Mine Extraction_Entity,USA,2025-06-14,daily_state,ndc_balance,262.07,275.04,244.33,91.0,0.5617,index,simulated,Synthetic Generator - Bottleneck,,Bottleneck at Phase 6 (Vaulting) - severe D-C imbalance
1315,2,Ore Processing_Entity,USA,2025-06-14,daily_state,ndc_balance,225.82,225.85,225.78,99.97,9.9992,index,simulated,Synthetic Generator - Bottleneck,,Bottleneck at Phase 6 (Vaulting) - severe D-C imbalance
1316,3,Doré Production_Entity,USA,2025-06-14,daily_state,ndc_balance,248.49,278.44,212.12,80.64,0.1102,index,simulated,Synthetic Generator - Bottleneck,,Bottleneck at Phase 6 (Vaulting) - severe D-C imbalance
1317,4,Refining_Entity,USA,2025-06-14,daily_state,ndc_balance,236.83,225.14,209.2,90.6,0.6813,index,simulated,Synthetic Generator - Bottleneck,,Bottleneck at Phase 6 (Vaulting) - severe D-C imbalance
1318,5,Bar Casting & Assay_Entity,USA,2025-06-14,daily_state,ndc_balance,249.99,231.31,207.09,86.12,0.2786,index,simulated,Synthetic Generator - Bottleneck,,Bottleneck at Phase 6 (Vaulting) - severe D-C imbalance
1319,6,Logistics & Vaulting_Entity,USA,2025-06-14,daily_state,ndc_balance,423.05,156.73,73.11,28.39,0.0014,index,simulated,Synthetic Generator - Bottleneck,,Bottleneck at Phase 6 (Vaulting) - severe D-C imbalance
1320,7,Exchange Registration_Entity,USA,2025-06-14,daily_state,ndc_balance,318.21,190.36,110.19,44.77,0.0061,index,simulated,Synthetic Generator - Bottleneck,,Bottleneck at Phase 6 (Vaulting) - severe D-C imbalance
1321,0,Geological Prospecting_Entity,USA,2025-06-15,daily_state,ndc_balance,243.56,239.19,232.85,96.47,3.4296,index,simulated,Synthetic Generator - Bottleneck,,Bottleneck at Phase 6 (Vaulting) - severe D-C imbalance
1322,1,Mine Extraction_Entity,USA,2025-06-15,daily_state,ndc_balance,288.25,206.88,138.85,56.86,0.0151,index,simulated,Synthetic Generator - Bottleneck,,Bottleneck at Phase 6 (Vaulting) - severe D-C imbalance
1323,2,Ore Processing_Entity,USA,2025-06-15,daily_state,ndc_balance,289.67,258.93,221.49,80.87,0.1047,index,simulated,Synthetic Generator - Bottleneck,,Bottleneck at Phase 6 (Vaulting) - severe D-C imbalance
1324,3,Doré Production_Entity,USA,2025-06-15,daily_state,ndc_balance,258.34,215.38,169.15,71.71,0.0539,index,simulated,Synthetic Generator - Bottleneck,,Bottleneck at Phase 6 (Vaulting) - severe D-C imbalance
1325,4,Refining_Entity,USA,2025-06-15,daily_state,ndc_balance,261.42,221.91,178.03,73.91,0.0637,index,simulated,Synthetic Generator - Bottleneck,,Bottleneck at Phase 6 (Vaulting) - severe D-C imbalance
1326,5,Bar Casting & Assay_Entity,USA,2025-06-15,daily_state,ndc_balance,264.66,222.13,175.82,72.52,0.055,index,simulated,Synthetic Generator - Bottleneck,,Bottleneck at Phase 6 (Vaulting) - severe D-C imbalance
1327,6,Logistics & Vaulting_Entity,USA,2025-06-15,daily_state,ndc_balance,417.74,171.67,82.44,30.79,0.0017,index,simulated,Synthetic Generator - Bottleneck,,Bottleneck at Phase 6 (Vaulting) - severe D-C imbalance
1328,7,Exchange Registration_Entity,USA,2025-06-15,daily_state,ndc_balance,253.75,242.87,227.84,91.78,0.7787,index,simulated,Synthetic Generator - Bottleneck,,Bottleneck at Phase 6 (Vaulting) - severe D-C imbalance
1329,0,Geological Prospecting_Entity,USA,2025-06-16,daily_state,ndc_balance,260.71,270.23,247.37,93.2,0.9945,index,simulated,Synthetic Generator - Bottleneck,,Bottleneck at Phase 6 (Vaulting) - severe D-C imbalance
1330,1,Mine Extraction_Entity,USA,2025-06-16,daily_state,ndc_balance,214.4,266.6,161.61,67.6,0.0366,index,simulated,Synthetic Generator - Bottleneck,,Bottleneck at Phase 6 (Vaulting) - severe D-C imbalance
1331,2,Ore Processing_Entity,USA,2025-06-16,daily_state,ndc_balance,300.11,228.71,162.79,62.14,0.0196,index,simulated,Synthetic Generator - Bottleneck,,Bottleneck at Phase 6 (Vaulting) - severe D-C imbalance
1332,3,Doré Production_Entity,USA,2025-06-16,daily_state,ndc_balance,287.9,233.42,177.55,68.49,0.0336,index,simulated,Synthetic Generator - Bottleneck,,Bottleneck at Phase 6 (Vaulting) - severe D-C imbalance
1333,4,Refining_Entity,USA,2025-06-16,daily_state,ndc_balance,222.55,232.36,208.99,91.9,0.9418,index,simulated,Synthetic Generator - Bottleneck,,Bottleneck at Phase 6 (Vaulting) - severe D-C imbalance
1334,5,Bar Casting & Assay_Entity,USA,2025-06-16,daily_state,ndc_balance,259.29,226.05,187.35,77.38,0.0897,index,simulated,Synthetic Generator - Bottleneck,,Bottleneck at Phase 6 (Vaulting) - severe D-C imbalance
1335,6,Logistics & Vaulting_Entity,USA,2025-06-16,daily_state,ndc_balance,407.99,188.9,94.85,34.16,0.0021,index,simulated,Synthetic Generator - Bottleneck,,Bottleneck at Phase 6 (Vaulting) - severe D-C imbalance
1336,7,Exchange Registration_Entity,USA,2025-06-16,daily_state,ndc_balance,272.77,239.48,200.22,78.34,0.0894,index,simulated,Synthetic Generator - Bottleneck,,Bottleneck at Phase 6 (Vaulting) - severe D-C imbalance
1337,0,Geological Prospecting_Entity,USA,2025-06-17,daily_state,ndc_balance,254.76,251.99,247.93,97.85,5.6656,index,simulated,Synthetic Generator - Bottleneck,,Bottleneck at Phase 6 (Vaulting) - severe D-C imbalance
1338,1,Mine Extraction_Entity,USA,2025-06-17,daily_state,ndc_balance,241.35,245.79,234.92,96.45,3.3662,index,simulated,Synthetic Generator - Bottleneck,,Bottleneck at Phase 6 (Vaulting) - severe D-C imbalance
1339,2,Ore Processing_Entity,USA,2025-06-17,daily_state,ndc_balance,231.45,272.21,186.05,74.12,0.0598,index,simulated,Synthetic Generator - Bottleneck,,Bottleneck at Phase 6 (Vaulting) - severe D-C imbalance
1340,3,Doré Production_Entity,USA,2025-06-17,daily_state,ndc_balance,237.31,268.22,200.37,79.42,0.1036,index,simulated,Synthetic Generator - Bottleneck,,Bottleneck at Phase 6 (Vaulting) - severe D-C imbalance
1341,4,Refining_Entity,USA,2025-06-17,daily_state,ndc_balance,245.33,245.05,244.63,99.77,9.9234,index,simulated,Synthetic Generator - Bottleneck,,Bottleneck at Phase 6 (Vaulting) - severe D-C imbalance
1342,5,Bar Casting & Assay_Entity,USA,2025-06-17,daily_state,ndc_balance,227.54,222.13,214.38,95.36,2.5472,index,simulated,Synthetic Generator - Bottleneck,,Bottleneck at Phase 6 (Vaulting) - severe D-C imbalance
1343,6,Logistics & Vaulting_Entity,USA,2025-06-17,daily_state,ndc_balance,385.1,164.17,79.82,31.75,0.002,index,simulated,Synthetic Generator - Bottleneck,,Bottleneck at Phase 6 (Vaulting) - severe D-C imbalance
1344,7,Exchange Registration_Entity,USA,2025-06-17,daily_state,ndc_balance,265.08,230.92,191.2,77.28,0.085,index,simulated,Synthetic Generator - Bottleneck,,Bottleneck at Phase 6 (Vaulting) - severe D-C imbalance
1345,0,Geological Prospecting_Entity,USA,2025-06-18,daily_state,ndc_balance,270.21,228.86,183.11,73.63,0.0581,index,simulated,Synthetic Generator - Bottleneck,,Bottleneck at Phase 6 (Vaulting) - severe D-C imbalance
1346,1,Mine Extraction_Entity,USA,2025-06-18,daily_state,ndc_balance,232.36,203.93,170.43,78.29,0.1222,index,simulated,Synthetic Generator - Bottleneck,,Bottleneck at Phase 6 (Vaulting) - severe D-C imbalance
1347,2,Ore Processing_Entity,USA,2025-06-18,daily_state,ndc_balance,259.6,274.58,239.39,89.66,0.4267,index,simulated,Synthetic Generator - Bottleneck,,Bottleneck at Phase 6 (Vaulting) - severe D-C imbalance
1348,3,Doré Production_Entity,USA,2025-06-18,daily_state,ndc_balance,275.33,257.75,234.46,88.01,0.3135,index,simulated,Synthetic Generator - Bottleneck,,Bottleneck at Phase 6 (Vaulting) - severe D-C imbalance
1349,4,Refining_Entity,USA,2025-06-18,daily_state,ndc_balance,262.77,282.44,237.01,87.0,0.252,index,simulated,Synthetic Generator - Bottleneck,,Bottleneck at Phase 6 (Vaulting) - severe D-C imbalance
1350,5,Bar Casting & Assay_Entity,USA,2025-06-18,daily_state,ndc_balance,243.33,264.14,216.56,85.42,0.2256,index,simulated,Synthetic Generator - Bottleneck,,Bottleneck at Phase 6 (Vaulting) - severe D-C imbalance
1351,6,Logistics & Vaulting_Entity,USA,2025-06-18,daily_state,ndc_balance,413.58,159.57,75.21,29.28,0.0015,index,simulated,Synthetic Generator - Bottleneck,,Bottleneck at Phase 6 (Vaulting) - severe D-C imbalance
1352,7,Exchange Registration_Entity,USA,2025-06-18,daily_state,ndc_balance,256.4,226.38,190.63,79.12,0.1098,index,simulated,Synthetic Generator - Bottleneck,,Bottleneck at Phase 6 (Vaulting) - severe D-C imbalance
1353,0,Geological Prospecting_Entity,USA,2025-06-19,daily_state,ndc_balance,251.22,288.16,208.2,77.38,0.0727,index,simulated,Synthetic Generator - Bottleneck,,Bottleneck at Phase 6 (Vaulting) - severe D-C imbalance
1354,1,Mine Extraction_Entity,USA,2025-06-19,daily_state,ndc_balance,251.63,269.47,228.09,87.59,0.3044,index,simulated,Synthetic Generator - Bottleneck,,Bottleneck at Phase 6 (Vaulting) - severe D-C imbalance
1355,2,Ore Processing_Entity,USA,2025-06-19,daily_state,ndc_balance,241.3,232.21,219.53,92.74,1.0795,index,simulated,Synthetic Generator - Bottleneck,,Bottleneck at Phase 6 (Vaulting) - severe D-C imbalance
1356,3,Doré Production_Entity,USA,2025-06-19,daily_state,ndc_balance,223.42,221.44,218.52,98.24,7.1877,index,simulated,Synthetic Generator - Bottleneck,,Bottleneck at Phase 6 (Vaulting) - severe D-C imbalance
1357,4,Refining_Entity,USA,2025-06-19,daily_state,ndc_balance,260.54,240.19,213.98,85.54,0.2358,index,simulated,Synthetic Generator - Bottleneck,,Bottleneck at Phase 6 (Vaulting) - severe D-C imbalance
1358,5,Bar Casting & Assay_Entity,USA,2025-06-19,daily_state,ndc_balance,254.92,252.89,249.9,98.42,7.0849,index,simulated,Synthetic Generator - Bottleneck,,Bottleneck at Phase 6 (Vaulting) - severe D-C imbalance
1359,6,Logistics & Vaulting_Entity,USA,2025-06-19,daily_state,ndc_balance,412.95,212.22,111.98,37.83,0.0025,index,simulated,Synthetic Generator - Bottleneck,,Bottleneck at Phase 6 (Vaulting) - severe D-C imbalance
1360,7,Exchange Registration_Entity,USA,2025-06-19,daily_state,ndc_balance,266.41,256.89,243.56,93.1,0.9936,index,simulated,Synthetic Generator - Bottleneck,,Bottleneck at Phase 6 (Vaulting) - severe D-C imbalance
1361,0,Geological Prospecting_Entity,USA,2025-06-20,daily_state,ndc_balance,241.98,257.74,220.98,88.49,0.3868,index,simulated,Synthetic Generator - Bottleneck,,Bottleneck at Phase 6 (Vaulting) - severe D-C imbalance
1362,1,Mine Extraction_Entity,USA,2025-06-20,daily_state,ndc_balance,268.56,245.21,215.66,84.04,0.1801,index,simulated,Synthetic Generator - Bottleneck,,Bottleneck at Phase 6 (Vaulting) - severe D-C imbalance
1363,2,Ore Processing_Entity,USA,2025-06-20,daily_state,ndc_balance,202.91,240.46,161.64,73.18,0.0704,index,simulated,Synthetic Generator - Bottleneck,,Bottleneck at Phase 6 (Vaulting) - severe D-C imbalance
1364,3,Doré Production_Entity,USA,2025-06-20,daily_state,ndc_balance,274.61,253.19,225.59,85.55,0.2133,index,simulated,Synthetic Generator - Bottleneck,,Bottleneck at Phase 6 (Vaulting) - severe D-C imbalance
1365,4,Refining_Entity,USA,2025-06-20,daily_state,ndc_balance,258.92,196.94,139.91,61.96,0.026,index,simulated,Synthetic Generator - Bottleneck,,Bottleneck at Phase 6 (Vaulting) - severe D-C imbalance
1366,5,Bar Casting & Assay_Entity,USA,2025-06-20,daily_state,ndc_balance,221.17,258.94,178.76,74.7,0.0696,index,simulated,Synthetic Generator - Bottleneck,,Bottleneck at Phase 6 (Vaulting) - severe D-C imbalance
1367,6,Logistics & Vaulting_Entity,USA,2025-06-20,daily_state,ndc_balance,428.21,198.22,99.51,34.16,0.0019,index,simulated,Synthetic Generator - Bottleneck,,Bottleneck at Phase 6 (Vaulting) - severe D-C imbalance
1368,7,Exchange Registration_Entity,USA,2025-06-20,daily_state,ndc_balance,263.31,239.34,209.26,83.36,0.1712,index,simulated,Synthetic Generator - Bottleneck,,Bottleneck at Phase 6 (Vaulting) - severe D-C imbalance
1369,0,Geological Prospecting_Entity,USA,2025-06-21,daily_state,ndc_balance,250.33,215.33,175.53,75.61,0.081,index,simulated,Synthetic Generator - Bottleneck,,Bottleneck at Phase 6 (Vaulting) - severe D-C imbalance
1370,1,Mine Extraction_Entity,USA,2025-06-21,daily_state,ndc_balance,204.88,250.78,157.2,69.35,0.0473,index,simulated,Synthetic Generator - Bottleneck,,Bottleneck at Phase 6 (Vaulting) - severe D-C imbalance
1371,2,Ore Processing_Entity,USA,2025-06-21,daily_state,ndc_balance,253.48,224.55,189.88,79.59,0.118,index,simulated,Synthetic Generator - Bottleneck,,Bottleneck at Phase 6 (Vaulting) - severe D-C imbalance
1372,3,Doré Production_Entity,USA,2025-06-21,daily_state,ndc_balance,217.62,255.74,175.09,74.22,0.0683,index,simulated,Synthetic Generator - Bottleneck,,Bottleneck at Phase 6 (Vaulting) - severe D-C imbalance
1373,4,Refining_Entity,USA,2025-06-21,daily_state,ndc_balance,244.68,253.92,231.76,92.98,1.0484,index,simulated,Synthetic Generator - Bottleneck,,Bottleneck at Phase 6 (Vaulting) - severe D-C imbalance
1374,5,Bar Casting & Assay_Entity,USA,2025-06-21,daily_state,ndc_balance,272.52,195.32,130.92,56.75,0.0168,index,simulated,Synthetic Generator - Bottleneck,,Bottleneck at Phase 6 (Vaulting) - severe D-C imbalance
1375,6,Logistics & Vaulting_Entity,USA,2025-06-21,daily_state,ndc_balance,406.01,176.86,86.67,32.34,0.0019,index,simulated,Synthetic Generator - Bottleneck,,Bottleneck at Phase 6 (Vaulting) - severe D-C imbalance
1376,7,Exchange Registration_Entity,USA,2025-06-21,daily_state,ndc_balance,292.97,189.84,116.65,49.46,0.0094,index,simulated,Synthetic Generator - Bottleneck,,Bottleneck at Phase 6 (Vaulting) - severe D-C imbalance
1377,0,Geological Prospecting_Entity,USA,2025-06-22,daily_state,ndc_balance,288.72,243.4,193.66,73.06,0.0485,index,simulated,Synthetic Generator - Bottleneck,,Bottleneck at Phase 6 (Vaulting) - severe D-C imbalance
1378,1,Mine Extraction_Entity,USA,2025-06-22,daily_state,ndc_balance,248.08,235.05,217.39,90.03,0.5561,index,simulated,Synthetic Generator - Bottleneck,,Bottleneck at Phase 6 (Vaulting) - severe D-C imbalance
1379,2,Ore Processing_Entity,USA,2025-06-22,daily_state,ndc_balance,241.27,266.2,210.15,82.92,0.1584,index,simulated,Synthetic Generator - Bottleneck,,Bottleneck at Phase 6 (Vaulting) - severe D-C imbalance
1380,3,Doré Production_Entity,USA,2025-06-22,daily_state,ndc_balance,228.63,248.64,202.98,85.14,0.2438,index,simulated,Synthetic Generator - Bottleneck,,Bottleneck at Phase 6 (Vaulting) - severe D-C imbalance
1381,4,Refining_Entity,USA,2025-06-22,daily_state,ndc_balance,242.32,220.95,193.97,83.83,0.2143,index,simulated,Synthetic Generator - Bottleneck,,Bottleneck at Phase 6 (Vaulting) - severe D-C imbalance
1382,5,Bar Casting & Assay_Entity,USA,2025-06-22,daily_state,ndc_balance,286.77,259.45,225.45,82.65,0.1322,index,simulated,Synthetic Generator - Bottleneck,,Bottleneck at Phase 6 (Vaulting) - severe D-C imbalance
1383,6,Logistics & Vaulting_Entity,USA,2025-06-22,daily_state,ndc_balance,432.27,197.07,98.31,33.68,0.0018,index,simulated,Synthetic Generator - Bottleneck,,Bottleneck at Phase 6 (Vaulting) - severe D-C imbalance
1384,7,Exchange Registration_Entity,USA,2025-06-22,daily_state,ndc_balance,232.89,276.26,185.3,73.05,0.0529,index,simulated,Synthetic Generator - Bottleneck,,Bottleneck at Phase 6 (Vaulting) - severe D-C imbalance
1385,0,Geological Prospecting_Entity,USA,2025-06-23,daily_state,ndc_balance,199.82,220.78,173.72,82.71,0.2226,index,simulated,Synthetic Generator - Bottleneck,,Bottleneck at Phase 6 (Vaulting) - severe D-C imbalance
1386,1,Mine Extraction_Entity,USA,2025-06-23,daily_state,ndc_balance,240.82,254.54,222.28,89.78,0.5042,index,simulated,Synthetic Generator - Bottleneck,,Bottleneck at Phase 6 (Vaulting) - severe D-C imbalance
1387,2,Ore Processing_Entity,USA,2025-06-23,daily_state,ndc_balance,254.37,235.83,211.7,86.43,0.2826,index,simulated,Synthetic Generator - Bottleneck,,Bottleneck at Phase 6 (Vaulting) - severe D-C imbalance
1388,3,Doré Production_Entity,USA,2025-06-23,daily_state,ndc_balance,249.76,215.55,176.43,76.04,0.0847,index,simulated,Synthetic Generator - Bottleneck,,Bottleneck at Phase 6 (Vaulting) - severe D-C imbalance
1389,4,Refining_Entity,USA,2025-06-23,daily_state,ndc_balance,220.06,258.16,177.42,74.44,0.0684,index,simulated,Synthetic Generator - Bottleneck,,Bottleneck at Phase 6 (Vaulting) - severe D-C imbalance
1390,5,Bar Casting & Assay_Entity,USA,2025-06-23,daily_state,ndc_balance,248.88,288.61,203.5,75.93,0.0629,index,simulated,Synthetic Generator - Bottleneck,,Bottleneck at Phase 6 (Vaulting) - severe D-C imbalance
1391,6,Logistics & Vaulting_Entity,USA,2025-06-23,daily_state,ndc_balance,404.2,190.39,96.31,34.72,0.0022,index,simulated,Synthetic Generator - Bottleneck,,Bottleneck at Phase 6 (Vaulting) - severe D-C imbalance
1392,7,Exchange Registration_Entity,USA,2025-06-23,daily_state,ndc_balance,252.92,264.03,237.55,91.93,0.7488,index,simulated,Synthetic Generator - Bottleneck,,Bottleneck at Phase 6 (Vaulting) - severe D-C imbalance
1393,0,Geological Prospecting_Entity,USA,2025-06-24,daily_state,ndc_balance,270.44,245.28,213.83,83.02,0.1555,index,simulated,Synthetic Generator - Bottleneck,,Bottleneck at Phase 6 (Vaulting) - severe D-C imbalance
1394,1,Mine Extraction_Entity,USA,2025-06-24,daily_state,ndc_balance,243.21,264.02,216.44,85.41,0.2256,index,simulated,Synthetic Generator - Bottleneck,,Bottleneck at Phase 6 (Vaulting) - severe D-C imbalance
1395,2,Ore Processing_Entity,USA,2025-06-24,daily_state,ndc_balance,262.94,222.89,178.51,73.74,0.062,index,simulated,Synthetic Generator - Bottleneck,,Bottleneck at Phase 6 (Vaulting) - severe D-C imbalance
1396,3,Doré Production_Entity,USA,2025-06-24,daily_state,ndc_balance,223.44,232.79,210.48,92.29,1.0279,index,simulated,Synthetic Generator - Bottleneck,,Bottleneck at Phase 6 (Vaulting) - severe D-C imbalance
1397,4,Refining_Entity,USA,2025-06-24,daily_state,ndc_balance,280.31,268.66,252.54,92.03,0.6867,index,simulated,Synthetic Generator - Bottleneck,,Bottleneck at Phase 6 (Vaulting) - severe D-C imbalance
1398,5,Bar Casting & Assay_Entity,USA,2025-06-24,daily_state,ndc_balance,212.86,219.74,203.15,93.93,1.7456,index,simulated,Synthetic Generator - Bottleneck,,Bottleneck at Phase 6 (Vaulting) - severe D-C imbalance
1399,6,Logistics & Vaulting_Entity,USA,2025-06-24,daily_state,ndc_balance,445.49,162.97,75.79,28.13,0.0013,index,simulated,Synthetic Generator - Bottleneck,,Bottleneck at Phase 6 (Vaulting) - severe D-C imbalance
1400,7,Exchange Registration_Entity,USA,2025-06-24,daily_state,ndc_balance,265.92,220.78,172.55,71.21,0.0488,index,simulated,Synthetic Generator - Bottleneck,,Bottleneck at Phase 6 (Vaulting) - severe D-C imbalance
1401,0,Geological Prospecting_Entity,USA,2025-06-25,daily_state,ndc_balance,282.34,220.74,161.37,64.64,0.0263,index,simulated,Synthetic Generator - Bottleneck,,Bottleneck at Phase 6 (Vaulting) - severe D-C imbalance
1402,1,Mine Extraction_Entity,USA,2025-06-25,daily_state,ndc_balance,272.87,244.62,210.04,81.3,0.1238,index,simulated,Synthetic Generator - Bottleneck,,Bottleneck at Phase 6 (Vaulting) - severe D-C imbalance
1403,2,Ore Processing_Entity,USA,2025-06-25,daily_state,ndc_balance,255.04,190.74,133.21,60.4,0.0241,index,simulated,Synthetic Generator - Bottleneck,,Bottleneck at Phase 6 (Vaulting) - severe D-C imbalance
1404,3,Doré Production_Entity,USA,2025-06-25,daily_state,ndc_balance,205.94,234.49,172.26,78.39,0.1212,index,simulated,Synthetic Generator - Bottleneck,,Bottleneck at Phase 6 (Vaulting) - severe D-C imbalance
1405,4,Refining_Entity,USA,2025-06-25,daily_state,ndc_balance,254.94,211.87,165.77,71.33,0.0536,index,simulated,Synthetic Generator - Bottleneck,,Bottleneck at Phase 6 (Vaulting) - severe D-C imbalance
1406,5,Bar Casting & Assay_Entity,USA,2025-06-25,daily_state,ndc_balance,213.59,262.82,162.9,68.76,0.0411,index,simulated,Synthetic Generator - Bottleneck,,Bottleneck at Phase 6 (Vaulting) - severe D-C imbalance
1407,6,Logistics & Vaulting_Entity,USA,2025-06-25,daily_state,ndc_balance,431.26,177.93,85.56,30.89,0.0016,index,simulated,Synthetic Generator - Bottleneck,,Bottleneck at Phase 6 (Vaulting) - severe D-C imbalance
1408,7,Exchange Registration_Entity,USA,2025-06-25,daily_state,ndc_balance,268.39,208.79,151.83,64.14,0.0281,index,simulated,Synthetic Generator - Bottleneck,,Bottleneck at Phase 6 (Vaulting) - severe D-C imbalance
1409,0,Geological Prospecting_Entity,USA,2025-06-26,daily_state,ndc_balance,242.88,281.2,199.0,76.15,0.0677,index,simulated,Synthetic Generator - Bottleneck,,Bottleneck at Phase 6 (Vaulting) - severe D-C imbalance
1410,1,Mine Extraction_Entity,USA,2025-06-26,daily_state,ndc_balance,251.37,243.16,231.6,93.68,1.2923,index,simulated,Synthetic Generator - Bottleneck,,Bottleneck at Phase 6 (Vaulting) - severe D-C imbalance
1411,2,Ore Processing_Entity,USA,2025-06-26,daily_state,ndc_balance,296.12,205.02,133.17,54.05,0.012,index,simulated,Synthetic Generator - Bottleneck,,Bottleneck at Phase 6 (Vaulting) - severe D-C imbalance
1412,3,Doré Production_Entity,USA,2025-06-26,daily_state,ndc_balance,265.93,281.6,244.83,89.47,0.3913,index,simulated,Synthetic Generator - Bottleneck,,Bottleneck at Phase 6 (Vaulting) - severe D-C imbalance
1413,4,Refining_Entity,USA,2025-06-26,daily_state,ndc_balance,243.5,261.49,219.9,87.15,0.2998,index,simulated,Synthetic Generator - Bottleneck,,Bottleneck at Phase 6 (Vaulting) - severe D-C imbalance
1414,5,Bar Casting & Assay_Entity,USA,2025-06-26,daily_state,ndc_balance,216.13,231.37,196.01,87.65,0.4126,index,simulated,Synthetic Generator - Bottleneck,,Bottleneck at Phase 6 (Vaulting) - severe D-C imbalance
1415,6,Logistics & Vaulting_Entity,USA,2025-06-26,daily_state,ndc_balance,427.7,191.98,95.17,33.21,0.0018,index,simulated,Synthetic Generator - Bottleneck,,Bottleneck at Phase 6 (Vaulting) - severe D-C imbalance
1416,7,Exchange Registration_Entity,USA,2025-06-26,daily_state,ndc_balance,272.21,279.38,261.96,94.99,1.6261,index,simulated,Synthetic Generator - Bottleneck,,Bottleneck at Phase 6 (Vaulting) - severe D-C imbalance
1417,0,Geological Prospecting_Entity,USA,2025-06-27,daily_state,ndc_balance,248.65,269.84,221.38,85.47,0.2179,index,simulated,Synthetic Generator - Bottleneck,,Bottleneck at Phase 6 (Vaulting) - severe D-C imbalance
1418,1,Mine Extraction_Entity,USA,2025-06-27,daily_state,ndc_balance,243.15,262.55,217.96,86.26,0.2589,index,simulated,Synthetic Generator - Bottleneck,,Bottleneck at Phase 6 (Vaulting) - severe D-C imbalance
1419,2,Ore Processing_Entity,USA,2025-06-27,daily_state,ndc_balance,254.15,251.14,246.73,97.66,5.2502,index,simulated,Synthetic Generator - Bottleneck,,Bottleneck at Phase 6 (Vaulting) - severe D-C imbalance
1420,3,Doré Production_Entity,USA,2025-06-27,daily_state,ndc_balance,258.47,199.88,144.45,63.55,0.029,index,simulated,Synthetic Generator - Bottleneck,,Bottleneck at Phase 6 (Vaulting) - severe D-C imbalance
1421,4,Refining_Entity,USA,2025-06-27,daily_state,ndc_balance,227.52,242.56,207.51,88.33,0.423,index,simulated,Synthetic Generator - Bottleneck,,Bottleneck at Phase 6 (Vaulting) - severe D-C imbalance
1422,5,Bar Casting & Assay_Entity,USA,2025-06-27,daily_state,ndc_balance,202.57,268.99,142.45,61.02,0.0226,index,simulated,Synthetic Generator - Bottleneck,,Bottleneck at Phase 6 (Vaulting) - severe D-C imbalance
1423,6,Logistics & Vaulting_Entity,USA,2025-06-27,daily_state,ndc_balance,437.43,184.91,89.64,31.52,0.0016,index,simulated,Synthetic Generator - Bottleneck,,Bottleneck at Phase 6 (Vaulting) - severe D-C imbalance
1424,7,Exchange Registration_Entity,USA,2025-06-27,daily_state,ndc_balance,224.37,276.64,170.74,68.53,0.0365,index,simulated,Synthetic Generator - Bottleneck,,Bottleneck at Phase 6 (Vaulting) - severe D-C imbalance
1425,0,Geological Prospecting_Entity,USA,2025-06-28,daily_state,ndc_balance,290.74,243.68,192.55,72.34,0.0449,index,simulated,Synthetic Generator - Bottleneck,,Bottleneck at Phase 6 (Vaulting) - severe D-C imbalance
1426,1,Mine Extraction_Entity,USA,2025-06-28,daily_state,ndc_balance,260.21,245.04,224.73,89.0,0.4166,index,simulated,Synthetic Generator - Bottleneck,,Bottleneck at Phase 6 (Vaulting) - severe D-C imbalance
1427,2,Ore Processing_Entity,USA,2025-06-28,daily_state,ndc_balance,260.61,237.01,207.36,83.44,0.1764,index,simulated,Synthetic Generator - Bottleneck,,Bottleneck at Phase 6 (Vaulting) - severe D-C imbalance
1428,3,Doré Production_Entity,USA,2025-06-28,daily_state,ndc_balance,249.31,262.64,231.18,90.34,0.5325,index,simulated,Synthetic Generator - Bottleneck,,Bottleneck at Phase 6 (Vaulting) - severe D-C imbalance
1429,4,Refining_Entity,USA,2025-06-28,daily_state,ndc_balance,296.91,205.0,132.83,53.84,0.0118,index,simulated,Synthetic Generator - Bottleneck,,Bottleneck at Phase 6 (Vaulting) - severe D-C imbalance
1430,5,Bar Casting & Assay_Entity,USA,2025-06-28,daily_state,ndc_balance,234.92,218.29,196.57,86.8,0.3493,index,simulated,Synthetic Generator - Bottleneck,,Bottleneck at Phase 6 (Vaulting) - severe D-C imbalance
1431,6,Logistics & Vaulting_Entity,USA,2025-06-28,daily_state,ndc_balance,451.84,171.18,80.3,28.87,0.0013,index,simulated,Synthetic Generator - Bottleneck,,Bottleneck at Phase 6 (Vaulting) - severe D-C imbalance
1432,7,Exchange Registration_Entity,USA,2025-06-28,daily_state,ndc_balance,214.99,260.05,167.2,70.71,0.049,index,simulated,Synthetic Generator - Bottleneck,,Bottleneck at Phase 6 (Vaulting) - severe D-C imbalance
1433,0,Geological Prospecting_Entity,USA,2025-06-29,daily_state,ndc_balance,284.89,256.59,221.66,81.98,0.1234,index,simulated,Synthetic Generator - Bottleneck,,Bottleneck at Phase 6 (Vaulting) - severe D-C imbalance
1434,1,Mine Extraction_Entity,USA,2025-06-29,daily_state,ndc_balance,254.1,250.23,244.59,97.0,4.0069,index,simulated,Synthetic Generator - Bottleneck,,Bottleneck at Phase 6 (Vaulting) - severe D-C imbalance
1435,2,Ore Processing_Entity,USA,2025-06-29,daily_state,ndc_balance,278.3,218.15,159.91,64.9,0.0276,index,simulated,Synthetic Generator - Bottleneck,,Bottleneck at Phase 6 (Vaulting) - severe D-C imbalance
1436,3,Doré Production_Entity,USA,2025-06-29,daily_state,ndc_balance,247.76,228.68,204.05,85.73,0.2673,index,simulated,Synthetic Generator - Bottleneck,,Bottleneck at Phase 6 (Vaulting) - severe D-C imbalance
1437,4,Refining_Entity,USA,2025-06-29,daily_state,ndc_balance,226.64,231.79,219.24,95.66,2.7396,index,simulated,Synthetic Generator - Bottleneck,,Bottleneck at Phase 6 (Vaulting) - severe D-C imbalance
1438,5,Bar Casting & Assay_Entity,USA,2025-06-29,daily_state,ndc_balance,259.96,261.48,257.69,98.84,8.1104,index,simulated,Synthetic Generator - Bottleneck,,Bottleneck at Phase 6 (Vaulting) - severe D-C imbalance
1439,6,Logistics & Vaulting_Entity,USA,2025-06-29,daily_state,ndc_balance,432.89,182.2,88.2,31.4,0.0016,index,simulated,Synthetic Generator - Bottleneck,,Bottleneck at Phase 6 (Vaulting) - severe D-C imbalance
1440,7,Exchange Registration_Entity,USA,2025-06-29,daily_state,ndc_balance,251.48,225.98,194.63,81.64,0.1514,index,simulated,Synthetic Generator - Bottleneck,,Bottleneck at Phase 6 (Vaulting) - severe D-C imbalance
