record_id,phase_id,entity,country,date,metric_type,metric_category,d_value,c_value,n_value,balance_score,sustainability_index,unit,source_type,source_name,url,notes
1,0,Geological Prospecting_Entity,USA,2025-01-01,daily_state,ndc_balance,302.4,174.43,98.52,42.9,0.0061,index,simulated,Synthetic Generator - Optimization,,Optimization trajectory - progress: 0.67%
2,1,Mine Extraction_Entity,USA,2025-01-01,daily_state,ndc_balance,330.29,188.35,105.6,42.34,0.005,index,simulated,Synthetic Generator - Optimization,,Optimization trajectory - progress: 0.67%
3,2,Ore Processing_Entity,USA,2025-01-01,daily_state,ndc_balance,301.75,187.71,111.76,46.96,0.0077,index,simulated,Synthetic Generator - Optimization,,Optimization trajectory - progress: 0.67%
4,3,Doré Production_Entity,USA,2025-01-01,daily_state,ndc_balance,309.33,178.79,101.11,43.0,0.0059,index,simulated,Synthetic Generator - Optimization,,Optimization trajectory - progress: 0.67%
5,4,Refining_Entity,USA,2025-01-01,daily_state,ndc_balance,301.04,170.17,94.88,41.92,0.0058,index,simulated,Synthetic Generator - Optimization,,Optimization trajectory - progress: 0.67%
6,5,Bar Casting & Assay_Entity,USA,2025-01-01,daily_state,ndc_balance,292.5,182.8,109.22,47.23,0.0083,index,simulated,Synthetic Generator - Optimization,,Optimization trajectory - progress: 0.67%
7,6,Logistics & Vaulting_Entity,USA,2025-01-01,daily_state,ndc_balance,345.42,143.88,69.4,31.13,0.0025,index,simulated,Synthetic Generator - Optimization,,Optimization trajectory - progress: 0.67%
8,7,Exchange Registration_Entity,USA,2025-01-01,daily_state,ndc_balance,291.23,204.98,135.13,55.31,0.0134,index,simulated,Synthetic Generator - Optimization,,Optimization trajectory - progress: 0.67%
9,0,Geological Prospecting_Entity,USA,2025-01-02,daily_state,ndc_balance,313.99,171.59,93.71,40.37,0.0049,index,simulated,Synthetic Generator - Optimization,,Optimization trajectory - progress: 0.70%
10,1,Mine Extraction_Entity,USA,2025-01-02,daily_state,ndc_balance,326.31,178.67,97.69,40.46,0.0046,index,simulated,Synthetic Generator - Optimization,,Optimization trajectory - progress: 0.70%
11,2,Ore Processing_Entity,USA,2025-01-02,daily_state,ndc_balance,323.66,187.92,106.6,43.23,0.0054,index,simulated,Synthetic Generator - Optimization,,Optimization trajectory - progress: 0.70%
12,3,Doré Production_Entity,USA,2025-01-02,daily_state,ndc_balance,299.18,158.31,84.86,39.0,0.005,index,simulated,Synthetic Generator - Optimization,,Optimization trajectory - progress: 0.70%
13,4,Refining_Entity,USA,2025-01-02,daily_state,ndc_balance,311.42,185.39,106.96,44.51,0.0063,index,simulated,Synthetic Generator - Optimization,,Optimization trajectory - progress: 0.70%
14,5,Bar Casting & Assay_Entity,USA,2025-01-02,daily_state,ndc_balance,303.2,189.63,113.36,47.28,0.0077,index,simulated,Synthetic Generator - Optimization,,Optimization trajectory - progress: 0.70%
15,6,Logistics & Vaulting_Entity,USA,2025-01-02,daily_state,ndc_balance,349.92,154.55,76.13,32.74,0.0026,index,simulated,Synthetic Generator - Optimization,,Optimization trajectory - progress: 0.70%
16,7,Exchange Registration_Entity,USA,2025-01-02,daily_state,ndc_balance,307.52,189.86,112.41,46.52,0.0072,index,simulated,Synthetic Generator - Optimization,,Optimization trajectory - progress: 0.70%
17,0,Geological Prospecting_Entity,USA,2025-01-03,daily_state,ndc_balance,290.9,171.28,98.07,43.94,0.007,index,simulated,Synthetic Generator - Optimization,,Optimization trajectory - progress: 0.74%
18,1,Mine Extraction_Entity,USA,2025-01-03,daily_state,ndc_balance,304.78,185.38,108.58,45.68,0.007,index,simulated,Synthetic Generator - Optimization,,Optimization trajectory - progress: 0.74%
19,2,Ore Processing_Entity,USA,2025-01-03,daily_state,ndc_balance,320.62,187.27,106.66,43.53,0.0056,index,simulated,Synthetic Generator - Optimization,,Optimization trajectory - progress: 0.74%
20,3,Doré Production_Entity,USA,2025-01-03,daily_state,ndc_balance,284.37,183.53,112.4,49.2,0.0098,index,simulated,Synthetic Generator - Optimization,,Optimization trajectory - progress: 0.74%
21,4,Refining_Entity,USA,2025-01-03,daily_state,ndc_balance,296.31,186.45,111.97,47.64,0.0083,index,simulated,Synthetic Generator - Optimization,,Optimization trajectory - progress: 0.74%
22,5,Bar Casting & Assay_Entity,USA,2025-01-03,daily_state,ndc_balance,292.87,188.29,114.98,48.96,0.0091,index,simulated,Synthetic Generator - Optimization,,Optimization trajectory - progress: 0.74%
23,6,Logistics & Vaulting_Entity,USA,2025-01-03,daily_state,ndc_balance,333.45,152.09,75.88,33.7,0.003,index,simulated,Synthetic Generator - Optimization,,Optimization trajectory - progress: 0.74%
24,7,Exchange Registration_Entity,USA,2025-01-03,daily_state,ndc_balance,283.32,187.88,117.63,50.98,0.011,index,simulated,Synthetic Generator - Optimization,,Optimization trajectory - progress: 0.74%
25,0,Geological Prospecting_Entity,USA,2025-01-04,daily_state,ndc_balance,311.73,175.45,97.55,41.71,0.0054,index,simulated,Synthetic Generator - Optimization,,Optimization trajectory - progress: 0.78%
26,1,Mine Extraction_Entity,USA,2025-01-04,daily_state,ndc_balance,314.43,199.22,120.28,48.06,0.0075,index,simulated,Synthetic Generator - Optimization,,Optimization trajectory - progress: 0.78%
27,2,Ore Processing_Entity,USA,2025-01-04,daily_state,ndc_balance,320.26,184.63,104.25,42.87,0.0054,index,simulated,Synthetic Generator - Optimization,,Optimization trajectory - progress: 0.78%
28,3,Doré Production_Entity,USA,2025-01-04,daily_state,ndc_balance,296.5,164.74,90.87,41.12,0.0058,index,simulated,Synthetic Generator - Optimization,,Optimization trajectory - progress: 0.78%
29,4,Refining_Entity,USA,2025-01-04,daily_state,ndc_balance,318.39,207.01,127.53,49.68,0.0081,index,simulated,Synthetic Generator - Optimization,,Optimization trajectory - progress: 0.78%
30,5,Bar Casting & Assay_Entity,USA,2025-01-04,daily_state,ndc_balance,299.86,159.68,85.91,39.26,0.0051,index,simulated,Synthetic Generator - Optimization,,Optimization trajectory - progress: 0.78%
31,6,Logistics & Vaulting_Entity,USA,2025-01-04,daily_state,ndc_balance,343.6,166.75,85.51,35.72,0.0032,index,simulated,Synthetic Generator - Optimization,,Optimization trajectory - progress: 0.78%
32,7,Exchange Registration_Entity,USA,2025-01-04,daily_state,ndc_balance,295.47,203.23,131.24,53.56,0.0117,index,simulated,Synthetic Generator - Optimization,,Optimization trajectory - progress: 0.78%
33,0,Geological Prospecting_Entity,USA,2025-01-05,daily_state,ndc_balance,305.47,173.47,96.99,42.14,0.0057,index,simulated,Synthetic Generator - Optimization,,Optimization trajectory - progress: 0.82%
34,1,Mine Extraction_Entity,USA,2025-01-05,daily_state,ndc_balance,319.83,181.59,101.53,42.13,0.0052,index,simulated,Synthetic Generator - Optimization,,Optimization trajectory - progress: 0.82%
35,2,Ore Processing_Entity,USA,2025-01-05,daily_state,ndc_balance,307.73,180.0,102.61,43.6,0.0061,index,simulated,Synthetic Generator - Optimization,,Optimization trajectory - progress: 0.82%
36,3,Doré Production_Entity,USA,2025-01-05,daily_state,ndc_balance,301.38,196.69,121.54,49.92,0.0091,index,simulated,Synthetic Generator - Optimization,,Optimization trajectory - progress: 0.82%
37,4,Refining_Entity,USA,2025-01-05,daily_state,ndc_balance,290.28,166.31,93.53,42.57,0.0065,index,simulated,Synthetic Generator - Optimization,,Optimization trajectory - progress: 0.82%
38,5,Bar Casting & Assay_Entity,USA,2025-01-05,daily_state,ndc_balance,292.18,165.37,92.27,41.98,0.0062,index,simulated,Synthetic Generator - Optimization,,Optimization trajectory - progress: 0.82%
39,6,Logistics & Vaulting_Entity,USA,2025-01-05,daily_state,ndc_balance,349.61,168.14,85.86,35.41,0.003,index,simulated,Synthetic Generator - Optimization,,Optimization trajectory - progress: 0.82%
40,7,Exchange Registration_Entity,USA,2025-01-05,daily_state,ndc_balance,314.61,192.54,113.28,46.02,0.0067,index,simulated,Synthetic Generator - Optimization,,Optimization trajectory - progress: 0.82%
41,0,Geological Prospecting_Entity,USA,2025-01-06,daily_state,ndc_balance,297.64,160.77,87.21,39.86,0.0053,index,simulated,Synthetic Generator - Optimization,,Optimization trajectory - progress: 0.86%
42,1,Mine Extraction_Entity,USA,2025-01-06,daily_state,ndc_balance,319.75,191.27,110.72,44.77,0.0061,index,simulated,Synthetic Generator - Optimization,,Optimization trajectory - progress: 0.86%
43,2,Ore Processing_Entity,USA,2025-01-06,daily_state,ndc_balance,315.92,178.49,99.48,41.89,0.0053,index,simulated,Synthetic Generator - Optimization,,Optimization trajectory - progress: 0.86%
44,3,Doré Production_Entity,USA,2025-01-06,daily_state,ndc_balance,285.26,160.78,89.47,41.78,0.0064,index,simulated,Synthetic Generator - Optimization,,Optimization trajectory - progress: 0.86%
45,4,Refining_Entity,USA,2025-01-06,daily_state,ndc_balance,281.66,174.49,103.58,46.72,0.0087,index,simulated,Synthetic Generator - Optimization,,Optimization trajectory - progress: 0.86%
46,5,Bar Casting & Assay_Entity,USA,2025-01-06,daily_state,ndc_balance,278.91,183.95,114.65,50.61,0.0111,index,simulated,Synthetic Generator - Optimization,,Optimization trajectory - progress: 0.86%
47,6,Logistics & Vaulting_Entity,USA,2025-01-06,daily_state,ndc_balance,343.92,155.3,77.17,33.39,0.0028,index,simulated,Synthetic Generator - Optimization,,Optimization trajectory - progress: 0.86%
48,7,Exchange Registration_Entity,USA,2025-01-06,daily_state,ndc_balance,289.81,158.23,86.37,40.33,0.0058,index,simulated,Synthetic Generator - Optimization,,Optimization trajectory - progress: 0.86%
49,0,Geological Prospecting_Entity,USA,2025-01-07,daily_state,ndc_balance,314.63,170.58,92.73,40.02,0.0048,index,simulated,Synthetic Generator - Optimization,,Optimization trajectory - progress: 0.90%
50,1,Mine Extraction_Entity,USA,2025-01-07,daily_state,ndc_balance,315.34,176.04,97.39,41.33,0.0052,index,simulated,Synthetic Generator - Optimization,,Optimization trajectory - progress: 0.90%
51,2,Ore Processing_Entity,USA,2025-01-07,daily_state,ndc_balance,319.22,187.04,106.74,43.68,0.0057,index,simulated,Synthetic Generator - Optimization,,Optimization trajectory - progress: 0.90%
52,3,Doré Production_Entity,USA,2025-01-07,daily_state,ndc_balance,281.33,171.66,100.78,45.86,0.0083,index,simulated,Synthetic Generator - Optimization,,Optimization trajectory - progress: 0.90%
53,4,Refining_Entity,USA,2025-01-07,daily_state,ndc_balance,321.33,184.87,104.25,42.77,0.0054,index,simulated,Synthetic Generator - Optimization,,Optimization trajectory - progress: 0.90%
54,5,Bar Casting & Assay_Entity,USA,2025-01-07,daily_state,ndc_balance,292.78,171.2,97.57,43.58,0.0068,index,simulated,Synthetic Generator - Optimization,,Optimization trajectory - progress: 0.90%
55,6,Logistics & Vaulting_Entity,USA,2025-01-07,daily_state,ndc_balance,330.11,159.12,81.34,35.49,0.0034,index,simulated,Synthetic Generator - Optimization,,Optimization trajectory - progress: 0.90%
56,7,Exchange Registration_Entity,USA,2025-01-07,daily_state,ndc_balance,302.89,201.58,126.57,51.22,0.0097,index,simulated,Synthetic Generator - Optimization,,Optimization trajectory - progress: 0.90%
57,0,Geological Prospecting_Entity,USA,2025-01-08,daily_state,ndc_balance,277.04,169.36,99.56,45.96,0.0086,index,simulated,Synthetic Generator - Optimization,,Optimization trajectory - progress: 0.95%
58,1,Mine Extraction_Entity,USA,2025-01-08,daily_state,ndc_balance,313.62,190.58,111.55,45.63,0.0066,index,simulated,Synthetic Generator - Optimization,,Optimization trajectory - progress: 0.95%
59,2,Ore Processing_Entity,USA,2025-01-08,daily_state,ndc_balance,308.03,184.42,106.82,44.82,0.0065,index,simulated,Synthetic Generator - Optimization,,Optimization trajectory - progress: 0.95%
60,3,Doré Production_Entity,USA,2025-01-08,daily_state,ndc_balance,293.65,166.58,93.08,42.09,0.0062,index,simulated,Synthetic Generator - Optimization,,Optimization trajectory - progress: 0.95%
61,4,Refining_Entity,USA,2025-01-08,daily_state,ndc_balance,313.87,189.97,110.88,45.41,0.0065,index,simulated,Synthetic Generator - Optimization,,Optimization trajectory - progress: 0.95%
62,5,Bar Casting & Assay_Entity,USA,2025-01-08,daily_state,ndc_balance,291.38,196.65,124.94,52.2,0.0111,index,simulated,Synthetic Generator - Optimization,,Optimization trajectory - progress: 0.95%
63,6,Logistics & Vaulting_Entity,USA,2025-01-08,daily_state,ndc_balance,364.57,170.09,85.68,34.41,0.0026,index,simulated,Synthetic Generator - Optimization,,Optimization trajectory - progress: 0.95%
64,7,Exchange Registration_Entity,USA,2025-01-08,daily_state,ndc_balance,269.44,206.41,147.7,62.63,0.0251,index,simulated,Synthetic Generator - Optimization,,Optimization trajectory - progress: 0.95%
65,0,Geological Prospecting_Entity,USA,2025-01-09,daily_state,ndc_balance,307.45,200.71,124.06,49.94,0.0088,index,simulated,Synthetic Generator - Optimization,,Optimization trajectory - progress: 1.00%
66,1,Mine Extraction_Entity,USA,2025-01-09,daily_state,ndc_balance,331.78,206.43,122.93,46.97,0.0064,index,simulated,Synthetic Generator - Optimization,,Optimization trajectory - progress: 1.00%
67,2,Ore Processing_Entity,USA,2025-01-09,daily_state,ndc_balance,318.24,199.15,119.11,47.31,0.007,index,simulated,Synthetic Generator - Optimization,,Optimization trajectory - progress: 1.00%
68,3,Doré Production_Entity,USA,2025-01-09,daily_state,ndc_balance,309.49,177.81,100.17,42.7,0.0058,index,simulated,Synthetic Generator - Optimization,,Optimization trajectory - progress: 1.00%
69,4,Refining_Entity,USA,2025-01-09,daily_state,ndc_balance,288.78,182.59,110.06,47.93,0.0089,index,simulated,Synthetic Generator - Optimization,,Optimization trajectory - progress: 1.00%
70,5,Bar Casting & Assay_Entity,USA,2025-01-09,daily_state,ndc_balance,298.45,181.43,106.22,45.65,0.0073,index,simulated,Synthetic Generator - Optimization,,Optimization trajectory - progress: 1.00%
71,6,Logistics & Vaulting_Entity,USA,2025-01-09,daily_state,ndc_balance,336.49,144.49,70.43,31.94,0.0027,index,simulated,Synthetic Generator - Optimization,,Optimization trajectory - progress: 1.00%
72,7,Exchange Registration_Entity,USA,2025-01-09,daily_state,ndc_balance,292.19,198.72,127.09,52.74,0.0114,index,simulated,Synthetic Generator - Optimization,,Optimization trajectory - progress: 1.00%
73,0,Geological Prospecting_Entity,USA,2025-01-10,daily_state,ndc_balance,315.28,189.85,110.4,45.13,0.0064,index,simulated,Synthetic Generator - Optimization,,Optimization trajectory - progress: 1.05%
74,1,Mine Extraction_Entity,USA,2025-01-10,daily_state,ndc_balance,329.95,189.87,107.08,42.78,0.0051,index,simulated,Synthetic Generator - Optimization,,Optimization trajectory - progress: 1.05%
75,2,Ore Processing_Entity,USA,2025-01-10,daily_state,ndc_balance,292.0,181.15,107.64,46.8,0.0081,index,simulated,Synthetic Generator - Optimization,,Optimization trajectory - progress: 1.05%
76,3,Doré Production_Entity,USA,2025-01-10,daily_state,ndc_balance,286.94,170.71,98.44,44.48,0.0074,index,simulated,Synthetic Generator - Optimization,,Optimization trajectory - progress: 1.05%
77,4,Refining_Entity,USA,2025-01-10,daily_state,ndc_balance,305.02,190.11,113.36,47.07,0.0076,index,simulated,Synthetic Generator - Optimization,,Optimization trajectory - progress: 1.05%
78,5,Bar Casting & Assay_Entity,USA,2025-01-10,daily_state,ndc_balance,303.06,177.93,101.69,43.79,0.0064,index,simulated,Synthetic Generator - Optimization,,Optimization trajectory - progress: 1.05%
79,6,Logistics & Vaulting_Entity,USA,2025-01-10,daily_state,ndc_balance,329.86,156.01,79.06,34.85,0.0033,index,simulated,Synthetic Generator - Optimization,,Optimization trajectory - progress: 1.05%
80,7,Exchange Registration_Entity,USA,2025-01-10,daily_state,ndc_balance,300.02,202.91,129.14,52.34,0.0106,index,simulated,Synthetic Generator - Optimization,,Optimization trajectory - progress: 1.05%
81,0,Geological Prospecting_Entity,USA,2025-01-11,daily_state,ndc_balance,293.77,185.84,112.06,47.96,0.0086,index,simulated,Synthetic Generator - Optimization,,Optimization trajectory - progress: 1.10%
82,1,Mine Extraction_Entity,USA,2025-01-11,daily_state,ndc_balance,322.24,191.15,110.01,44.33,0.0058,index,simulated,Synthetic Generator - Optimization,,Optimization trajectory - progress: 1.10%
83,2,Ore Processing_Entity,USA,2025-01-11,daily_state,ndc_balance,318.7,179.13,99.51,41.65,0.0051,index,simulated,Synthetic Generator - Optimization,,Optimization trajectory - progress: 1.10%
84,3,Doré Production_Entity,USA,2025-01-11,daily_state,ndc_balance,283.75,175.6,104.15,46.66,0.0085,index,simulated,Synthetic Generator - Optimization,,Optimization trajectory - progress: 1.10%
85,4,Refining_Entity,USA,2025-01-11,daily_state,ndc_balance,298.05,190.82,116.13,48.7,0.0087,index,simulated,Synthetic Generator - Optimization,,Optimization trajectory - progress: 1.10%
86,5,Bar Casting & Assay_Entity,USA,2025-01-11,daily_state,ndc_balance,287.37,183.01,110.92,48.37,0.0092,index,simulated,Synthetic Generator - Optimization,,Optimization trajectory - progress: 1.10%
87,6,Logistics & Vaulting_Entity,USA,2025-01-11,daily_state,ndc_balance,347.84,163.03,82.29,34.55,0.0029,index,simulated,Synthetic Generator - Optimization,,Optimization trajectory - progress: 1.10%
88,7,Exchange Registration_Entity,USA,2025-01-11,daily_state,ndc_balance,294.96,187.32,113.29,48.2,0.0086,index,simulated,Synthetic Generator - Optimization,,Optimization trajectory - progress: 1.10%
89,0,Geological Prospecting_Entity,USA,2025-01-12,daily_state,ndc_balance,300.38,182.77,107.08,45.7,0.0072,index,simulated,Synthetic Generator - Optimization,,Optimization trajectory - progress: 1.15%
90,1,Mine Extraction_Entity,USA,2025-01-12,daily_state,ndc_balance,319.27,207.8,128.13,49.75,0.008,index,simulated,Synthetic Generator - Optimization,,Optimization trajectory - progress: 1.15%
91,2,Ore Processing_Entity,USA,2025-01-12,daily_state,ndc_balance,299.46,185.13,109.72,46.6,0.0076,index,simulated,Synthetic Generator - Optimization,,Optimization trajectory - progress: 1.15%
92,3,Doré Production_Entity,USA,2025-01-12,daily_state,ndc_balance,273.74,179.47,111.31,50.22,0.0112,index,simulated,Synthetic Generator - Optimization,,Optimization trajectory - progress: 1.15%
93,4,Refining_Entity,USA,2025-01-12,daily_state,ndc_balance,293.27,182.99,109.2,47.14,0.0082,index,simulated,Synthetic Generator - Optimization,,Optimization trajectory - progress: 1.15%
94,5,Bar Casting & Assay_Entity,USA,2025-01-12,daily_state,ndc_balance,290.76,183.59,110.55,47.85,0.0087,index,simulated,Synthetic Generator - Optimization,,Optimization trajectory - progress: 1.15%
95,6,Logistics & Vaulting_Entity,USA,2025-01-12,daily_state,ndc_balance,343.26,154.97,77.0,33.38,0.0028,index,simulated,Synthetic Generator - Optimization,,Optimization trajectory - progress: 1.15%
96,7,Exchange Registration_Entity,USA,2025-01-12,daily_state,ndc_balance,313.9,193.6,114.54,46.46,0.0069,index,simulated,Synthetic Generator - Optimization,,Optimization trajectory - progress: 1.15%
97,0,Geological Prospecting_Entity,USA,2025-01-13,daily_state,ndc_balance,293.78,178.28,104.25,45.55,0.0075,index,simulated,Synthetic Generator - Optimization,,Optimization trajectory - progress: 1.21%
98,1,Mine Extraction_Entity,USA,2025-01-13,daily_state,ndc_balance,335.73,188.44,104.59,41.58,0.0046,index,simulated,Synthetic Generator - Optimization,,Optimization trajectory - progress: 1.21%
99,2,Ore Processing_Entity,USA,2025-01-13,daily_state,ndc_balance,302.44,178.96,102.82,44.2,0.0066,index,simulated,Synthetic Generator - Optimization,,Optimization trajectory - progress: 1.21%
100,3,Doré Production_Entity,USA,2025-01-13,daily_state,ndc_balance,283.96,169.84,98.31,44.76,0.0077,index,simulated,Synthetic Generator - Optimization,,Optimization trajectory - progress: 1.21%
101,4,Refining_Entity,USA,2025-01-13,daily_state,ndc_balance,291.6,174.57,101.11,44.81,0.0073,index,simulated,Synthetic Generator - Optimization,,Optimization trajectory - progress: 1.21%
102,5,Bar Casting & Assay_Entity,USA,2025-01-13,daily_state,ndc_balance,286.16,186.74,115.39,49.91,0.0101,index,simulated,Synthetic Generator - Optimization,,Optimization trajectory - progress: 1.21%
103,6,Logistics & Vaulting_Entity,USA,2025-01-13,daily_state,ndc_balance,344.91,158.9,79.61,34.01,0.0029,index,simulated,Synthetic Generator - Optimization,,Optimization trajectory - progress: 1.21%
104,7,Exchange Registration_Entity,USA,2025-01-13,daily_state,ndc_balance,312.22,203.74,125.89,49.91,0.0085,index,simulated,Synthetic Generator - Optimization,,Optimization trajectory - progress: 1.21%
105,0,Geological Prospecting_Entity,USA,2025-01-14,daily_state,ndc_balance,296.54,174.52,99.9,43.91,0.0067,index,simulated,Synthetic Generator - Optimization,,Optimization trajectory - progress: 1.27%
106,1,Mine Extraction_Entity,USA,2025-01-14,daily_state,ndc_balance,310.59,197.76,119.84,48.36,0.0078,index,simulated,Synthetic Generator - Optimization,,Optimization trajectory - progress: 1.27%
107,2,Ore Processing_Entity,USA,2025-01-14,daily_state,ndc_balance,307.25,181.99,104.63,44.25,0.0064,index,simulated,Synthetic Generator - Optimization,,Optimization trajectory - progress: 1.27%
108,3,Doré Production_Entity,USA,2025-01-14,daily_state,ndc_balance,281.29,168.13,97.27,44.73,0.0078,index,simulated,Synthetic Generator - Optimization,,Optimization trajectory - progress: 1.27%
109,4,Refining_Entity,USA,2025-01-14,daily_state,ndc_balance,307.56,172.7,95.88,41.6,0.0055,index,simulated,Synthetic Generator - Optimization,,Optimization trajectory - progress: 1.27%
110,5,Bar Casting & Assay_Entity,USA,2025-01-14,daily_state,ndc_balance,304.38,175.53,99.13,42.89,0.006,index,simulated,Synthetic Generator - Optimization,,Optimization trajectory - progress: 1.27%
111,6,Logistics & Vaulting_Entity,USA,2025-01-14,daily_state,ndc_balance,347.17,147.65,71.73,31.68,0.0025,index,simulated,Synthetic Generator - Optimization,,Optimization trajectory - progress: 1.27%
112,7,Exchange Registration_Entity,USA,2025-01-14,daily_state,ndc_balance,299.37,187.55,112.26,47.38,0.008,index,simulated,Synthetic Generator - Optimization,,Optimization trajectory - progress: 1.27%
113,0,Geological Prospecting_Entity,USA,2025-01-15,daily_state,ndc_balance,298.83,195.59,121.14,50.11,0.0094,index,simulated,Synthetic Generator - Optimization,,Optimization trajectory - progress: 1.34%
114,1,Mine Extraction_Entity,USA,2025-01-15,daily_state,ndc_balance,320.97,182.92,102.52,42.31,0.0052,index,simulated,Synthetic Generator - Optimization,,Optimization trajectory - progress: 1.34%
115,2,Ore Processing_Entity,USA,2025-01-15,daily_state,ndc_balance,302.15,191.85,116.01,48.19,0.0082,index,simulated,Synthetic Generator - Optimization,,Optimization trajectory - progress: 1.34%
116,3,Doré Production_Entity,USA,2025-01-15,daily_state,ndc_balance,302.38,178.69,102.57,44.13,0.0065,index,simulated,Synthetic Generator - Optimization,,Optimization trajectory - progress: 1.34%
117,4,Refining_Entity,USA,2025-01-15,daily_state,ndc_balance,311.22,191.99,113.61,46.48,0.007,index,simulated,Synthetic Generator - Optimization,,Optimization trajectory - progress: 1.34%
118,5,Bar Casting & Assay_Entity,USA,2025-01-15,daily_state,ndc_balance,308.59,161.41,85.98,38.53,0.0046,index,simulated,Synthetic Generator - Optimization,,Optimization trajectory - progress: 1.34%
119,6,Logistics & Vaulting_Entity,USA,2025-01-15,daily_state,ndc_balance,355.27,170.91,87.28,35.42,0.0029,index,simulated,Synthetic Generator - Optimization,,Optimization trajectory - progress: 1.34%
120,7,Exchange Registration_Entity,USA,2025-01-15,daily_state,ndc_balance,286.08,182.01,110.24,48.31,0.0092,index,simulated,Synthetic Generator - Optimization,,Optimization trajectory - progress: 1.34%
121,0,Geological Prospecting_Entity,USA,2025-01-16,daily_state,ndc_balance,290.79,173.63,100.38,44.67,0.0073,index,simulated,Synthetic Generator - Optimization,,Optimization trajectory - progress: 1.41%
122,1,Mine Extraction_Entity,USA,2025-01-16,daily_state,ndc_balance,314.34,193.34,114.16,46.31,0.0068,index,simulated,Synthetic Generator - Optimization,,Optimization trajectory - progress: 1.41%
123,2,Ore Processing_Entity,USA,2025-01-16,daily_state,ndc_balance,317.88,196.76,116.71,46.67,0.0068,index,simulated,Synthetic Generator - Optimization,,Optimization trajectory - progress: 1.41%
124,3,Doré Production_Entity,USA,2025-01-16,daily_state,ndc_balance,280.99,167.47,96.69,44.57,0.0078,index,simulated,Synthetic Generator - Optimization,,Optimization trajectory - progress: 1.41%
125,4,Refining_Entity,USA,2025-01-16,daily_state,ndc_balance,317.46,192.41,112.41,45.48,0.0064,index,simulated,Synthetic Generator - Optimization,,Optimization trajectory - progress: 1.41%
126,5,Bar Casting & Assay_Entity,USA,2025-01-16,daily_state,ndc_balance,295.2,185.69,111.49,47.62,0.0083,index,simulated,Synthetic Generator - Optimization,,Optimization trajectory - progress: 1.41%
127,6,Logistics & Vaulting_Entity,USA,2025-01-16,daily_state,ndc_balance,348.23,166.37,84.7,35.19,0.003,index,simulated,Synthetic Generator - Optimization,,Optimization trajectory - progress: 1.41%
128,7,Exchange Registration_Entity,USA,2025-01-16,daily_state,ndc_balance,296.08,193.6,119.82,50.05,0.0095,index,simulated,Synthetic Generator - Optimization,,Optimization trajectory - progress: 1.41%
129,0,Geological Prospecting_Entity,USA,2025-01-17,daily_state,ndc_balance,284.16,174.08,102.49,46.08,0.0082,index,simulated,Synthetic Generator - Optimization,,Optimization trajectory - progress: 1.48%
130,1,Mine Extraction_Entity,USA,2025-01-17,daily_state,ndc_balance,312.34,187.22,108.52,44.88,0.0064,index,simulated,Synthetic Generator - Optimization,,Optimization trajectory - progress: 1.48%
131,2,Ore Processing_Entity,USA,2025-01-17,daily_state,ndc_balance,299.92,180.65,105.08,45.14,0.007,index,simulated,Synthetic Generator - Optimization,,Optimization trajectory - progress: 1.48%
132,3,Doré Production_Entity,USA,2025-01-17,daily_state,ndc_balance,274.19,181.45,113.4,50.84,0.0116,index,simulated,Synthetic Generator - Optimization,,Optimization trajectory - progress: 1.48%
133,4,Refining_Entity,USA,2025-01-17,daily_state,ndc_balance,303.44,168.94,93.3,41.21,0.0055,index,simulated,Synthetic Generator - Optimization,,Optimization trajectory - progress: 1.48%
134,5,Bar Casting & Assay_Entity,USA,2025-01-17,daily_state,ndc_balance,285.99,184.37,112.82,49.13,0.0097,index,simulated,Synthetic Generator - Optimization,,Optimization trajectory - progress: 1.48%
135,6,Logistics & Vaulting_Entity,USA,2025-01-17,daily_state,ndc_balance,343.02,154.21,76.49,33.26,0.0028,index,simulated,Synthetic Generator - Optimization,,Optimization trajectory - progress: 1.48%
136,7,Exchange Registration_Entity,USA,2025-01-17,daily_state,ndc_balance,298.66,194.4,119.87,49.75,0.0092,index,simulated,Synthetic Generator - Optimization,,Optimization trajectory - progress: 1.48%
137,0,Geological Prospecting_Entity,USA,2025-01-18,daily_state,ndc_balance,284.86,186.51,115.55,50.13,0.0103,index,simulated,Synthetic Generator - Optimization,,Optimization trajectory - progress: 1.55%
138,1,Mine Extraction_Entity,USA,2025-01-18,daily_state,ndc_balance,311.07,190.83,112.46,46.16,0.0069,index,simulated,Synthetic Generator - Optimization,,Optimization trajectory - progress: 1.55%
139,2,Ore Processing_Entity,USA,2025-01-18,daily_state,ndc_balance,308.79,180.77,103.11,43.64,0.0061,index,simulated,Synthetic Generator - Optimization,,Optimization trajectory - progress: 1.55%
140,3,Doré Production_Entity,USA,2025-01-18,daily_state,ndc_balance,279.07,173.15,102.9,46.81,0.0089,index,simulated,Synthetic Generator - Optimization,,Optimization trajectory - progress: 1.55%
141,4,Refining_Entity,USA,2025-01-18,daily_state,ndc_balance,320.48,172.42,93.31,39.69,0.0046,index,simulated,Synthetic Generator - Optimization,,Optimization trajectory - progress: 1.55%
142,5,Bar Casting & Assay_Entity,USA,2025-01-18,daily_state,ndc_balance,311.22,178.46,100.41,42.61,0.0057,index,simulated,Synthetic Generator - Optimization,,Optimization trajectory - progress: 1.55%
143,6,Logistics & Vaulting_Entity,USA,2025-01-18,daily_state,ndc_balance,348.72,150.37,73.42,32.06,0.0025,index,simulated,Synthetic Generator - Optimization,,Optimization trajectory - progress: 1.55%
144,7,Exchange Registration_Entity,USA,2025-01-18,daily_state,ndc_balance,291.67,185.98,112.83,48.45,0.0089,index,simulated,Synthetic Generator - Optimization,,Optimization trajectory - progress: 1.55%
145,0,Geological Prospecting_Entity,USA,2025-01-19,daily_state,ndc_balance,288.73,178.97,106.28,46.75,0.0083,index,simulated,Synthetic Generator - Optimization,,Optimization trajectory - progress: 1.63%
146,1,Mine Extraction_Entity,USA,2025-01-19,daily_state,ndc_balance,314.95,209.57,131.57,51.21,0.009,index,simulated,Synthetic Generator - Optimization,,Optimization trajectory - progress: 1.63%
147,2,Ore Processing_Entity,USA,2025-01-19,daily_state,ndc_balance,297.44,187.12,112.36,47.62,0.0082,index,simulated,Synthetic Generator - Optimization,,Optimization trajectory - progress: 1.63%
148,3,Doré Production_Entity,USA,2025-01-19,daily_state,ndc_balance,291.74,165.36,92.35,42.04,0.0063,index,simulated,Synthetic Generator - Optimization,,Optimization trajectory - progress: 1.63%
149,4,Refining_Entity,USA,2025-01-19,daily_state,ndc_balance,311.05,182.11,103.88,43.65,0.006,index,simulated,Synthetic Generator - Optimization,,Optimization trajectory - progress: 1.63%
150,5,Bar Casting & Assay_Entity,USA,2025-01-19,daily_state,ndc_balance,269.34,187.71,122.64,54.54,0.015,index,simulated,Synthetic Generator - Optimization,,Optimization trajectory - progress: 1.63%
151,6,Logistics & Vaulting_Entity,USA,2025-01-19,daily_state,ndc_balance,337.12,150.83,74.67,33.11,0.0029,index,simulated,Synthetic Generator - Optimization,,Optimization trajectory - progress: 1.63%
152,7,Exchange Registration_Entity,USA,2025-01-19,daily_state,ndc_balance,306.23,187.59,110.44,46.08,0.0071,index,simulated,Synthetic Generator - Optimization,,Optimization trajectory - progress: 1.63%
153,0,Geological Prospecting_Entity,USA,2025-01-20,daily_state,ndc_balance,308.32,193.21,115.68,47.39,0.0075,index,simulated,Synthetic Generator - Optimization,,Optimization trajectory - progress: 1.71%
154,1,Mine Extraction_Entity,USA,2025-01-20,daily_state,ndc_balance,312.52,199.05,120.65,48.37,0.0078,index,simulated,Synthetic Generator - Optimization,,Optimization trajectory - progress: 1.71%
155,2,Ore Processing_Entity,USA,2025-01-20,daily_state,ndc_balance,301.5,208.48,135.26,53.95,0.0115,index,simulated,Synthetic Generator - Optimization,,Optimization trajectory - progress: 1.71%
156,3,Doré Production_Entity,USA,2025-01-20,daily_state,ndc_balance,282.3,186.37,116.25,50.68,0.0109,index,simulated,Synthetic Generator - Optimization,,Optimization trajectory - progress: 1.71%
157,4,Refining_Entity,USA,2025-01-20,daily_state,ndc_balance,312.58,189.31,110.54,45.44,0.0066,index,simulated,Synthetic Generator - Optimization,,Optimization trajectory - progress: 1.71%
158,5,Bar Casting & Assay_Entity,USA,2025-01-20,daily_state,ndc_balance,287.52,179.65,107.32,47.22,0.0086,index,simulated,Synthetic Generator - Optimization,,Optimization trajectory - progress: 1.71%
159,6,Logistics & Vaulting_Entity,USA,2025-01-20,daily_state,ndc_balance,326.67,163.61,85.2,36.85,0.0038,index,simulated,Synthetic Generator - Optimization,,Optimization trajectory - progress: 1.71%
160,7,Exchange Registration_Entity,USA,2025-01-20,daily_state,ndc_balance,302.81,192.45,116.46,48.24,0.0082,index,simulated,Synthetic Generator - Optimization,,Optimization trajectory - progress: 1.71%
161,0,Geological Prospecting_Entity,USA,2025-01-21,daily_state,ndc_balance,269.37,168.51,100.76,47.29,0.0098,index,simulated,Synthetic Generator - Optimization,,Optimization trajectory - progress: 1.80%
162,1,Mine Extraction_Entity,USA,2025-01-21,daily_state,ndc_balance,311.44,194.09,115.71,47.07,0.0073,index,simulated,Synthetic Generator - Optimization,,Optimization trajectory - progress: 1.80%
163,2,Ore Processing_Entity,USA,2025-01-21,daily_state,ndc_balance,311.9,184.5,105.98,44.18,0.0062,index,simulated,Synthetic Generator - Optimization,,Optimization trajectory - progress: 1.80%
164,3,Doré Production_Entity,USA,2025-01-21,daily_state,ndc_balance,295.54,165.91,92.1,41.59,0.0059,index,simulated,Synthetic Generator - Optimization,,Optimization trajectory - progress: 1.80%
165,4,Refining_Entity,USA,2025-01-21,daily_state,ndc_balance,310.2,190.95,112.82,46.35,0.007,index,simulated,Synthetic Generator - Optimization,,Optimization trajectory - progress: 1.80%
166,5,Bar Casting & Assay_Entity,USA,2025-01-21,daily_state,ndc_balance,297.97,179.4,104.32,45.12,0.0071,index,simulated,Synthetic Generator - Optimization,,Optimization trajectory - progress: 1.80%
167,6,Logistics & Vaulting_Entity,USA,2025-01-21,daily_state,ndc_balance,366.42,166.37,82.85,33.56,0.0025,index,simulated,Synthetic Generator - Optimization,,Optimization trajectory - progress: 1.80%
168,7,Exchange Registration_Entity,USA,2025-01-21,daily_state,ndc_balance,289.6,193.65,122.08,51.55,0.0109,index,simulated,Synthetic Generator - Optimization,,Optimization trajectory - progress: 1.80%
169,0,Geological Prospecting_Entity,USA,2025-01-22,daily_state,ndc_balance,306.58,175.35,98.5,42.48,0.0058,index,simulated,Synthetic Generator - Optimization,,Optimization trajectory - progress: 1.89%
170,1,Mine Extraction_Entity,USA,2025-01-22,daily_state,ndc_balance,329.76,195.05,112.03,44.17,0.0055,index,simulated,Synthetic Generator - Optimization,,Optimization trajectory - progress: 1.89%
171,2,Ore Processing_Entity,USA,2025-01-22,daily_state,ndc_balance,285.54,189.26,118.44,50.95,0.0108,index,simulated,Synthetic Generator - Optimization,,Optimization trajectory - progress: 1.89%
172,3,Doré Production_Entity,USA,2025-01-22,daily_state,ndc_balance,285.09,181.6,110.09,48.38,0.0093,index,simulated,Synthetic Generator - Optimization,,Optimization trajectory - progress: 1.89%
173,4,Refining_Entity,USA,2025-01-22,daily_state,ndc_balance,313.5,188.22,109.23,44.97,0.0064,index,simulated,Synthetic Generator - Optimization,,Optimization trajectory - progress: 1.89%
174,5,Bar Casting & Assay_Entity,USA,2025-01-22,daily_state,ndc_balance,310.8,179.5,101.47,42.96,0.0058,index,simulated,Synthetic Generator - Optimization,,Optimization trajectory - progress: 1.89%
175,6,Logistics & Vaulting_Entity,USA,2025-01-22,daily_state,ndc_balance,354.26,169.56,86.39,35.25,0.0029,index,simulated,Synthetic Generator - Optimization,,Optimization trajectory - progress: 1.89%
176,7,Exchange Registration_Entity,USA,2025-01-22,daily_state,ndc_balance,298.27,199.02,125.23,51.4,0.0101,index,simulated,Synthetic Generator - Optimization,,Optimization trajectory - progress: 1.89%
177,0,Geological Prospecting_Entity,USA,2025-01-23,daily_state,ndc_balance,293.06,177.06,103.22,45.31,0.0074,index,simulated,Synthetic Generator - Optimization,,Optimization trajectory - progress: 1.98%
178,1,Mine Extraction_Entity,USA,2025-01-23,daily_state,ndc_balance,305.68,193.7,116.95,48.06,0.008,index,simulated,Synthetic Generator - Optimization,,Optimization trajectory - progress: 1.98%
179,2,Ore Processing_Entity,USA,2025-01-23,daily_state,ndc_balance,312.16,198.12,119.77,48.16,0.0077,index,simulated,Synthetic Generator - Optimization,,Optimization trajectory - progress: 1.98%
180,3,Doré Production_Entity,USA,2025-01-23,daily_state,ndc_balance,297.02,173.44,98.76,43.51,0.0065,index,simulated,Synthetic Generator - Optimization,,Optimization trajectory - progress: 1.98%
181,4,Refining_Entity,USA,2025-01-23,daily_state,ndc_balance,292.23,190.66,117.79,49.9,0.0097,index,simulated,Synthetic Generator - Optimization,,Optimization trajectory - progress: 1.98%
182,5,Bar Casting & Assay_Entity,USA,2025-01-23,daily_state,ndc_balance,305.21,188.9,112.05,46.66,0.0074,index,simulated,Synthetic Generator - Optimization,,Optimization trajectory - progress: 1.98%
183,6,Logistics & Vaulting_Entity,USA,2025-01-23,daily_state,ndc_balance,358.76,159.47,78.75,32.92,0.0025,index,simulated,Synthetic Generator - Optimization,,Optimization trajectory - progress: 1.98%
184,7,Exchange Registration_Entity,USA,2025-01-23,daily_state,ndc_balance,294.54,183.92,109.82,47.18,0.0082,index,simulated,Synthetic Generator - Optimization,,Optimization trajectory - progress: 1.98%
185,0,Geological Prospecting_Entity,USA,2025-01-24,daily_state,ndc_balance,298.4,180.57,105.37,45.4,0.0072,index,simulated,Synthetic Generator - Optimization,,Optimization trajectory - progress: 2.08%
186,1,Mine Extraction_Entity,USA,2025-01-24,daily_state,ndc_balance,320.82,190.06,109.29,44.26,0.0058,index,simulated,Synthetic Generator - Optimization,,Optimization trajectory - progress: 2.08%
187,2,Ore Processing_Entity,USA,2025-01-24,daily_state,ndc_balance,307.52,178.63,101.36,43.25,0.006,index,simulated,Synthetic Generator - Optimization,,Optimization trajectory - progress: 2.08%
188,3,Doré Production_Entity,USA,2025-01-24,daily_state,ndc_balance,298.48,177.12,101.96,44.34,0.0068,index,simulated,Synthetic Generator - Optimization,,Optimization trajectory - progress: 2.08%
189,4,Refining_Entity,USA,2025-01-24,daily_state,ndc_balance,302.21,178.92,102.83,44.22,0.0066,index,simulated,Synthetic Generator - Optimization,,Optimization trajectory - progress: 2.08%
190,5,Bar Casting & Assay_Entity,USA,2025-01-24,daily_state,ndc_balance,280.74,194.5,126.41,54.1,0.0134,index,simulated,Synthetic Generator - Optimization,,Optimization trajectory - progress: 2.08%
191,6,Logistics & Vaulting_Entity,USA,2025-01-24,daily_state,ndc_balance,353.36,145.43,69.87,30.82,0.0023,index,simulated,Synthetic Generator - Optimization,,Optimization trajectory - progress: 2.08%
192,7,Exchange Registration_Entity,USA,2025-01-24,daily_state,ndc_balance,306.8,200.58,124.12,50.04,0.0089,index,simulated,Synthetic Generator - Optimization,,Optimization trajectory - progress: 2.08%
193,0,Geological Prospecting_Entity,USA,2025-01-25,daily_state,ndc_balance,300.15,197.4,122.75,50.43,0.0095,index,simulated,Synthetic Generator - Optimization,,Optimization trajectory - progress: 2.19%
194,1,Mine Extraction_Entity,USA,2025-01-25,daily_state,ndc_balance,320.85,177.25,97.43,40.86,0.0048,index,simulated,Synthetic Generator - Optimization,,Optimization trajectory - progress: 2.19%
195,2,Ore Processing_Entity,USA,2025-01-25,daily_state,ndc_balance,312.45,188.92,110.18,45.35,0.0065,index,simulated,Synthetic Generator - Optimization,,Optimization trajectory - progress: 2.19%
196,3,Doré Production_Entity,USA,2025-01-25,daily_state,ndc_balance,282.98,182.16,111.34,49.04,0.0098,index,simulated,Synthetic Generator - Optimization,,Optimization trajectory - progress: 2.19%
197,4,Refining_Entity,USA,2025-01-25,daily_state,ndc_balance,287.23,196.37,126.15,53.12,0.0121,index,simulated,Synthetic Generator - Optimization,,Optimization trajectory - progress: 2.19%
198,5,Bar Casting & Assay_Entity,USA,2025-01-25,daily_state,ndc_balance,285.23,171.64,99.77,45.09,0.0077,index,simulated,Synthetic Generator - Optimization,,Optimization trajectory - progress: 2.19%
199,6,Logistics & Vaulting_Entity,USA,2025-01-25,daily_state,ndc_balance,346.56,166.08,84.67,35.29,0.0031,index,simulated,Synthetic Generator - Optimization,,Optimization trajectory - progress: 2.19%
200,7,Exchange Registration_Entity,USA,2025-01-25,daily_state,ndc_balance,300.76,184.0,108.22,46.0,0.0073,index,simulated,Synthetic Generator - Optimization,,Optimization trajectory - progress: 2.19%
201,0,Geological Prospecting_Entity,USA,2025-01-26,daily_state,ndc_balance,293.79,170.16,96.37,43.1,0.0065,index,simulated,Synthetic Generator - Optimization,,Optimization trajectory - progress: 2.30%
202,1,Mine Extraction_Entity,USA,2025-01-26,daily_state,ndc_balance,316.37,202.24,122.94,48.6,0.0077,index,simulated,Synthetic Generator - Optimization,,Optimization trajectory - progress: 2.30%
203,2,Ore Processing_Entity,USA,2025-01-26,daily_state,ndc_balance,308.69,195.13,117.6,47.91,0.0077,index,simulated,Synthetic Generator - Optimization,,Optimization trajectory - progress: 2.30%
204,3,Doré Production_Entity,USA,2025-01-26,daily_state,ndc_balance,303.52,170.61,94.79,41.65,0.0057,index,simulated,Synthetic Generator - Optimization,,Optimization trajectory - progress: 2.30%
205,4,Refining_Entity,USA,2025-01-26,daily_state,ndc_balance,301.99,208.25,134.8,53.75,0.0114,index,simulated,Synthetic Generator - Optimization,,Optimization trajectory - progress: 2.30%
206,5,Bar Casting & Assay_Entity,USA,2025-01-26,daily_state,ndc_balance,308.41,164.84,88.87,39.41,0.0048,index,simulated,Synthetic Generator - Optimization,,Optimization trajectory - progress: 2.30%
207,6,Logistics & Vaulting_Entity,USA,2025-01-26,daily_state,ndc_balance,351.46,161.84,81.07,33.99,0.0028,index,simulated,Synthetic Generator - Optimization,,Optimization trajectory - progress: 2.30%
208,7,Exchange Registration_Entity,USA,2025-01-26,daily_state,ndc_balance,307.35,184.04,106.61,44.83,0.0066,index,simulated,Synthetic Generator - Optimization,,Optimization trajectory - progress: 2.30%
209,0,Geological Prospecting_Entity,USA,2025-01-27,daily_state,ndc_balance,290.4,174.81,101.63,45.11,0.0075,index,simulated,Synthetic Generator - Optimization,,Optimization trajectory - progress: 2.41%
210,1,Mine Extraction_Entity,USA,2025-01-27,daily_state,ndc_balance,312.83,199.72,121.29,48.52,0.0078,index,simulated,Synthetic Generator - Optimization,,Optimization trajectory - progress: 2.41%
211,2,Ore Processing_Entity,USA,2025-01-27,daily_state,ndc_balance,296.86,180.39,105.58,45.63,0.0074,index,simulated,Synthetic Generator - Optimization,,Optimization trajectory - progress: 2.41%
212,3,Doré Production_Entity,USA,2025-01-27,daily_state,ndc_balance,271.02,186.64,120.66,53.65,0.014,index,simulated,Synthetic Generator - Optimization,,Optimization trajectory - progress: 2.41%
213,4,Refining_Entity,USA,2025-01-27,daily_state,ndc_balance,316.5,183.35,103.85,43.11,0.0056,index,simulated,Synthetic Generator - Optimization,,Optimization trajectory - progress: 2.41%
214,5,Bar Casting & Assay_Entity,USA,2025-01-27,daily_state,ndc_balance,290.93,186.17,113.26,48.67,0.0091,index,simulated,Synthetic Generator - Optimization,,Optimization trajectory - progress: 2.41%
215,6,Logistics & Vaulting_Entity,USA,2025-01-27,daily_state,ndc_balance,362.21,166.02,83.0,33.85,0.0026,index,simulated,Synthetic Generator - Optimization,,Optimization trajectory - progress: 2.41%
216,7,Exchange Registration_Entity,USA,2025-01-27,daily_state,ndc_balance,292.06,175.38,101.79,44.98,0.0073,index,simulated,Synthetic Generator - Optimization,,Optimization trajectory - progress: 2.41%
217,0,Geological Prospecting_Entity,USA,2025-01-28,daily_state,ndc_balance,287.58,182.38,110.18,48.11,0.009,index,simulated,Synthetic Generator - Optimization,,Optimization trajectory - progress: 2.53%
218,1,Mine Extraction_Entity,USA,2025-01-28,daily_state,ndc_balance,311.93,193.6,115.07,46.83,0.0071,index,simulated,Synthetic Generator - Optimization,,Optimization trajectory - progress: 2.53%
219,2,Ore Processing_Entity,USA,2025-01-28,daily_state,ndc_balance,303.08,176.12,99.96,43.27,0.0062,index,simulated,Synthetic Generator - Optimization,,Optimization trajectory - progress: 2.53%
220,3,Doré Production_Entity,USA,2025-01-28,daily_state,ndc_balance,277.09,192.27,125.14,54.21,0.0139,index,simulated,Synthetic Generator - Optimization,,Optimization trajectory - progress: 2.53%
221,4,Refining_Entity,USA,2025-01-28,daily_state,ndc_balance,312.62,204.0,126.05,49.91,0.0085,index,simulated,Synthetic Generator - Optimization,,Optimization trajectory - progress: 2.53%
222,5,Bar Casting & Assay_Entity,USA,2025-01-28,daily_state,ndc_balance,299.26,177.42,102.07,44.3,0.0067,index,simulated,Synthetic Generator - Optimization,,Optimization trajectory - progress: 2.53%
223,6,Logistics & Vaulting_Entity,USA,2025-01-28,daily_state,ndc_balance,360.57,161.7,80.13,33.18,0.0025,index,simulated,Synthetic Generator - Optimization,,Optimization trajectory - progress: 2.53%
224,7,Exchange Registration_Entity,USA,2025-01-28,daily_state,ndc_balance,301.2,191.22,115.62,48.18,0.0083,index,simulated,Synthetic Generator - Optimization,,Optimization trajectory - progress: 2.53%
225,0,Geological Prospecting_Entity,USA,2025-01-29,daily_state,ndc_balance,269.2,197.78,135.73,58.82,0.0196,index,simulated,Synthetic Generator - Optimization,,Optimization trajectory - progress: 2.66%
226,1,Mine Extraction_Entity,USA,2025-01-29,daily_state,ndc_balance,323.31,195.03,113.56,45.22,0.0061,index,simulated,Synthetic Generator - Optimization,,Optimization trajectory - progress: 2.66%
227,2,Ore Processing_Entity,USA,2025-01-29,daily_state,ndc_balance,307.92,188.42,110.84,46.02,0.007,index,simulated,Synthetic Generator - Optimization,,Optimization trajectory - progress: 2.66%
228,3,Doré Production_Entity,USA,2025-01-29,daily_state,ndc_balance,282.83,182.89,112.19,49.33,0.01,index,simulated,Synthetic Generator - Optimization,,Optimization trajectory - progress: 2.66%
229,4,Refining_Entity,USA,2025-01-29,daily_state,ndc_balance,290.6,188.64,116.07,49.57,0.0096,index,simulated,Synthetic Generator - Optimization,,Optimization trajectory - progress: 2.66%
230,5,Bar Casting & Assay_Entity,USA,2025-01-29,daily_state,ndc_balance,299.42,179.82,104.38,44.98,0.007,index,simulated,Synthetic Generator - Optimization,,Optimization trajectory - progress: 2.66%
231,6,Logistics & Vaulting_Entity,USA,2025-01-29,daily_state,ndc_balance,350.92,152.21,74.47,32.22,0.0025,index,simulated,Synthetic Generator - Optimization,,Optimization trajectory - progress: 2.66%
232,7,Exchange Registration_Entity,USA,2025-01-29,daily_state,ndc_balance,289.28,194.1,122.71,51.79,0.011,index,simulated,Synthetic Generator - Optimization,,Optimization trajectory - progress: 2.66%
233,0,Geological Prospecting_Entity,USA,2025-01-30,daily_state,ndc_balance,305.39,163.07,87.86,39.37,0.0049,index,simulated,Synthetic Generator - Optimization,,Optimization trajectory - progress: 2.79%
234,1,Mine Extraction_Entity,USA,2025-01-30,daily_state,ndc_balance,323.54,186.38,105.18,42.83,0.0053,index,simulated,Synthetic Generator - Optimization,,Optimization trajectory - progress: 2.79%
235,2,Ore Processing_Entity,USA,2025-01-30,daily_state,ndc_balance,306.54,173.48,96.79,41.97,0.0056,index,simulated,Synthetic Generator - Optimization,,Optimization trajectory - progress: 2.79%
236,3,Doré Production_Entity,USA,2025-01-30,daily_state,ndc_balance,280.23,186.48,117.08,51.22,0.0114,index,simulated,Synthetic Generator - Optimization,,Optimization trajectory - progress: 2.79%
237,4,Refining_Entity,USA,2025-01-30,daily_state,ndc_balance,303.93,183.04,106.46,45.14,0.0068,index,simulated,Synthetic Generator - Optimization,,Optimization trajectory - progress: 2.79%
238,5,Bar Casting & Assay_Entity,USA,2025-01-30,daily_state,ndc_balance,292.58,186.79,113.43,48.52,0.0089,index,simulated,Synthetic Generator - Optimization,,Optimization trajectory - progress: 2.79%
239,6,Logistics & Vaulting_Entity,USA,2025-01-30,daily_state,ndc_balance,351.47,161.48,80.82,33.92,0.0028,index,simulated,Synthetic Generator - Optimization,,Optimization trajectory - progress: 2.79%
240,7,Exchange Registration_Entity,USA,2025-01-30,daily_state,ndc_balance,309.81,201.52,124.19,49.7,0.0085,index,simulated,Synthetic Generator - Optimization,,Optimization trajectory - progress: 2.79%
241,0,Geological Prospecting_Entity,USA,2025-01-31,daily_state,ndc_balance,302.67,182.45,106.18,45.19,0.0069,index,simulated,Synthetic Generator - Optimization,,Optimization trajectory - progress: 2.93%
242,1,Mine Extraction_Entity,USA,2025-01-31,daily_state,ndc_balance,324.81,195.05,113.21,44.98,0.0059,index,simulated,Synthetic Generator - Optimization,,Optimization trajectory - progress: 2.93%
243,2,Ore Processing_Entity,USA,2025-01-31,daily_state,ndc_balance,319.0,195.96,115.6,46.24,0.0066,index,simulated,Synthetic Generator - Optimization,,Optimization trajectory - progress: 2.93%
244,3,Doré Production_Entity,USA,2025-01-31,daily_state,ndc_balance,278.5,166.05,95.9,44.59,0.0079,index,simulated,Synthetic Generator - Optimization,,Optimization trajectory - progress: 2.93%
245,4,Refining_Entity,USA,2025-01-31,daily_state,ndc_balance,296.52,196.73,123.21,51.01,0.01,index,simulated,Synthetic Generator - Optimization,,Optimization trajectory - progress: 2.93%
246,5,Bar Casting & Assay_Entity,USA,2025-01-31,daily_state,ndc_balance,277.92,185.94,117.27,51.59,0.0118,index,simulated,Synthetic Generator - Optimization,,Optimization trajectory - progress: 2.93%
247,6,Logistics & Vaulting_Entity,USA,2025-01-31,daily_state,ndc_balance,350.55,173.97,90.18,36.52,0.0032,index,simulated,Synthetic Generator - Optimization,,Optimization trajectory - progress: 2.93%
248,7,Exchange Registration_Entity,USA,2025-01-31,daily_state,ndc_balance,300.63,178.47,102.77,44.37,0.0067,index,simulated,Synthetic Generator - Optimization,,Optimization trajectory - progress: 2.93%
249,0,Geological Prospecting_Entity,USA,2025-02-01,daily_state,ndc_balance,288.87,170.18,97.48,43.97,0.0071,index,simulated,Synthetic Generator - Optimization,,Optimization trajectory - progress: 3.08%
250,1,Mine Extraction_Entity,USA,2025-02-01,daily_state,ndc_balance,312.77,190.17,111.36,45.66,0.0066,index,simulated,Synthetic Generator - Optimization,,Optimization trajectory - progress: 3.08%
251,2,Ore Processing_Entity,USA,2025-02-01,daily_state,ndc_balance,296.65,201.77,129.04,52.74,0.0111,index,simulated,Synthetic Generator - Optimization,,Optimization trajectory - progress: 3.08%
252,3,Doré Production_Entity,USA,2025-02-01,daily_state,ndc_balance,275.36,190.46,123.61,53.97,0.0139,index,simulated,Synthetic Generator - Optimization,,Optimization trajectory - progress: 3.08%
253,4,Refining_Entity,USA,2025-02-01,daily_state,ndc_balance,315.31,196.04,116.68,46.93,0.007,index,simulated,Synthetic Generator - Optimization,,Optimization trajectory - progress: 3.08%
254,5,Bar Casting & Assay_Entity,USA,2025-02-01,daily_state,ndc_balance,286.68,185.52,113.86,49.37,0.0098,index,simulated,Synthetic Generator - Optimization,,Optimization trajectory - progress: 3.08%
255,6,Logistics & Vaulting_Entity,USA,2025-02-01,daily_state,ndc_balance,334.0,171.57,90.51,37.81,0.0038,index,simulated,Synthetic Generator - Optimization,,Optimization trajectory - progress: 3.08%
256,7,Exchange Registration_Entity,USA,2025-02-01,daily_state,ndc_balance,298.03,187.91,113.02,47.76,0.0082,index,simulated,Synthetic Generator - Optimization,,Optimization trajectory - progress: 3.08%
257,0,Geological Prospecting_Entity,USA,2025-02-02,daily_state,ndc_balance,286.15,157.32,86.23,40.64,0.006,index,simulated,Synthetic Generator - Optimization,,Optimization trajectory - progress: 3.23%
258,1,Mine Extraction_Entity,USA,2025-02-02,daily_state,ndc_balance,307.68,203.23,126.82,50.71,0.0092,index,simulated,Synthetic Generator - Optimization,,Optimization trajectory - progress: 3.23%
259,2,Ore Processing_Entity,USA,2025-02-02,daily_state,ndc_balance,304.2,185.47,108.82,45.81,0.0071,index,simulated,Synthetic Generator - Optimization,,Optimization trajectory - progress: 3.23%
260,3,Doré Production_Entity,USA,2025-02-02,daily_state,ndc_balance,295.1,195.16,121.9,50.8,0.01,index,simulated,Synthetic Generator - Optimization,,Optimization trajectory - progress: 3.23%
261,4,Refining_Entity,USA,2025-02-02,daily_state,ndc_balance,316.64,177.44,98.39,41.51,0.0052,index,simulated,Synthetic Generator - Optimization,,Optimization trajectory - progress: 3.23%
262,5,Bar Casting & Assay_Entity,USA,2025-02-02,daily_state,ndc_balance,274.12,205.79,144.27,60.74,0.0214,index,simulated,Synthetic Generator - Optimization,,Optimization trajectory - progress: 3.23%
263,6,Logistics & Vaulting_Entity,USA,2025-02-02,daily_state,ndc_balance,369.3,164.47,81.28,32.98,0.0024,index,simulated,Synthetic Generator - Optimization,,Optimization trajectory - progress: 3.23%
264,7,Exchange Registration_Entity,USA,2025-02-02,daily_state,ndc_balance,286.0,201.73,133.24,55.47,0.0141,index,simulated,Synthetic Generator - Optimization,,Optimization trajectory - progress: 3.23%
265,0,Geological Prospecting_Entity,USA,2025-02-03,daily_state,ndc_balance,297.23,181.07,106.18,45.77,0.0074,index,simulated,Synthetic Generator - Optimization,,Optimization trajectory - progress: 3.39%
266,1,Mine Extraction_Entity,USA,2025-02-03,daily_state,ndc_balance,326.91,195.55,113.19,44.77,0.0058,index,simulated,Synthetic Generator - Optimization,,Optimization trajectory - progress: 3.39%
267,2,Ore Processing_Entity,USA,2025-02-03,daily_state,ndc_balance,296.28,184.02,109.44,46.87,0.0079,index,simulated,Synthetic Generator - Optimization,,Optimization trajectory - progress: 3.39%
268,3,Doré Production_Entity,USA,2025-02-03,daily_state,ndc_balance,295.09,182.31,108.0,46.56,0.0079,index,simulated,Synthetic Generator - Optimization,,Optimization trajectory - progress: 3.39%
269,4,Refining_Entity,USA,2025-02-03,daily_state,ndc_balance,305.93,196.61,120.01,48.93,0.0084,index,simulated,Synthetic Generator - Optimization,,Optimization trajectory - progress: 3.39%
270,5,Bar Casting & Assay_Entity,USA,2025-02-03,daily_state,ndc_balance,289.86,184.09,111.34,48.2,0.0089,index,simulated,Synthetic Generator - Optimization,,Optimization trajectory - progress: 3.39%
271,6,Logistics & Vaulting_Entity,USA,2025-02-03,daily_state,ndc_balance,312.69,158.22,82.81,37.23,0.0042,index,simulated,Synthetic Generator - Optimization,,Optimization trajectory - progress: 3.39%
272,7,Exchange Registration_Entity,USA,2025-02-03,daily_state,ndc_balance,306.28,188.3,111.15,46.28,0.0072,index,simulated,Synthetic Generator - Optimization,,Optimization trajectory - progress: 3.39%
273,0,Geological Prospecting_Entity,USA,2025-02-04,daily_state,ndc_balance,293.56,171.9,98.06,43.65,0.0068,index,simulated,Synthetic Generator - Optimization,,Optimization trajectory - progress: 3.56%
274,1,Mine Extraction_Entity,USA,2025-02-04,daily_state,ndc_balance,327.9,197.8,115.17,45.22,0.0059,index,simulated,Synthetic Generator - Optimization,,Optimization trajectory - progress: 3.56%
275,2,Ore Processing_Entity,USA,2025-02-04,daily_state,ndc_balance,316.3,170.12,92.05,39.68,0.0047,index,simulated,Synthetic Generator - Optimization,,Optimization trajectory - progress: 3.56%
276,3,Doré Production_Entity,USA,2025-02-04,daily_state,ndc_balance,286.79,174.51,102.24,45.7,0.0079,index,simulated,Synthetic Generator - Optimization,,Optimization trajectory - progress: 3.56%
277,4,Refining_Entity,USA,2025-02-04,daily_state,ndc_balance,300.42,181.22,105.52,45.23,0.007,index,simulated,Synthetic Generator - Optimization,,Optimization trajectory - progress: 3.56%
278,5,Bar Casting & Assay_Entity,USA,2025-02-04,daily_state,ndc_balance,289.94,190.92,118.83,50.51,0.0102,index,simulated,Synthetic Generator - Optimization,,Optimization trajectory - progress: 3.56%
279,6,Logistics & Vaulting_Entity,USA,2025-02-04,daily_state,ndc_balance,327.14,180.62,99.25,40.83,0.0047,index,simulated,Synthetic Generator - Optimization,,Optimization trajectory - progress: 3.56%
280,7,Exchange Registration_Entity,USA,2025-02-04,daily_state,ndc_balance,303.42,191.89,115.68,47.94,0.008,index,simulated,Synthetic Generator - Optimization,,Optimization trajectory - progress: 3.56%
281,0,Geological Prospecting_Entity,USA,2025-02-05,daily_state,ndc_balance,307.2,167.91,91.71,40.38,0.0052,index,simulated,Synthetic Generator - Optimization,,Optimization trajectory - progress: 3.73%
282,1,Mine Extraction_Entity,USA,2025-02-05,daily_state,ndc_balance,311.11,191.22,112.84,46.27,0.007,index,simulated,Synthetic Generator - Optimization,,Optimization trajectory - progress: 3.73%
283,2,Ore Processing_Entity,USA,2025-02-05,daily_state,ndc_balance,321.6,187.04,106.21,43.31,0.0055,index,simulated,Synthetic Generator - Optimization,,Optimization trajectory - progress: 3.73%
284,3,Doré Production_Entity,USA,2025-02-05,daily_state,ndc_balance,292.82,171.53,97.88,43.67,0.0068,index,simulated,Synthetic Generator - Optimization,,Optimization trajectory - progress: 3.73%
285,4,Refining_Entity,USA,2025-02-05,daily_state,ndc_balance,308.0,204.27,127.9,50.99,0.0093,index,simulated,Synthetic Generator - Optimization,,Optimization trajectory - progress: 3.73%
286,5,Bar Casting & Assay_Entity,USA,2025-02-05,daily_state,ndc_balance,303.28,181.72,105.32,44.86,0.0068,index,simulated,Synthetic Generator - Optimization,,Optimization trajectory - progress: 3.73%
287,6,Logistics & Vaulting_Entity,USA,2025-02-05,daily_state,ndc_balance,352.84,168.76,85.96,35.23,0.003,index,simulated,Synthetic Generator - Optimization,,Optimization trajectory - progress: 3.73%
288,7,Exchange Registration_Entity,USA,2025-02-05,daily_state,ndc_balance,303.57,203.55,128.61,51.74,0.01,index,simulated,Synthetic Generator - Optimization,,Optimization trajectory - progress: 3.73%
289,0,Geological Prospecting_Entity,USA,2025-02-06,daily_state,ndc_balance,309.09,181.27,103.52,43.73,0.0061,index,simulated,Synthetic Generator - Optimization,,Optimization trajectory - progress: 3.92%
290,1,Mine Extraction_Entity,USA,2025-02-06,daily_state,ndc_balance,324.07,188.71,107.26,43.37,0.0055,index,simulated,Synthetic Generator - Optimization,,Optimization trajectory - progress: 3.92%
291,2,Ore Processing_Entity,USA,2025-02-06,daily_state,ndc_balance,298.62,184.93,109.74,46.7,0.0077,index,simulated,Synthetic Generator - Optimization,,Optimization trajectory - progress: 3.92%
292,3,Doré Production_Entity,USA,2025-02-06,daily_state,ndc_balance,287.47,160.93,89.18,41.46,0.0062,index,simulated,Synthetic Generator - Optimization,,Optimization trajectory - progress: 3.92%
293,4,Refining_Entity,USA,2025-02-06,daily_state,ndc_balance,311.65,159.95,84.34,37.78,0.0043,index,simulated,Synthetic Generator - Optimization,,Optimization trajectory - progress: 3.92%
294,5,Bar Casting & Assay_Entity,USA,2025-02-06,daily_state,ndc_balance,320.39,197.68,116.99,46.49,0.0066,index,simulated,Synthetic Generator - Optimization,,Optimization trajectory - progress: 3.92%
295,6,Logistics & Vaulting_Entity,USA,2025-02-06,daily_state,ndc_balance,343.28,163.23,82.92,35.03,0.0031,index,simulated,Synthetic Generator - Optimization,,Optimization trajectory - progress: 3.92%
296,7,Exchange Registration_Entity,USA,2025-02-06,daily_state,ndc_balance,301.46,186.65,110.75,46.69,0.0076,index,simulated,Synthetic Generator - Optimization,,Optimization trajectory - progress: 3.92%
297,0,Geological Prospecting_Entity,USA,2025-02-07,daily_state,ndc_balance,299.87,181.23,105.67,45.33,0.0071,index,simulated,Synthetic Generator - Optimization,,Optimization trajectory - progress: 4.11%
298,1,Mine Extraction_Entity,USA,2025-02-07,daily_state,ndc_balance,316.59,194.49,114.73,46.24,0.0067,index,simulated,Synthetic Generator - Optimization,,Optimization trajectory - progress: 4.11%
299,2,Ore Processing_Entity,USA,2025-02-07,daily_state,ndc_balance,294.6,188.15,114.29,48.54,0.0088,index,simulated,Synthetic Generator - Optimization,,Optimization trajectory - progress: 4.11%
300,3,Doré Production_Entity,USA,2025-02-07,daily_state,ndc_balance,289.79,178.96,105.98,46.54,0.0081,index,simulated,Synthetic Generator - Optimization,,Optimization trajectory - progress: 4.11%
301,4,Refining_Entity,USA,2025-02-07,daily_state,ndc_balance,300.79,199.13,124.49,50.87,0.0097,index,simulated,Synthetic Generator - Optimization,,Optimization trajectory - progress: 4.11%
302,5,Bar Casting & Assay_Entity,USA,2025-02-07,daily_state,ndc_balance,289.61,185.07,112.47,48.58,0.0091,index,simulated,Synthetic Generator - Optimization,,Optimization trajectory - progress: 4.11%
303,6,Logistics & Vaulting_Entity,USA,2025-02-07,daily_state,ndc_balance,358.66,162.49,80.85,33.49,0.0026,index,simulated,Synthetic Generator - Optimization,,Optimization trajectory - progress: 4.11%
304,7,Exchange Registration_Entity,USA,2025-02-07,daily_state,ndc_balance,300.5,191.71,116.35,48.48,0.0084,index,simulated,Synthetic Generator - Optimization,,Optimization trajectory - progress: 4.11%
305,0,Geological Prospecting_Entity,USA,2025-02-08,daily_state,ndc_balance,310.22,180.22,102.27,43.25,0.0059,index,simulated,Synthetic Generator - Optimization,,Optimization trajectory - progress: 4.31%
306,1,Mine Extraction_Entity,USA,2025-02-08,daily_state,ndc_balance,330.25,191.77,108.79,43.23,0.0052,index,simulated,Synthetic Generator - Optimization,,Optimization trajectory - progress: 4.31%
307,2,Ore Processing_Entity,USA,2025-02-08,daily_state,ndc_balance,299.03,194.68,120.06,49.76,0.0092,index,simulated,Synthetic Generator - Optimization,,Optimization trajectory - progress: 4.31%
308,3,Doré Production_Entity,USA,2025-02-08,daily_state,ndc_balance,285.01,184.01,112.73,49.22,0.0098,index,simulated,Synthetic Generator - Optimization,,Optimization trajectory - progress: 4.31%
309,4,Refining_Entity,USA,2025-02-08,daily_state,ndc_balance,275.55,187.94,120.49,52.95,0.013,index,simulated,Synthetic Generator - Optimization,,Optimization trajectory - progress: 4.31%
310,5,Bar Casting & Assay_Entity,USA,2025-02-08,daily_state,ndc_balance,288.46,172.3,99.63,44.69,0.0074,index,simulated,Synthetic Generator - Optimization,,Optimization trajectory - progress: 4.31%
311,6,Logistics & Vaulting_Entity,USA,2025-02-08,daily_state,ndc_balance,339.94,157.71,79.25,34.23,0.003,index,simulated,Synthetic Generator - Optimization,,Optimization trajectory - progress: 4.31%
312,7,Exchange Registration_Entity,USA,2025-02-08,daily_state,ndc_balance,297.8,179.13,104.09,45.07,0.0071,index,simulated,Synthetic Generator - Optimization,,Optimization trajectory - progress: 4.31%
313,0,Geological Prospecting_Entity,USA,2025-02-09,daily_state,ndc_balance,300.9,196.6,121.6,49.99,0.0092,index,simulated,Synthetic Generator - Optimization,,Optimization trajectory - progress: 4.52%
314,1,Mine Extraction_Entity,USA,2025-02-09,daily_state,ndc_balance,320.1,201.03,120.55,47.52,0.007,index,simulated,Synthetic Generator - Optimization,,Optimization trajectory - progress: 4.52%
315,2,Ore Processing_Entity,USA,2025-02-09,daily_state,ndc_balance,318.46,200.39,120.35,47.64,0.0072,index,simulated,Synthetic Generator - Optimization,,Optimization trajectory - progress: 4.52%
316,3,Doré Production_Entity,USA,2025-02-09,daily_state,ndc_balance,306.67,172.95,96.28,41.81,0.0056,index,simulated,Synthetic Generator - Optimization,,Optimization trajectory - progress: 4.52%
317,4,Refining_Entity,USA,2025-02-09,daily_state,ndc_balance,295.55,195.86,122.55,50.94,0.0101,index,simulated,Synthetic Generator - Optimization,,Optimization trajectory - progress: 4.52%
318,5,Bar Casting & Assay_Entity,USA,2025-02-09,daily_state,ndc_balance,300.05,190.83,115.55,48.29,0.0084,index,simulated,Synthetic Generator - Optimization,,Optimization trajectory - progress: 4.52%
319,6,Logistics & Vaulting_Entity,USA,2025-02-09,daily_state,ndc_balance,364.14,163.73,81.22,33.26,0.0025,index,simulated,Synthetic Generator - Optimization,,Optimization trajectory - progress: 4.52%
320,7,Exchange Registration_Entity,USA,2025-02-09,daily_state,ndc_balance,302.45,183.14,106.92,45.43,0.007,index,simulated,Synthetic Generator - Optimization,,Optimization trajectory - progress: 4.52%
321,0,Geological Prospecting_Entity,USA,2025-02-10,daily_state,ndc_balance,318.98,179.72,99.99,41.76,0.0052,index,simulated,Synthetic Generator - Optimization,,Optimization trajectory - progress: 4.74%
322,1,Mine Extraction_Entity,USA,2025-02-10,daily_state,ndc_balance,314.07,189.62,110.47,45.27,0.0065,index,simulated,Synthetic Generator - Optimization,,Optimization trajectory - progress: 4.74%
323,2,Ore Processing_Entity,USA,2025-02-10,daily_state,ndc_balance,300.94,180.88,105.06,45.03,0.0069,index,simulated,Synthetic Generator - Optimization,,Optimization trajectory - progress: 4.74%
324,3,Doré Production_Entity,USA,2025-02-10,daily_state,ndc_balance,282.63,164.42,93.39,43.32,0.0072,index,simulated,Synthetic Generator - Optimization,,Optimization trajectory - progress: 4.74%
325,4,Refining_Entity,USA,2025-02-10,daily_state,ndc_balance,294.78,207.67,137.01,55.38,0.0132,index,simulated,Synthetic Generator - Optimization,,Optimization trajectory - progress: 4.74%
326,5,Bar Casting & Assay_Entity,USA,2025-02-10,daily_state,ndc_balance,300.22,192.48,117.28,48.79,0.0086,index,simulated,Synthetic Generator - Optimization,,Optimization trajectory - progress: 4.74%
327,6,Logistics & Vaulting_Entity,USA,2025-02-10,daily_state,ndc_balance,356.79,182.14,95.77,37.57,0.0033,index,simulated,Synthetic Generator - Optimization,,Optimization trajectory - progress: 4.74%
328,7,Exchange Registration_Entity,USA,2025-02-10,daily_state,ndc_balance,280.39,180.78,110.64,49.14,0.0101,index,simulated,Synthetic Generator - Optimization,,Optimization trajectory - progress: 4.74%
329,0,Geological Prospecting_Entity,USA,2025-02-11,daily_state,ndc_balance,289.48,178.54,105.63,46.46,0.0081,index,simulated,Synthetic Generator - Optimization,,Optimization trajectory - progress: 4.97%
330,1,Mine Extraction_Entity,USA,2025-02-11,daily_state,ndc_balance,314.01,188.76,109.64,45.04,0.0064,index,simulated,Synthetic Generator - Optimization,,Optimization trajectory - progress: 4.97%
331,2,Ore Processing_Entity,USA,2025-02-11,daily_state,ndc_balance,309.46,188.69,110.71,45.82,0.0069,index,simulated,Synthetic Generator - Optimization,,Optimization trajectory - progress: 4.97%
332,3,Doré Production_Entity,USA,2025-02-11,daily_state,ndc_balance,280.53,156.48,86.52,41.29,0.0065,index,simulated,Synthetic Generator - Optimization,,Optimization trajectory - progress: 4.97%
333,4,Refining_Entity,USA,2025-02-11,daily_state,ndc_balance,292.58,182.84,109.24,47.23,0.0083,index,simulated,Synthetic Generator - Optimization,,Optimization trajectory - progress: 4.97%
334,5,Bar Casting & Assay_Entity,USA,2025-02-11,daily_state,ndc_balance,290.29,172.09,98.99,44.29,0.0072,index,simulated,Synthetic Generator - Optimization,,Optimization trajectory - progress: 4.97%
335,6,Logistics & Vaulting_Entity,USA,2025-02-11,daily_state,ndc_balance,339.87,152.67,75.7,33.23,0.0029,index,simulated,Synthetic Generator - Optimization,,Optimization trajectory - progress: 4.97%
336,7,Exchange Registration_Entity,USA,2025-02-11,daily_state,ndc_balance,296.75,182.5,107.75,46.3,0.0077,index,simulated,Synthetic Generator - Optimization,,Optimization trajectory - progress: 4.97%
337,0,Geological Prospecting_Entity,USA,2025-02-12,daily_state,ndc_balance,288.9,170.3,97.59,44.0,0.0071,index,simulated,Synthetic Generator - Optimization,,Optimization trajectory - progress: 5.22%
338,1,Mine Extraction_Entity,USA,2025-02-12,daily_state,ndc_balance,315.34,184.73,105.41,43.68,0.0059,index,simulated,Synthetic Generator - Optimization,,Optimization trajectory - progress: 5.22%
339,2,Ore Processing_Entity,USA,2025-02-12,daily_state,ndc_balance,316.2,192.55,112.88,45.75,0.0065,index,simulated,Synthetic Generator - Optimization,,Optimization trajectory - progress: 5.22%
340,3,Doré Production_Entity,USA,2025-02-12,daily_state,ndc_balance,286.95,170.42,98.15,44.39,0.0074,index,simulated,Synthetic Generator - Optimization,,Optimization trajectory - progress: 5.22%
341,4,Refining_Entity,USA,2025-02-12,daily_state,ndc_balance,306.2,195.4,118.62,48.5,0.0081,index,simulated,Synthetic Generator - Optimization,,Optimization trajectory - progress: 5.22%
342,5,Bar Casting & Assay_Entity,USA,2025-02-12,daily_state,ndc_balance,294.08,199.58,127.41,52.59,0.0112,index,simulated,Synthetic Generator - Optimization,,Optimization trajectory - progress: 5.22%
343,6,Logistics & Vaulting_Entity,USA,2025-02-12,daily_state,ndc_balance,349.12,173.31,89.84,36.53,0.0032,index,simulated,Synthetic Generator - Optimization,,Optimization trajectory - progress: 5.22%
344,7,Exchange Registration_Entity,USA,2025-02-12,daily_state,ndc_balance,299.25,200.15,126.19,51.56,0.0102,index,simulated,Synthetic Generator - Optimization,,Optimization trajectory - progress: 5.22%
345,0,Geological Prospecting_Entity,USA,2025-02-13,daily_state,ndc_balance,289.3,178.97,106.12,46.64,0.0082,index,simulated,Synthetic Generator - Optimization,,Optimization trajectory - progress: 5.47%
346,1,Mine Extraction_Entity,USA,2025-02-13,daily_state,ndc_balance,320.21,196.98,116.32,46.31,0.0066,index,simulated,Synthetic Generator - Optimization,,Optimization trajectory - progress: 5.47%
347,2,Ore Processing_Entity,USA,2025-02-13,daily_state,ndc_balance,312.07,199.67,121.46,48.66,0.0079,index,simulated,Synthetic Generator - Optimization,,Optimization trajectory - progress: 5.47%
348,3,Doré Production_Entity,USA,2025-02-13,daily_state,ndc_balance,273.29,168.81,99.99,46.55,0.0092,index,simulated,Synthetic Generator - Optimization,,Optimization trajectory - progress: 5.47%
349,4,Refining_Entity,USA,2025-02-13,daily_state,ndc_balance,304.56,181.42,104.71,44.55,0.0066,index,simulated,Synthetic Generator - Optimization,,Optimization trajectory - progress: 5.47%
350,5,Bar Casting & Assay_Entity,USA,2025-02-13,daily_state,ndc_balance,326.32,188.88,106.92,43.07,0.0053,index,simulated,Synthetic Generator - Optimization,,Optimization trajectory - progress: 5.47%
351,6,Logistics & Vaulting_Entity,USA,2025-02-13,daily_state,ndc_balance,343.48,159.22,79.98,34.2,0.0029,index,simulated,Synthetic Generator - Optimization,,Optimization trajectory - progress: 5.47%
352,7,Exchange Registration_Entity,USA,2025-02-13,daily_state,ndc_balance,293.01,193.86,121.13,50.82,0.0102,index,simulated,Synthetic Generator - Optimization,,Optimization trajectory - progress: 5.47%
353,0,Geological Prospecting_Entity,USA,2025-02-14,daily_state,ndc_balance,298.25,179.16,104.01,45.0,0.007,index,simulated,Synthetic Generator - Optimization,,Optimization trajectory - progress: 5.73%
354,1,Mine Extraction_Entity,USA,2025-02-14,daily_state,ndc_balance,313.83,207.17,129.21,50.68,0.0088,index,simulated,Synthetic Generator - Optimization,,Optimization trajectory - progress: 5.73%
355,2,Ore Processing_Entity,USA,2025-02-14,daily_state,ndc_balance,320.69,191.36,110.58,44.64,0.006,index,simulated,Synthetic Generator - Optimization,,Optimization trajectory - progress: 5.73%
356,3,Doré Production_Entity,USA,2025-02-14,daily_state,ndc_balance,274.01,184.11,116.53,51.88,0.0124,index,simulated,Synthetic Generator - Optimization,,Optimization trajectory - progress: 5.73%
357,4,Refining_Entity,USA,2025-02-14,daily_state,ndc_balance,317.68,202.54,122.87,48.44,0.0075,index,simulated,Synthetic Generator - Optimization,,Optimization trajectory - progress: 5.73%
358,5,Bar Casting & Assay_Entity,USA,2025-02-14,daily_state,ndc_balance,299.76,198.12,123.69,50.76,0.0097,index,simulated,Synthetic Generator - Optimization,,Optimization trajectory - progress: 5.73%
359,6,Logistics & Vaulting_Entity,USA,2025-02-14,daily_state,ndc_balance,344.51,170.87,88.54,36.49,0.0033,index,simulated,Synthetic Generator - Optimization,,Optimization trajectory - progress: 5.73%
360,7,Exchange Registration_Entity,USA,2025-02-14,daily_state,ndc_balance,290.9,196.65,125.11,52.31,0.0112,index,simulated,Synthetic Generator - Optimization,,Optimization trajectory - progress: 5.73%
361,0,Geological Prospecting_Entity,USA,2025-02-15,daily_state,ndc_balance,310.29,178.01,100.19,42.63,0.0057,index,simulated,Synthetic Generator - Optimization,,Optimization trajectory - progress: 6.01%
362,1,Mine Extraction_Entity,USA,2025-02-15,daily_state,ndc_balance,307.78,194.88,117.6,48.02,0.0078,index,simulated,Synthetic Generator - Optimization,,Optimization trajectory - progress: 6.01%
363,2,Ore Processing_Entity,USA,2025-02-15,daily_state,ndc_balance,304.43,195.52,119.29,48.89,0.0084,index,simulated,Synthetic Generator - Optimization,,Optimization trajectory - progress: 6.01%
364,3,Doré Production_Entity,USA,2025-02-15,daily_state,ndc_balance,282.76,196.09,127.55,54.17,0.0133,index,simulated,Synthetic Generator - Optimization,,Optimization trajectory - progress: 6.01%
365,4,Refining_Entity,USA,2025-02-15,daily_state,ndc_balance,289.1,201.56,131.74,54.58,0.013,index,simulated,Synthetic Generator - Optimization,,Optimization trajectory - progress: 6.01%
366,5,Bar Casting & Assay_Entity,USA,2025-02-15,daily_state,ndc_balance,284.65,166.13,94.56,43.48,0.0071,index,simulated,Synthetic Generator - Optimization,,Optimization trajectory - progress: 6.01%
367,6,Logistics & Vaulting_Entity,USA,2025-02-15,daily_state,ndc_balance,346.07,162.26,81.91,34.57,0.003,index,simulated,Synthetic Generator - Optimization,,Optimization trajectory - progress: 6.01%
368,7,Exchange Registration_Entity,USA,2025-02-15,daily_state,ndc_balance,286.5,177.09,104.95,46.59,0.0083,index,simulated,Synthetic Generator - Optimization,,Optimization trajectory - progress: 6.01%
369,0,Geological Prospecting_Entity,USA,2025-02-16,daily_state,ndc_balance,296.77,193.85,119.87,49.98,0.0094,index,simulated,Synthetic Generator - Optimization,,Optimization trajectory - progress: 6.30%
370,1,Mine Extraction_Entity,USA,2025-02-16,daily_state,ndc_balance,322.07,194.66,113.5,45.33,0.0062,index,simulated,Synthetic Generator - Optimization,,Optimization trajectory - progress: 6.30%
371,2,Ore Processing_Entity,USA,2025-02-16,daily_state,ndc_balance,311.32,188.95,110.5,45.56,0.0067,index,simulated,Synthetic Generator - Optimization,,Optimization trajectory - progress: 6.30%
372,3,Doré Production_Entity,USA,2025-02-16,daily_state,ndc_balance,272.87,164.88,96.12,45.32,0.0086,index,simulated,Synthetic Generator - Optimization,,Optimization trajectory - progress: 6.30%
373,4,Refining_Entity,USA,2025-02-16,daily_state,ndc_balance,299.82,187.61,112.2,47.31,0.0079,index,simulated,Synthetic Generator - Optimization,,Optimization trajectory - progress: 6.30%
374,5,Bar Casting & Assay_Entity,USA,2025-02-16,daily_state,ndc_balance,300.68,191.86,116.46,48.49,0.0084,index,simulated,Synthetic Generator - Optimization,,Optimization trajectory - progress: 6.30%
375,6,Logistics & Vaulting_Entity,USA,2025-02-16,daily_state,ndc_balance,349.44,162.24,81.55,34.25,0.0029,index,simulated,Synthetic Generator - Optimization,,Optimization trajectory - progress: 6.30%
376,7,Exchange Registration_Entity,USA,2025-02-16,daily_state,ndc_balance,283.67,198.21,129.81,54.74,0.0137,index,simulated,Synthetic Generator - Optimization,,Optimization trajectory - progress: 6.30%
377,0,Geological Prospecting_Entity,USA,2025-02-17,daily_state,ndc_balance,301.95,160.4,86.18,39.16,0.005,index,simulated,Synthetic Generator - Optimization,,Optimization trajectory - progress: 6.60%
378,1,Mine Extraction_Entity,USA,2025-02-17,daily_state,ndc_balance,307.7,187.38,109.84,45.75,0.0069,index,simulated,Synthetic Generator - Optimization,,Optimization trajectory - progress: 6.60%
379,2,Ore Processing_Entity,USA,2025-02-17,daily_state,ndc_balance,307.55,181.39,103.98,44.02,0.0063,index,simulated,Synthetic Generator - Optimization,,Optimization trajectory - progress: 6.60%
380,3,Doré Production_Entity,USA,2025-02-17,daily_state,ndc_balance,286.65,177.18,105.0,46.59,0.0083,index,simulated,Synthetic Generator - Optimization,,Optimization trajectory - progress: 6.60%
381,4,Refining_Entity,USA,2025-02-17,daily_state,ndc_balance,300.11,182.26,106.63,45.59,0.0072,index,simulated,Synthetic Generator - Optimization,,Optimization trajectory - progress: 6.60%
382,5,Bar Casting & Assay_Entity,USA,2025-02-17,daily_state,ndc_balance,285.64,173.68,101.71,45.66,0.008,index,simulated,Synthetic Generator - Optimization,,Optimization trajectory - progress: 6.60%
383,6,Logistics & Vaulting_Entity,USA,2025-02-17,daily_state,ndc_balance,346.87,170.99,88.34,36.27,0.0032,index,simulated,Synthetic Generator - Optimization,,Optimization trajectory - progress: 6.60%
384,7,Exchange Registration_Entity,USA,2025-02-17,daily_state,ndc_balance,289.65,209.5,141.63,57.49,0.0155,index,simulated,Synthetic Generator - Optimization,,Optimization trajectory - progress: 6.60%
385,0,Geological Prospecting_Entity,USA,2025-02-18,daily_state,ndc_balance,293.4,199.8,127.91,52.83,0.0114,index,simulated,Synthetic Generator - Optimization,,Optimization trajectory - progress: 6.91%
386,1,Mine Extraction_Entity,USA,2025-02-18,daily_state,ndc_balance,309.43,174.23,96.9,41.73,0.0055,index,simulated,Synthetic Generator - Optimization,,Optimization trajectory - progress: 6.91%
387,2,Ore Processing_Entity,USA,2025-02-18,daily_state,ndc_balance,310.22,192.12,114.01,46.7,0.0072,index,simulated,Synthetic Generator - Optimization,,Optimization trajectory - progress: 6.91%
388,3,Doré Production_Entity,USA,2025-02-18,daily_state,ndc_balance,287.23,173.07,100.7,45.16,0.0077,index,simulated,Synthetic Generator - Optimization,,Optimization trajectory - progress: 6.91%
389,4,Refining_Entity,USA,2025-02-18,daily_state,ndc_balance,301.2,184.52,108.64,46.08,0.0073,index,simulated,Synthetic Generator - Optimization,,Optimization trajectory - progress: 6.91%
390,5,Bar Casting & Assay_Entity,USA,2025-02-18,daily_state,ndc_balance,288.87,193.12,121.72,51.53,0.0109,index,simulated,Synthetic Generator - Optimization,,Optimization trajectory - progress: 6.91%
391,6,Logistics & Vaulting_Entity,USA,2025-02-18,daily_state,ndc_balance,344.58,171.63,89.12,36.65,0.0033,index,simulated,Synthetic Generator - Optimization,,Optimization trajectory - progress: 6.91%
392,7,Exchange Registration_Entity,USA,2025-02-18,daily_state,ndc_balance,294.92,191.07,117.39,49.45,0.0093,index,simulated,Synthetic Generator - Optimization,,Optimization trajectory - progress: 6.91%
393,0,Geological Prospecting_Entity,USA,2025-02-19,daily_state,ndc_balance,284.84,181.01,109.53,48.24,0.0093,index,simulated,Synthetic Generator - Optimization,,Optimization trajectory - progress: 7.24%
394,1,Mine Extraction_Entity,USA,2025-02-19,daily_state,ndc_balance,282.44,188.81,118.99,51.53,0.0114,index,simulated,Synthetic Generator - Optimization,,Optimization trajectory - progress: 7.24%
395,2,Ore Processing_Entity,USA,2025-02-19,daily_state,ndc_balance,305.2,195.49,119.02,48.73,0.0083,index,simulated,Synthetic Generator - Optimization,,Optimization trajectory - progress: 7.24%
396,3,Doré Production_Entity,USA,2025-02-19,daily_state,ndc_balance,284.05,183.18,112.13,49.15,0.0098,index,simulated,Synthetic Generator - Optimization,,Optimization trajectory - progress: 7.24%
397,4,Refining_Entity,USA,2025-02-19,daily_state,ndc_balance,279.58,189.28,120.58,52.42,0.0122,index,simulated,Synthetic Generator - Optimization,,Optimization trajectory - progress: 7.24%
398,5,Bar Casting & Assay_Entity,USA,2025-02-19,daily_state,ndc_balance,274.95,172.84,103.73,47.58,0.0096,index,simulated,Synthetic Generator - Optimization,,Optimization trajectory - progress: 7.24%
399,6,Logistics & Vaulting_Entity,USA,2025-02-19,daily_state,ndc_balance,340.52,178.56,95.24,38.62,0.0038,index,simulated,Synthetic Generator - Optimization,,Optimization trajectory - progress: 7.24%
400,7,Exchange Registration_Entity,USA,2025-02-19,daily_state,ndc_balance,300.82,194.89,119.73,49.45,0.0089,index,simulated,Synthetic Generator - Optimization,,Optimization trajectory - progress: 7.24%
401,0,Geological Prospecting_Entity,USA,2025-02-20,daily_state,ndc_balance,296.01,177.79,103.21,44.99,0.0072,index,simulated,Synthetic Generator - Optimization,,Optimization trajectory - progress: 7.59%
402,1,Mine Extraction_Entity,USA,2025-02-20,daily_state,ndc_balance,310.01,199.2,121.59,48.93,0.0081,index,simulated,Synthetic Generator - Optimization,,Optimization trajectory - progress: 7.59%
403,2,Ore Processing_Entity,USA,2025-02-20,daily_state,ndc_balance,291.97,196.01,123.98,51.82,0.0108,index,simulated,Synthetic Generator - Optimization,,Optimization trajectory - progress: 7.59%
404,3,Doré Production_Entity,USA,2025-02-20,daily_state,ndc_balance,282.7,188.19,118.19,51.24,0.0112,index,simulated,Synthetic Generator - Optimization,,Optimization trajectory - progress: 7.59%
405,4,Refining_Entity,USA,2025-02-20,daily_state,ndc_balance,310.82,173.35,95.84,41.29,0.0053,index,simulated,Synthetic Generator - Optimization,,Optimization trajectory - progress: 7.59%
406,5,Bar Casting & Assay_Entity,USA,2025-02-20,daily_state,ndc_balance,285.77,176.6,104.64,46.58,0.0084,index,simulated,Synthetic Generator - Optimization,,Optimization trajectory - progress: 7.59%
407,6,Logistics & Vaulting_Entity,USA,2025-02-20,daily_state,ndc_balance,323.91,155.74,79.52,35.4,0.0035,index,simulated,Synthetic Generator - Optimization,,Optimization trajectory - progress: 7.59%
408,7,Exchange Registration_Entity,USA,2025-02-20,daily_state,ndc_balance,321.38,201.03,120.19,47.29,0.0069,index,simulated,Synthetic Generator - Optimization,,Optimization trajectory - progress: 7.59%
409,0,Geological Prospecting_Entity,USA,2025-02-21,daily_state,ndc_balance,315.2,193.45,114.05,46.19,0.0067,index,simulated,Synthetic Generator - Optimization,,Optimization trajectory - progress: 7.94%
410,1,Mine Extraction_Entity,USA,2025-02-21,daily_state,ndc_balance,307.82,191.35,113.87,46.92,0.0074,index,simulated,Synthetic Generator - Optimization,,Optimization trajectory - progress: 7.94%
411,2,Ore Processing_Entity,USA,2025-02-21,daily_state,ndc_balance,311.52,194.7,116.33,47.24,0.0073,index,simulated,Synthetic Generator - Optimization,,Optimization trajectory - progress: 7.94%
412,3,Doré Production_Entity,USA,2025-02-21,daily_state,ndc_balance,280.65,165.06,94.44,43.88,0.0075,index,simulated,Synthetic Generator - Optimization,,Optimization trajectory - progress: 7.94%
413,4,Refining_Entity,USA,2025-02-21,daily_state,ndc_balance,333.91,188.91,105.38,41.96,0.0048,index,simulated,Synthetic Generator - Optimization,,Optimization trajectory - progress: 7.94%
414,5,Bar Casting & Assay_Entity,USA,2025-02-21,daily_state,ndc_balance,288.17,186.54,114.52,49.39,0.0097,index,simulated,Synthetic Generator - Optimization,,Optimization trajectory - progress: 7.94%
415,6,Logistics & Vaulting_Entity,USA,2025-02-21,daily_state,ndc_balance,339.23,167.58,86.67,36.35,0.0034,index,simulated,Synthetic Generator - Optimization,,Optimization trajectory - progress: 7.94%
416,7,Exchange Registration_Entity,USA,2025-02-21,daily_state,ndc_balance,309.69,193.92,116.03,47.35,0.0075,index,simulated,Synthetic Generator - Optimization,,Optimization trajectory - progress: 7.94%
417,0,Geological Prospecting_Entity,USA,2025-02-22,daily_state,ndc_balance,284.21,183.79,112.74,49.33,0.0099,index,simulated,Synthetic Generator - Optimization,,Optimization trajectory - progress: 8.32%
418,1,Mine Extraction_Entity,USA,2025-02-22,daily_state,ndc_balance,310.37,209.65,133.29,52.25,0.0098,index,simulated,Synthetic Generator - Optimization,,Optimization trajectory - progress: 8.32%
419,2,Ore Processing_Entity,USA,2025-02-22,daily_state,ndc_balance,317.14,191.65,111.73,45.32,0.0063,index,simulated,Synthetic Generator - Optimization,,Optimization trajectory - progress: 8.32%
420,3,Doré Production_Entity,USA,2025-02-22,daily_state,ndc_balance,273.47,168.15,99.26,46.29,0.009,index,simulated,Synthetic Generator - Optimization,,Optimization trajectory - progress: 8.32%
421,4,Refining_Entity,USA,2025-02-22,daily_state,ndc_balance,300.99,193.94,118.62,49.1,0.0087,index,simulated,Synthetic Generator - Optimization,,Optimization trajectory - progress: 8.32%
422,5,Bar Casting & Assay_Entity,USA,2025-02-22,daily_state,ndc_balance,287.51,180.85,108.59,47.62,0.0088,index,simulated,Synthetic Generator - Optimization,,Optimization trajectory - progress: 8.32%
423,6,Logistics & Vaulting_Entity,USA,2025-02-22,daily_state,ndc_balance,335.34,166.42,86.26,36.51,0.0035,index,simulated,Synthetic Generator - Optimization,,Optimization trajectory - progress: 8.32%
424,7,Exchange Registration_Entity,USA,2025-02-22,daily_state,ndc_balance,272.85,184.39,117.29,52.29,0.0128,index,simulated,Synthetic Generator - Optimization,,Optimization trajectory - progress: 8.32%
425,0,Geological Prospecting_Entity,USA,2025-02-23,daily_state,ndc_balance,289.38,197.73,126.97,53.08,0.0119,index,simulated,Synthetic Generator - Optimization,,Optimization trajectory - progress: 8.71%
426,1,Mine Extraction_Entity,USA,2025-02-23,daily_state,ndc_balance,306.64,197.46,120.73,49.06,0.0084,index,simulated,Synthetic Generator - Optimization,,Optimization trajectory - progress: 8.71%
427,2,Ore Processing_Entity,USA,2025-02-23,daily_state,ndc_balance,307.48,203.81,127.55,50.95,0.0093,index,simulated,Synthetic Generator - Optimization,,Optimization trajectory - progress: 8.71%
428,3,Doré Production_Entity,USA,2025-02-23,daily_state,ndc_balance,298.71,180.08,104.82,45.19,0.0071,index,simulated,Synthetic Generator - Optimization,,Optimization trajectory - progress: 8.71%
429,4,Refining_Entity,USA,2025-02-23,daily_state,ndc_balance,295.89,184.2,109.73,47.0,0.008,index,simulated,Synthetic Generator - Optimization,,Optimization trajectory - progress: 8.71%
430,5,Bar Casting & Assay_Entity,USA,2025-02-23,daily_state,ndc_balance,288.67,181.58,109.02,47.62,0.0087,index,simulated,Synthetic Generator - Optimization,,Optimization trajectory - progress: 8.71%
431,6,Logistics & Vaulting_Entity,USA,2025-02-23,daily_state,ndc_balance,346.39,171.17,88.54,36.36,0.0033,index,simulated,Synthetic Generator - Optimization,,Optimization trajectory - progress: 8.71%
432,7,Exchange Registration_Entity,USA,2025-02-23,daily_state,ndc_balance,302.44,208.25,134.62,53.64,0.0113,index,simulated,Synthetic Generator - Optimization,,Optimization trajectory - progress: 8.71%
433,0,Geological Prospecting_Entity,USA,2025-02-24,daily_state,ndc_balance,314.07,187.17,108.06,44.57,0.0062,index,simulated,Synthetic Generator - Optimization,,Optimization trajectory - progress: 9.11%
434,1,Mine Extraction_Entity,USA,2025-02-24,daily_state,ndc_balance,325.53,192.41,110.46,44.14,0.0056,index,simulated,Synthetic Generator - Optimization,,Optimization trajectory - progress: 9.11%
435,2,Ore Processing_Entity,USA,2025-02-24,daily_state,ndc_balance,316.84,201.72,122.24,48.35,0.0075,index,simulated,Synthetic Generator - Optimization,,Optimization trajectory - progress: 9.11%
436,3,Doré Production_Entity,USA,2025-02-24,daily_state,ndc_balance,295.98,181.86,107.3,46.25,0.0077,index,simulated,Synthetic Generator - Optimization,,Optimization trajectory - progress: 9.11%
437,4,Refining_Entity,USA,2025-02-24,daily_state,ndc_balance,293.76,177.16,103.14,45.21,0.0073,index,simulated,Synthetic Generator - Optimization,,Optimization trajectory - progress: 9.11%
438,5,Bar Casting & Assay_Entity,USA,2025-02-24,daily_state,ndc_balance,290.5,201.53,131.13,54.2,0.0126,index,simulated,Synthetic Generator - Optimization,,Optimization trajectory - progress: 9.11%
439,6,Logistics & Vaulting_Entity,USA,2025-02-24,daily_state,ndc_balance,337.33,175.14,92.92,38.23,0.0038,index,simulated,Synthetic Generator - Optimization,,Optimization trajectory - progress: 9.11%
440,7,Exchange Registration_Entity,USA,2025-02-24,daily_state,ndc_balance,304.79,193.09,116.56,48.05,0.008,index,simulated,Synthetic Generator - Optimization,,Optimization trajectory - progress: 9.11%
441,0,Geological Prospecting_Entity,USA,2025-02-25,daily_state,ndc_balance,308.4,157.11,82.52,37.49,0.0044,index,simulated,Synthetic Generator - Optimization,,Optimization trajectory - progress: 9.53%
442,1,Mine Extraction_Entity,USA,2025-02-25,daily_state,ndc_balance,302.05,187.04,110.99,46.7,0.0076,index,simulated,Synthetic Generator - Optimization,,Optimization trajectory - progress: 9.53%
443,2,Ore Processing_Entity,USA,2025-02-25,daily_state,ndc_balance,296.56,194.75,120.95,50.33,0.0096,index,simulated,Synthetic Generator - Optimization,,Optimization trajectory - progress: 9.53%
444,3,Doré Production_Entity,USA,2025-02-25,daily_state,ndc_balance,288.61,185.14,112.85,48.82,0.0093,index,simulated,Synthetic Generator - Optimization,,Optimization trajectory - progress: 9.53%
445,4,Refining_Entity,USA,2025-02-25,daily_state,ndc_balance,306.19,181.89,104.78,44.4,0.0065,index,simulated,Synthetic Generator - Optimization,,Optimization trajectory - progress: 9.53%
446,5,Bar Casting & Assay_Entity,USA,2025-02-25,daily_state,ndc_balance,278.53,190.45,122.36,53.13,0.0129,index,simulated,Synthetic Generator - Optimization,,Optimization trajectory - progress: 9.53%
447,6,Logistics & Vaulting_Entity,USA,2025-02-25,daily_state,ndc_balance,333.69,151.92,75.74,33.64,0.003,index,simulated,Synthetic Generator - Optimization,,Optimization trajectory - progress: 9.53%
448,7,Exchange Registration_Entity,USA,2025-02-25,daily_state,ndc_balance,305.9,210.15,135.57,53.47,0.0109,index,simulated,Synthetic Generator - Optimization,,Optimization trajectory - progress: 9.53%
449,0,Geological Prospecting_Entity,USA,2025-02-26,daily_state,ndc_balance,310.58,188.35,110.09,45.52,0.0067,index,simulated,Synthetic Generator - Optimization,,Optimization trajectory - progress: 9.98%
450,1,Mine Extraction_Entity,USA,2025-02-26,daily_state,ndc_balance,320.27,210.18,130.46,50.28,0.0082,index,simulated,Synthetic Generator - Optimization,,Optimization trajectory - progress: 9.98%
451,2,Ore Processing_Entity,USA,2025-02-26,daily_state,ndc_balance,298.1,202.79,129.72,52.76,0.011,index,simulated,Synthetic Generator - Optimization,,Optimization trajectory - progress: 9.98%
452,3,Doré Production_Entity,USA,2025-02-26,daily_state,ndc_balance,288.27,190.62,119.06,50.79,0.0105,index,simulated,Synthetic Generator - Optimization,,Optimization trajectory - progress: 9.98%
453,4,Refining_Entity,USA,2025-02-26,daily_state,ndc_balance,301.87,204.65,130.51,52.51,0.0106,index,simulated,Synthetic Generator - Optimization,,Optimization trajectory - progress: 9.98%
454,5,Bar Casting & Assay_Entity,USA,2025-02-26,daily_state,ndc_balance,292.75,171.94,98.29,43.81,0.0068,index,simulated,Synthetic Generator - Optimization,,Optimization trajectory - progress: 9.98%
455,6,Logistics & Vaulting_Entity,USA,2025-02-26,daily_state,ndc_balance,354.05,158.5,78.49,33.13,0.0026,index,simulated,Synthetic Generator - Optimization,,Optimization trajectory - progress: 9.98%
456,7,Exchange Registration_Entity,USA,2025-02-26,daily_state,ndc_balance,308.54,195.58,118.12,48.08,0.0078,index,simulated,Synthetic Generator - Optimization,,Optimization trajectory - progress: 9.98%
457,0,Geological Prospecting_Entity,USA,2025-02-27,daily_state,ndc_balance,306.54,198.13,121.49,49.3,0.0085,index,simulated,Synthetic Generator - Optimization,,Optimization trajectory - progress: 10.43%
458,1,Mine Extraction_Entity,USA,2025-02-27,daily_state,ndc_balance,318.04,201.87,122.04,48.16,0.0074,index,simulated,Synthetic Generator - Optimization,,Optimization trajectory - progress: 10.43%
459,2,Ore Processing_Entity,USA,2025-02-27,daily_state,ndc_balance,308.49,171.85,94.95,41.24,0.0054,index,simulated,Synthetic Generator - Optimization,,Optimization trajectory - progress: 10.43%
460,3,Doré Production_Entity,USA,2025-02-27,daily_state,ndc_balance,286.49,170.62,98.46,44.54,0.0074,index,simulated,Synthetic Generator - Optimization,,Optimization trajectory - progress: 10.43%
461,4,Refining_Entity,USA,2025-02-27,daily_state,ndc_balance,301.5,180.56,104.6,44.83,0.0068,index,simulated,Synthetic Generator - Optimization,,Optimization trajectory - progress: 10.43%
462,5,Bar Casting & Assay_Entity,USA,2025-02-27,daily_state,ndc_balance,278.46,203.14,138.47,58.22,0.0176,index,simulated,Synthetic Generator - Optimization,,Optimization trajectory - progress: 10.43%
463,6,Logistics & Vaulting_Entity,USA,2025-02-27,daily_state,ndc_balance,349.74,168.31,85.97,35.43,0.003,index,simulated,Synthetic Generator - Optimization,,Optimization trajectory - progress: 10.43%
464,7,Exchange Registration_Entity,USA,2025-02-27,daily_state,ndc_balance,297.67,194.3,120.08,49.93,0.0093,index,simulated,Synthetic Generator - Optimization,,Optimization trajectory - progress: 10.43%
465,0,Geological Prospecting_Entity,USA,2025-02-28,daily_state,ndc_balance,300.24,180.33,104.68,44.99,0.0069,index,simulated,Synthetic Generator - Optimization,,Optimization trajectory - progress: 10.91%
466,1,Mine Extraction_Entity,USA,2025-02-28,daily_state,ndc_balance,323.39,194.56,113.08,45.08,0.006,index,simulated,Synthetic Generator - Optimization,,Optimization trajectory - progress: 10.91%
467,2,Ore Processing_Entity,USA,2025-02-28,daily_state,ndc_balance,299.8,192.53,117.45,48.89,0.0087,index,simulated,Synthetic Generator - Optimization,,Optimization trajectory - progress: 10.91%
468,3,Doré Production_Entity,USA,2025-02-28,daily_state,ndc_balance,279.18,185.38,116.18,51.07,0.0114,index,simulated,Synthetic Generator - Optimization,,Optimization trajectory - progress: 10.91%
469,4,Refining_Entity,USA,2025-02-28,daily_state,ndc_balance,294.17,196.99,124.34,51.65,0.0106,index,simulated,Synthetic Generator - Optimization,,Optimization trajectory - progress: 10.91%
470,5,Bar Casting & Assay_Entity,USA,2025-02-28,daily_state,ndc_balance,302.25,180.23,104.09,44.6,0.0067,index,simulated,Synthetic Generator - Optimization,,Optimization trajectory - progress: 10.91%
471,6,Logistics & Vaulting_Entity,USA,2025-02-28,daily_state,ndc_balance,337.24,173.34,91.47,37.83,0.0037,index,simulated,Synthetic Generator - Optimization,,Optimization trajectory - progress: 10.91%
472,7,Exchange Registration_Entity,USA,2025-02-28,daily_state,ndc_balance,291.28,201.73,131.08,54.07,0.0125,index,simulated,Synthetic Generator - Optimization,,Optimization trajectory - progress: 10.91%
473,0,Geological Prospecting_Entity,USA,2025-03-01,daily_state,ndc_balance,299.85,198.25,123.8,50.78,0.0097,index,simulated,Synthetic Generator - Optimization,,Optimization trajectory - progress: 11.41%
474,1,Mine Extraction_Entity,USA,2025-03-01,daily_state,ndc_balance,307.1,187.99,110.61,46.04,0.007,index,simulated,Synthetic Generator - Optimization,,Optimization trajectory - progress: 11.41%
475,2,Ore Processing_Entity,USA,2025-03-01,daily_state,ndc_balance,300.65,182.96,107.2,45.71,0.0072,index,simulated,Synthetic Generator - Optimization,,Optimization trajectory - progress: 11.41%
476,3,Doré Production_Entity,USA,2025-03-01,daily_state,ndc_balance,290.51,170.8,97.7,43.86,0.007,index,simulated,Synthetic Generator - Optimization,,Optimization trajectory - progress: 11.41%
477,4,Refining_Entity,USA,2025-03-01,daily_state,ndc_balance,322.63,205.6,124.68,48.41,0.0073,index,simulated,Synthetic Generator - Optimization,,Optimization trajectory - progress: 11.41%
478,5,Bar Casting & Assay_Entity,USA,2025-03-01,daily_state,ndc_balance,289.99,196.43,125.19,52.45,0.0114,index,simulated,Synthetic Generator - Optimization,,Optimization trajectory - progress: 11.41%
479,6,Logistics & Vaulting_Entity,USA,2025-03-01,daily_state,ndc_balance,321.66,194.36,113.3,45.32,0.0062,index,simulated,Synthetic Generator - Optimization,,Optimization trajectory - progress: 11.41%
480,7,Exchange Registration_Entity,USA,2025-03-01,daily_state,ndc_balance,289.54,196.21,125.09,52.48,0.0115,index,simulated,Synthetic Generator - Optimization,,Optimization trajectory - progress: 11.41%
481,0,Geological Prospecting_Entity,USA,2025-03-02,daily_state,ndc_balance,275.48,192.61,126.21,54.79,0.0145,index,simulated,Synthetic Generator - Optimization,,Optimization trajectory - progress: 11.92%
482,1,Mine Extraction_Entity,USA,2025-03-02,daily_state,ndc_balance,301.78,198.76,123.74,50.52,0.0094,index,simulated,Synthetic Generator - Optimization,,Optimization trajectory - progress: 11.92%
483,2,Ore Processing_Entity,USA,2025-03-02,daily_state,ndc_balance,298.0,182.21,107.13,45.97,0.0075,index,simulated,Synthetic Generator - Optimization,,Optimization trajectory - progress: 11.92%
484,3,Doré Production_Entity,USA,2025-03-02,daily_state,ndc_balance,276.59,185.01,116.65,51.57,0.0119,index,simulated,Synthetic Generator - Optimization,,Optimization trajectory - progress: 11.92%
485,4,Refining_Entity,USA,2025-03-02,daily_state,ndc_balance,286.22,185.5,113.99,49.47,0.0098,index,simulated,Synthetic Generator - Optimization,,Optimization trajectory - progress: 11.92%
486,5,Bar Casting & Assay_Entity,USA,2025-03-02,daily_state,ndc_balance,296.27,214.13,144.67,57.44,0.0148,index,simulated,Synthetic Generator - Optimization,,Optimization trajectory - progress: 11.92%
487,6,Logistics & Vaulting_Entity,USA,2025-03-02,daily_state,ndc_balance,342.26,160.36,80.93,34.54,0.003,index,simulated,Synthetic Generator - Optimization,,Optimization trajectory - progress: 11.92%
488,7,Exchange Registration_Entity,USA,2025-03-02,daily_state,ndc_balance,291.56,198.06,126.54,52.66,0.0114,index,simulated,Synthetic Generator - Optimization,,Optimization trajectory - progress: 11.92%
489,0,Geological Prospecting_Entity,USA,2025-03-03,daily_state,ndc_balance,290.28,197.13,125.91,52.63,0.0115,index,simulated,Synthetic Generator - Optimization,,Optimization trajectory - progress: 12.46%
490,1,Mine Extraction_Entity,USA,2025-03-03,daily_state,ndc_balance,314.7,207.17,128.93,50.49,0.0086,index,simulated,Synthetic Generator - Optimization,,Optimization trajectory - progress: 12.46%
491,2,Ore Processing_Entity,USA,2025-03-03,daily_state,ndc_balance,300.01,206.6,133.57,53.65,0.0114,index,simulated,Synthetic Generator - Optimization,,Optimization trajectory - progress: 12.46%
492,3,Doré Production_Entity,USA,2025-03-03,daily_state,ndc_balance,282.73,173.38,102.16,46.14,0.0084,index,simulated,Synthetic Generator - Optimization,,Optimization trajectory - progress: 12.46%
493,4,Refining_Entity,USA,2025-03-03,daily_state,ndc_balance,320.55,175.1,95.6,40.35,0.0047,index,simulated,Synthetic Generator - Optimization,,Optimization trajectory - progress: 12.46%
494,5,Bar Casting & Assay_Entity,USA,2025-03-03,daily_state,ndc_balance,282.01,182.2,111.68,49.27,0.01,index,simulated,Synthetic Generator - Optimization,,Optimization trajectory - progress: 12.46%
495,6,Logistics & Vaulting_Entity,USA,2025-03-03,daily_state,ndc_balance,362.0,188.03,99.78,38.24,0.0033,index,simulated,Synthetic Generator - Optimization,,Optimization trajectory - progress: 12.46%
496,7,Exchange Registration_Entity,USA,2025-03-03,daily_state,ndc_balance,309.96,194.79,116.87,47.56,0.0075,index,simulated,Synthetic Generator - Optimization,,Optimization trajectory - progress: 12.46%
497,0,Geological Prospecting_Entity,USA,2025-03-04,daily_state,ndc_balance,317.76,192.14,112.07,45.36,0.0063,index,simulated,Synthetic Generator - Optimization,,Optimization trajectory - progress: 13.01%
498,1,Mine Extraction_Entity,USA,2025-03-04,daily_state,ndc_balance,321.97,200.25,119.22,46.95,0.0067,index,simulated,Synthetic Generator - Optimization,,Optimization trajectory - progress: 13.01%
499,2,Ore Processing_Entity,USA,2025-03-04,daily_state,ndc_balance,302.35,191.2,115.26,47.94,0.0081,index,simulated,Synthetic Generator - Optimization,,Optimization trajectory - progress: 13.01%
500,3,Doré Production_Entity,USA,2025-03-04,daily_state,ndc_balance,282.05,189.54,119.99,51.89,0.0117,index,simulated,Synthetic Generator - Optimization,,Optimization trajectory - progress: 13.01%
501,4,Refining_Entity,USA,2025-03-04,daily_state,ndc_balance,302.17,193.4,117.68,48.68,0.0084,index,simulated,Synthetic Generator - Optimization,,Optimization trajectory - progress: 13.01%
502,5,Bar Casting & Assay_Entity,USA,2025-03-04,daily_state,ndc_balance,304.24,159.18,84.8,38.54,0.0048,index,simulated,Synthetic Generator - Optimization,,Optimization trajectory - progress: 13.01%
503,6,Logistics & Vaulting_Entity,USA,2025-03-04,daily_state,ndc_balance,341.44,177.59,94.31,38.3,0.0037,index,simulated,Synthetic Generator - Optimization,,Optimization trajectory - progress: 13.01%
504,7,Exchange Registration_Entity,USA,2025-03-04,daily_state,ndc_balance,306.27,197.81,121.22,49.25,0.0085,index,simulated,Synthetic Generator - Optimization,,Optimization trajectory - progress: 13.01%
505,0,Geological Prospecting_Entity,USA,2025-03-05,daily_state,ndc_balance,295.29,198.69,125.91,51.98,0.0107,index,simulated,Synthetic Generator - Optimization,,Optimization trajectory - progress: 13.59%
506,1,Mine Extraction_Entity,USA,2025-03-05,daily_state,ndc_balance,326.76,195.83,113.5,44.87,0.0058,index,simulated,Synthetic Generator - Optimization,,Optimization trajectory - progress: 13.59%
507,2,Ore Processing_Entity,USA,2025-03-05,daily_state,ndc_balance,305.2,210.89,136.75,53.9,0.0112,index,simulated,Synthetic Generator - Optimization,,Optimization trajectory - progress: 13.59%
508,3,Doré Production_Entity,USA,2025-03-05,daily_state,ndc_balance,262.65,176.93,112.23,52.06,0.0136,index,simulated,Synthetic Generator - Optimization,,Optimization trajectory - progress: 13.59%
509,4,Refining_Entity,USA,2025-03-05,daily_state,ndc_balance,312.86,205.03,127.12,50.19,0.0086,index,simulated,Synthetic Generator - Optimization,,Optimization trajectory - progress: 13.59%
510,5,Bar Casting & Assay_Entity,USA,2025-03-05,daily_state,ndc_balance,294.11,184.75,110.81,47.54,0.0084,index,simulated,Synthetic Generator - Optimization,,Optimization trajectory - progress: 13.59%
511,6,Logistics & Vaulting_Entity,USA,2025-03-05,daily_state,ndc_balance,326.92,164.96,86.22,37.13,0.0038,index,simulated,Synthetic Generator - Optimization,,Optimization trajectory - progress: 13.59%
512,7,Exchange Registration_Entity,USA,2025-03-05,daily_state,ndc_balance,310.05,192.55,114.5,46.86,0.0072,index,simulated,Synthetic Generator - Optimization,,Optimization trajectory - progress: 13.59%
513,0,Geological Prospecting_Entity,USA,2025-03-06,daily_state,ndc_balance,293.92,181.68,107.67,46.59,0.0079,index,simulated,Synthetic Generator - Optimization,,Optimization trajectory - progress: 14.19%
514,1,Mine Extraction_Entity,USA,2025-03-06,daily_state,ndc_balance,319.92,193.83,113.22,45.46,0.0063,index,simulated,Synthetic Generator - Optimization,,Optimization trajectory - progress: 14.19%
515,2,Ore Processing_Entity,USA,2025-03-06,daily_state,ndc_balance,301.22,177.67,101.86,44.03,0.0065,index,simulated,Synthetic Generator - Optimization,,Optimization trajectory - progress: 14.19%
516,3,Doré Production_Entity,USA,2025-03-06,daily_state,ndc_balance,267.48,184.3,119.2,53.69,0.0144,index,simulated,Synthetic Generator - Optimization,,Optimization trajectory - progress: 14.19%
517,4,Refining_Entity,USA,2025-03-06,daily_state,ndc_balance,284.66,215.55,152.44,61.54,0.0209,index,simulated,Synthetic Generator - Optimization,,Optimization trajectory - progress: 14.19%
518,5,Bar Casting & Assay_Entity,USA,2025-03-06,daily_state,ndc_balance,268.0,181.64,115.82,52.49,0.0134,index,simulated,Synthetic Generator - Optimization,,Optimization trajectory - progress: 14.19%
519,6,Logistics & Vaulting_Entity,USA,2025-03-06,daily_state,ndc_balance,335.27,167.7,87.26,36.8,0.0036,index,simulated,Synthetic Generator - Optimization,,Optimization trajectory - progress: 14.19%
520,7,Exchange Registration_Entity,USA,2025-03-06,daily_state,ndc_balance,283.28,189.64,119.66,51.63,0.0114,index,simulated,Synthetic Generator - Optimization,,Optimization trajectory - progress: 14.19%
521,0,Geological Prospecting_Entity,USA,2025-03-07,daily_state,ndc_balance,282.69,186.76,116.55,50.73,0.0109,index,simulated,Synthetic Generator - Optimization,,Optimization trajectory - progress: 14.80%
522,1,Mine Extraction_Entity,USA,2025-03-07,daily_state,ndc_balance,330.64,200.4,117.08,45.49,0.0059,index,simulated,Synthetic Generator - Optimization,,Optimization trajectory - progress: 14.80%
523,2,Ore Processing_Entity,USA,2025-03-07,daily_state,ndc_balance,313.69,199.99,121.32,48.44,0.0077,index,simulated,Synthetic Generator - Optimization,,Optimization trajectory - progress: 14.80%
524,3,Doré Production_Entity,USA,2025-03-07,daily_state,ndc_balance,294.48,156.62,84.21,39.21,0.0053,index,simulated,Synthetic Generator - Optimization,,Optimization trajectory - progress: 14.80%
525,4,Refining_Entity,USA,2025-03-07,daily_state,ndc_balance,294.55,207.99,137.51,55.56,0.0133,index,simulated,Synthetic Generator - Optimization,,Optimization trajectory - progress: 14.80%
526,5,Bar Casting & Assay_Entity,USA,2025-03-07,daily_state,ndc_balance,282.62,207.69,142.57,58.85,0.0178,index,simulated,Synthetic Generator - Optimization,,Optimization trajectory - progress: 14.80%
527,6,Logistics & Vaulting_Entity,USA,2025-03-07,daily_state,ndc_balance,349.29,167.15,85.16,35.24,0.003,index,simulated,Synthetic Generator - Optimization,,Optimization trajectory - progress: 14.80%
528,7,Exchange Registration_Entity,USA,2025-03-07,daily_state,ndc_balance,289.05,189.49,117.52,50.21,0.0101,index,simulated,Synthetic Generator - Optimization,,Optimization trajectory - progress: 14.80%
529,0,Geological Prospecting_Entity,USA,2025-03-08,daily_state,ndc_balance,285.98,177.71,105.73,46.9,0.0085,index,simulated,Synthetic Generator - Optimization,,Optimization trajectory - progress: 15.45%
530,1,Mine Extraction_Entity,USA,2025-03-08,daily_state,ndc_balance,315.02,185.48,106.2,43.94,0.006,index,simulated,Synthetic Generator - Optimization,,Optimization trajectory - progress: 15.45%
531,2,Ore Processing_Entity,USA,2025-03-08,daily_state,ndc_balance,307.54,201.63,125.06,50.22,0.0089,index,simulated,Synthetic Generator - Optimization,,Optimization trajectory - progress: 15.45%
532,3,Doré Production_Entity,USA,2025-03-08,daily_state,ndc_balance,266.44,200.54,140.95,60.98,0.023,index,simulated,Synthetic Generator - Optimization,,Optimization trajectory - progress: 15.45%
533,4,Refining_Entity,USA,2025-03-08,daily_state,ndc_balance,302.41,202.85,128.21,51.76,0.0101,index,simulated,Synthetic Generator - Optimization,,Optimization trajectory - progress: 15.45%
534,5,Bar Casting & Assay_Entity,USA,2025-03-08,daily_state,ndc_balance,280.46,196.73,129.28,55.04,0.0142,index,simulated,Synthetic Generator - Optimization,,Optimization trajectory - progress: 15.45%
535,6,Logistics & Vaulting_Entity,USA,2025-03-08,daily_state,ndc_balance,345.05,171.37,88.86,36.54,0.0033,index,simulated,Synthetic Generator - Optimization,,Optimization trajectory - progress: 15.45%
536,7,Exchange Registration_Entity,USA,2025-03-08,daily_state,ndc_balance,313.84,200.48,121.8,48.56,0.0078,index,simulated,Synthetic Generator - Optimization,,Optimization trajectory - progress: 15.45%
537,0,Geological Prospecting_Entity,USA,2025-03-09,daily_state,ndc_balance,303.35,193.4,117.32,48.44,0.0083,index,simulated,Synthetic Generator - Optimization,,Optimization trajectory - progress: 16.11%
538,1,Mine Extraction_Entity,USA,2025-03-09,daily_state,ndc_balance,316.19,183.76,104.3,43.27,0.0057,index,simulated,Synthetic Generator - Optimization,,Optimization trajectory - progress: 16.11%
539,2,Ore Processing_Entity,USA,2025-03-09,daily_state,ndc_balance,304.85,188.44,111.68,46.59,0.0074,index,simulated,Synthetic Generator - Optimization,,Optimization trajectory - progress: 16.11%
540,3,Doré Production_Entity,USA,2025-03-09,daily_state,ndc_balance,274.29,202.91,140.2,59.43,0.0196,index,simulated,Synthetic Generator - Optimization,,Optimization trajectory - progress: 16.11%
541,4,Refining_Entity,USA,2025-03-09,daily_state,ndc_balance,294.81,185.76,111.68,47.72,0.0084,index,simulated,Synthetic Generator - Optimization,,Optimization trajectory - progress: 16.11%
542,5,Bar Casting & Assay_Entity,USA,2025-03-09,daily_state,ndc_balance,284.16,177.95,106.48,47.35,0.0089,index,simulated,Synthetic Generator - Optimization,,Optimization trajectory - progress: 16.11%
543,6,Logistics & Vaulting_Entity,USA,2025-03-09,daily_state,ndc_balance,347.42,165.93,84.46,35.18,0.003,index,simulated,Synthetic Generator - Optimization,,Optimization trajectory - progress: 16.11%
544,7,Exchange Registration_Entity,USA,2025-03-09,daily_state,ndc_balance,298.85,214.03,143.37,56.69,0.0139,index,simulated,Synthetic Generator - Optimization,,Optimization trajectory - progress: 16.11%
545,0,Geological Prospecting_Entity,USA,2025-03-10,daily_state,ndc_balance,286.6,196.24,126.23,53.23,0.0122,index,simulated,Synthetic Generator - Optimization,,Optimization trajectory - progress: 16.80%
546,1,Mine Extraction_Entity,USA,2025-03-10,daily_state,ndc_balance,299.62,225.38,158.31,60.92,0.0181,index,simulated,Synthetic Generator - Optimization,,Optimization trajectory - progress: 16.80%
547,2,Ore Processing_Entity,USA,2025-03-10,daily_state,ndc_balance,310.12,194.33,116.34,47.39,0.0075,index,simulated,Synthetic Generator - Optimization,,Optimization trajectory - progress: 16.80%
548,3,Doré Production_Entity,USA,2025-03-10,daily_state,ndc_balance,274.71,184.78,117.06,51.96,0.0123,index,simulated,Synthetic Generator - Optimization,,Optimization trajectory - progress: 16.80%
549,4,Refining_Entity,USA,2025-03-10,daily_state,ndc_balance,293.2,215.78,148.34,58.97,0.0167,index,simulated,Synthetic Generator - Optimization,,Optimization trajectory - progress: 16.80%
550,5,Bar Casting & Assay_Entity,USA,2025-03-10,daily_state,ndc_balance,275.19,192.77,126.53,54.94,0.0147,index,simulated,Synthetic Generator - Optimization,,Optimization trajectory - progress: 16.80%
551,6,Logistics & Vaulting_Entity,USA,2025-03-10,daily_state,ndc_balance,332.18,172.26,91.33,38.18,0.0039,index,simulated,Synthetic Generator - Optimization,,Optimization trajectory - progress: 16.80%
552,7,Exchange Registration_Entity,USA,2025-03-10,daily_state,ndc_balance,292.19,199.76,128.32,53.12,0.0117,index,simulated,Synthetic Generator - Optimization,,Optimization trajectory - progress: 16.80%
553,0,Geological Prospecting_Entity,USA,2025-03-11,daily_state,ndc_balance,299.98,197.47,122.88,50.49,0.0095,index,simulated,Synthetic Generator - Optimization,,Optimization trajectory - progress: 17.51%
554,1,Mine Extraction_Entity,USA,2025-03-11,daily_state,ndc_balance,313.68,171.04,93.29,40.27,0.0049,index,simulated,Synthetic Generator - Optimization,,Optimization trajectory - progress: 17.51%
555,2,Ore Processing_Entity,USA,2025-03-11,daily_state,ndc_balance,303.37,180.17,103.78,44.39,0.0066,index,simulated,Synthetic Generator - Optimization,,Optimization trajectory - progress: 17.51%
556,3,Doré Production_Entity,USA,2025-03-11,daily_state,ndc_balance,288.58,201.13,131.41,54.55,0.0131,index,simulated,Synthetic Generator - Optimization,,Optimization trajectory - progress: 17.51%
557,4,Refining_Entity,USA,2025-03-11,daily_state,ndc_balance,286.98,194.11,123.56,52.35,0.0116,index,simulated,Synthetic Generator - Optimization,,Optimization trajectory - progress: 17.51%
558,5,Bar Casting & Assay_Entity,USA,2025-03-11,daily_state,ndc_balance,281.13,204.26,138.69,57.88,0.0169,index,simulated,Synthetic Generator - Optimization,,Optimization trajectory - progress: 17.51%
559,6,Logistics & Vaulting_Entity,USA,2025-03-11,daily_state,ndc_balance,332.57,191.29,107.85,42.76,0.005,index,simulated,Synthetic Generator - Optimization,,Optimization trajectory - progress: 17.51%
560,7,Exchange Registration_Entity,USA,2025-03-11,daily_state,ndc_balance,297.13,203.81,131.3,53.36,0.0115,index,simulated,Synthetic Generator - Optimization,,Optimization trajectory - progress: 17.51%
561,0,Geological Prospecting_Entity,USA,2025-03-12,daily_state,ndc_balance,291.56,200.04,128.9,53.38,0.0119,index,simulated,Synthetic Generator - Optimization,,Optimization trajectory - progress: 18.24%
562,1,Mine Extraction_Entity,USA,2025-03-12,daily_state,ndc_balance,291.68,202.71,132.12,54.33,0.0126,index,simulated,Synthetic Generator - Optimization,,Optimization trajectory - progress: 18.24%
563,2,Ore Processing_Entity,USA,2025-03-12,daily_state,ndc_balance,299.27,204.48,131.29,53.07,0.0111,index,simulated,Synthetic Generator - Optimization,,Optimization trajectory - progress: 18.24%
564,3,Doré Production_Entity,USA,2025-03-12,daily_state,ndc_balance,279.91,176.47,106.13,47.75,0.0093,index,simulated,Synthetic Generator - Optimization,,Optimization trajectory - progress: 18.24%
565,4,Refining_Entity,USA,2025-03-12,daily_state,ndc_balance,295.95,186.39,112.02,47.69,0.0083,index,simulated,Synthetic Generator - Optimization,,Optimization trajectory - progress: 18.24%
566,5,Bar Casting & Assay_Entity,USA,2025-03-12,daily_state,ndc_balance,267.54,199.68,139.17,60.21,0.0217,index,simulated,Synthetic Generator - Optimization,,Optimization trajectory - progress: 18.24%
567,6,Logistics & Vaulting_Entity,USA,2025-03-12,daily_state,ndc_balance,336.64,179.26,96.44,39.26,0.004,index,simulated,Synthetic Generator - Optimization,,Optimization trajectory - progress: 18.24%
568,7,Exchange Registration_Entity,USA,2025-03-12,daily_state,ndc_balance,305.73,195.21,118.55,48.53,0.0082,index,simulated,Synthetic Generator - Optimization,,Optimization trajectory - progress: 18.24%
569,0,Geological Prospecting_Entity,USA,2025-03-13,daily_state,ndc_balance,276.19,191.65,124.74,54.22,0.014,index,simulated,Synthetic Generator - Optimization,,Optimization trajectory - progress: 19.00%
570,1,Mine Extraction_Entity,USA,2025-03-13,daily_state,ndc_balance,305.12,193.93,117.36,48.25,0.0081,index,simulated,Synthetic Generator - Optimization,,Optimization trajectory - progress: 19.00%
571,2,Ore Processing_Entity,USA,2025-03-13,daily_state,ndc_balance,298.75,191.61,116.78,48.81,0.0087,index,simulated,Synthetic Generator - Optimization,,Optimization trajectory - progress: 19.00%
572,3,Doré Production_Entity,USA,2025-03-13,daily_state,ndc_balance,263.09,182.94,119.28,54.37,0.0155,index,simulated,Synthetic Generator - Optimization,,Optimization trajectory - progress: 19.00%
573,4,Refining_Entity,USA,2025-03-13,daily_state,ndc_balance,284.14,200.05,131.91,55.33,0.0141,index,simulated,Synthetic Generator - Optimization,,Optimization trajectory - progress: 19.00%
574,5,Bar Casting & Assay_Entity,USA,2025-03-13,daily_state,ndc_balance,279.89,204.04,138.98,58.16,0.0173,index,simulated,Synthetic Generator - Optimization,,Optimization trajectory - progress: 19.00%
575,6,Logistics & Vaulting_Entity,USA,2025-03-13,daily_state,ndc_balance,346.09,181.99,97.23,38.74,0.0037,index,simulated,Synthetic Generator - Optimization,,Optimization trajectory - progress: 19.00%
576,7,Exchange Registration_Entity,USA,2025-03-13,daily_state,ndc_balance,276.89,217.4,159.65,65.07,0.0282,index,simulated,Synthetic Generator - Optimization,,Optimization trajectory - progress: 19.00%
577,0,Geological Prospecting_Entity,USA,2025-03-14,daily_state,ndc_balance,305.87,193.05,116.2,47.82,0.0079,index,simulated,Synthetic Generator - Optimization,,Optimization trajectory - progress: 19.78%
578,1,Mine Extraction_Entity,USA,2025-03-14,daily_state,ndc_balance,321.36,197.34,116.39,46.22,0.0065,index,simulated,Synthetic Generator - Optimization,,Optimization trajectory - progress: 19.78%
579,2,Ore Processing_Entity,USA,2025-03-14,daily_state,ndc_balance,280.46,190.65,121.88,52.71,0.0124,index,simulated,Synthetic Generator - Optimization,,Optimization trajectory - progress: 19.78%
580,3,Doré Production_Entity,USA,2025-03-14,daily_state,ndc_balance,298.39,172.95,97.99,43.14,0.0064,index,simulated,Synthetic Generator - Optimization,,Optimization trajectory - progress: 19.78%
581,4,Refining_Entity,USA,2025-03-14,daily_state,ndc_balance,295.1,198.6,125.87,51.99,0.0107,index,simulated,Synthetic Generator - Optimization,,Optimization trajectory - progress: 19.78%
582,5,Bar Casting & Assay_Entity,USA,2025-03-14,daily_state,ndc_balance,280.97,189.02,119.76,51.97,0.0118,index,simulated,Synthetic Generator - Optimization,,Optimization trajectory - progress: 19.78%
583,6,Logistics & Vaulting_Entity,USA,2025-03-14,daily_state,ndc_balance,329.95,170.2,89.99,37.97,0.0039,index,simulated,Synthetic Generator - Optimization,,Optimization trajectory - progress: 19.78%
584,7,Exchange Registration_Entity,USA,2025-03-14,daily_state,ndc_balance,277.87,205.01,141.27,59.19,0.0188,index,simulated,Synthetic Generator - Optimization,,Optimization trajectory - progress: 19.78%
585,0,Geological Prospecting_Entity,USA,2025-03-15,daily_state,ndc_balance,300.44,202.08,128.02,51.96,0.0103,index,simulated,Synthetic Generator - Optimization,,Optimization trajectory - progress: 20.59%
586,1,Mine Extraction_Entity,USA,2025-03-15,daily_state,ndc_balance,299.55,190.87,115.74,48.4,0.0085,index,simulated,Synthetic Generator - Optimization,,Optimization trajectory - progress: 20.59%
587,2,Ore Processing_Entity,USA,2025-03-15,daily_state,ndc_balance,295.84,214.47,145.32,57.69,0.0151,index,simulated,Synthetic Generator - Optimization,,Optimization trajectory - progress: 20.59%
588,3,Doré Production_Entity,USA,2025-03-15,daily_state,ndc_balance,287.19,195.42,125.03,52.78,0.0119,index,simulated,Synthetic Generator - Optimization,,Optimization trajectory - progress: 20.59%
589,4,Refining_Entity,USA,2025-03-15,daily_state,ndc_balance,303.61,203.0,127.96,51.54,0.0099,index,simulated,Synthetic Generator - Optimization,,Optimization trajectory - progress: 20.59%
590,5,Bar Casting & Assay_Entity,USA,2025-03-15,daily_state,ndc_balance,286.94,200.62,131.46,54.79,0.0134,index,simulated,Synthetic Generator - Optimization,,Optimization trajectory - progress: 20.59%
591,6,Logistics & Vaulting_Entity,USA,2025-03-15,daily_state,ndc_balance,322.92,162.32,84.68,36.99,0.0039,index,simulated,Synthetic Generator - Optimization,,Optimization trajectory - progress: 20.59%
592,7,Exchange Registration_Entity,USA,2025-03-15,daily_state,ndc_balance,299.0,215.76,145.55,57.31,0.0144,index,simulated,Synthetic Generator - Optimization,,Optimization trajectory - progress: 20.59%
593,0,Geological Prospecting_Entity,USA,2025-03-16,daily_state,ndc_balance,278.11,202.14,137.3,57.91,0.0173,index,simulated,Synthetic Generator - Optimization,,Optimization trajectory - progress: 21.42%
594,1,Mine Extraction_Entity,USA,2025-03-16,daily_state,ndc_balance,323.96,203.9,122.48,47.65,0.0069,index,simulated,Synthetic Generator - Optimization,,Optimization trajectory - progress: 21.42%
595,2,Ore Processing_Entity,USA,2025-03-16,daily_state,ndc_balance,290.04,200.58,130.15,53.96,0.0125,index,simulated,Synthetic Generator - Optimization,,Optimization trajectory - progress: 21.42%
596,3,Doré Production_Entity,USA,2025-03-16,daily_state,ndc_balance,274.86,182.75,114.66,51.16,0.0118,index,simulated,Synthetic Generator - Optimization,,Optimization trajectory - progress: 21.42%
597,4,Refining_Entity,USA,2025-03-16,daily_state,ndc_balance,298.62,183.31,108.08,46.2,0.0075,index,simulated,Synthetic Generator - Optimization,,Optimization trajectory - progress: 21.42%
598,5,Bar Casting & Assay_Entity,USA,2025-03-16,daily_state,ndc_balance,270.92,194.76,130.91,56.99,0.0172,index,simulated,Synthetic Generator - Optimization,,Optimization trajectory - progress: 21.42%
599,6,Logistics & Vaulting_Entity,USA,2025-03-16,daily_state,ndc_balance,327.29,180.57,99.18,40.8,0.0046,index,simulated,Synthetic Generator - Optimization,,Optimization trajectory - progress: 21.42%
600,7,Exchange Registration_Entity,USA,2025-03-16,daily_state,ndc_balance,310.19,204.97,127.94,50.74,0.009,index,simulated,Synthetic Generator - Optimization,,Optimization trajectory - progress: 21.42%
601,0,Geological Prospecting_Entity,USA,2025-03-17,daily_state,ndc_balance,294.85,184.72,110.57,47.38,0.0082,index,simulated,Synthetic Generator - Optimization,,Optimization trajectory - progress: 22.27%
602,1,Mine Extraction_Entity,USA,2025-03-17,daily_state,ndc_balance,314.32,199.21,120.3,48.07,0.0075,index,simulated,Synthetic Generator - Optimization,,Optimization trajectory - progress: 22.27%
603,2,Ore Processing_Entity,USA,2025-03-17,daily_state,ndc_balance,298.47,198.83,124.95,51.29,0.0101,index,simulated,Synthetic Generator - Optimization,,Optimization trajectory - progress: 22.27%
604,3,Doré Production_Entity,USA,2025-03-17,daily_state,ndc_balance,290.31,176.38,103.22,45.62,0.0077,index,simulated,Synthetic Generator - Optimization,,Optimization trajectory - progress: 22.27%
605,4,Refining_Entity,USA,2025-03-17,daily_state,ndc_balance,271.03,197.79,134.86,58.25,0.0186,index,simulated,Synthetic Generator - Optimization,,Optimization trajectory - progress: 22.27%
606,5,Bar Casting & Assay_Entity,USA,2025-03-17,daily_state,ndc_balance,289.66,196.67,125.59,52.62,0.0115,index,simulated,Synthetic Generator - Optimization,,Optimization trajectory - progress: 22.27%
607,6,Logistics & Vaulting_Entity,USA,2025-03-17,daily_state,ndc_balance,338.94,182.19,98.54,39.66,0.0041,index,simulated,Synthetic Generator - Optimization,,Optimization trajectory - progress: 22.27%
608,7,Exchange Registration_Entity,USA,2025-03-17,daily_state,ndc_balance,285.45,181.22,109.57,48.18,0.0092,index,simulated,Synthetic Generator - Optimization,,Optimization trajectory - progress: 22.27%
609,0,Geological Prospecting_Entity,USA,2025-03-18,daily_state,ndc_balance,286.05,205.33,137.82,56.87,0.0153,index,simulated,Synthetic Generator - Optimization,,Optimization trajectory - progress: 23.15%
610,1,Mine Extraction_Entity,USA,2025-03-18,daily_state,ndc_balance,302.19,205.33,131.21,52.67,0.0106,index,simulated,Synthetic Generator - Optimization,,Optimization trajectory - progress: 23.15%
611,2,Ore Processing_Entity,USA,2025-03-18,daily_state,ndc_balance,301.48,190.36,114.62,47.85,0.0081,index,simulated,Synthetic Generator - Optimization,,Optimization trajectory - progress: 23.15%
612,3,Doré Production_Entity,USA,2025-03-18,daily_state,ndc_balance,285.82,206.42,139.36,57.37,0.0158,index,simulated,Synthetic Generator - Optimization,,Optimization trajectory - progress: 23.15%
613,4,Refining_Entity,USA,2025-03-18,daily_state,ndc_balance,291.7,189.22,116.36,49.53,0.0095,index,simulated,Synthetic Generator - Optimization,,Optimization trajectory - progress: 23.15%
614,5,Bar Casting & Assay_Entity,USA,2025-03-18,daily_state,ndc_balance,283.92,173.5,101.96,45.94,0.0082,index,simulated,Synthetic Generator - Optimization,,Optimization trajectory - progress: 23.15%
615,6,Logistics & Vaulting_Entity,USA,2025-03-18,daily_state,ndc_balance,329.06,183.04,101.04,41.17,0.0047,index,simulated,Synthetic Generator - Optimization,,Optimization trajectory - progress: 23.15%
616,7,Exchange Registration_Entity,USA,2025-03-18,daily_state,ndc_balance,307.5,203.11,126.74,50.71,0.0092,index,simulated,Synthetic Generator - Optimization,,Optimization trajectory - progress: 23.15%
617,0,Geological Prospecting_Entity,USA,2025-03-19,daily_state,ndc_balance,292.06,187.02,113.84,48.71,0.0091,index,simulated,Synthetic Generator - Optimization,,Optimization trajectory - progress: 24.05%
618,1,Mine Extraction_Entity,USA,2025-03-19,daily_state,ndc_balance,302.01,190.38,114.49,47.75,0.008,index,simulated,Synthetic Generator - Optimization,,Optimization trajectory - progress: 24.05%
619,2,Ore Processing_Entity,USA,2025-03-19,daily_state,ndc_balance,294.83,198.06,125.34,51.87,0.0107,index,simulated,Synthetic Generator - Optimization,,Optimization trajectory - progress: 24.05%
620,3,Doré Production_Entity,USA,2025-03-19,daily_state,ndc_balance,282.17,184.4,114.07,50.01,0.0104,index,simulated,Synthetic Generator - Optimization,,Optimization trajectory - progress: 24.05%
621,4,Refining_Entity,USA,2025-03-19,daily_state,ndc_balance,293.81,197.78,125.38,52.01,0.0108,index,simulated,Synthetic Generator - Optimization,,Optimization trajectory - progress: 24.05%
622,5,Bar Casting & Assay_Entity,USA,2025-03-19,daily_state,ndc_balance,280.86,197.16,129.65,55.1,0.0143,index,simulated,Synthetic Generator - Optimization,,Optimization trajectory - progress: 24.05%
623,6,Logistics & Vaulting_Entity,USA,2025-03-19,daily_state,ndc_balance,325.15,186.85,105.28,42.71,0.0052,index,simulated,Synthetic Generator - Optimization,,Optimization trajectory - progress: 24.05%
624,7,Exchange Registration_Entity,USA,2025-03-19,daily_state,ndc_balance,289.17,202.13,132.42,54.77,0.0132,index,simulated,Synthetic Generator - Optimization,,Optimization trajectory - progress: 24.05%
625,0,Geological Prospecting_Entity,USA,2025-03-20,daily_state,ndc_balance,285.7,189.09,118.18,50.85,0.0107,index,simulated,Synthetic Generator - Optimization,,Optimization trajectory - progress: 24.97%
626,1,Mine Extraction_Entity,USA,2025-03-20,daily_state,ndc_balance,301.42,226.54,159.0,60.85,0.0178,index,simulated,Synthetic Generator - Optimization,,Optimization trajectory - progress: 24.97%
627,2,Ore Processing_Entity,USA,2025-03-20,daily_state,ndc_balance,287.14,198.95,129.31,54.1,0.0128,index,simulated,Synthetic Generator - Optimization,,Optimization trajectory - progress: 24.97%
628,3,Doré Production_Entity,USA,2025-03-20,daily_state,ndc_balance,274.89,188.76,121.73,53.44,0.0135,index,simulated,Synthetic Generator - Optimization,,Optimization trajectory - progress: 24.97%
629,4,Refining_Entity,USA,2025-03-20,daily_state,ndc_balance,289.2,204.52,135.41,55.68,0.0139,index,simulated,Synthetic Generator - Optimization,,Optimization trajectory - progress: 24.97%
630,5,Bar Casting & Assay_Entity,USA,2025-03-20,daily_state,ndc_balance,266.66,207.35,150.72,64.09,0.0284,index,simulated,Synthetic Generator - Optimization,,Optimization trajectory - progress: 24.97%
631,6,Logistics & Vaulting_Entity,USA,2025-03-20,daily_state,ndc_balance,330.1,167.55,87.84,37.35,0.0038,index,simulated,Synthetic Generator - Optimization,,Optimization trajectory - progress: 24.97%
632,7,Exchange Registration_Entity,USA,2025-03-20,daily_state,ndc_balance,267.32,196.46,134.87,58.85,0.0199,index,simulated,Synthetic Generator - Optimization,,Optimization trajectory - progress: 24.97%
633,0,Geological Prospecting_Entity,USA,2025-03-21,daily_state,ndc_balance,284.61,222.65,162.87,64.7,0.026,index,simulated,Synthetic Generator - Optimization,,Optimization trajectory - progress: 25.92%
634,1,Mine Extraction_Entity,USA,2025-03-21,daily_state,ndc_balance,309.88,188.77,110.69,45.77,0.0068,index,simulated,Synthetic Generator - Optimization,,Optimization trajectory - progress: 25.92%
635,2,Ore Processing_Entity,USA,2025-03-21,daily_state,ndc_balance,288.85,201.84,132.19,54.75,0.0132,index,simulated,Synthetic Generator - Optimization,,Optimization trajectory - progress: 25.92%
636,3,Doré Production_Entity,USA,2025-03-21,daily_state,ndc_balance,280.87,178.7,108.23,48.31,0.0096,index,simulated,Synthetic Generator - Optimization,,Optimization trajectory - progress: 25.92%
637,4,Refining_Entity,USA,2025-03-21,daily_state,ndc_balance,290.69,195.19,123.48,51.84,0.011,index,simulated,Synthetic Generator - Optimization,,Optimization trajectory - progress: 25.92%
638,5,Bar Casting & Assay_Entity,USA,2025-03-21,daily_state,ndc_balance,272.3,200.22,137.52,58.9,0.0192,index,simulated,Synthetic Generator - Optimization,,Optimization trajectory - progress: 25.92%
639,6,Logistics & Vaulting_Entity,USA,2025-03-21,daily_state,ndc_balance,330.52,189.15,106.29,42.51,0.005,index,simulated,Synthetic Generator - Optimization,,Optimization trajectory - progress: 25.92%
640,7,Exchange Registration_Entity,USA,2025-03-21,daily_state,ndc_balance,295.37,201.88,129.65,53.1,0.0114,index,simulated,Synthetic Generator - Optimization,,Optimization trajectory - progress: 25.92%
641,0,Geological Prospecting_Entity,USA,2025-03-22,daily_state,ndc_balance,293.7,200.57,128.73,53.04,0.0115,index,simulated,Synthetic Generator - Optimization,,Optimization trajectory - progress: 26.89%
642,1,Mine Extraction_Entity,USA,2025-03-22,daily_state,ndc_balance,305.2,201.36,125.54,50.64,0.0093,index,simulated,Synthetic Generator - Optimization,,Optimization trajectory - progress: 26.89%
643,2,Ore Processing_Entity,USA,2025-03-22,daily_state,ndc_balance,290.24,203.76,134.01,55.1,0.0134,index,simulated,Synthetic Generator - Optimization,,Optimization trajectory - progress: 26.89%
644,3,Doré Production_Entity,USA,2025-03-22,daily_state,ndc_balance,302.3,195.49,119.92,49.33,0.0088,index,simulated,Synthetic Generator - Optimization,,Optimization trajectory - progress: 26.89%
645,4,Refining_Entity,USA,2025-03-22,daily_state,ndc_balance,285.44,194.7,124.82,52.95,0.0121,index,simulated,Synthetic Generator - Optimization,,Optimization trajectory - progress: 26.89%
646,5,Bar Casting & Assay_Entity,USA,2025-03-22,daily_state,ndc_balance,277.98,220.06,163.04,65.92,0.0297,index,simulated,Synthetic Generator - Optimization,,Optimization trajectory - progress: 26.89%
647,6,Logistics & Vaulting_Entity,USA,2025-03-22,daily_state,ndc_balance,317.77,190.58,110.52,44.91,0.0062,index,simulated,Synthetic Generator - Optimization,,Optimization trajectory - progress: 26.89%
648,7,Exchange Registration_Entity,USA,2025-03-22,daily_state,ndc_balance,285.48,210.09,144.42,58.97,0.0176,index,simulated,Synthetic Generator - Optimization,,Optimization trajectory - progress: 26.89%
649,0,Geological Prospecting_Entity,USA,2025-03-23,daily_state,ndc_balance,293.97,192.41,119.17,50.11,0.0097,index,simulated,Synthetic Generator - Optimization,,Optimization trajectory - progress: 27.89%
650,1,Mine Extraction_Entity,USA,2025-03-23,daily_state,ndc_balance,296.86,224.72,158.86,61.51,0.0192,index,simulated,Synthetic Generator - Optimization,,Optimization trajectory - progress: 27.89%
651,2,Ore Processing_Entity,USA,2025-03-23,daily_state,ndc_balance,304.51,211.59,137.88,54.32,0.0116,index,simulated,Synthetic Generator - Optimization,,Optimization trajectory - progress: 27.89%
652,3,Doré Production_Entity,USA,2025-03-23,daily_state,ndc_balance,285.32,197.72,128.54,54.12,0.013,index,simulated,Synthetic Generator - Optimization,,Optimization trajectory - progress: 27.89%
653,4,Refining_Entity,USA,2025-03-23,daily_state,ndc_balance,311.23,204.12,126.64,50.24,0.0087,index,simulated,Synthetic Generator - Optimization,,Optimization trajectory - progress: 27.89%
654,5,Bar Casting & Assay_Entity,USA,2025-03-23,daily_state,ndc_balance,288.22,184.46,112.23,48.67,0.0093,index,simulated,Synthetic Generator - Optimization,,Optimization trajectory - progress: 27.89%
655,6,Logistics & Vaulting_Entity,USA,2025-03-23,daily_state,ndc_balance,312.47,170.3,92.86,40.25,0.0049,index,simulated,Synthetic Generator - Optimization,,Optimization trajectory - progress: 27.89%
656,7,Exchange Registration_Entity,USA,2025-03-23,daily_state,ndc_balance,301.59,182.6,106.6,45.43,0.0071,index,simulated,Synthetic Generator - Optimization,,Optimization trajectory - progress: 27.89%
657,0,Geological Prospecting_Entity,USA,2025-03-24,daily_state,ndc_balance,281.52,168.85,97.92,44.91,0.0079,index,simulated,Synthetic Generator - Optimization,,Optimization trajectory - progress: 28.91%
658,1,Mine Extraction_Entity,USA,2025-03-24,daily_state,ndc_balance,294.34,203.88,132.48,54.08,0.0122,index,simulated,Synthetic Generator - Optimization,,Optimization trajectory - progress: 28.91%
659,2,Ore Processing_Entity,USA,2025-03-24,daily_state,ndc_balance,307.95,208.33,132.63,52.36,0.0101,index,simulated,Synthetic Generator - Optimization,,Optimization trajectory - progress: 28.91%
660,3,Doré Production_Entity,USA,2025-03-24,daily_state,ndc_balance,268.66,204.45,145.31,62.0,0.0242,index,simulated,Synthetic Generator - Optimization,,Optimization trajectory - progress: 28.91%
661,4,Refining_Entity,USA,2025-03-24,daily_state,ndc_balance,290.73,204.74,135.04,55.35,0.0135,index,simulated,Synthetic Generator - Optimization,,Optimization trajectory - progress: 28.91%
662,5,Bar Casting & Assay_Entity,USA,2025-03-24,daily_state,ndc_balance,269.97,189.76,124.93,55.2,0.0155,index,simulated,Synthetic Generator - Optimization,,Optimization trajectory - progress: 28.91%
663,6,Logistics & Vaulting_Entity,USA,2025-03-24,daily_state,ndc_balance,311.4,183.59,105.22,44.0,0.0061,index,simulated,Synthetic Generator - Optimization,,Optimization trajectory - progress: 28.91%
664,7,Exchange Registration_Entity,USA,2025-03-24,daily_state,ndc_balance,289.22,224.23,162.47,63.8,0.0236,index,simulated,Synthetic Generator - Optimization,,Optimization trajectory - progress: 28.91%
665,0,Geological Prospecting_Entity,USA,2025-03-25,daily_state,ndc_balance,288.88,172.39,99.62,44.64,0.0074,index,simulated,Synthetic Generator - Optimization,,Optimization trajectory - progress: 29.94%
666,1,Mine Extraction_Entity,USA,2025-03-25,daily_state,ndc_balance,304.66,194.96,118.61,48.67,0.0083,index,simulated,Synthetic Generator - Optimization,,Optimization trajectory - progress: 29.94%
667,2,Ore Processing_Entity,USA,2025-03-25,daily_state,ndc_balance,283.87,196.94,128.16,54.2,0.0132,index,simulated,Synthetic Generator - Optimization,,Optimization trajectory - progress: 29.94%
668,3,Doré Production_Entity,USA,2025-03-25,daily_state,ndc_balance,269.89,180.71,114.05,51.64,0.0126,index,simulated,Synthetic Generator - Optimization,,Optimization trajectory - progress: 29.94%
669,4,Refining_Entity,USA,2025-03-25,daily_state,ndc_balance,292.06,190.95,118.17,50.04,0.0098,index,simulated,Synthetic Generator - Optimization,,Optimization trajectory - progress: 29.94%
670,5,Bar Casting & Assay_Entity,USA,2025-03-25,daily_state,ndc_balance,285.09,222.73,162.7,64.57,0.0256,index,simulated,Synthetic Generator - Optimization,,Optimization trajectory - progress: 29.94%
671,6,Logistics & Vaulting_Entity,USA,2025-03-25,daily_state,ndc_balance,305.27,181.11,104.24,44.33,0.0065,index,simulated,Synthetic Generator - Optimization,,Optimization trajectory - progress: 29.94%
672,7,Exchange Registration_Entity,USA,2025-03-25,daily_state,ndc_balance,262.79,206.45,151.71,65.13,0.0314,index,simulated,Synthetic Generator - Optimization,,Optimization trajectory - progress: 29.94%
673,0,Geological Prospecting_Entity,USA,2025-03-26,daily_state,ndc_balance,290.93,207.36,138.28,56.3,0.0143,index,simulated,Synthetic Generator - Optimization,,Optimization trajectory - progress: 31.00%
674,1,Mine Extraction_Entity,USA,2025-03-26,daily_state,ndc_balance,302.17,219.04,148.4,57.68,0.0145,index,simulated,Synthetic Generator - Optimization,,Optimization trajectory - progress: 31.00%
675,2,Ore Processing_Entity,USA,2025-03-26,daily_state,ndc_balance,318.41,222.89,146.21,54.88,0.0109,index,simulated,Synthetic Generator - Optimization,,Optimization trajectory - progress: 31.00%
676,3,Doré Production_Entity,USA,2025-03-26,daily_state,ndc_balance,270.82,180.64,113.64,51.38,0.0123,index,simulated,Synthetic Generator - Optimization,,Optimization trajectory - progress: 31.00%
677,4,Refining_Entity,USA,2025-03-26,daily_state,ndc_balance,285.44,196.3,126.76,53.55,0.0126,index,simulated,Synthetic Generator - Optimization,,Optimization trajectory - progress: 31.00%
678,5,Bar Casting & Assay_Entity,USA,2025-03-26,daily_state,ndc_balance,285.56,189.27,118.44,50.95,0.0108,index,simulated,Synthetic Generator - Optimization,,Optimization trajectory - progress: 31.00%
679,6,Logistics & Vaulting_Entity,USA,2025-03-26,daily_state,ndc_balance,316.72,193.18,113.38,45.84,0.0065,index,simulated,Synthetic Generator - Optimization,,Optimization trajectory - progress: 31.00%
680,7,Exchange Registration_Entity,USA,2025-03-26,daily_state,ndc_balance,286.59,200.69,131.69,54.91,0.0135,index,simulated,Synthetic Generator - Optimization,,Optimization trajectory - progress: 31.00%
681,0,Geological Prospecting_Entity,USA,2025-03-27,daily_state,ndc_balance,295.71,182.06,107.58,46.37,0.0077,index,simulated,Synthetic Generator - Optimization,,Optimization trajectory - progress: 32.08%
682,1,Mine Extraction_Entity,USA,2025-03-27,daily_state,ndc_balance,297.47,210.44,139.36,55.7,0.0132,index,simulated,Synthetic Generator - Optimization,,Optimization trajectory - progress: 32.08%
683,2,Ore Processing_Entity,USA,2025-03-27,daily_state,ndc_balance,292.51,208.3,138.79,56.23,0.0141,index,simulated,Synthetic Generator - Optimization,,Optimization trajectory - progress: 32.08%
684,3,Doré Production_Entity,USA,2025-03-27,daily_state,ndc_balance,281.67,195.5,127.27,54.24,0.0134,index,simulated,Synthetic Generator - Optimization,,Optimization trajectory - progress: 32.08%
685,4,Refining_Entity,USA,2025-03-27,daily_state,ndc_balance,285.28,202.42,134.42,55.94,0.0145,index,simulated,Synthetic Generator - Optimization,,Optimization trajectory - progress: 32.08%
686,5,Bar Casting & Assay_Entity,USA,2025-03-27,daily_state,ndc_balance,274.45,209.69,149.65,62.38,0.0238,index,simulated,Synthetic Generator - Optimization,,Optimization trajectory - progress: 32.08%
687,6,Logistics & Vaulting_Entity,USA,2025-03-27,daily_state,ndc_balance,309.85,194.13,116.21,47.38,0.0075,index,simulated,Synthetic Generator - Optimization,,Optimization trajectory - progress: 32.08%
688,7,Exchange Registration_Entity,USA,2025-03-27,daily_state,ndc_balance,287.36,205.64,137.65,56.62,0.015,index,simulated,Synthetic Generator - Optimization,,Optimization trajectory - progress: 32.08%
689,0,Geological Prospecting_Entity,USA,2025-03-28,daily_state,ndc_balance,289.59,194.29,122.82,51.78,0.011,index,simulated,Synthetic Generator - Optimization,,Optimization trajectory - progress: 33.18%
690,1,Mine Extraction_Entity,USA,2025-03-28,daily_state,ndc_balance,306.47,213.7,139.68,54.58,0.0116,index,simulated,Synthetic Generator - Optimization,,Optimization trajectory - progress: 33.18%
691,2,Ore Processing_Entity,USA,2025-03-28,daily_state,ndc_balance,285.79,212.52,147.58,59.88,0.0186,index,simulated,Synthetic Generator - Optimization,,Optimization trajectory - progress: 33.18%
692,3,Doré Production_Entity,USA,2025-03-28,daily_state,ndc_balance,280.53,208.14,144.22,59.68,0.019,index,simulated,Synthetic Generator - Optimization,,Optimization trajectory - progress: 33.18%
693,4,Refining_Entity,USA,2025-03-28,daily_state,ndc_balance,298.07,212.14,141.28,56.18,0.0135,index,simulated,Synthetic Generator - Optimization,,Optimization trajectory - progress: 33.18%
694,5,Bar Casting & Assay_Entity,USA,2025-03-28,daily_state,ndc_balance,268.79,227.05,181.08,73.3,0.0571,index,simulated,Synthetic Generator - Optimization,,Optimization trajectory - progress: 33.18%
695,6,Logistics & Vaulting_Entity,USA,2025-03-28,daily_state,ndc_balance,301.12,196.04,120.9,49.76,0.009,index,simulated,Synthetic Generator - Optimization,,Optimization trajectory - progress: 33.18%
696,7,Exchange Registration_Entity,USA,2025-03-28,daily_state,ndc_balance,291.04,199.83,128.85,53.43,0.012,index,simulated,Synthetic Generator - Optimization,,Optimization trajectory - progress: 33.18%
697,0,Geological Prospecting_Entity,USA,2025-03-29,daily_state,ndc_balance,281.61,201.51,134.87,56.62,0.0156,index,simulated,Synthetic Generator - Optimization,,Optimization trajectory - progress: 34.30%
698,1,Mine Extraction_Entity,USA,2025-03-29,daily_state,ndc_balance,312.48,205.16,127.4,50.31,0.0087,index,simulated,Synthetic Generator - Optimization,,Optimization trajectory - progress: 34.30%
699,2,Ore Processing_Entity,USA,2025-03-29,daily_state,ndc_balance,288.52,184.62,112.32,48.66,0.0093,index,simulated,Synthetic Generator - Optimization,,Optimization trajectory - progress: 34.30%
700,3,Doré Production_Entity,USA,2025-03-29,daily_state,ndc_balance,291.91,186.59,113.42,48.6,0.009,index,simulated,Synthetic Generator - Optimization,,Optimization trajectory - progress: 34.30%
701,4,Refining_Entity,USA,2025-03-29,daily_state,ndc_balance,291.12,206.97,137.69,56.09,0.0141,index,simulated,Synthetic Generator - Optimization,,Optimization trajectory - progress: 34.30%
702,5,Bar Casting & Assay_Entity,USA,2025-03-29,daily_state,ndc_balance,278.59,211.42,149.85,61.74,0.0221,index,simulated,Synthetic Generator - Optimization,,Optimization trajectory - progress: 34.30%
703,6,Logistics & Vaulting_Entity,USA,2025-03-29,daily_state,ndc_balance,330.7,189.95,107.0,42.69,0.005,index,simulated,Synthetic Generator - Optimization,,Optimization trajectory - progress: 34.30%
704,7,Exchange Registration_Entity,USA,2025-03-29,daily_state,ndc_balance,292.83,215.58,148.25,59.0,0.0167,index,simulated,Synthetic Generator - Optimization,,Optimization trajectory - progress: 34.30%
705,0,Geological Prospecting_Entity,USA,2025-03-30,daily_state,ndc_balance,292.46,198.4,126.61,52.56,0.0113,index,simulated,Synthetic Generator - Optimization,,Optimization trajectory - progress: 35.43%
706,1,Mine Extraction_Entity,USA,2025-03-30,daily_state,ndc_balance,309.49,224.14,151.72,57.6,0.0137,index,simulated,Synthetic Generator - Optimization,,Optimization trajectory - progress: 35.43%
707,2,Ore Processing_Entity,USA,2025-03-30,daily_state,ndc_balance,301.34,202.14,127.77,51.77,0.0102,index,simulated,Synthetic Generator - Optimization,,Optimization trajectory - progress: 35.43%
708,3,Doré Production_Entity,USA,2025-03-30,daily_state,ndc_balance,272.37,200.43,137.76,58.96,0.0193,index,simulated,Synthetic Generator - Optimization,,Optimization trajectory - progress: 35.43%
709,4,Refining_Entity,USA,2025-03-30,daily_state,ndc_balance,273.57,224.69,173.43,69.95,0.0417,index,simulated,Synthetic Generator - Optimization,,Optimization trajectory - progress: 35.43%
710,5,Bar Casting & Assay_Entity,USA,2025-03-30,daily_state,ndc_balance,278.93,206.93,143.37,59.68,0.0193,index,simulated,Synthetic Generator - Optimization,,Optimization trajectory - progress: 35.43%
711,6,Logistics & Vaulting_Entity,USA,2025-03-30,daily_state,ndc_balance,307.02,175.08,98.16,42.34,0.0057,index,simulated,Synthetic Generator - Optimization,,Optimization trajectory - progress: 35.43%
712,7,Exchange Registration_Entity,USA,2025-03-30,daily_state,ndc_balance,279.79,215.22,154.68,63.03,0.0239,index,simulated,Synthetic Generator - Optimization,,Optimization trajectory - progress: 35.43%
713,0,Geological Prospecting_Entity,USA,2025-03-31,daily_state,ndc_balance,288.44,205.4,136.86,56.23,0.0145,index,simulated,Synthetic Generator - Optimization,,Optimization trajectory - progress: 36.59%
714,1,Mine Extraction_Entity,USA,2025-03-31,daily_state,ndc_balance,301.52,210.41,137.64,54.65,0.012,index,simulated,Synthetic Generator - Optimization,,Optimization trajectory - progress: 36.59%
715,2,Ore Processing_Entity,USA,2025-03-31,daily_state,ndc_balance,294.84,224.34,159.43,61.99,0.0201,index,simulated,Synthetic Generator - Optimization,,Optimization trajectory - progress: 36.59%
716,3,Doré Production_Entity,USA,2025-03-31,daily_state,ndc_balance,280.58,206.88,142.47,59.13,0.0184,index,simulated,Synthetic Generator - Optimization,,Optimization trajectory - progress: 36.59%
717,4,Refining_Entity,USA,2025-03-31,daily_state,ndc_balance,289.65,194.48,123.02,51.83,0.011,index,simulated,Synthetic Generator - Optimization,,Optimization trajectory - progress: 36.59%
718,5,Bar Casting & Assay_Entity,USA,2025-03-31,daily_state,ndc_balance,268.09,209.43,152.97,64.56,0.029,index,simulated,Synthetic Generator - Optimization,,Optimization trajectory - progress: 36.59%
719,6,Logistics & Vaulting_Entity,USA,2025-03-31,daily_state,ndc_balance,311.47,193.67,115.27,46.93,0.0072,index,simulated,Synthetic Generator - Optimization,,Optimization trajectory - progress: 36.59%
720,7,Exchange Registration_Entity,USA,2025-03-31,daily_state,ndc_balance,302.13,221.04,151.08,58.46,0.0152,index,simulated,Synthetic Generator - Optimization,,Optimization trajectory - progress: 36.59%
721,0,Geological Prospecting_Entity,USA,2025-04-01,daily_state,ndc_balance,293.71,205.49,134.72,54.84,0.0128,index,simulated,Synthetic Generator - Optimization,,Optimization trajectory - progress: 37.75%
722,1,Mine Extraction_Entity,USA,2025-04-01,daily_state,ndc_balance,289.28,213.96,147.8,59.41,0.0176,index,simulated,Synthetic Generator - Optimization,,Optimization trajectory - progress: 37.75%
723,2,Ore Processing_Entity,USA,2025-04-01,daily_state,ndc_balance,281.19,225.88,170.05,67.48,0.0326,index,simulated,Synthetic Generator - Optimization,,Optimization trajectory - progress: 37.75%
724,3,Doré Production_Entity,USA,2025-04-01,daily_state,ndc_balance,280.91,204.75,139.44,58.14,0.0172,index,simulated,Synthetic Generator - Optimization,,Optimization trajectory - progress: 37.75%
725,4,Refining_Entity,USA,2025-04-01,daily_state,ndc_balance,298.48,190.09,115.22,48.37,0.0085,index,simulated,Synthetic Generator - Optimization,,Optimization trajectory - progress: 37.75%
726,5,Bar Casting & Assay_Entity,USA,2025-04-01,daily_state,ndc_balance,283.89,192.57,122.87,52.55,0.012,index,simulated,Synthetic Generator - Optimization,,Optimization trajectory - progress: 37.75%
727,6,Logistics & Vaulting_Entity,USA,2025-04-01,daily_state,ndc_balance,310.29,187.09,108.9,45.2,0.0066,index,simulated,Synthetic Generator - Optimization,,Optimization trajectory - progress: 37.75%
728,7,Exchange Registration_Entity,USA,2025-04-01,daily_state,ndc_balance,291.52,216.82,150.6,59.9,0.0179,index,simulated,Synthetic Generator - Optimization,,Optimization trajectory - progress: 37.75%
729,0,Geological Prospecting_Entity,USA,2025-04-02,daily_state,ndc_balance,293.98,199.29,127.09,52.51,0.0111,index,simulated,Synthetic Generator - Optimization,,Optimization trajectory - progress: 38.94%
730,1,Mine Extraction_Entity,USA,2025-04-02,daily_state,ndc_balance,303.73,216.93,144.94,56.46,0.0133,index,simulated,Synthetic Generator - Optimization,,Optimization trajectory - progress: 38.94%
731,2,Ore Processing_Entity,USA,2025-04-02,daily_state,ndc_balance,272.23,201.9,139.84,59.65,0.0202,index,simulated,Synthetic Generator - Optimization,,Optimization trajectory - progress: 38.94%
732,3,Doré Production_Entity,USA,2025-04-02,daily_state,ndc_balance,270.98,211.43,154.23,64.44,0.0281,index,simulated,Synthetic Generator - Optimization,,Optimization trajectory - progress: 38.94%
733,4,Refining_Entity,USA,2025-04-02,daily_state,ndc_balance,290.17,199.41,128.69,53.5,0.0121,index,simulated,Synthetic Generator - Optimization,,Optimization trajectory - progress: 38.94%
734,5,Bar Casting & Assay_Entity,USA,2025-04-02,daily_state,ndc_balance,276.08,226.65,174.87,69.91,0.0408,index,simulated,Synthetic Generator - Optimization,,Optimization trajectory - progress: 38.94%
735,6,Logistics & Vaulting_Entity,USA,2025-04-02,daily_state,ndc_balance,310.23,187.88,109.7,45.44,0.0067,index,simulated,Synthetic Generator - Optimization,,Optimization trajectory - progress: 38.94%
736,7,Exchange Registration_Entity,USA,2025-04-02,daily_state,ndc_balance,289.34,222.94,160.5,63.19,0.0226,index,simulated,Synthetic Generator - Optimization,,Optimization trajectory - progress: 38.94%
737,0,Geological Prospecting_Entity,USA,2025-04-03,daily_state,ndc_balance,275.37,211.11,151.19,62.71,0.0242,index,simulated,Synthetic Generator - Optimization,,Optimization trajectory - progress: 40.13%
738,1,Mine Extraction_Entity,USA,2025-04-03,daily_state,ndc_balance,292.63,223.28,159.12,62.25,0.0207,index,simulated,Synthetic Generator - Optimization,,Optimization trajectory - progress: 40.13%
739,2,Ore Processing_Entity,USA,2025-04-03,daily_state,ndc_balance,289.62,216.71,151.42,60.44,0.0188,index,simulated,Synthetic Generator - Optimization,,Optimization trajectory - progress: 40.13%
740,3,Doré Production_Entity,USA,2025-04-03,daily_state,ndc_balance,264.35,192.87,131.48,58.23,0.0195,index,simulated,Synthetic Generator - Optimization,,Optimization trajectory - progress: 40.13%
741,4,Refining_Entity,USA,2025-04-03,daily_state,ndc_balance,294.39,211.09,141.56,56.79,0.0144,index,simulated,Synthetic Generator - Optimization,,Optimization trajectory - progress: 40.13%
742,5,Bar Casting & Assay_Entity,USA,2025-04-03,daily_state,ndc_balance,279.79,204.23,139.28,58.27,0.0175,index,simulated,Synthetic Generator - Optimization,,Optimization trajectory - progress: 40.13%
743,6,Logistics & Vaulting_Entity,USA,2025-04-03,daily_state,ndc_balance,316.85,186.03,106.31,43.79,0.0058,index,simulated,Synthetic Generator - Optimization,,Optimization trajectory - progress: 40.13%
744,7,Exchange Registration_Entity,USA,2025-04-03,daily_state,ndc_balance,282.59,223.95,166.11,66.03,0.029,index,simulated,Synthetic Generator - Optimization,,Optimization trajectory - progress: 40.13%
745,0,Geological Prospecting_Entity,USA,2025-04-04,daily_state,ndc_balance,291.06,201.63,131.04,54.09,0.0125,index,simulated,Synthetic Generator - Optimization,,Optimization trajectory - progress: 41.34%
746,1,Mine Extraction_Entity,USA,2025-04-04,daily_state,ndc_balance,314.79,220.0,144.1,54.76,0.0111,index,simulated,Synthetic Generator - Optimization,,Optimization trajectory - progress: 41.34%
747,2,Ore Processing_Entity,USA,2025-04-04,daily_state,ndc_balance,276.83,216.39,158.15,64.62,0.0273,index,simulated,Synthetic Generator - Optimization,,Optimization trajectory - progress: 41.34%
748,3,Doré Production_Entity,USA,2025-04-04,daily_state,ndc_balance,267.57,206.21,148.49,63.21,0.0265,index,simulated,Synthetic Generator - Optimization,,Optimization trajectory - progress: 41.34%
749,4,Refining_Entity,USA,2025-04-04,daily_state,ndc_balance,283.9,213.44,149.85,60.87,0.0201,index,simulated,Synthetic Generator - Optimization,,Optimization trajectory - progress: 41.34%
750,5,Bar Casting & Assay_Entity,USA,2025-04-04,daily_state,ndc_balance,267.28,218.01,166.96,69.16,0.041,index,simulated,Synthetic Generator - Optimization,,Optimization trajectory - progress: 41.34%
751,6,Logistics & Vaulting_Entity,USA,2025-04-04,daily_state,ndc_balance,295.03,181.98,107.68,46.47,0.0078,index,simulated,Synthetic Generator - Optimization,,Optimization trajectory - progress: 41.34%
752,7,Exchange Registration_Entity,USA,2025-04-04,daily_state,ndc_balance,287.14,232.9,177.24,68.54,0.0339,index,simulated,Synthetic Generator - Optimization,,Optimization trajectory - progress: 41.34%
753,0,Geological Prospecting_Entity,USA,2025-04-05,daily_state,ndc_balance,275.2,214.67,156.56,64.41,0.0272,index,simulated,Synthetic Generator - Optimization,,Optimization trajectory - progress: 42.56%
754,1,Mine Extraction_Entity,USA,2025-04-05,daily_state,ndc_balance,305.2,225.81,156.03,59.44,0.0158,index,simulated,Synthetic Generator - Optimization,,Optimization trajectory - progress: 42.56%
755,2,Ore Processing_Entity,USA,2025-04-05,daily_state,ndc_balance,283.48,202.6,135.45,56.52,0.0153,index,simulated,Synthetic Generator - Optimization,,Optimization trajectory - progress: 42.56%
756,3,Doré Production_Entity,USA,2025-04-05,daily_state,ndc_balance,248.77,200.03,150.76,67.58,0.0419,index,simulated,Synthetic Generator - Optimization,,Optimization trajectory - progress: 42.56%
757,4,Refining_Entity,USA,2025-04-05,daily_state,ndc_balance,295.5,202.27,130.08,53.21,0.0115,index,simulated,Synthetic Generator - Optimization,,Optimization trajectory - progress: 42.56%
758,5,Bar Casting & Assay_Entity,USA,2025-04-05,daily_state,ndc_balance,282.85,199.44,131.68,55.44,0.0144,index,simulated,Synthetic Generator - Optimization,,Optimization trajectory - progress: 42.56%
759,6,Logistics & Vaulting_Entity,USA,2025-04-05,daily_state,ndc_balance,306.38,201.12,124.87,50.3,0.009,index,simulated,Synthetic Generator - Optimization,,Optimization trajectory - progress: 42.56%
760,7,Exchange Registration_Entity,USA,2025-04-05,daily_state,ndc_balance,276.38,219.37,162.99,66.19,0.0307,index,simulated,Synthetic Generator - Optimization,,Optimization trajectory - progress: 42.56%
761,0,Geological Prospecting_Entity,USA,2025-04-06,daily_state,ndc_balance,273.96,215.51,158.59,65.27,0.0292,index,simulated,Synthetic Generator - Optimization,,Optimization trajectory - progress: 43.78%
762,1,Mine Extraction_Entity,USA,2025-04-06,daily_state,ndc_balance,296.08,219.02,151.32,59.42,0.0168,index,simulated,Synthetic Generator - Optimization,,Optimization trajectory - progress: 43.78%
763,2,Ore Processing_Entity,USA,2025-04-06,daily_state,ndc_balance,301.5,220.96,151.27,58.61,0.0154,index,simulated,Synthetic Generator - Optimization,,Optimization trajectory - progress: 43.78%
764,3,Doré Production_Entity,USA,2025-04-06,daily_state,ndc_balance,263.39,202.6,145.59,63.03,0.027,index,simulated,Synthetic Generator - Optimization,,Optimization trajectory - progress: 43.78%
765,4,Refining_Entity,USA,2025-04-06,daily_state,ndc_balance,282.35,215.14,153.1,62.12,0.0221,index,simulated,Synthetic Generator - Optimization,,Optimization trajectory - progress: 43.78%
766,5,Bar Casting & Assay_Entity,USA,2025-04-06,daily_state,ndc_balance,300.54,213.48,141.91,56.03,0.0132,index,simulated,Synthetic Generator - Optimization,,Optimization trajectory - progress: 43.78%
767,6,Logistics & Vaulting_Entity,USA,2025-04-06,daily_state,ndc_balance,283.67,189.6,119.48,51.52,0.0113,index,simulated,Synthetic Generator - Optimization,,Optimization trajectory - progress: 43.78%
768,7,Exchange Registration_Entity,USA,2025-04-06,daily_state,ndc_balance,263.16,215.16,165.22,69.43,0.0432,index,simulated,Synthetic Generator - Optimization,,Optimization trajectory - progress: 43.78%
769,0,Geological Prospecting_Entity,USA,2025-04-07,daily_state,ndc_balance,257.62,200.54,145.94,64.21,0.0306,index,simulated,Synthetic Generator - Optimization,,Optimization trajectory - progress: 45.02%
770,1,Mine Extraction_Entity,USA,2025-04-07,daily_state,ndc_balance,277.78,223.1,167.93,67.46,0.0333,index,simulated,Synthetic Generator - Optimization,,Optimization trajectory - progress: 45.02%
771,2,Ore Processing_Entity,USA,2025-04-07,daily_state,ndc_balance,285.25,218.19,155.9,62.49,0.0222,index,simulated,Synthetic Generator - Optimization,,Optimization trajectory - progress: 45.02%
772,3,Doré Production_Entity,USA,2025-04-07,daily_state,ndc_balance,268.7,190.32,126.18,55.8,0.0163,index,simulated,Synthetic Generator - Optimization,,Optimization trajectory - progress: 45.02%
773,4,Refining_Entity,USA,2025-04-07,daily_state,ndc_balance,287.63,234.38,179.3,69.06,0.0352,index,simulated,Synthetic Generator - Optimization,,Optimization trajectory - progress: 45.02%
774,5,Bar Casting & Assay_Entity,USA,2025-04-07,daily_state,ndc_balance,278.83,206.35,142.62,59.46,0.019,index,simulated,Synthetic Generator - Optimization,,Optimization trajectory - progress: 45.02%
775,6,Logistics & Vaulting_Entity,USA,2025-04-07,daily_state,ndc_balance,288.45,186.93,114.86,49.47,0.0097,index,simulated,Synthetic Generator - Optimization,,Optimization trajectory - progress: 45.02%
776,7,Exchange Registration_Entity,USA,2025-04-07,daily_state,ndc_balance,286.52,229.99,173.01,67.39,0.0312,index,simulated,Synthetic Generator - Optimization,,Optimization trajectory - progress: 45.02%
777,0,Geological Prospecting_Entity,USA,2025-04-08,daily_state,ndc_balance,279.48,218.07,159.07,64.44,0.0264,index,simulated,Synthetic Generator - Optimization,,Optimization trajectory - progress: 46.26%
778,1,Mine Extraction_Entity,USA,2025-04-08,daily_state,ndc_balance,299.32,225.13,158.12,60.91,0.0181,index,simulated,Synthetic Generator - Optimization,,Optimization trajectory - progress: 46.26%
779,2,Ore Processing_Entity,USA,2025-04-08,daily_state,ndc_balance,277.97,217.73,159.49,64.83,0.0275,index,simulated,Synthetic Generator - Optimization,,Optimization trajectory - progress: 46.26%
780,3,Doré Production_Entity,USA,2025-04-08,daily_state,ndc_balance,260.7,205.24,151.16,65.35,0.0324,index,simulated,Synthetic Generator - Optimization,,Optimization trajectory - progress: 46.26%
781,4,Refining_Entity,USA,2025-04-08,daily_state,ndc_balance,285.18,232.78,178.42,69.25,0.0363,index,simulated,Synthetic Generator - Optimization,,Optimization trajectory - progress: 46.26%
782,5,Bar Casting & Assay_Entity,USA,2025-04-08,daily_state,ndc_balance,261.09,216.27,168.57,70.94,0.0495,index,simulated,Synthetic Generator - Optimization,,Optimization trajectory - progress: 46.26%
783,6,Logistics & Vaulting_Entity,USA,2025-04-08,daily_state,ndc_balance,316.24,204.59,125.55,49.36,0.008,index,simulated,Synthetic Generator - Optimization,,Optimization trajectory - progress: 46.26%
784,7,Exchange Registration_Entity,USA,2025-04-08,daily_state,ndc_balance,289.83,225.94,164.67,64.35,0.0244,index,simulated,Synthetic Generator - Optimization,,Optimization trajectory - progress: 46.26%
785,0,Geological Prospecting_Entity,USA,2025-04-09,daily_state,ndc_balance,289.23,200.0,129.77,53.96,0.0125,index,simulated,Synthetic Generator - Optimization,,Optimization trajectory - progress: 47.50%
786,1,Mine Extraction_Entity,USA,2025-04-09,daily_state,ndc_balance,277.64,220.81,164.43,66.41,0.0309,index,simulated,Synthetic Generator - Optimization,,Optimization trajectory - progress: 47.50%
787,2,Ore Processing_Entity,USA,2025-04-09,daily_state,ndc_balance,262.26,229.13,190.41,77.67,0.0903,index,simulated,Synthetic Generator - Optimization,,Optimization trajectory - progress: 47.50%
788,3,Doré Production_Entity,USA,2025-04-09,daily_state,ndc_balance,280.83,201.54,135.26,56.85,0.0159,index,simulated,Synthetic Generator - Optimization,,Optimization trajectory - progress: 47.50%
789,4,Refining_Entity,USA,2025-04-09,daily_state,ndc_balance,277.54,216.1,157.3,64.23,0.0264,index,simulated,Synthetic Generator - Optimization,,Optimization trajectory - progress: 47.50%
790,5,Bar Casting & Assay_Entity,USA,2025-04-09,daily_state,ndc_balance,274.14,213.57,155.54,64.28,0.0272,index,simulated,Synthetic Generator - Optimization,,Optimization trajectory - progress: 47.50%
791,6,Logistics & Vaulting_Entity,USA,2025-04-09,daily_state,ndc_balance,305.71,196.28,119.72,48.87,0.0083,index,simulated,Synthetic Generator - Optimization,,Optimization trajectory - progress: 47.50%
792,7,Exchange Registration_Entity,USA,2025-04-09,daily_state,ndc_balance,290.43,225.34,163.4,63.87,0.0235,index,simulated,Synthetic Generator - Optimization,,Optimization trajectory - progress: 47.50%
793,0,Geological Prospecting_Entity,USA,2025-04-10,daily_state,ndc_balance,269.56,225.04,177.01,71.87,0.0502,index,simulated,Synthetic Generator - Optimization,,Optimization trajectory - progress: 48.75%
794,1,Mine Extraction_Entity,USA,2025-04-10,daily_state,ndc_balance,277.17,220.77,164.66,66.57,0.0313,index,simulated,Synthetic Generator - Optimization,,Optimization trajectory - progress: 48.75%
795,2,Ore Processing_Entity,USA,2025-04-10,daily_state,ndc_balance,292.86,210.43,141.39,56.96,0.0147,index,simulated,Synthetic Generator - Optimization,,Optimization trajectory - progress: 48.75%
796,3,Doré Production_Entity,USA,2025-04-10,daily_state,ndc_balance,271.16,212.12,155.16,64.7,0.0286,index,simulated,Synthetic Generator - Optimization,,Optimization trajectory - progress: 48.75%
797,4,Refining_Entity,USA,2025-04-10,daily_state,ndc_balance,272.02,216.94,162.03,66.7,0.0329,index,simulated,Synthetic Generator - Optimization,,Optimization trajectory - progress: 48.75%
798,5,Bar Casting & Assay_Entity,USA,2025-04-10,daily_state,ndc_balance,271.5,207.63,148.32,62.47,0.0245,index,simulated,Synthetic Generator - Optimization,,Optimization trajectory - progress: 48.75%
799,6,Logistics & Vaulting_Entity,USA,2025-04-10,daily_state,ndc_balance,321.83,191.37,110.32,44.45,0.0059,index,simulated,Synthetic Generator - Optimization,,Optimization trajectory - progress: 48.75%
800,7,Exchange Registration_Entity,USA,2025-04-10,daily_state,ndc_balance,290.55,217.76,152.4,60.59,0.0188,index,simulated,Synthetic Generator - Optimization,,Optimization trajectory - progress: 48.75%
801,0,Geological Prospecting_Entity,USA,2025-04-11,daily_state,ndc_balance,264.13,213.53,161.89,68.17,0.0389,index,simulated,Synthetic Generator - Optimization,,Optimization trajectory - progress: 50.00%
802,1,Mine Extraction_Entity,USA,2025-04-11,daily_state,ndc_balance,296.49,231.71,169.31,64.6,0.0238,index,simulated,Synthetic Generator - Optimization,,Optimization trajectory - progress: 50.00%
803,2,Ore Processing_Entity,USA,2025-04-11,daily_state,ndc_balance,298.12,247.95,194.18,71.42,0.0396,index,simulated,Synthetic Generator - Optimization,,Optimization trajectory - progress: 50.00%
804,3,Doré Production_Entity,USA,2025-04-11,daily_state,ndc_balance,270.01,200.87,139.55,59.92,0.0209,index,simulated,Synthetic Generator - Optimization,,Optimization trajectory - progress: 50.00%
805,4,Refining_Entity,USA,2025-04-11,daily_state,ndc_balance,284.53,215.84,152.91,61.7,0.0211,index,simulated,Synthetic Generator - Optimization,,Optimization trajectory - progress: 50.00%
806,5,Bar Casting & Assay_Entity,USA,2025-04-11,daily_state,ndc_balance,281.76,201.03,134.18,56.38,0.0153,index,simulated,Synthetic Generator - Optimization,,Optimization trajectory - progress: 50.00%
807,6,Logistics & Vaulting_Entity,USA,2025-04-11,daily_state,ndc_balance,321.18,208.56,128.36,49.59,0.0079,index,simulated,Synthetic Generator - Optimization,,Optimization trajectory - progress: 50.00%
808,7,Exchange Registration_Entity,USA,2025-04-11,daily_state,ndc_balance,263.16,215.41,165.63,69.57,0.0437,index,simulated,Synthetic Generator - Optimization,,Optimization trajectory - progress: 50.00%
809,0,Geological Prospecting_Entity,USA,2025-04-12,daily_state,ndc_balance,282.54,225.08,167.9,66.58,0.0302,index,simulated,Synthetic Generator - Optimization,,Optimization trajectory - progress: 51.25%
810,1,Mine Extraction_Entity,USA,2025-04-12,daily_state,ndc_balance,276.53,230.44,180.88,71.65,0.0469,index,simulated,Synthetic Generator - Optimization,,Optimization trajectory - progress: 51.25%
811,2,Ore Processing_Entity,USA,2025-04-12,daily_state,ndc_balance,262.34,218.44,171.3,71.56,0.0516,index,simulated,Synthetic Generator - Optimization,,Optimization trajectory - progress: 51.25%
812,3,Doré Production_Entity,USA,2025-04-12,daily_state,ndc_balance,278.06,202.8,138.2,58.2,0.0176,index,simulated,Synthetic Generator - Optimization,,Optimization trajectory - progress: 51.25%
813,4,Refining_Entity,USA,2025-04-12,daily_state,ndc_balance,264.31,220.8,173.81,71.95,0.0526,index,simulated,Synthetic Generator - Optimization,,Optimization trajectory - progress: 51.25%
814,5,Bar Casting & Assay_Entity,USA,2025-04-12,daily_state,ndc_balance,265.89,221.15,173.19,71.42,0.0497,index,simulated,Synthetic Generator - Optimization,,Optimization trajectory - progress: 51.25%
815,6,Logistics & Vaulting_Entity,USA,2025-04-12,daily_state,ndc_balance,287.33,193.27,122.44,51.96,0.0113,index,simulated,Synthetic Generator - Optimization,,Optimization trajectory - progress: 51.25%
816,7,Exchange Registration_Entity,USA,2025-04-12,daily_state,ndc_balance,259.29,225.01,185.42,76.77,0.0844,index,simulated,Synthetic Generator - Optimization,,Optimization trajectory - progress: 51.25%
817,0,Geological Prospecting_Entity,USA,2025-04-13,daily_state,ndc_balance,272.14,202.24,140.35,59.83,0.0204,index,simulated,Synthetic Generator - Optimization,,Optimization trajectory - progress: 52.50%
818,1,Mine Extraction_Entity,USA,2025-04-13,daily_state,ndc_balance,290.44,234.39,177.38,67.98,0.0317,index,simulated,Synthetic Generator - Optimization,,Optimization trajectory - progress: 52.50%
819,2,Ore Processing_Entity,USA,2025-04-13,daily_state,ndc_balance,278.97,222.86,166.75,66.88,0.0317,index,simulated,Synthetic Generator - Optimization,,Optimization trajectory - progress: 52.50%
820,3,Doré Production_Entity,USA,2025-04-13,daily_state,ndc_balance,269.11,197.08,134.83,58.55,0.0192,index,simulated,Synthetic Generator - Optimization,,Optimization trajectory - progress: 52.50%
821,4,Refining_Entity,USA,2025-04-13,daily_state,ndc_balance,299.32,215.47,145.02,57.1,0.0142,index,simulated,Synthetic Generator - Optimization,,Optimization trajectory - progress: 52.50%
822,5,Bar Casting & Assay_Entity,USA,2025-04-13,daily_state,ndc_balance,277.94,223.39,168.28,67.54,0.0335,index,simulated,Synthetic Generator - Optimization,,Optimization trajectory - progress: 52.50%
823,6,Logistics & Vaulting_Entity,USA,2025-04-13,daily_state,ndc_balance,293.48,208.07,138.07,55.87,0.0137,index,simulated,Synthetic Generator - Optimization,,Optimization trajectory - progress: 52.50%
824,7,Exchange Registration_Entity,USA,2025-04-13,daily_state,ndc_balance,281.46,209.95,146.24,60.16,0.0195,index,simulated,Synthetic Generator - Optimization,,Optimization trajectory - progress: 52.50%
825,0,Geological Prospecting_Entity,USA,2025-04-14,daily_state,ndc_balance,269.81,208.81,151.02,63.62,0.0268,index,simulated,Synthetic Generator - Optimization,,Optimization trajectory - progress: 53.74%
826,1,Mine Extraction_Entity,USA,2025-04-14,daily_state,ndc_balance,283.14,211.89,148.08,60.46,0.0197,index,simulated,Synthetic Generator - Optimization,,Optimization trajectory - progress: 53.74%
827,2,Ore Processing_Entity,USA,2025-04-14,daily_state,ndc_balance,291.71,237.03,180.74,68.74,0.0333,index,simulated,Synthetic Generator - Optimization,,Optimization trajectory - progress: 53.74%
828,3,Doré Production_Entity,USA,2025-04-14,daily_state,ndc_balance,275.6,222.64,168.67,68.09,0.0355,index,simulated,Synthetic Generator - Optimization,,Optimization trajectory - progress: 53.74%
829,4,Refining_Entity,USA,2025-04-14,daily_state,ndc_balance,274.68,214.65,156.83,64.59,0.0277,index,simulated,Synthetic Generator - Optimization,,Optimization trajectory - progress: 53.74%
830,5,Bar Casting & Assay_Entity,USA,2025-04-14,daily_state,ndc_balance,263.03,222.99,178.61,73.75,0.062,index,simulated,Synthetic Generator - Optimization,,Optimization trajectory - progress: 53.74%
831,6,Logistics & Vaulting_Entity,USA,2025-04-14,daily_state,ndc_balance,295.84,202.22,129.89,53.11,0.0114,index,simulated,Synthetic Generator - Optimization,,Optimization trajectory - progress: 53.74%
832,7,Exchange Registration_Entity,USA,2025-04-14,daily_state,ndc_balance,291.45,228.98,168.27,65.14,0.0256,index,simulated,Synthetic Generator - Optimization,,Optimization trajectory - progress: 53.74%
833,0,Geological Prospecting_Entity,USA,2025-04-15,daily_state,ndc_balance,264.12,208.93,154.67,65.84,0.0327,index,simulated,Synthetic Generator - Optimization,,Optimization trajectory - progress: 54.98%
834,1,Mine Extraction_Entity,USA,2025-04-15,daily_state,ndc_balance,293.83,236.16,177.89,67.53,0.03,index,simulated,Synthetic Generator - Optimization,,Optimization trajectory - progress: 54.98%
835,2,Ore Processing_Entity,USA,2025-04-15,daily_state,ndc_balance,285.28,240.81,191.9,73.22,0.0503,index,simulated,Synthetic Generator - Optimization,,Optimization trajectory - progress: 54.98%
836,3,Doré Production_Entity,USA,2025-04-15,daily_state,ndc_balance,281.61,215.15,153.54,62.38,0.0226,index,simulated,Synthetic Generator - Optimization,,Optimization trajectory - progress: 54.98%
837,4,Refining_Entity,USA,2025-04-15,daily_state,ndc_balance,269.12,208.74,151.32,63.84,0.0274,index,simulated,Synthetic Generator - Optimization,,Optimization trajectory - progress: 54.98%
838,5,Bar Casting & Assay_Entity,USA,2025-04-15,daily_state,ndc_balance,266.38,224.92,179.3,73.25,0.0578,index,simulated,Synthetic Generator - Optimization,,Optimization trajectory - progress: 54.98%
839,6,Logistics & Vaulting_Entity,USA,2025-04-15,daily_state,ndc_balance,310.53,208.16,131.5,51.72,0.0095,index,simulated,Synthetic Generator - Optimization,,Optimization trajectory - progress: 54.98%
840,7,Exchange Registration_Entity,USA,2025-04-15,daily_state,ndc_balance,289.69,223.29,160.8,63.23,0.0226,index,simulated,Synthetic Generator - Optimization,,Optimization trajectory - progress: 54.98%
841,0,Geological Prospecting_Entity,USA,2025-04-16,daily_state,ndc_balance,278.12,224.78,170.37,68.14,0.035,index,simulated,Synthetic Generator - Optimization,,Optimization trajectory - progress: 56.22%
842,1,Mine Extraction_Entity,USA,2025-04-16,daily_state,ndc_balance,266.47,222.41,174.89,71.84,0.0512,index,simulated,Synthetic Generator - Optimization,,Optimization trajectory - progress: 56.22%
843,2,Ore Processing_Entity,USA,2025-04-16,daily_state,ndc_balance,288.58,225.41,164.62,64.55,0.025,index,simulated,Synthetic Generator - Optimization,,Optimization trajectory - progress: 56.22%
844,3,Doré Production_Entity,USA,2025-04-16,daily_state,ndc_balance,252.74,187.24,129.55,59.55,0.0233,index,simulated,Synthetic Generator - Optimization,,Optimization trajectory - progress: 56.22%
845,4,Refining_Entity,USA,2025-04-16,daily_state,ndc_balance,273.23,221.95,169.19,68.7,0.0379,index,simulated,Synthetic Generator - Optimization,,Optimization trajectory - progress: 56.22%
846,5,Bar Casting & Assay_Entity,USA,2025-04-16,daily_state,ndc_balance,260.86,219.66,174.54,72.91,0.0586,index,simulated,Synthetic Generator - Optimization,,Optimization trajectory - progress: 56.22%
847,6,Logistics & Vaulting_Entity,USA,2025-04-16,daily_state,ndc_balance,296.04,211.68,141.58,56.56,0.014,index,simulated,Synthetic Generator - Optimization,,Optimization trajectory - progress: 56.22%
848,7,Exchange Registration_Entity,USA,2025-04-16,daily_state,ndc_balance,253.95,213.4,169.15,72.66,0.0604,index,simulated,Synthetic Generator - Optimization,,Optimization trajectory - progress: 56.22%
849,0,Geological Prospecting_Entity,USA,2025-04-17,daily_state,ndc_balance,268.23,223.06,174.66,71.4,0.0488,index,simulated,Synthetic Generator - Optimization,,Optimization trajectory - progress: 57.44%
850,1,Mine Extraction_Entity,USA,2025-04-17,daily_state,ndc_balance,290.43,232.06,173.68,66.9,0.0293,index,simulated,Synthetic Generator - Optimization,,Optimization trajectory - progress: 57.44%
851,2,Ore Processing_Entity,USA,2025-04-17,daily_state,ndc_balance,274.57,220.21,165.49,67.3,0.0337,index,simulated,Synthetic Generator - Optimization,,Optimization trajectory - progress: 57.44%
852,3,Doré Production_Entity,USA,2025-04-17,daily_state,ndc_balance,256.87,220.02,178.44,75.06,0.0731,index,simulated,Synthetic Generator - Optimization,,Optimization trajectory - progress: 57.44%
853,4,Refining_Entity,USA,2025-04-17,daily_state,ndc_balance,267.07,231.99,191.4,76.89,0.0806,index,simulated,Synthetic Generator - Optimization,,Optimization trajectory - progress: 57.44%
854,5,Bar Casting & Assay_Entity,USA,2025-04-17,daily_state,ndc_balance,271.23,218.61,165.2,67.84,0.036,index,simulated,Synthetic Generator - Optimization,,Optimization trajectory - progress: 57.44%
855,6,Logistics & Vaulting_Entity,USA,2025-04-17,daily_state,ndc_balance,283.12,192.4,122.96,52.68,0.0121,index,simulated,Synthetic Generator - Optimization,,Optimization trajectory - progress: 57.44%
856,7,Exchange Registration_Entity,USA,2025-04-17,daily_state,ndc_balance,270.55,224.04,174.57,70.91,0.046,index,simulated,Synthetic Generator - Optimization,,Optimization trajectory - progress: 57.44%
857,0,Geological Prospecting_Entity,USA,2025-04-18,daily_state,ndc_balance,246.98,216.16,180.02,77.91,0.1042,index,simulated,Synthetic Generator - Optimization,,Optimization trajectory - progress: 58.66%
858,1,Mine Extraction_Entity,USA,2025-04-18,daily_state,ndc_balance,294.05,233.8,174.05,66.38,0.0275,index,simulated,Synthetic Generator - Optimization,,Optimization trajectory - progress: 58.66%
859,2,Ore Processing_Entity,USA,2025-04-18,daily_state,ndc_balance,272.77,224.77,174.15,70.33,0.0432,index,simulated,Synthetic Generator - Optimization,,Optimization trajectory - progress: 58.66%
860,3,Doré Production_Entity,USA,2025-04-18,daily_state,ndc_balance,258.04,214.62,168.08,71.42,0.0528,index,simulated,Synthetic Generator - Optimization,,Optimization trajectory - progress: 58.66%
861,4,Refining_Entity,USA,2025-04-18,daily_state,ndc_balance,291.07,233.99,176.3,67.56,0.0306,index,simulated,Synthetic Generator - Optimization,,Optimization trajectory - progress: 58.66%
862,5,Bar Casting & Assay_Entity,USA,2025-04-18,daily_state,ndc_balance,273.81,214.96,157.84,65.06,0.0288,index,simulated,Synthetic Generator - Optimization,,Optimization trajectory - progress: 58.66%
863,6,Logistics & Vaulting_Entity,USA,2025-04-18,daily_state,ndc_balance,295.9,190.06,115.97,48.9,0.0089,index,simulated,Synthetic Generator - Optimization,,Optimization trajectory - progress: 58.66%
864,7,Exchange Registration_Entity,USA,2025-04-18,daily_state,ndc_balance,274.01,233.97,189.03,74.66,0.062,index,simulated,Synthetic Generator - Optimization,,Optimization trajectory - progress: 58.66%
865,0,Geological Prospecting_Entity,USA,2025-04-19,daily_state,ndc_balance,277.47,225.61,172.17,68.81,0.037,index,simulated,Synthetic Generator - Optimization,,Optimization trajectory - progress: 59.87%
866,1,Mine Extraction_Entity,USA,2025-04-19,daily_state,ndc_balance,287.03,226.96,167.94,65.8,0.0276,index,simulated,Synthetic Generator - Optimization,,Optimization trajectory - progress: 59.87%
867,2,Ore Processing_Entity,USA,2025-04-19,daily_state,ndc_balance,282.45,215.58,153.69,62.28,0.0223,index,simulated,Synthetic Generator - Optimization,,Optimization trajectory - progress: 59.87%
868,3,Doré Production_Entity,USA,2025-04-19,daily_state,ndc_balance,254.61,214.53,170.59,72.99,0.0619,index,simulated,Synthetic Generator - Optimization,,Optimization trajectory - progress: 59.87%
869,4,Refining_Entity,USA,2025-04-19,daily_state,ndc_balance,276.8,206.86,144.36,60.33,0.0204,index,simulated,Synthetic Generator - Optimization,,Optimization trajectory - progress: 59.87%
870,5,Bar Casting & Assay_Entity,USA,2025-04-19,daily_state,ndc_balance,272.61,228.44,180.47,72.32,0.051,index,simulated,Synthetic Generator - Optimization,,Optimization trajectory - progress: 59.87%
871,6,Logistics & Vaulting_Entity,USA,2025-04-19,daily_state,ndc_balance,286.36,231.64,175.74,68.24,0.0333,index,simulated,Synthetic Generator - Optimization,,Optimization trajectory - progress: 59.87%
872,7,Exchange Registration_Entity,USA,2025-04-19,daily_state,ndc_balance,269.22,225.3,177.72,72.16,0.0516,index,simulated,Synthetic Generator - Optimization,,Optimization trajectory - progress: 59.87%
873,0,Geological Prospecting_Entity,USA,2025-04-20,daily_state,ndc_balance,265.52,218.93,169.74,70.4,0.0459,index,simulated,Synthetic Generator - Optimization,,Optimization trajectory - progress: 61.06%
874,1,Mine Extraction_Entity,USA,2025-04-20,daily_state,ndc_balance,280.07,215.62,155.1,63.11,0.024,index,simulated,Synthetic Generator - Optimization,,Optimization trajectory - progress: 61.06%
875,2,Ore Processing_Entity,USA,2025-04-20,daily_state,ndc_balance,270.95,224.94,175.78,71.2,0.047,index,simulated,Synthetic Generator - Optimization,,Optimization trajectory - progress: 61.06%
876,3,Doré Production_Entity,USA,2025-04-20,daily_state,ndc_balance,274.81,236.71,193.3,75.79,0.0684,index,simulated,Synthetic Generator - Optimization,,Optimization trajectory - progress: 61.06%
877,4,Refining_Entity,USA,2025-04-20,daily_state,ndc_balance,287.82,218.16,154.43,61.63,0.0206,index,simulated,Synthetic Generator - Optimization,,Optimization trajectory - progress: 61.06%
878,5,Bar Casting & Assay_Entity,USA,2025-04-20,daily_state,ndc_balance,260.56,219.93,175.25,73.21,0.0602,index,simulated,Synthetic Generator - Optimization,,Optimization trajectory - progress: 61.06%
879,6,Logistics & Vaulting_Entity,USA,2025-04-20,daily_state,ndc_balance,303.73,207.2,132.85,52.96,0.0107,index,simulated,Synthetic Generator - Optimization,,Optimization trajectory - progress: 61.06%
880,7,Exchange Registration_Entity,USA,2025-04-20,daily_state,ndc_balance,262.3,224.68,182.22,75.06,0.0702,index,simulated,Synthetic Generator - Optimization,,Optimization trajectory - progress: 61.06%
881,0,Geological Prospecting_Entity,USA,2025-04-21,daily_state,ndc_balance,276.45,227.36,175.76,70.11,0.0413,index,simulated,Synthetic Generator - Optimization,,Optimization trajectory - progress: 62.25%
882,1,Mine Extraction_Entity,USA,2025-04-21,daily_state,ndc_balance,280.65,237.29,189.47,73.42,0.0529,index,simulated,Synthetic Generator - Optimization,,Optimization trajectory - progress: 62.25%
883,2,Ore Processing_Entity,USA,2025-04-21,daily_state,ndc_balance,253.03,227.74,196.56,81.88,0.1539,index,simulated,Synthetic Generator - Optimization,,Optimization trajectory - progress: 62.25%
884,3,Doré Production_Entity,USA,2025-04-21,daily_state,ndc_balance,270.6,207.13,148.1,62.56,0.0248,index,simulated,Synthetic Generator - Optimization,,Optimization trajectory - progress: 62.25%
885,4,Refining_Entity,USA,2025-04-21,daily_state,ndc_balance,265.51,208.04,152.44,64.86,0.0302,index,simulated,Synthetic Generator - Optimization,,Optimization trajectory - progress: 62.25%
886,5,Bar Casting & Assay_Entity,USA,2025-04-21,daily_state,ndc_balance,282.89,215.13,152.79,61.94,0.0217,index,simulated,Synthetic Generator - Optimization,,Optimization trajectory - progress: 62.25%
887,6,Logistics & Vaulting_Entity,USA,2025-04-21,daily_state,ndc_balance,287.05,215.84,151.55,60.88,0.0197,index,simulated,Synthetic Generator - Optimization,,Optimization trajectory - progress: 62.25%
888,7,Exchange Registration_Entity,USA,2025-04-21,daily_state,ndc_balance,290.22,228.92,168.94,65.54,0.0265,index,simulated,Synthetic Generator - Optimization,,Optimization trajectory - progress: 62.25%
889,0,Geological Prospecting_Entity,USA,2025-04-22,daily_state,ndc_balance,262.9,222.95,178.65,73.79,0.0623,index,simulated,Synthetic Generator - Optimization,,Optimization trajectory - progress: 63.41%
890,1,Mine Extraction_Entity,USA,2025-04-22,daily_state,ndc_balance,294.79,229.52,167.05,64.22,0.0234,index,simulated,Synthetic Generator - Optimization,,Optimization trajectory - progress: 63.41%
891,2,Ore Processing_Entity,USA,2025-04-22,daily_state,ndc_balance,265.57,212.08,158.63,66.84,0.0348,index,simulated,Synthetic Generator - Optimization,,Optimization trajectory - progress: 63.41%
892,3,Doré Production_Entity,USA,2025-04-22,daily_state,ndc_balance,249.25,224.86,194.67,82.23,0.1653,index,simulated,Synthetic Generator - Optimization,,Optimization trajectory - progress: 63.41%
893,4,Refining_Entity,USA,2025-04-22,daily_state,ndc_balance,270.09,221.41,170.54,69.74,0.042,index,simulated,Synthetic Generator - Optimization,,Optimization trajectory - progress: 63.41%
894,5,Bar Casting & Assay_Entity,USA,2025-04-22,daily_state,ndc_balance,259.3,223.97,183.51,76.15,0.0795,index,simulated,Synthetic Generator - Optimization,,Optimization trajectory - progress: 63.41%
895,6,Logistics & Vaulting_Entity,USA,2025-04-22,daily_state,ndc_balance,281.02,208.0,143.78,59.47,0.0187,index,simulated,Synthetic Generator - Optimization,,Optimization trajectory - progress: 63.41%
896,7,Exchange Registration_Entity,USA,2025-04-22,daily_state,ndc_balance,288.13,246.6,199.8,74.96,0.0576,index,simulated,Synthetic Generator - Optimization,,Optimization trajectory - progress: 63.41%
897,0,Geological Prospecting_Entity,USA,2025-04-23,daily_state,ndc_balance,251.62,225.24,193.04,81.09,0.1417,index,simulated,Synthetic Generator - Optimization,,Optimization trajectory - progress: 64.57%
898,1,Mine Extraction_Entity,USA,2025-04-23,daily_state,ndc_balance,273.49,229.49,181.59,72.48,0.0514,index,simulated,Synthetic Generator - Optimization,,Optimization trajectory - progress: 64.57%
899,2,Ore Processing_Entity,USA,2025-04-23,daily_state,ndc_balance,277.58,226.13,172.93,69.03,0.0376,index,simulated,Synthetic Generator - Optimization,,Optimization trajectory - progress: 64.57%
900,3,Doré Production_Entity,USA,2025-04-23,daily_state,ndc_balance,263.25,223.7,179.68,74.05,0.0635,index,simulated,Synthetic Generator - Optimization,,Optimization trajectory - progress: 64.57%
901,4,Refining_Entity,USA,2025-04-23,daily_state,ndc_balance,275.66,221.79,167.27,67.65,0.0343,index,simulated,Synthetic Generator - Optimization,,Optimization trajectory - progress: 64.57%
902,5,Bar Casting & Assay_Entity,USA,2025-04-23,daily_state,ndc_balance,259.65,209.51,158.51,67.96,0.0396,index,simulated,Synthetic Generator - Optimization,,Optimization trajectory - progress: 64.57%
903,6,Logistics & Vaulting_Entity,USA,2025-04-23,daily_state,ndc_balance,273.67,231.27,184.55,73.36,0.0553,index,simulated,Synthetic Generator - Optimization,,Optimization trajectory - progress: 64.57%
904,7,Exchange Registration_Entity,USA,2025-04-23,daily_state,ndc_balance,266.25,220.03,171.05,70.67,0.0466,index,simulated,Synthetic Generator - Optimization,,Optimization trajectory - progress: 64.57%
905,0,Geological Prospecting_Entity,USA,2025-04-24,daily_state,ndc_balance,270.35,221.6,170.66,69.72,0.0419,index,simulated,Synthetic Generator - Optimization,,Optimization trajectory - progress: 65.70%
906,1,Mine Extraction_Entity,USA,2025-04-24,daily_state,ndc_balance,278.62,246.8,208.67,79.58,0.0978,index,simulated,Synthetic Generator - Optimization,,Optimization trajectory - progress: 65.70%
907,2,Ore Processing_Entity,USA,2025-04-24,daily_state,ndc_balance,279.36,223.72,167.86,67.14,0.0322,index,simulated,Synthetic Generator - Optimization,,Optimization trajectory - progress: 65.70%
908,3,Doré Production_Entity,USA,2025-04-24,daily_state,ndc_balance,256.19,212.68,166.2,71.2,0.0525,index,simulated,Synthetic Generator - Optimization,,Optimization trajectory - progress: 65.70%
909,4,Refining_Entity,USA,2025-04-24,daily_state,ndc_balance,280.9,225.94,170.34,67.62,0.033,index,simulated,Synthetic Generator - Optimization,,Optimization trajectory - progress: 65.70%
910,5,Bar Casting & Assay_Entity,USA,2025-04-24,daily_state,ndc_balance,247.5,224.19,195.12,82.83,0.1807,index,simulated,Synthetic Generator - Optimization,,Optimization trajectory - progress: 65.70%
911,6,Logistics & Vaulting_Entity,USA,2025-04-24,daily_state,ndc_balance,265.64,234.4,197.23,79.04,0.1014,index,simulated,Synthetic Generator - Optimization,,Optimization trajectory - progress: 65.70%
912,7,Exchange Registration_Entity,USA,2025-04-24,daily_state,ndc_balance,264.06,231.09,192.43,77.9,0.0911,index,simulated,Synthetic Generator - Optimization,,Optimization trajectory - progress: 65.70%
913,0,Geological Prospecting_Entity,USA,2025-04-25,daily_state,ndc_balance,269.17,220.55,169.77,69.68,0.0421,index,simulated,Synthetic Generator - Optimization,,Optimization trajectory - progress: 66.82%
914,1,Mine Extraction_Entity,USA,2025-04-25,daily_state,ndc_balance,277.01,237.65,193.11,75.26,0.0641,index,simulated,Synthetic Generator - Optimization,,Optimization trajectory - progress: 66.82%
915,2,Ore Processing_Entity,USA,2025-04-25,daily_state,ndc_balance,288.51,237.44,183.7,70.19,0.0382,index,simulated,Synthetic Generator - Optimization,,Optimization trajectory - progress: 66.82%
916,3,Doré Production_Entity,USA,2025-04-25,daily_state,ndc_balance,274.72,207.97,147.02,61.51,0.0224,index,simulated,Synthetic Generator - Optimization,,Optimization trajectory - progress: 66.82%
917,4,Refining_Entity,USA,2025-04-25,daily_state,ndc_balance,274.76,231.32,183.76,72.89,0.0527,index,simulated,Synthetic Generator - Optimization,,Optimization trajectory - progress: 66.82%
918,5,Bar Casting & Assay_Entity,USA,2025-04-25,daily_state,ndc_balance,268.44,239.2,203.79,80.42,0.1156,index,simulated,Synthetic Generator - Optimization,,Optimization trajectory - progress: 66.82%
919,6,Logistics & Vaulting_Entity,USA,2025-04-25,daily_state,ndc_balance,277.63,209.4,147.49,61.17,0.0214,index,simulated,Synthetic Generator - Optimization,,Optimization trajectory - progress: 66.82%
920,7,Exchange Registration_Entity,USA,2025-04-25,daily_state,ndc_balance,278.61,215.65,155.99,63.64,0.0252,index,simulated,Synthetic Generator - Optimization,,Optimization trajectory - progress: 66.82%
921,0,Geological Prospecting_Entity,USA,2025-04-26,daily_state,ndc_balance,263.67,222.8,177.77,73.35,0.0595,index,simulated,Synthetic Generator - Optimization,,Optimization trajectory - progress: 67.92%
922,1,Mine Extraction_Entity,USA,2025-04-26,daily_state,ndc_balance,270.05,244.72,213.1,82.9,0.1535,index,simulated,Synthetic Generator - Optimization,,Optimization trajectory - progress: 67.92%
923,2,Ore Processing_Entity,USA,2025-04-26,daily_state,ndc_balance,262.02,229.15,190.65,77.81,0.0917,index,simulated,Synthetic Generator - Optimization,,Optimization trajectory - progress: 67.92%
924,3,Doré Production_Entity,USA,2025-04-26,daily_state,ndc_balance,262.37,232.68,197.04,79.75,0.1122,index,simulated,Synthetic Generator - Optimization,,Optimization trajectory - progress: 67.92%
925,4,Refining_Entity,USA,2025-04-26,daily_state,ndc_balance,270.94,239.87,202.68,79.51,0.1025,index,simulated,Synthetic Generator - Optimization,,Optimization trajectory - progress: 67.92%
926,5,Bar Casting & Assay_Entity,USA,2025-04-26,daily_state,ndc_balance,271.44,227.42,179.63,72.3,0.0513,index,simulated,Synthetic Generator - Optimization,,Optimization trajectory - progress: 67.92%
927,6,Logistics & Vaulting_Entity,USA,2025-04-26,daily_state,ndc_balance,267.79,199.99,139.47,60.27,0.0217,index,simulated,Synthetic Generator - Optimization,,Optimization trajectory - progress: 67.92%
928,7,Exchange Registration_Entity,USA,2025-04-26,daily_state,ndc_balance,273.9,228.72,179.96,71.9,0.0488,index,simulated,Synthetic Generator - Optimization,,Optimization trajectory - progress: 67.92%
929,0,Geological Prospecting_Entity,USA,2025-04-27,daily_state,ndc_balance,274.69,232.31,185.54,73.45,0.0554,index,simulated,Synthetic Generator - Optimization,,Optimization trajectory - progress: 69.00%
930,1,Mine Extraction_Entity,USA,2025-04-27,daily_state,ndc_balance,276.76,223.27,168.89,67.94,0.0348,index,simulated,Synthetic Generator - Optimization,,Optimization trajectory - progress: 69.00%
931,2,Ore Processing_Entity,USA,2025-04-27,daily_state,ndc_balance,277.16,221.05,165.11,66.7,0.0317,index,simulated,Synthetic Generator - Optimization,,Optimization trajectory - progress: 69.00%
932,3,Doré Production_Entity,USA,2025-04-27,daily_state,ndc_balance,251.37,210.05,165.41,71.99,0.0583,index,simulated,Synthetic Generator - Optimization,,Optimization trajectory - progress: 69.00%
933,4,Refining_Entity,USA,2025-04-27,daily_state,ndc_balance,269.12,242.93,210.47,82.32,0.1437,index,simulated,Synthetic Generator - Optimization,,Optimization trajectory - progress: 69.00%
934,5,Bar Casting & Assay_Entity,USA,2025-04-27,daily_state,ndc_balance,263.9,222.49,177.04,73.06,0.058,index,simulated,Synthetic Generator - Optimization,,Optimization trajectory - progress: 69.00%
935,6,Logistics & Vaulting_Entity,USA,2025-04-27,daily_state,ndc_balance,262.3,220.72,175.24,72.83,0.0575,index,simulated,Synthetic Generator - Optimization,,Optimization trajectory - progress: 69.00%
936,7,Exchange Registration_Entity,USA,2025-04-27,daily_state,ndc_balance,264.6,236.02,201.36,80.58,0.121,index,simulated,Synthetic Generator - Optimization,,Optimization trajectory - progress: 69.00%
937,0,Geological Prospecting_Entity,USA,2025-04-28,daily_state,ndc_balance,261.43,233.92,200.36,81.02,0.1304,index,simulated,Synthetic Generator - Optimization,,Optimization trajectory - progress: 70.06%
938,1,Mine Extraction_Entity,USA,2025-04-28,daily_state,ndc_balance,276.39,234.95,188.8,74.09,0.0579,index,simulated,Synthetic Generator - Optimization,,Optimization trajectory - progress: 70.06%
939,2,Ore Processing_Entity,USA,2025-04-28,daily_state,ndc_balance,276.33,253.01,223.35,84.47,0.1806,index,simulated,Synthetic Generator - Optimization,,Optimization trajectory - progress: 70.06%
940,3,Doré Production_Entity,USA,2025-04-28,daily_state,ndc_balance,267.36,219.65,169.6,69.99,0.0437,index,simulated,Synthetic Generator - Optimization,,Optimization trajectory - progress: 70.06%
941,4,Refining_Entity,USA,2025-04-28,daily_state,ndc_balance,270.0,226.69,179.5,72.55,0.053,index,simulated,Synthetic Generator - Optimization,,Optimization trajectory - progress: 70.06%
942,5,Bar Casting & Assay_Entity,USA,2025-04-28,daily_state,ndc_balance,253.97,222.11,184.8,77.81,0.0975,index,simulated,Synthetic Generator - Optimization,,Optimization trajectory - progress: 70.06%
943,6,Logistics & Vaulting_Entity,USA,2025-04-28,daily_state,ndc_balance,268.72,222.58,173.48,70.93,0.0468,index,simulated,Synthetic Generator - Optimization,,Optimization trajectory - progress: 70.06%
944,7,Exchange Registration_Entity,USA,2025-04-28,daily_state,ndc_balance,261.27,248.87,231.91,90.95,0.611,index,simulated,Synthetic Generator - Optimization,,Optimization trajectory - progress: 70.06%
945,0,Geological Prospecting_Entity,USA,2025-04-29,daily_state,ndc_balance,271.97,226.42,177.51,71.53,0.048,index,simulated,Synthetic Generator - Optimization,,Optimization trajectory - progress: 71.09%
946,1,Mine Extraction_Entity,USA,2025-04-29,daily_state,ndc_balance,277.35,230.64,180.59,71.4,0.0456,index,simulated,Synthetic Generator - Optimization,,Optimization trajectory - progress: 71.09%
947,2,Ore Processing_Entity,USA,2025-04-29,daily_state,ndc_balance,273.6,243.51,207.16,80.26,0.1093,index,simulated,Synthetic Generator - Optimization,,Optimization trajectory - progress: 71.09%
948,3,Doré Production_Entity,USA,2025-04-29,daily_state,ndc_balance,250.98,205.88,158.69,69.81,0.0489,index,simulated,Synthetic Generator - Optimization,,Optimization trajectory - progress: 71.09%
949,4,Refining_Entity,USA,2025-04-29,daily_state,ndc_balance,276.48,235.88,190.37,74.55,0.0603,index,simulated,Synthetic Generator - Optimization,,Optimization trajectory - progress: 71.09%
950,5,Bar Casting & Assay_Entity,USA,2025-04-29,daily_state,ndc_balance,251.81,221.01,184.72,78.3,0.1044,index,simulated,Synthetic Generator - Optimization,,Optimization trajectory - progress: 71.09%
951,6,Logistics & Vaulting_Entity,USA,2025-04-29,daily_state,ndc_balance,266.76,209.63,154.09,65.16,0.0305,index,simulated,Synthetic Generator - Optimization,,Optimization trajectory - progress: 71.09%
952,7,Exchange Registration_Entity,USA,2025-04-29,daily_state,ndc_balance,268.33,233.55,193.17,77.16,0.082,index,simulated,Synthetic Generator - Optimization,,Optimization trajectory - progress: 71.09%
953,0,Geological Prospecting_Entity,USA,2025-04-30,daily_state,ndc_balance,257.44,219.29,176.66,74.35,0.0683,index,simulated,Synthetic Generator - Optimization,,Optimization trajectory - progress: 72.11%
954,1,Mine Extraction_Entity,USA,2025-04-30,daily_state,ndc_balance,274.45,238.55,196.97,76.98,0.077,index,simulated,Synthetic Generator - Optimization,,Optimization trajectory - progress: 72.11%
955,2,Ore Processing_Entity,USA,2025-04-30,daily_state,ndc_balance,267.18,244.9,216.51,84.64,0.1976,index,simulated,Synthetic Generator - Optimization,,Optimization trajectory - progress: 72.11%
956,3,Doré Production_Entity,USA,2025-04-30,daily_state,ndc_balance,262.63,205.96,151.06,64.95,0.031,index,simulated,Synthetic Generator - Optimization,,Optimization trajectory - progress: 72.11%
957,4,Refining_Entity,USA,2025-04-30,daily_state,ndc_balance,274.18,239.37,198.73,77.57,0.0818,index,simulated,Synthetic Generator - Optimization,,Optimization trajectory - progress: 72.11%
958,5,Bar Casting & Assay_Entity,USA,2025-04-30,daily_state,ndc_balance,258.2,214.08,167.05,71.05,0.0511,index,simulated,Synthetic Generator - Optimization,,Optimization trajectory - progress: 72.11%
959,6,Logistics & Vaulting_Entity,USA,2025-04-30,daily_state,ndc_balance,274.36,217.61,161.56,66.12,0.031,index,simulated,Synthetic Generator - Optimization,,Optimization trajectory - progress: 72.11%
960,7,Exchange Registration_Entity,USA,2025-04-30,daily_state,ndc_balance,259.94,222.36,180.05,74.89,0.0703,index,simulated,Synthetic Generator - Optimization,,Optimization trajectory - progress: 72.11%
961,0,Geological Prospecting_Entity,USA,2025-05-01,daily_state,ndc_balance,262.57,225.19,182.91,75.22,0.071,index,simulated,Synthetic Generator - Optimization,,Optimization trajectory - progress: 73.11%
962,1,Mine Extraction_Entity,USA,2025-05-01,daily_state,ndc_balance,271.96,236.68,195.73,77.15,0.0797,index,simulated,Synthetic Generator - Optimization,,Optimization trajectory - progress: 73.11%
963,2,Ore Processing_Entity,USA,2025-05-01,daily_state,ndc_balance,258.76,229.63,194.62,79.84,0.1165,index,simulated,Synthetic Generator - Optimization,,Optimization trajectory - progress: 73.11%
964,3,Doré Production_Entity,USA,2025-05-01,daily_state,ndc_balance,262.44,219.02,172.21,71.83,0.0528,index,simulated,Synthetic Generator - Optimization,,Optimization trajectory - progress: 73.11%
965,4,Refining_Entity,USA,2025-05-01,daily_state,ndc_balance,251.73,229.25,200.95,83.65,0.1942,index,simulated,Synthetic Generator - Optimization,,Optimization trajectory - progress: 73.11%
966,5,Bar Casting & Assay_Entity,USA,2025-05-01,daily_state,ndc_balance,251.4,232.38,207.77,85.96,0.2691,index,simulated,Synthetic Generator - Optimization,,Optimization trajectory - progress: 73.11%
967,6,Logistics & Vaulting_Entity,USA,2025-05-01,daily_state,ndc_balance,276.43,201.9,137.77,58.32,0.018,index,simulated,Synthetic Generator - Optimization,,Optimization trajectory - progress: 73.11%
968,7,Exchange Registration_Entity,USA,2025-05-01,daily_state,ndc_balance,278.35,226.4,172.83,68.85,0.0369,index,simulated,Synthetic Generator - Optimization,,Optimization trajectory - progress: 73.11%
969,0,Geological Prospecting_Entity,USA,2025-05-02,daily_state,ndc_balance,278.55,227.66,174.75,69.39,0.0385,index,simulated,Synthetic Generator - Optimization,,Optimization trajectory - progress: 74.08%
970,1,Mine Extraction_Entity,USA,2025-05-02,daily_state,ndc_balance,263.09,226.73,185.25,75.85,0.0751,index,simulated,Synthetic Generator - Optimization,,Optimization trajectory - progress: 74.08%
971,2,Ore Processing_Entity,USA,2025-05-02,daily_state,ndc_balance,272.74,230.72,184.33,73.48,0.0563,index,simulated,Synthetic Generator - Optimization,,Optimization trajectory - progress: 74.08%
972,3,Doré Production_Entity,USA,2025-05-02,daily_state,ndc_balance,255.7,239.28,217.54,87.95,0.3576,index,simulated,Synthetic Generator - Optimization,,Optimization trajectory - progress: 74.08%
973,4,Refining_Entity,USA,2025-05-02,daily_state,ndc_balance,260.97,235.23,203.41,82.1,0.1487,index,simulated,Synthetic Generator - Optimization,,Optimization trajectory - progress: 74.08%
974,5,Bar Casting & Assay_Entity,USA,2025-05-02,daily_state,ndc_balance,275.86,233.08,185.94,73.33,0.0543,index,simulated,Synthetic Generator - Optimization,,Optimization trajectory - progress: 74.08%
975,6,Logistics & Vaulting_Entity,USA,2025-05-02,daily_state,ndc_balance,256.15,224.32,186.95,77.99,0.0977,index,simulated,Synthetic Generator - Optimization,,Optimization trajectory - progress: 74.08%
976,7,Exchange Registration_Entity,USA,2025-05-02,daily_state,ndc_balance,258.74,252.22,242.9,95.08,1.9041,index,simulated,Synthetic Generator - Optimization,,Optimization trajectory - progress: 74.08%
977,0,Geological Prospecting_Entity,USA,2025-05-03,daily_state,ndc_balance,254.26,258.46,248.15,96.8,3.6139,index,simulated,Synthetic Generator - Optimization,,Optimization trajectory - progress: 75.03%
978,1,Mine Extraction_Entity,USA,2025-05-03,daily_state,ndc_balance,289.66,230.8,172.21,66.6,0.0288,index,simulated,Synthetic Generator - Optimization,,Optimization trajectory - progress: 75.03%
979,2,Ore Processing_Entity,USA,2025-05-03,daily_state,ndc_balance,268.94,242.8,210.4,82.34,0.1443,index,simulated,Synthetic Generator - Optimization,,Optimization trajectory - progress: 75.03%
980,3,Doré Production_Entity,USA,2025-05-03,daily_state,ndc_balance,264.07,228.19,187.06,76.2,0.0771,index,simulated,Synthetic Generator - Optimization,,Optimization trajectory - progress: 75.03%
981,4,Refining_Entity,USA,2025-05-03,daily_state,ndc_balance,280.01,234.04,184.34,72.01,0.0471,index,simulated,Synthetic Generator - Optimization,,Optimization trajectory - progress: 75.03%
982,5,Bar Casting & Assay_Entity,USA,2025-05-03,daily_state,ndc_balance,257.57,227.55,191.75,79.21,0.1097,index,simulated,Synthetic Generator - Optimization,,Optimization trajectory - progress: 75.03%
983,6,Logistics & Vaulting_Entity,USA,2025-05-03,daily_state,ndc_balance,279.81,223.67,167.49,66.95,0.0316,index,simulated,Synthetic Generator - Optimization,,Optimization trajectory - progress: 75.03%
984,7,Exchange Registration_Entity,USA,2025-05-03,daily_state,ndc_balance,272.9,246.72,214.18,82.54,0.1438,index,simulated,Synthetic Generator - Optimization,,Optimization trajectory - progress: 75.03%
985,0,Geological Prospecting_Entity,USA,2025-05-04,daily_state,ndc_balance,241.51,232.47,219.85,92.78,1.0892,index,simulated,Synthetic Generator - Optimization,,Optimization trajectory - progress: 75.95%
986,1,Mine Extraction_Entity,USA,2025-05-04,daily_state,ndc_balance,276.62,256.06,229.38,86.19,0.2311,index,simulated,Synthetic Generator - Optimization,,Optimization trajectory - progress: 75.95%
987,2,Ore Processing_Entity,USA,2025-05-04,daily_state,ndc_balance,252.94,251.46,249.26,98.84,8.1993,index,simulated,Synthetic Generator - Optimization,,Optimization trajectory - progress: 75.95%
988,3,Doré Production_Entity,USA,2025-05-04,daily_state,ndc_balance,256.58,229.26,196.02,80.82,0.1322,index,simulated,Synthetic Generator - Optimization,,Optimization trajectory - progress: 75.95%
989,4,Refining_Entity,USA,2025-05-04,daily_state,ndc_balance,283.78,241.49,194.32,74.23,0.0556,index,simulated,Synthetic Generator - Optimization,,Optimization trajectory - progress: 75.95%
990,5,Bar Casting & Assay_Entity,USA,2025-05-04,daily_state,ndc_balance,264.83,234.07,197.37,79.27,0.1046,index,simulated,Synthetic Generator - Optimization,,Optimization trajectory - progress: 75.95%
991,6,Logistics & Vaulting_Entity,USA,2025-05-04,daily_state,ndc_balance,265.42,220.48,172.41,71.27,0.0493,index,simulated,Synthetic Generator - Optimization,,Optimization trajectory - progress: 75.95%
992,7,Exchange Registration_Entity,USA,2025-05-04,daily_state,ndc_balance,262.46,238.92,209.29,83.58,0.1772,index,simulated,Synthetic Generator - Optimization,,Optimization trajectory - progress: 75.95%
993,0,Geological Prospecting_Entity,USA,2025-05-05,daily_state,ndc_balance,238.21,234.24,228.48,96.72,3.8819,index,simulated,Synthetic Generator - Optimization,,Optimization trajectory - progress: 76.85%
994,1,Mine Extraction_Entity,USA,2025-05-05,daily_state,ndc_balance,272.67,236.59,194.94,76.75,0.0762,index,simulated,Synthetic Generator - Optimization,,Optimization trajectory - progress: 76.85%
995,2,Ore Processing_Entity,USA,2025-05-05,daily_state,ndc_balance,269.93,222.16,171.88,70.19,0.0436,index,simulated,Synthetic Generator - Optimization,,Optimization trajectory - progress: 76.85%
996,3,Doré Production_Entity,USA,2025-05-05,daily_state,ndc_balance,274.71,223.93,171.36,69.09,0.0386,index,simulated,Synthetic Generator - Optimization,,Optimization trajectory - progress: 76.85%
997,4,Refining_Entity,USA,2025-05-05,daily_state,ndc_balance,265.12,226.84,183.72,74.92,0.0678,index,simulated,Synthetic Generator - Optimization,,Optimization trajectory - progress: 76.85%
998,5,Bar Casting & Assay_Entity,USA,2025-05-05,daily_state,ndc_balance,260.66,246.13,226.57,89.45,0.4524,index,simulated,Synthetic Generator - Optimization,,Optimization trajectory - progress: 76.85%
999,6,Logistics & Vaulting_Entity,USA,2025-05-05,daily_state,ndc_balance,279.66,230.03,177.84,70.12,0.0404,index,simulated,Synthetic Generator - Optimization,,Optimization trajectory - progress: 76.85%
1000,7,Exchange Registration_Entity,USA,2025-05-05,daily_state,ndc_balance,274.72,236.37,192.74,75.64,0.0675,index,simulated,Synthetic Generator - Optimization,,Optimization trajectory - progress: 76.85%
1001,0,Geological Prospecting_Entity,USA,2025-05-06,daily_state,ndc_balance,246.63,228.51,204.96,86.34,0.2956,index,simulated,Synthetic Generator - Optimization,,Optimization trajectory - progress: 77.73%
1002,1,Mine Extraction_Entity,USA,2025-05-06,daily_state,ndc_balance,271.0,251.01,225.04,86.28,0.2441,index,simulated,Synthetic Generator - Optimization,,Optimization trajectory - progress: 77.73%
1003,2,Ore Processing_Entity,USA,2025-05-06,daily_state,ndc_balance,270.34,253.2,230.47,88.09,0.3292,index,simulated,Synthetic Generator - Optimization,,Optimization trajectory - progress: 77.73%
1004,3,Doré Production_Entity,USA,2025-05-06,daily_state,ndc_balance,267.0,220.96,172.05,70.83,0.047,index,simulated,Synthetic Generator - Optimization,,Optimization trajectory - progress: 77.73%
1005,4,Refining_Entity,USA,2025-05-06,daily_state,ndc_balance,248.18,250.93,244.14,97.83,5.6919,index,simulated,Synthetic Generator - Optimization,,Optimization trajectory - progress: 77.73%
1006,5,Bar Casting & Assay_Entity,USA,2025-05-06,daily_state,ndc_balance,273.62,219.19,164.52,67.18,0.0337,index,simulated,Synthetic Generator - Optimization,,Optimization trajectory - progress: 77.73%
1007,6,Logistics & Vaulting_Entity,USA,2025-05-06,daily_state,ndc_balance,283.48,226.01,168.74,66.67,0.0302,index,simulated,Synthetic Generator - Optimization,,Optimization trajectory - progress: 77.73%
1008,7,Exchange Registration_Entity,USA,2025-05-06,daily_state,ndc_balance,270.51,256.67,237.87,90.27,0.496,index,simulated,Synthetic Generator - Optimization,,Optimization trajectory - progress: 77.73%
1009,0,Geological Prospecting_Entity,USA,2025-05-07,daily_state,ndc_balance,274.16,237.59,195.47,76.59,0.0742,index,simulated,Synthetic Generator - Optimization,,Optimization trajectory - progress: 78.58%
1010,1,Mine Extraction_Entity,USA,2025-05-07,daily_state,ndc_balance,277.58,247.24,210.53,80.36,0.1075,index,simulated,Synthetic Generator - Optimization,,Optimization trajectory - progress: 78.58%
1011,2,Ore Processing_Entity,USA,2025-05-07,daily_state,ndc_balance,262.78,237.1,205.3,82.25,0.1494,index,simulated,Synthetic Generator - Optimization,,Optimization trajectory - progress: 78.58%
1012,3,Doré Production_Entity,USA,2025-05-07,daily_state,ndc_balance,245.61,222.75,194.17,83.01,0.1877,index,simulated,Synthetic Generator - Optimization,,Optimization trajectory - progress: 78.58%
1013,4,Refining_Entity,USA,2025-05-07,daily_state,ndc_balance,262.04,231.3,194.7,79.08,0.1047,index,simulated,Synthetic Generator - Optimization,,Optimization trajectory - progress: 78.58%
1014,5,Bar Casting & Assay_Entity,USA,2025-05-07,daily_state,ndc_balance,261.0,230.2,193.58,78.97,0.1043,index,simulated,Synthetic Generator - Optimization,,Optimization trajectory - progress: 78.58%
1015,6,Logistics & Vaulting_Entity,USA,2025-05-07,daily_state,ndc_balance,272.51,206.64,146.34,61.67,0.023,index,simulated,Synthetic Generator - Optimization,,Optimization trajectory - progress: 78.58%
1016,7,Exchange Registration_Entity,USA,2025-05-07,daily_state,ndc_balance,267.43,242.39,211.13,82.92,0.157,index,simulated,Synthetic Generator - Optimization,,Optimization trajectory - progress: 78.58%
1017,0,Geological Prospecting_Entity,USA,2025-05-08,daily_state,ndc_balance,257.19,229.89,196.66,80.88,0.1325,index,simulated,Synthetic Generator - Optimization,,Optimization trajectory - progress: 79.41%
1018,1,Mine Extraction_Entity,USA,2025-05-08,daily_state,ndc_balance,256.5,245.18,229.6,91.55,0.7243,index,simulated,Synthetic Generator - Optimization,,Optimization trajectory - progress: 79.41%
1019,2,Ore Processing_Entity,USA,2025-05-08,daily_state,ndc_balance,272.8,243.14,207.22,80.46,0.1124,index,simulated,Synthetic Generator - Optimization,,Optimization trajectory - progress: 79.41%
1020,3,Doré Production_Entity,USA,2025-05-08,daily_state,ndc_balance,264.65,228.63,187.37,76.17,0.0765,index,simulated,Synthetic Generator - Optimization,,Optimization trajectory - progress: 79.41%
1021,4,Refining_Entity,USA,2025-05-08,daily_state,ndc_balance,270.08,239.77,203.31,79.89,0.1077,index,simulated,Synthetic Generator - Optimization,,Optimization trajectory - progress: 79.41%
1022,5,Bar Casting & Assay_Entity,USA,2025-05-08,daily_state,ndc_balance,266.14,218.23,168.13,69.76,0.0434,index,simulated,Synthetic Generator - Optimization,,Optimization trajectory - progress: 79.41%
1023,6,Logistics & Vaulting_Entity,USA,2025-05-08,daily_state,ndc_balance,257.68,239.4,215.52,86.77,0.2905,index,simulated,Synthetic Generator - Optimization,,Optimization trajectory - progress: 79.41%
1024,7,Exchange Registration_Entity,USA,2025-05-08,daily_state,ndc_balance,243.63,240.22,235.23,97.24,4.6181,index,simulated,Synthetic Generator - Optimization,,Optimization trajectory - progress: 79.41%
1025,0,Geological Prospecting_Entity,USA,2025-05-09,daily_state,ndc_balance,271.61,231.21,186.11,74.27,0.0609,index,simulated,Synthetic Generator - Optimization,,Optimization trajectory - progress: 80.22%
1026,1,Mine Extraction_Entity,USA,2025-05-09,daily_state,ndc_balance,267.82,243.44,212.83,83.35,0.1654,index,simulated,Synthetic Generator - Optimization,,Optimization trajectory - progress: 80.22%
1027,2,Ore Processing_Entity,USA,2025-05-09,daily_state,ndc_balance,262.35,239.05,209.68,83.73,0.181,index,simulated,Synthetic Generator - Optimization,,Optimization trajectory - progress: 80.22%
1028,3,Doré Production_Entity,USA,2025-05-09,daily_state,ndc_balance,247.07,238.23,225.86,93.09,1.1347,index,simulated,Synthetic Generator - Optimization,,Optimization trajectory - progress: 80.22%
1029,4,Refining_Entity,USA,2025-05-09,daily_state,ndc_balance,279.12,237.41,190.92,74.17,0.0571,index,simulated,Synthetic Generator - Optimization,,Optimization trajectory - progress: 80.22%
1030,5,Bar Casting & Assay_Entity,USA,2025-05-09,daily_state,ndc_balance,245.04,229.31,208.49,87.95,0.3886,index,simulated,Synthetic Generator - Optimization,,Optimization trajectory - progress: 80.22%
1031,6,Logistics & Vaulting_Entity,USA,2025-05-09,daily_state,ndc_balance,263.93,229.23,189.1,76.88,0.0824,index,simulated,Synthetic Generator - Optimization,,Optimization trajectory - progress: 80.22%
1032,7,Exchange Registration_Entity,USA,2025-05-09,daily_state,ndc_balance,257.83,234.45,205.08,83.41,0.1796,index,simulated,Synthetic Generator - Optimization,,Optimization trajectory - progress: 80.22%
1033,0,Geological Prospecting_Entity,USA,2025-05-10,daily_state,ndc_balance,264.61,242.04,213.38,84.32,0.1926,index,simulated,Synthetic Generator - Optimization,,Optimization trajectory - progress: 81.00%
1034,1,Mine Extraction_Entity,USA,2025-05-10,daily_state,ndc_balance,265.18,229.32,188.15,76.3,0.0771,index,simulated,Synthetic Generator - Optimization,,Optimization trajectory - progress: 81.00%
1035,2,Ore Processing_Entity,USA,2025-05-10,daily_state,ndc_balance,298.29,247.1,192.62,70.95,0.038,index,simulated,Synthetic Generator - Optimization,,Optimization trajectory - progress: 81.00%
1036,3,Doré Production_Entity,USA,2025-05-10,daily_state,ndc_balance,250.88,236.34,216.85,89.06,0.4517,index,simulated,Synthetic Generator - Optimization,,Optimization trajectory - progress: 81.00%
1037,4,Refining_Entity,USA,2025-05-10,daily_state,ndc_balance,263.26,247.94,227.42,89.02,0.409,index,simulated,Synthetic Generator - Optimization,,Optimization trajectory - progress: 81.00%
1038,5,Bar Casting & Assay_Entity,USA,2025-05-10,daily_state,ndc_balance,260.14,235.99,205.79,83.05,0.1686,index,simulated,Synthetic Generator - Optimization,,Optimization trajectory - progress: 81.00%
1039,6,Logistics & Vaulting_Entity,USA,2025-05-10,daily_state,ndc_balance,263.81,210.33,157.03,66.66,0.0348,index,simulated,Synthetic Generator - Optimization,,Optimization trajectory - progress: 81.00%
1040,7,Exchange Registration_Entity,USA,2025-05-10,daily_state,ndc_balance,286.98,233.23,177.89,68.76,0.0345,index,simulated,Synthetic Generator - Optimization,,Optimization trajectory - progress: 81.00%
1041,0,Geological Prospecting_Entity,USA,2025-05-11,daily_state,ndc_balance,245.52,231.01,211.61,88.85,0.4536,index,simulated,Synthetic Generator - Optimization,,Optimization trajectory - progress: 81.76%
1042,1,Mine Extraction_Entity,USA,2025-05-11,daily_state,ndc_balance,261.33,242.63,218.22,86.66,0.2779,index,simulated,Synthetic Generator - Optimization,,Optimization trajectory - progress: 81.76%
1043,2,Ore Processing_Entity,USA,2025-05-11,daily_state,ndc_balance,271.91,249.73,221.36,84.95,0.1992,index,simulated,Synthetic Generator - Optimization,,Optimization trajectory - progress: 81.76%
1044,3,Doré Production_Entity,USA,2025-05-11,daily_state,ndc_balance,261.36,225.09,183.76,75.76,0.0754,index,simulated,Synthetic Generator - Optimization,,Optimization trajectory - progress: 81.76%
1045,4,Refining_Entity,USA,2025-05-11,daily_state,ndc_balance,264.62,243.86,217.13,85.48,0.2267,index,simulated,Synthetic Generator - Optimization,,Optimization trajectory - progress: 81.76%
1046,5,Bar Casting & Assay_Entity,USA,2025-05-11,daily_state,ndc_balance,240.63,241.3,239.63,99.45,9.5708,index,simulated,Synthetic Generator - Optimization,,Optimization trajectory - progress: 81.76%
1047,6,Logistics & Vaulting_Entity,USA,2025-05-11,daily_state,ndc_balance,249.58,245.81,240.31,97.02,4.1271,index,simulated,Synthetic Generator - Optimization,,Optimization trajectory - progress: 81.76%
1048,7,Exchange Registration_Entity,USA,2025-05-11,daily_state,ndc_balance,263.25,241.29,213.31,84.63,0.2032,index,simulated,Synthetic Generator - Optimization,,Optimization trajectory - progress: 81.76%
1049,0,Geological Prospecting_Entity,USA,2025-05-12,daily_state,ndc_balance,251.06,227.32,197.73,82.77,0.1744,index,simulated,Synthetic Generator - Optimization,,Optimization trajectory - progress: 82.49%
1050,1,Mine Extraction_Entity,USA,2025-05-12,daily_state,ndc_balance,293.25,253.02,207.04,76.01,0.0614,index,simulated,Synthetic Generator - Optimization,,Optimization trajectory - progress: 82.49%
1051,2,Ore Processing_Entity,USA,2025-05-12,daily_state,ndc_balance,249.14,255.31,240.3,95.28,2.0784,index,simulated,Synthetic Generator - Optimization,,Optimization trajectory - progress: 82.49%
1052,3,Doré Production_Entity,USA,2025-05-12,daily_state,ndc_balance,264.81,225.81,182.14,74.48,0.0653,index,simulated,Synthetic Generator - Optimization,,Optimization trajectory - progress: 82.49%
1053,4,Refining_Entity,USA,2025-05-12,daily_state,ndc_balance,266.82,240.12,207.21,81.86,0.1383,index,simulated,Synthetic Generator - Optimization,,Optimization trajectory - progress: 82.49%
1054,5,Bar Casting & Assay_Entity,USA,2025-05-12,daily_state,ndc_balance,277.6,228.13,176.2,70.02,0.0407,index,simulated,Synthetic Generator - Optimization,,Optimization trajectory - progress: 82.49%
1055,6,Logistics & Vaulting_Entity,USA,2025-05-12,daily_state,ndc_balance,264.84,221.71,174.96,72.2,0.0535,index,simulated,Synthetic Generator - Optimization,,Optimization trajectory - progress: 82.49%
1056,7,Exchange Registration_Entity,USA,2025-05-12,daily_state,ndc_balance,252.67,265.54,235.11,90.77,0.57,index,simulated,Synthetic Generator - Optimization,,Optimization trajectory - progress: 82.49%
1057,0,Geological Prospecting_Entity,USA,2025-05-13,daily_state,ndc_balance,246.58,236.28,222.03,91.98,0.8613,index,simulated,Synthetic Generator - Optimization,,Optimization trajectory - progress: 83.20%
1058,1,Mine Extraction_Entity,USA,2025-05-13,daily_state,ndc_balance,252.67,240.09,222.95,90.52,0.5942,index,simulated,Synthetic Generator - Optimization,,Optimization trajectory - progress: 83.20%
1059,2,Ore Processing_Entity,USA,2025-05-13,daily_state,ndc_balance,268.46,232.5,191.12,76.5,0.0767,index,simulated,Synthetic Generator - Optimization,,Optimization trajectory - progress: 83.20%
1060,3,Doré Production_Entity,USA,2025-05-13,daily_state,ndc_balance,258.43,226.39,188.77,78.04,0.0965,index,simulated,Synthetic Generator - Optimization,,Optimization trajectory - progress: 83.20%
1061,4,Refining_Entity,USA,2025-05-13,daily_state,ndc_balance,275.0,254.36,227.62,86.06,0.2294,index,simulated,Synthetic Generator - Optimization,,Optimization trajectory - progress: 83.20%
1062,5,Bar Casting & Assay_Entity,USA,2025-05-13,daily_state,ndc_balance,251.69,237.34,218.08,89.23,0.4633,index,simulated,Synthetic Generator - Optimization,,Optimization trajectory - progress: 83.20%
1063,6,Logistics & Vaulting_Entity,USA,2025-05-13,daily_state,ndc_balance,264.47,232.75,195.2,78.67,0.0984,index,simulated,Synthetic Generator - Optimization,,Optimization trajectory - progress: 83.20%
1064,7,Exchange Registration_Entity,USA,2025-05-13,daily_state,ndc_balance,266.86,245.98,219.1,85.51,0.2242,index,simulated,Synthetic Generator - Optimization,,Optimization trajectory - progress: 83.20%
1065,0,Geological Prospecting_Entity,USA,2025-05-14,daily_state,ndc_balance,255.62,235.68,209.99,85.55,0.2453,index,simulated,Synthetic Generator - Optimization,,Optimization trajectory - progress: 83.89%
1066,1,Mine Extraction_Entity,USA,2025-05-14,daily_state,ndc_balance,282.65,250.99,212.89,79.93,0.0988,index,simulated,Synthetic Generator - Optimization,,Optimization trajectory - progress: 83.89%
1067,2,Ore Processing_Entity,USA,2025-05-14,daily_state,ndc_balance,270.87,248.44,219.81,84.73,0.1948,index,simulated,Synthetic Generator - Optimization,,Optimization trajectory - progress: 83.89%
1068,3,Doré Production_Entity,USA,2025-05-14,daily_state,ndc_balance,250.71,232.72,209.24,86.63,0.2995,index,simulated,Synthetic Generator - Optimization,,Optimization trajectory - progress: 83.89%
1069,4,Refining_Entity,USA,2025-05-14,daily_state,ndc_balance,252.2,253.89,249.7,98.68,7.7783,index,simulated,Synthetic Generator - Optimization,,Optimization trajectory - progress: 83.89%
1070,5,Bar Casting & Assay_Entity,USA,2025-05-14,daily_state,ndc_balance,229.42,236.17,219.83,94.44,1.7985,index,simulated,Synthetic Generator - Optimization,,Optimization trajectory - progress: 83.89%
1071,6,Logistics & Vaulting_Entity,USA,2025-05-14,daily_state,ndc_balance,273.33,213.47,155.89,64.54,0.0278,index,simulated,Synthetic Generator - Optimization,,Optimization trajectory - progress: 83.89%
1072,7,Exchange Registration_Entity,USA,2025-05-14,daily_state,ndc_balance,270.44,237.72,199.06,78.51,0.0925,index,simulated,Synthetic Generator - Optimization,,Optimization trajectory - progress: 83.89%
1073,0,Geological Prospecting_Entity,USA,2025-05-15,daily_state,ndc_balance,254.04,244.42,231.01,92.71,0.9759,index,simulated,Synthetic Generator - Optimization,,Optimization trajectory - progress: 84.55%
1074,1,Mine Extraction_Entity,USA,2025-05-15,daily_state,ndc_balance,271.25,224.62,175.02,70.9,0.0458,index,simulated,Synthetic Generator - Optimization,,Optimization trajectory - progress: 84.55%
1075,2,Ore Processing_Entity,USA,2025-05-15,daily_state,ndc_balance,253.73,251.4,247.97,98.18,6.4869,index,simulated,Synthetic Generator - Optimization,,Optimization trajectory - progress: 84.55%
1076,3,Doré Production_Entity,USA,2025-05-15,daily_state,ndc_balance,256.44,247.44,234.83,93.22,1.0991,index,simulated,Synthetic Generator - Optimization,,Optimization trajectory - progress: 84.55%
1077,4,Refining_Entity,USA,2025-05-15,daily_state,ndc_balance,279.55,238.23,192.02,74.41,0.0582,index,simulated,Synthetic Generator - Optimization,,Optimization trajectory - progress: 84.55%
1078,5,Bar Casting & Assay_Entity,USA,2025-05-15,daily_state,ndc_balance,281.98,237.74,189.18,73.07,0.0508,index,simulated,Synthetic Generator - Optimization,,Optimization trajectory - progress: 84.55%
1079,6,Logistics & Vaulting_Entity,USA,2025-05-15,daily_state,ndc_balance,251.59,221.31,185.48,78.6,0.1078,index,simulated,Synthetic Generator - Optimization,,Optimization trajectory - progress: 84.55%
1080,7,Exchange Registration_Entity,USA,2025-05-15,daily_state,ndc_balance,243.61,261.03,220.66,87.51,0.3191,index,simulated,Synthetic Generator - Optimization,,Optimization trajectory - progress: 84.55%
1081,0,Geological Prospecting_Entity,USA,2025-05-16,daily_state,ndc_balance,273.35,225.22,174.48,70.32,0.043,index,simulated,Synthetic Generator - Optimization,,Optimization trajectory - progress: 85.20%
1082,1,Mine Extraction_Entity,USA,2025-05-16,daily_state,ndc_balance,266.6,246.33,220.12,85.89,0.2376,index,simulated,Synthetic Generator - Optimization,,Optimization trajectory - progress: 85.20%
1083,2,Ore Processing_Entity,USA,2025-05-16,daily_state,ndc_balance,253.54,224.53,189.79,79.55,0.1174,index,simulated,Synthetic Generator - Optimization,,Optimization trajectory - progress: 85.20%
1084,3,Doré Production_Entity,USA,2025-05-16,daily_state,ndc_balance,249.56,227.17,198.99,83.57,0.1955,index,simulated,Synthetic Generator - Optimization,,Optimization trajectory - progress: 85.20%
1085,4,Refining_Entity,USA,2025-05-16,daily_state,ndc_balance,258.52,244.31,225.15,89.59,0.4719,index,simulated,Synthetic Generator - Optimization,,Optimization trajectory - progress: 85.20%
1086,5,Bar Casting & Assay_Entity,USA,2025-05-16,daily_state,ndc_balance,270.96,234.9,193.34,76.63,0.0763,index,simulated,Synthetic Generator - Optimization,,Optimization trajectory - progress: 85.20%
1087,6,Logistics & Vaulting_Entity,USA,2025-05-16,daily_state,ndc_balance,262.25,235.42,202.51,81.5,0.1371,index,simulated,Synthetic Generator - Optimization,,Optimization trajectory - progress: 85.20%
1088,7,Exchange Registration_Entity,USA,2025-05-16,daily_state,ndc_balance,271.46,239.23,200.97,78.86,0.0953,index,simulated,Synthetic Generator - Optimization,,Optimization trajectory - progress: 85.20%
1089,0,Geological Prospecting_Entity,USA,2025-05-17,daily_state,ndc_balance,258.06,241.26,219.05,87.79,0.3421,index,simulated,Synthetic Generator - Optimization,,Optimization trajectory - progress: 85.81%
1090,1,Mine Extraction_Entity,USA,2025-05-17,daily_state,ndc_balance,257.23,258.42,255.46,99.09,8.7641,index,simulated,Synthetic Generator - Optimization,,Optimization trajectory - progress: 85.81%
1091,2,Ore Processing_Entity,USA,2025-05-17,daily_state,ndc_balance,277.12,235.27,188.77,73.93,0.0568,index,simulated,Synthetic Generator - Optimization,,Optimization trajectory - progress: 85.81%
1092,3,Doré Production_Entity,USA,2025-05-17,daily_state,ndc_balance,253.32,237.2,215.84,88.05,0.3707,index,simulated,Synthetic Generator - Optimization,,Optimization trajectory - progress: 85.81%
1093,4,Refining_Entity,USA,2025-05-17,daily_state,ndc_balance,256.64,247.31,234.27,92.99,1.0315,index,simulated,Synthetic Generator - Optimization,,Optimization trajectory - progress: 85.81%
1094,5,Bar Casting & Assay_Entity,USA,2025-05-17,daily_state,ndc_balance,258.02,223.67,184.09,76.63,0.0841,index,simulated,Synthetic Generator - Optimization,,Optimization trajectory - progress: 85.81%
1095,6,Logistics & Vaulting_Entity,USA,2025-05-17,daily_state,ndc_balance,264.49,217.65,168.37,70.18,0.0454,index,simulated,Synthetic Generator - Optimization,,Optimization trajectory - progress: 85.81%
1096,7,Exchange Registration_Entity,USA,2025-05-17,daily_state,ndc_balance,275.07,239.07,197.38,76.97,0.0766,index,simulated,Synthetic Generator - Optimization,,Optimization trajectory - progress: 85.81%
1097,0,Geological Prospecting_Entity,USA,2025-05-18,daily_state,ndc_balance,255.18,249.89,242.27,95.94,2.6329,index,simulated,Synthetic Generator - Optimization,,Optimization trajectory - progress: 86.41%
1098,1,Mine Extraction_Entity,USA,2025-05-18,daily_state,ndc_balance,273.12,235.37,192.32,75.85,0.0697,index,simulated,Synthetic Generator - Optimization,,Optimization trajectory - progress: 86.41%
1099,2,Ore Processing_Entity,USA,2025-05-18,daily_state,ndc_balance,252.32,236.9,216.36,88.49,0.4036,index,simulated,Synthetic Generator - Optimization,,Optimization trajectory - progress: 86.41%
1100,3,Doré Production_Entity,USA,2025-05-18,daily_state,ndc_balance,255.06,234.75,208.67,85.28,0.2367,index,simulated,Synthetic Generator - Optimization,,Optimization trajectory - progress: 86.41%
1101,4,Refining_Entity,USA,2025-05-18,daily_state,ndc_balance,253.36,231.22,203.23,83.97,0.2,index,simulated,Synthetic Generator - Optimization,,Optimization trajectory - progress: 86.41%
1102,5,Bar Casting & Assay_Entity,USA,2025-05-18,daily_state,ndc_balance,258.93,236.94,209.0,84.38,0.2026,index,simulated,Synthetic Generator - Optimization,,Optimization trajectory - progress: 86.41%
1103,6,Logistics & Vaulting_Entity,USA,2025-05-18,daily_state,ndc_balance,280.84,229.5,176.13,69.38,0.0378,index,simulated,Synthetic Generator - Optimization,,Optimization trajectory - progress: 86.41%
1104,7,Exchange Registration_Entity,USA,2025-05-18,daily_state,ndc_balance,283.58,234.46,182.37,70.72,0.0413,index,simulated,Synthetic Generator - Optimization,,Optimization trajectory - progress: 86.41%
1105,0,Geological Prospecting_Entity,USA,2025-05-19,daily_state,ndc_balance,240.77,225.34,204.91,87.97,0.403,index,simulated,Synthetic Generator - Optimization,,Optimization trajectory - progress: 86.99%
1106,1,Mine Extraction_Entity,USA,2025-05-19,daily_state,ndc_balance,279.7,264.1,243.11,89.45,0.395,index,simulated,Synthetic Generator - Optimization,,Optimization trajectory - progress: 86.99%
1107,2,Ore Processing_Entity,USA,2025-05-19,daily_state,ndc_balance,254.33,238.68,217.84,88.42,0.3919,index,simulated,Synthetic Generator - Optimization,,Optimization trajectory - progress: 86.99%
1108,3,Doré Production_Entity,USA,2025-05-19,daily_state,ndc_balance,239.17,213.43,182.18,80.64,0.1487,index,simulated,Synthetic Generator - Optimization,,Optimization trajectory - progress: 86.99%
1109,4,Refining_Entity,USA,2025-05-19,daily_state,ndc_balance,268.69,245.51,216.14,84.15,0.1828,index,simulated,Synthetic Generator - Optimization,,Optimization trajectory - progress: 86.99%
1110,5,Bar Casting & Assay_Entity,USA,2025-05-19,daily_state,ndc_balance,255.96,225.15,188.7,78.61,0.1043,index,simulated,Synthetic Generator - Optimization,,Optimization trajectory - progress: 86.99%
1111,6,Logistics & Vaulting_Entity,USA,2025-05-19,daily_state,ndc_balance,275.06,224.56,172.15,69.27,0.0391,index,simulated,Synthetic Generator - Optimization,,Optimization trajectory - progress: 86.99%
1112,7,Exchange Registration_Entity,USA,2025-05-19,daily_state,ndc_balance,270.54,232.0,188.41,75.21,0.0669,index,simulated,Synthetic Generator - Optimization,,Optimization trajectory - progress: 86.99%
1113,0,Geological Prospecting_Entity,USA,2025-05-20,daily_state,ndc_balance,254.32,239.82,220.34,89.22,0.4538,index,simulated,Synthetic Generator - Optimization,,Optimization trajectory - progress: 87.54%
1114,1,Mine Extraction_Entity,USA,2025-05-20,daily_state,ndc_balance,270.74,248.45,219.98,84.82,0.1972,index,simulated,Synthetic Generator - Optimization,,Optimization trajectory - progress: 87.54%
1115,2,Ore Processing_Entity,USA,2025-05-20,daily_state,ndc_balance,266.8,232.35,192.32,77.24,0.0836,index,simulated,Synthetic Generator - Optimization,,Optimization trajectory - progress: 87.54%
1116,3,Doré Production_Entity,USA,2025-05-20,daily_state,ndc_balance,252.58,233.04,207.84,85.67,0.2553,index,simulated,Synthetic Generator - Optimization,,Optimization trajectory - progress: 87.54%
1117,4,Refining_Entity,USA,2025-05-20,daily_state,ndc_balance,263.54,244.38,219.43,86.46,0.265,index,simulated,Synthetic Generator - Optimization,,Optimization trajectory - progress: 87.54%
1118,5,Bar Casting & Assay_Entity,USA,2025-05-20,daily_state,ndc_balance,242.87,226.35,204.64,87.28,0.3535,index,simulated,Synthetic Generator - Optimization,,Optimization trajectory - progress: 87.54%
1119,6,Logistics & Vaulting_Entity,USA,2025-05-20,daily_state,ndc_balance,235.94,238.21,232.58,98.11,6.5882,index,simulated,Synthetic Generator - Optimization,,Optimization trajectory - progress: 87.54%
1120,7,Exchange Registration_Entity,USA,2025-05-20,daily_state,ndc_balance,273.26,255.34,231.68,87.71,0.302,index,simulated,Synthetic Generator - Optimization,,Optimization trajectory - progress: 87.54%
1121,0,Geological Prospecting_Entity,USA,2025-05-21,daily_state,ndc_balance,259.03,215.92,169.54,71.69,0.0535,index,simulated,Synthetic Generator - Optimization,,Optimization trajectory - progress: 88.08%
1122,1,Mine Extraction_Entity,USA,2025-05-21,daily_state,ndc_balance,256.89,248.96,237.75,94.01,1.3723,index,simulated,Synthetic Generator - Optimization,,Optimization trajectory - progress: 88.08%
1123,2,Ore Processing_Entity,USA,2025-05-21,daily_state,ndc_balance,262.91,241.79,214.7,85.15,0.2192,index,simulated,Synthetic Generator - Optimization,,Optimization trajectory - progress: 88.08%
1124,3,Doré Production_Entity,USA,2025-05-21,daily_state,ndc_balance,254.05,232.37,204.84,84.31,0.2082,index,simulated,Synthetic Generator - Optimization,,Optimization trajectory - progress: 88.08%
1125,4,Refining_Entity,USA,2025-05-21,daily_state,ndc_balance,262.17,237.62,206.97,82.92,0.1633,index,simulated,Synthetic Generator - Optimization,,Optimization trajectory - progress: 88.08%
1126,5,Bar Casting & Assay_Entity,USA,2025-05-21,daily_state,ndc_balance,265.18,235.59,199.94,79.99,0.1129,index,simulated,Synthetic Generator - Optimization,,Optimization trajectory - progress: 88.08%
1127,6,Logistics & Vaulting_Entity,USA,2025-05-21,daily_state,ndc_balance,244.21,222.75,195.65,83.89,0.2126,index,simulated,Synthetic Generator - Optimization,,Optimization trajectory - progress: 88.08%
1128,7,Exchange Registration_Entity,USA,2025-05-21,daily_state,ndc_balance,261.28,257.19,251.24,96.92,3.7395,index,simulated,Synthetic Generator - Optimization,,Optimization trajectory - progress: 88.08%
1129,0,Geological Prospecting_Entity,USA,2025-05-22,daily_state,ndc_balance,255.28,235.73,210.46,85.8,0.2548,index,simulated,Synthetic Generator - Optimization,,Optimization trajectory - progress: 88.59%
1130,1,Mine Extraction_Entity,USA,2025-05-22,daily_state,ndc_balance,254.36,255.44,252.74,99.15,8.9469,index,simulated,Synthetic Generator - Optimization,,Optimization trajectory - progress: 88.59%
1131,2,Ore Processing_Entity,USA,2025-05-22,daily_state,ndc_balance,254.75,243.36,227.68,91.44,0.7151,index,simulated,Synthetic Generator - Optimization,,Optimization trajectory - progress: 88.59%
1132,3,Doré Production_Entity,USA,2025-05-22,daily_state,ndc_balance,264.93,237.67,204.26,81.4,0.1328,index,simulated,Synthetic Generator - Optimization,,Optimization trajectory - progress: 88.59%
1133,4,Refining_Entity,USA,2025-05-22,daily_state,ndc_balance,244.42,226.66,203.54,86.48,0.3074,index,simulated,Synthetic Generator - Optimization,,Optimization trajectory - progress: 88.59%
1134,5,Bar Casting & Assay_Entity,USA,2025-05-22,daily_state,ndc_balance,254.49,228.12,195.84,81.28,0.1417,index,simulated,Synthetic Generator - Optimization,,Optimization trajectory - progress: 88.59%
1135,6,Logistics & Vaulting_Entity,USA,2025-05-22,daily_state,ndc_balance,263.46,231.3,193.38,78.34,0.0957,index,simulated,Synthetic Generator - Optimization,,Optimization trajectory - progress: 88.59%
1136,7,Exchange Registration_Entity,USA,2025-05-22,daily_state,ndc_balance,266.22,240.52,208.62,82.44,0.1492,index,simulated,Synthetic Generator - Optimization,,Optimization trajectory - progress: 88.59%
1137,0,Geological Prospecting_Entity,USA,2025-05-23,daily_state,ndc_balance,272.87,266.33,256.98,95.32,1.8978,index,simulated,Synthetic Generator - Optimization,,Optimization trajectory - progress: 89.09%
1138,1,Mine Extraction_Entity,USA,2025-05-23,daily_state,ndc_balance,263.76,251.44,234.56,91.08,0.618,index,simulated,Synthetic Generator - Optimization,,Optimization trajectory - progress: 89.09%
1139,2,Ore Processing_Entity,USA,2025-05-23,daily_state,ndc_balance,261.97,242.09,216.37,85.92,0.2468,index,simulated,Synthetic Generator - Optimization,,Optimization trajectory - progress: 89.09%
1140,3,Doré Production_Entity,USA,2025-05-23,daily_state,ndc_balance,241.59,222.06,197.04,85.07,0.2555,index,simulated,Synthetic Generator - Optimization,,Optimization trajectory - progress: 89.09%
1141,4,Refining_Entity,USA,2025-05-23,daily_state,ndc_balance,249.1,248.74,248.21,99.71,9.8749,index,simulated,Synthetic Generator - Optimization,,Optimization trajectory - progress: 89.09%
1142,5,Bar Casting & Assay_Entity,USA,2025-05-23,daily_state,ndc_balance,249.71,214.8,175.1,75.61,0.0814,index,simulated,Synthetic Generator - Optimization,,Optimization trajectory - progress: 89.09%
1143,6,Logistics & Vaulting_Entity,USA,2025-05-23,daily_state,ndc_balance,260.9,230.89,194.99,79.45,0.1098,index,simulated,Synthetic Generator - Optimization,,Optimization trajectory - progress: 89.09%
1144,7,Exchange Registration_Entity,USA,2025-05-23,daily_state,ndc_balance,277.83,251.64,218.98,82.82,0.1437,index,simulated,Synthetic Generator - Optimization,,Optimization trajectory - progress: 89.09%
1145,0,Geological Prospecting_Entity,USA,2025-05-24,daily_state,ndc_balance,240.43,215.92,185.82,81.56,0.1638,index,simulated,Synthetic Generator - Optimization,,Optimization trajectory - progress: 89.57%
1146,1,Mine Extraction_Entity,USA,2025-05-24,daily_state,ndc_balance,259.07,241.97,219.41,87.63,0.3308,index,simulated,Synthetic Generator - Optimization,,Optimization trajectory - progress: 89.57%
1147,2,Ore Processing_Entity,USA,2025-05-24,daily_state,ndc_balance,270.17,244.92,213.38,82.95,0.1544,index,simulated,Synthetic Generator - Optimization,,Optimization trajectory - progress: 89.57%
1148,3,Doré Production_Entity,USA,2025-05-24,daily_state,ndc_balance,261.03,219.97,174.94,73.01,0.059,index,simulated,Synthetic Generator - Optimization,,Optimization trajectory - progress: 89.57%
1149,4,Refining_Entity,USA,2025-05-24,daily_state,ndc_balance,269.87,252.22,228.91,87.74,0.311,index,simulated,Synthetic Generator - Optimization,,Optimization trajectory - progress: 89.57%
1150,5,Bar Casting & Assay_Entity,USA,2025-05-24,daily_state,ndc_balance,234.51,254.13,209.2,85.69,0.2532,index,simulated,Synthetic Generator - Optimization,,Optimization trajectory - progress: 89.57%
1151,6,Logistics & Vaulting_Entity,USA,2025-05-24,daily_state,ndc_balance,256.89,235.57,208.38,84.71,0.2154,index,simulated,Synthetic Generator - Optimization,,Optimization trajectory - progress: 89.57%
1152,7,Exchange Registration_Entity,USA,2025-05-24,daily_state,ndc_balance,255.52,260.97,247.68,95.91,2.521,index,simulated,Synthetic Generator - Optimization,,Optimization trajectory - progress: 89.57%
1153,0,Geological Prospecting_Entity,USA,2025-05-25,daily_state,ndc_balance,243.13,246.84,237.73,97.04,4.2105,index,simulated,Synthetic Generator - Optimization,,Optimization trajectory - progress: 90.02%
1154,1,Mine Extraction_Entity,USA,2025-05-25,daily_state,ndc_balance,274.19,238.77,197.62,77.23,0.0791,index,simulated,Synthetic Generator - Optimization,,Optimization trajectory - progress: 90.02%
1155,2,Ore Processing_Entity,USA,2025-05-25,daily_state,ndc_balance,280.32,247.63,208.66,79.2,0.0927,index,simulated,Synthetic Generator - Optimization,,Optimization trajectory - progress: 90.02%
1156,3,Doré Production_Entity,USA,2025-05-25,daily_state,ndc_balance,256.03,218.25,175.97,74.44,0.0696,index,simulated,Synthetic Generator - Optimization,,Optimization trajectory - progress: 90.02%
1157,4,Refining_Entity,USA,2025-05-25,daily_state,ndc_balance,281.16,233.07,181.82,71.03,0.043,index,simulated,Synthetic Generator - Optimization,,Optimization trajectory - progress: 90.02%
1158,5,Bar Casting & Assay_Entity,USA,2025-05-25,daily_state,ndc_balance,264.74,231.27,192.16,77.66,0.0885,index,simulated,Synthetic Generator - Optimization,,Optimization trajectory - progress: 90.02%
1159,6,Logistics & Vaulting_Entity,USA,2025-05-25,daily_state,ndc_balance,249.28,239.91,226.83,92.75,1.0213,index,simulated,Synthetic Generator - Optimization,,Optimization trajectory - progress: 90.02%
1160,7,Exchange Registration_Entity,USA,2025-05-25,daily_state,ndc_balance,274.27,235.8,192.11,75.54,0.0671,index,simulated,Synthetic Generator - Optimization,,Optimization trajectory - progress: 90.02%
1161,0,Geological Prospecting_Entity,USA,2025-05-26,daily_state,ndc_balance,265.67,249.25,227.41,88.37,0.3576,index,simulated,Synthetic Generator - Optimization,,Optimization trajectory - progress: 90.47%
1162,1,Mine Extraction_Entity,USA,2025-05-26,daily_state,ndc_balance,256.34,264.79,244.43,93.82,1.2291,index,simulated,Synthetic Generator - Optimization,,Optimization trajectory - progress: 90.47%
1163,2,Ore Processing_Entity,USA,2025-05-26,daily_state,ndc_balance,245.68,239.36,230.35,94.99,2.0065,index,simulated,Synthetic Generator - Optimization,,Optimization trajectory - progress: 90.47%
1164,3,Doré Production_Entity,USA,2025-05-26,daily_state,ndc_balance,254.08,225.27,190.69,79.71,0.119,index,simulated,Synthetic Generator - Optimization,,Optimization trajectory - progress: 90.47%
1165,4,Refining_Entity,USA,2025-05-26,daily_state,ndc_balance,262.41,248.02,228.62,89.62,0.4611,index,simulated,Synthetic Generator - Optimization,,Optimization trajectory - progress: 90.47%
1166,5,Bar Casting & Assay_Entity,USA,2025-05-26,daily_state,ndc_balance,252.42,249.84,246.05,97.98,6.0042,index,simulated,Synthetic Generator - Optimization,,Optimization trajectory - progress: 90.47%
1167,6,Logistics & Vaulting_Entity,USA,2025-05-26,daily_state,ndc_balance,252.73,234.69,211.14,86.7,0.2981,index,simulated,Synthetic Generator - Optimization,,Optimization trajectory - progress: 90.47%
1168,7,Exchange Registration_Entity,USA,2025-05-26,daily_state,ndc_balance,275.28,256.71,232.28,87.38,0.2818,index,simulated,Synthetic Generator - Optimization,,Optimization trajectory - progress: 90.47%
1169,0,Geological Prospecting_Entity,USA,2025-05-27,daily_state,ndc_balance,262.42,227.59,187.4,76.68,0.0818,index,simulated,Synthetic Generator - Optimization,,Optimization trajectory - progress: 90.89%
1170,1,Mine Extraction_Entity,USA,2025-05-27,daily_state,ndc_balance,270.72,240.29,203.71,79.87,0.1069,index,simulated,Synthetic Generator - Optimization,,Optimization trajectory - progress: 90.89%
1171,2,Ore Processing_Entity,USA,2025-05-27,daily_state,ndc_balance,247.2,245.18,242.19,98.38,7.1022,index,simulated,Synthetic Generator - Optimization,,Optimization trajectory - progress: 90.89%
1172,3,Doré Production_Entity,USA,2025-05-27,daily_state,ndc_balance,240.06,241.98,237.21,98.42,7.295,index,simulated,Synthetic Generator - Optimization,,Optimization trajectory - progress: 90.89%
1173,4,Refining_Entity,USA,2025-05-27,daily_state,ndc_balance,267.7,226.87,181.65,73.71,0.0596,index,simulated,Synthetic Generator - Optimization,,Optimization trajectory - progress: 90.89%
1174,5,Bar Casting & Assay_Entity,USA,2025-05-27,daily_state,ndc_balance,245.82,227.21,203.12,85.95,0.2806,index,simulated,Synthetic Generator - Optimization,,Optimization trajectory - progress: 90.89%
1175,6,Logistics & Vaulting_Entity,USA,2025-05-27,daily_state,ndc_balance,249.94,237.26,220.02,90.35,0.5856,index,simulated,Synthetic Generator - Optimization,,Optimization trajectory - progress: 90.89%
1176,7,Exchange Registration_Entity,USA,2025-05-27,daily_state,ndc_balance,261.22,243.18,219.52,87.1,0.298,index,simulated,Synthetic Generator - Optimization,,Optimization trajectory - progress: 90.89%
1177,0,Geological Prospecting_Entity,USA,2025-05-28,daily_state,ndc_balance,267.36,216.29,164.12,68.25,0.0382,index,simulated,Synthetic Generator - Optimization,,Optimization trajectory - progress: 91.29%
1178,1,Mine Extraction_Entity,USA,2025-05-28,daily_state,ndc_balance,277.59,243.9,204.12,78.45,0.0873,index,simulated,Synthetic Generator - Optimization,,Optimization trajectory - progress: 91.29%
1179,2,Ore Processing_Entity,USA,2025-05-28,daily_state,ndc_balance,259.01,240.89,217.18,86.95,0.2957,index,simulated,Synthetic Generator - Optimization,,Optimization trajectory - progress: 91.29%
1180,3,Doré Production_Entity,USA,2025-05-28,daily_state,ndc_balance,264.35,222.03,175.89,72.6,0.0555,index,simulated,Synthetic Generator - Optimization,,Optimization trajectory - progress: 91.29%
1181,4,Refining_Entity,USA,2025-05-28,daily_state,ndc_balance,259.47,251.44,240.09,94.0,1.3427,index,simulated,Synthetic Generator - Optimization,,Optimization trajectory - progress: 91.29%
1182,5,Bar Casting & Assay_Entity,USA,2025-05-28,daily_state,ndc_balance,237.81,232.88,225.78,95.94,2.9172,index,simulated,Synthetic Generator - Optimization,,Optimization trajectory - progress: 91.29%
1183,6,Logistics & Vaulting_Entity,USA,2025-05-28,daily_state,ndc_balance,252.66,224.17,189.94,79.81,0.1217,index,simulated,Synthetic Generator - Optimization,,Optimization trajectory - progress: 91.29%
1184,7,Exchange Registration_Entity,USA,2025-05-28,daily_state,ndc_balance,255.33,245.84,232.6,92.84,1.0004,index,simulated,Synthetic Generator - Optimization,,Optimization trajectory - progress: 91.29%
1185,0,Geological Prospecting_Entity,USA,2025-05-29,daily_state,ndc_balance,260.65,236.17,205.61,82.87,0.164,index,simulated,Synthetic Generator - Optimization,,Optimization trajectory - progress: 91.68%
1186,1,Mine Extraction_Entity,USA,2025-05-29,daily_state,ndc_balance,275.77,239.62,197.77,76.93,0.0759,index,simulated,Synthetic Generator - Optimization,,Optimization trajectory - progress: 91.68%
1187,2,Ore Processing_Entity,USA,2025-05-29,daily_state,ndc_balance,247.06,265.69,222.67,86.91,0.2799,index,simulated,Synthetic Generator - Optimization,,Optimization trajectory - progress: 91.68%
1188,3,Doré Production_Entity,USA,2025-05-29,daily_state,ndc_balance,242.16,221.48,195.23,84.3,0.2285,index,simulated,Synthetic Generator - Optimization,,Optimization trajectory - progress: 91.68%
1189,4,Refining_Entity,USA,2025-05-29,daily_state,ndc_balance,241.74,257.18,221.13,88.69,0.4026,index,simulated,Synthetic Generator - Optimization,,Optimization trajectory - progress: 91.68%
1190,5,Bar Casting & Assay_Entity,USA,2025-05-29,daily_state,ndc_balance,250.33,239.81,225.26,91.94,0.8283,index,simulated,Synthetic Generator - Optimization,,Optimization trajectory - progress: 91.68%
1191,6,Logistics & Vaulting_Entity,USA,2025-05-29,daily_state,ndc_balance,252.14,243.48,231.31,93.36,1.1752,index,simulated,Synthetic Generator - Optimization,,Optimization trajectory - progress: 91.68%
1192,7,Exchange Registration_Entity,USA,2025-05-29,daily_state,ndc_balance,261.53,273.03,245.63,91.92,0.7027,index,simulated,Synthetic Generator - Optimization,,Optimization trajectory - progress: 91.68%
1193,0,Geological Prospecting_Entity,USA,2025-05-30,daily_state,ndc_balance,255.31,250.45,243.43,96.27,2.9786,index,simulated,Synthetic Generator - Optimization,,Optimization trajectory - progress: 92.06%
1194,1,Mine Extraction_Entity,USA,2025-05-30,daily_state,ndc_balance,272.82,249.47,219.85,84.27,0.1802,index,simulated,Synthetic Generator - Optimization,,Optimization trajectory - progress: 92.06%
1195,2,Ore Processing_Entity,USA,2025-05-30,daily_state,ndc_balance,253.5,250.0,244.88,97.27,4.4913,index,simulated,Synthetic Generator - Optimization,,Optimization trajectory - progress: 92.06%
1196,3,Doré Production_Entity,USA,2025-05-30,daily_state,ndc_balance,253.68,229.11,198.63,82.39,0.163,index,simulated,Synthetic Generator - Optimization,,Optimization trajectory - progress: 92.06%
1197,4,Refining_Entity,USA,2025-05-30,daily_state,ndc_balance,260.64,259.04,256.67,98.78,7.9706,index,simulated,Synthetic Generator - Optimization,,Optimization trajectory - progress: 92.06%
1198,5,Bar Casting & Assay_Entity,USA,2025-05-30,daily_state,ndc_balance,274.27,251.14,221.72,84.48,0.1835,index,simulated,Synthetic Generator - Optimization,,Optimization trajectory - progress: 92.06%
1199,6,Logistics & Vaulting_Entity,USA,2025-05-30,daily_state,ndc_balance,271.97,227.35,179.11,72.03,0.05,index,simulated,Synthetic Generator - Optimization,,Optimization trajectory - progress: 92.06%
1200,7,Exchange Registration_Entity,USA,2025-05-30,daily_state,ndc_balance,270.2,263.22,253.27,94.97,1.7051,index,simulated,Synthetic Generator - Optimization,,Optimization trajectory - progress: 92.06%
1201,0,Geological Prospecting_Entity,USA,2025-05-31,daily_state,ndc_balance,244.83,235.21,221.84,92.45,0.9759,index,simulated,Synthetic Generator - Optimization,,Optimization trajectory - progress: 92.41%
1202,1,Mine Extraction_Entity,USA,2025-05-31,daily_state,ndc_balance,281.93,240.32,193.76,74.44,0.0574,index,simulated,Synthetic Generator - Optimization,,Optimization trajectory - progress: 92.41%
1203,2,Ore Processing_Entity,USA,2025-05-31,daily_state,ndc_balance,245.76,262.2,223.93,88.22,0.3569,index,simulated,Synthetic Generator - Optimization,,Optimization trajectory - progress: 92.41%
1204,3,Doré Production_Entity,USA,2025-05-31,daily_state,ndc_balance,260.38,239.39,212.49,85.11,0.2219,index,simulated,Synthetic Generator - Optimization,,Optimization trajectory - progress: 92.41%
1205,4,Refining_Entity,USA,2025-05-31,daily_state,ndc_balance,258.34,242.53,221.48,88.48,0.385,index,simulated,Synthetic Generator - Optimization,,Optimization trajectory - progress: 92.41%
1206,5,Bar Casting & Assay_Entity,USA,2025-05-31,daily_state,ndc_balance,256.23,258.64,252.69,98.16,6.3324,index,simulated,Synthetic Generator - Optimization,,Optimization trajectory - progress: 92.41%
1207,6,Logistics & Vaulting_Entity,USA,2025-05-31,daily_state,ndc_balance,255.35,255.6,254.98,99.8,9.9378,index,simulated,Synthetic Generator - Optimization,,Optimization trajectory - progress: 92.41%
1208,7,Exchange Registration_Entity,USA,2025-05-31,daily_state,ndc_balance,254.05,249.87,243.79,96.76,3.6373,index,simulated,Synthetic Generator - Optimization,,Optimization trajectory - progress: 92.41%
1209,0,Geological Prospecting_Entity,USA,2025-06-01,daily_state,ndc_balance,249.89,229.44,203.3,84.9,0.2335,index,simulated,Synthetic Generator - Optimization,,Optimization trajectory - progress: 92.76%
1210,1,Mine Extraction_Entity,USA,2025-06-01,daily_state,ndc_balance,262.81,254.47,242.69,93.84,1.2546,index,simulated,Synthetic Generator - Optimization,,Optimization trajectory - progress: 92.76%
1211,2,Ore Processing_Entity,USA,2025-06-01,daily_state,ndc_balance,264.23,268.85,257.51,96.62,3.1845,index,simulated,Synthetic Generator - Optimization,,Optimization trajectory - progress: 92.76%
1212,3,Doré Production_Entity,USA,2025-06-01,daily_state,ndc_balance,252.9,246.79,238.05,95.28,2.1126,index,simulated,Synthetic Generator - Optimization,,Optimization trajectory - progress: 92.76%
1213,4,Refining_Entity,USA,2025-06-01,daily_state,ndc_balance,259.28,263.93,252.55,96.54,3.1663,index,simulated,Synthetic Generator - Optimization,,Optimization trajectory - progress: 92.76%
1214,5,Bar Casting & Assay_Entity,USA,2025-06-01,daily_state,ndc_balance,277.24,248.39,213.1,81.21,0.1187,index,simulated,Synthetic Generator - Optimization,,Optimization trajectory - progress: 92.76%
1215,6,Logistics & Vaulting_Entity,USA,2025-06-01,daily_state,ndc_balance,242.68,228.72,209.99,89.13,0.4881,index,simulated,Synthetic Generator - Optimization,,Optimization trajectory - progress: 92.76%
1216,7,Exchange Registration_Entity,USA,2025-06-01,daily_state,ndc_balance,265.72,254.86,239.81,92.15,0.7817,index,simulated,Synthetic Generator - Optimization,,Optimization trajectory - progress: 92.76%
1217,0,Geological Prospecting_Entity,USA,2025-06-02,daily_state,ndc_balance,260.44,245.11,224.59,88.89,0.408,index,simulated,Synthetic Generator - Optimization,,Optimization trajectory - progress: 93.09%
1218,1,Mine Extraction_Entity,USA,2025-06-02,daily_state,ndc_balance,264.22,244.14,218.18,85.9,0.2421,index,simulated,Synthetic Generator - Optimization,,Optimization trajectory - progress: 93.09%
1219,2,Ore Processing_Entity,USA,2025-06-02,daily_state,ndc_balance,262.81,265.92,258.26,97.69,5.0936,index,simulated,Synthetic Generator - Optimization,,Optimization trajectory - progress: 93.09%
1220,3,Doré Production_Entity,USA,2025-06-02,daily_state,ndc_balance,258.31,240.85,217.89,87.36,0.3177,index,simulated,Synthetic Generator - Optimization,,Optimization trajectory - progress: 93.09%
1221,4,Refining_Entity,USA,2025-06-02,daily_state,ndc_balance,268.75,243.66,212.3,82.96,0.1563,index,simulated,Synthetic Generator - Optimization,,Optimization trajectory - progress: 93.09%
1222,5,Bar Casting & Assay_Entity,USA,2025-06-02,daily_state,ndc_balance,248.03,235.82,219.17,90.63,0.6288,index,simulated,Synthetic Generator - Optimization,,Optimization trajectory - progress: 93.09%
1223,6,Logistics & Vaulting_Entity,USA,2025-06-02,daily_state,ndc_balance,251.01,230.25,203.76,84.76,0.2268,index,simulated,Synthetic Generator - Optimization,,Optimization trajectory - progress: 93.09%
1224,7,Exchange Registration_Entity,USA,2025-06-02,daily_state,ndc_balance,274.85,245.75,210.3,80.92,0.1167,index,simulated,Synthetic Generator - Optimization,,Optimization trajectory - progress: 93.09%
1225,0,Geological Prospecting_Entity,USA,2025-06-03,daily_state,ndc_balance,245.27,260.14,225.32,89.2,0.433,index,simulated,Synthetic Generator - Optimization,,Optimization trajectory - progress: 93.40%
1226,1,Mine Extraction_Entity,USA,2025-06-03,daily_state,ndc_balance,259.45,252.25,242.01,94.6,1.6172,index,simulated,Synthetic Generator - Optimization,,Optimization trajectory - progress: 93.40%
1227,2,Ore Processing_Entity,USA,2025-06-03,daily_state,ndc_balance,263.14,236.21,203.17,81.49,0.136,index,simulated,Synthetic Generator - Optimization,,Optimization trajectory - progress: 93.40%
1228,3,Doré Production_Entity,USA,2025-06-03,daily_state,ndc_balance,260.32,242.08,218.21,86.92,0.2917,index,simulated,Synthetic Generator - Optimization,,Optimization trajectory - progress: 93.40%
1229,4,Refining_Entity,USA,2025-06-03,daily_state,ndc_balance,273.88,240.79,201.67,78.53,0.0905,index,simulated,Synthetic Generator - Optimization,,Optimization trajectory - progress: 93.40%
1230,5,Bar Casting & Assay_Entity,USA,2025-06-03,daily_state,ndc_balance,253.96,243.91,229.94,92.39,0.9002,index,simulated,Synthetic Generator - Optimization,,Optimization trajectory - progress: 93.40%
1231,6,Logistics & Vaulting_Entity,USA,2025-06-03,daily_state,ndc_balance,254.57,220.17,180.69,76.32,0.0838,index,simulated,Synthetic Generator - Optimization,,Optimization trajectory - progress: 93.40%
1232,7,Exchange Registration_Entity,USA,2025-06-03,daily_state,ndc_balance,263.75,236.45,203.02,81.3,0.1324,index,simulated,Synthetic Generator - Optimization,,Optimization trajectory - progress: 93.40%
1233,0,Geological Prospecting_Entity,USA,2025-06-04,daily_state,ndc_balance,256.73,219.62,177.84,74.89,0.0721,index,simulated,Synthetic Generator - Optimization,,Optimization trajectory - progress: 93.70%
1234,1,Mine Extraction_Entity,USA,2025-06-04,daily_state,ndc_balance,245.26,259.09,226.56,89.87,0.4969,index,simulated,Synthetic Generator - Optimization,,Optimization trajectory - progress: 93.70%
1235,2,Ore Processing_Entity,USA,2025-06-04,daily_state,ndc_balance,253.0,237.9,217.74,88.75,0.4205,index,simulated,Synthetic Generator - Optimization,,Optimization trajectory - progress: 93.70%
1236,3,Doré Production_Entity,USA,2025-06-04,daily_state,ndc_balance,260.54,239.18,211.88,84.88,0.2145,index,simulated,Synthetic Generator - Optimization,,Optimization trajectory - progress: 93.70%
1237,4,Refining_Entity,USA,2025-06-04,daily_state,ndc_balance,266.87,246.12,219.37,85.6,0.227,index,simulated,Synthetic Generator - Optimization,,Optimization trajectory - progress: 93.70%
1238,5,Bar Casting & Assay_Entity,USA,2025-06-04,daily_state,ndc_balance,279.63,237.67,190.96,74.07,0.0565,index,simulated,Synthetic Generator - Optimization,,Optimization trajectory - progress: 93.70%
1239,6,Logistics & Vaulting_Entity,USA,2025-06-04,daily_state,ndc_balance,269.06,234.35,194.0,77.26,0.0823,index,simulated,Synthetic Generator - Optimization,,Optimization trajectory - progress: 93.70%
1240,7,Exchange Registration_Entity,USA,2025-06-04,daily_state,ndc_balance,245.97,255.74,232.37,92.65,0.9498,index,simulated,Synthetic Generator - Optimization,,Optimization trajectory - progress: 93.70%
1241,0,Geological Prospecting_Entity,USA,2025-06-05,daily_state,ndc_balance,256.15,230.58,199.05,81.9,0.1506,index,simulated,Synthetic Generator - Optimization,,Optimization trajectory - progress: 93.99%
1242,1,Mine Extraction_Entity,USA,2025-06-05,daily_state,ndc_balance,254.38,250.85,245.68,97.26,4.4443,index,simulated,Synthetic Generator - Optimization,,Optimization trajectory - progress: 93.99%
1243,2,Ore Processing_Entity,USA,2025-06-05,daily_state,ndc_balance,261.8,223.27,180.12,74.5,0.0669,index,simulated,Synthetic Generator - Optimization,,Optimization trajectory - progress: 93.99%
1244,3,Doré Production_Entity,USA,2025-06-05,daily_state,ndc_balance,258.24,231.15,198.08,81.08,0.1345,index,simulated,Synthetic Generator - Optimization,,Optimization trajectory - progress: 93.99%
1245,4,Refining_Entity,USA,2025-06-05,daily_state,ndc_balance,244.69,257.38,227.38,90.6,0.584,index,simulated,Synthetic Generator - Optimization,,Optimization trajectory - progress: 93.99%
1246,5,Bar Casting & Assay_Entity,USA,2025-06-05,daily_state,ndc_balance,252.47,256.08,247.2,97.22,4.3444,index,simulated,Synthetic Generator - Optimization,,Optimization trajectory - progress: 93.99%
1247,6,Logistics & Vaulting_Entity,USA,2025-06-05,daily_state,ndc_balance,255.69,235.18,208.87,85.18,0.2322,index,simulated,Synthetic Generator - Optimization,,Optimization trajectory - progress: 93.99%
1248,7,Exchange Registration_Entity,USA,2025-06-05,daily_state,ndc_balance,260.88,255.92,248.76,96.27,2.8945,index,simulated,Synthetic Generator - Optimization,,Optimization trajectory - progress: 93.99%
1249,0,Geological Prospecting_Entity,USA,2025-06-06,daily_state,ndc_balance,248.73,232.75,211.59,87.94,0.3767,index,simulated,Synthetic Generator - Optimization,,Optimization trajectory - progress: 94.27%
1250,1,Mine Extraction_Entity,USA,2025-06-06,daily_state,ndc_balance,269.54,249.83,224.19,86.39,0.251,index,simulated,Synthetic Generator - Optimization,,Optimization trajectory - progress: 94.27%
1251,2,Ore Processing_Entity,USA,2025-06-06,daily_state,ndc_balance,258.49,259.05,257.65,99.57,9.6911,index,simulated,Synthetic Generator - Optimization,,Optimization trajectory - progress: 94.27%
1252,3,Doré Production_Entity,USA,2025-06-06,daily_state,ndc_balance,246.44,236.42,222.54,92.19,0.9064,index,simulated,Synthetic Generator - Optimization,,Optimization trajectory - progress: 94.27%
1253,4,Refining_Entity,USA,2025-06-06,daily_state,ndc_balance,251.87,252.47,250.98,99.53,9.6559,index,simulated,Synthetic Generator - Optimization,,Optimization trajectory - progress: 94.27%
1254,5,Bar Casting & Assay_Entity,USA,2025-06-06,daily_state,ndc_balance,256.08,253.11,248.76,97.71,5.3163,index,simulated,Synthetic Generator - Optimization,,Optimization trajectory - progress: 94.27%
1255,6,Logistics & Vaulting_Entity,USA,2025-06-06,daily_state,ndc_balance,245.23,230.84,211.57,88.93,0.4606,index,simulated,Synthetic Generator - Optimization,,Optimization trajectory - progress: 94.27%
1256,7,Exchange Registration_Entity,USA,2025-06-06,daily_state,ndc_balance,270.21,253.8,231.91,88.56,0.3577,index,simulated,Synthetic Generator - Optimization,,Optimization trajectory - progress: 94.27%
1257,0,Geological Prospecting_Entity,USA,2025-06-07,daily_state,ndc_balance,243.67,254.51,228.7,91.83,0.7844,index,simulated,Synthetic Generator - Optimization,,Optimization trajectory - progress: 94.53%
1258,1,Mine Extraction_Entity,USA,2025-06-07,daily_state,ndc_balance,246.3,259.29,228.61,90.46,0.5593,index,simulated,Synthetic Generator - Optimization,,Optimization trajectory - progress: 94.53%
1259,2,Ore Processing_Entity,USA,2025-06-07,daily_state,ndc_balance,245.36,267.19,217.43,84.92,0.2054,index,simulated,Synthetic Generator - Optimization,,Optimization trajectory - progress: 94.53%
1260,3,Doré Production_Entity,USA,2025-06-07,daily_state,ndc_balance,232.01,247.97,210.9,87.93,0.378,index,simulated,Synthetic Generator - Optimization,,Optimization trajectory - progress: 94.53%
1261,4,Refining_Entity,USA,2025-06-07,daily_state,ndc_balance,256.92,244.67,227.92,90.91,0.625,index,simulated,Synthetic Generator - Optimization,,Optimization trajectory - progress: 94.53%
1262,5,Bar Casting & Assay_Entity,USA,2025-06-07,daily_state,ndc_balance,254.31,250.6,245.18,97.12,4.2028,index,simulated,Synthetic Generator - Optimization,,Optimization trajectory - progress: 94.53%
1263,6,Logistics & Vaulting_Entity,USA,2025-06-07,daily_state,ndc_balance,241.7,227.47,208.43,88.89,0.4706,index,simulated,Synthetic Generator - Optimization,,Optimization trajectory - progress: 94.53%
1264,7,Exchange Registration_Entity,USA,2025-06-07,daily_state,ndc_balance,268.68,234.37,194.38,77.46,0.0842,index,simulated,Synthetic Generator - Optimization,,Optimization trajectory - progress: 94.53%
1265,0,Geological Prospecting_Entity,USA,2025-06-08,daily_state,ndc_balance,246.77,272.02,215.18,83.06,0.1544,index,simulated,Synthetic Generator - Optimization,,Optimization trajectory - progress: 94.78%
1266,1,Mine Extraction_Entity,USA,2025-06-08,daily_state,ndc_balance,253.45,263.09,239.98,92.93,0.9717,index,simulated,Synthetic Generator - Optimization,,Optimization trajectory - progress: 94.78%
1267,2,Ore Processing_Entity,USA,2025-06-08,daily_state,ndc_balance,252.01,253.6,249.66,98.76,7.9877,index,simulated,Synthetic Generator - Optimization,,Optimization trajectory - progress: 94.78%
1268,3,Doré Production_Entity,USA,2025-06-08,daily_state,ndc_balance,253.89,247.9,239.31,95.39,2.1791,index,simulated,Synthetic Generator - Optimization,,Optimization trajectory - progress: 94.78%
1269,4,Refining_Entity,USA,2025-06-08,daily_state,ndc_balance,255.61,268.39,238.11,90.91,0.5761,index,simulated,Synthetic Generator - Optimization,,Optimization trajectory - progress: 94.78%
1270,5,Bar Casting & Assay_Entity,USA,2025-06-08,daily_state,ndc_balance,246.45,246.8,245.94,99.72,9.8842,index,simulated,Synthetic Generator - Optimization,,Optimization trajectory - progress: 94.78%
1271,6,Logistics & Vaulting_Entity,USA,2025-06-08,daily_state,ndc_balance,252.93,224.61,190.53,79.94,0.1231,index,simulated,Synthetic Generator - Optimization,,Optimization trajectory - progress: 94.78%
1272,7,Exchange Registration_Entity,USA,2025-06-08,daily_state,ndc_balance,259.23,253.23,244.61,95.47,2.1726,index,simulated,Synthetic Generator - Optimization,,Optimization trajectory - progress: 94.78%
1273,0,Geological Prospecting_Entity,USA,2025-06-09,daily_state,ndc_balance,248.17,266.18,224.48,87.34,0.2991,index,simulated,Synthetic Generator - Optimization,,Optimization trajectory - progress: 95.03%
1274,1,Mine Extraction_Entity,USA,2025-06-09,daily_state,ndc_balance,254.6,263.56,242.01,93.42,1.1069,index,simulated,Synthetic Generator - Optimization,,Optimization trajectory - progress: 95.03%
1275,2,Ore Processing_Entity,USA,2025-06-09,daily_state,ndc_balance,266.3,248.53,225.12,87.51,0.3069,index,simulated,Synthetic Generator - Optimization,,Optimization trajectory - progress: 95.03%
1276,3,Doré Production_Entity,USA,2025-06-09,daily_state,ndc_balance,238.59,229.08,215.89,92.34,0.9972,index,simulated,Synthetic Generator - Optimization,,Optimization trajectory - progress: 95.03%
1277,4,Refining_Entity,USA,2025-06-09,daily_state,ndc_balance,252.31,230.81,203.51,84.33,0.2118,index,simulated,Synthetic Generator - Optimization,,Optimization trajectory - progress: 95.03%
1278,5,Bar Casting & Assay_Entity,USA,2025-06-09,daily_state,ndc_balance,242.2,229.79,212.94,90.26,0.6097,index,simulated,Synthetic Generator - Optimization,,Optimization trajectory - progress: 95.03%
1279,6,Logistics & Vaulting_Entity,USA,2025-06-09,daily_state,ndc_balance,263.68,242.21,214.73,84.97,0.2122,index,simulated,Synthetic Generator - Optimization,,Optimization trajectory - progress: 95.03%
1280,7,Exchange Registration_Entity,USA,2025-06-09,daily_state,ndc_balance,269.85,257.66,240.9,91.36,0.6302,index,simulated,Synthetic Generator - Optimization,,Optimization trajectory - progress: 95.03%
1281,0,Geological Prospecting_Entity,USA,2025-06-10,daily_state,ndc_balance,254.04,256.52,250.38,98.08,6.1858,index,simulated,Synthetic Generator - Optimization,,Optimization trajectory - progress: 95.26%
1282,1,Mine Extraction_Entity,USA,2025-06-10,daily_state,ndc_balance,256.74,252.98,247.51,97.12,4.1508,index,simulated,Synthetic Generator - Optimization,,Optimization trajectory - progress: 95.26%
1283,2,Ore Processing_Entity,USA,2025-06-10,daily_state,ndc_balance,265.08,235.61,200.09,80.06,0.1138,index,simulated,Synthetic Generator - Optimization,,Optimization trajectory - progress: 95.26%
1284,3,Doré Production_Entity,USA,2025-06-10,daily_state,ndc_balance,278.1,237.2,191.39,74.52,0.0594,index,simulated,Synthetic Generator - Optimization,,Optimization trajectory - progress: 95.26%
1285,4,Refining_Entity,USA,2025-06-10,daily_state,ndc_balance,258.79,261.39,254.96,98.03,5.9665,index,simulated,Synthetic Generator - Optimization,,Optimization trajectory - progress: 95.26%
1286,5,Bar Casting & Assay_Entity,USA,2025-06-10,daily_state,ndc_balance,261.28,245.16,223.7,88.39,0.3702,index,simulated,Synthetic Generator - Optimization,,Optimization trajectory - progress: 95.26%
1287,6,Logistics & Vaulting_Entity,USA,2025-06-10,daily_state,ndc_balance,251.28,221.16,185.5,78.69,0.1091,index,simulated,Synthetic Generator - Optimization,,Optimization trajectory - progress: 95.26%
1288,7,Exchange Registration_Entity,USA,2025-06-10,daily_state,ndc_balance,256.33,257.09,255.2,99.41,9.458,index,simulated,Synthetic Generator - Optimization,,Optimization trajectory - progress: 95.26%
1289,0,Geological Prospecting_Entity,USA,2025-06-11,daily_state,ndc_balance,256.7,254.27,250.7,98.13,6.2926,index,simulated,Synthetic Generator - Optimization,,Optimization trajectory - progress: 95.48%
1290,1,Mine Extraction_Entity,USA,2025-06-11,daily_state,ndc_balance,261.51,238.19,208.81,83.66,0.1806,index,simulated,Synthetic Generator - Optimization,,Optimization trajectory - progress: 95.48%
1291,2,Ore Processing_Entity,USA,2025-06-11,daily_state,ndc_balance,268.05,263.33,256.48,96.54,3.0954,index,simulated,Synthetic Generator - Optimization,,Optimization trajectory - progress: 95.48%
1292,3,Doré Production_Entity,USA,2025-06-11,daily_state,ndc_balance,256.02,235.42,209.02,85.14,0.2304,index,simulated,Synthetic Generator - Optimization,,Optimization trajectory - progress: 95.48%
1293,4,Refining_Entity,USA,2025-06-11,daily_state,ndc_balance,267.7,283.26,246.73,89.6,0.3969,index,simulated,Synthetic Generator - Optimization,,Optimization trajectory - progress: 95.48%
1294,5,Bar Casting & Assay_Entity,USA,2025-06-11,daily_state,ndc_balance,253.19,231.81,204.62,84.46,0.2141,index,simulated,Synthetic Generator - Optimization,,Optimization trajectory - progress: 95.48%
1295,6,Logistics & Vaulting_Entity,USA,2025-06-11,daily_state,ndc_balance,243.88,242.64,240.78,98.98,8.6531,index,simulated,Synthetic Generator - Optimization,,Optimization trajectory - progress: 95.48%
1296,7,Exchange Registration_Entity,USA,2025-06-11,daily_state,ndc_balance,245.76,253.75,234.48,93.89,1.353,index,simulated,Synthetic Generator - Optimization,,Optimization trajectory - progress: 95.48%
1297,0,Geological Prospecting_Entity,USA,2025-06-12,daily_state,ndc_balance,255.96,257.55,253.6,98.77,7.981,index,simulated,Synthetic Generator - Optimization,,Optimization trajectory - progress: 95.69%
1298,1,Mine Extraction_Entity,USA,2025-06-12,daily_state,ndc_balance,275.69,260.84,240.79,89.79,0.4341,index,simulated,Synthetic Generator - Optimization,,Optimization trajectory - progress: 95.69%
1299,2,Ore Processing_Entity,USA,2025-06-12,daily_state,ndc_balance,235.74,258.32,207.2,83.96,0.1924,index,simulated,Synthetic Generator - Optimization,,Optimization trajectory - progress: 95.69%
1300,3,Doré Production_Entity,USA,2025-06-12,daily_state,ndc_balance,253.99,239.76,220.6,89.39,0.4701,index,simulated,Synthetic Generator - Optimization,,Optimization trajectory - progress: 95.69%
1301,4,Refining_Entity,USA,2025-06-12,daily_state,ndc_balance,239.85,241.34,237.64,98.77,8.1814,index,simulated,Synthetic Generator - Optimization,,Optimization trajectory - progress: 95.69%
1302,5,Bar Casting & Assay_Entity,USA,2025-06-12,daily_state,ndc_balance,240.27,224.92,204.58,88.0,0.407,index,simulated,Synthetic Generator - Optimization,,Optimization trajectory - progress: 95.69%
1303,6,Logistics & Vaulting_Entity,USA,2025-06-12,daily_state,ndc_balance,249.5,228.57,201.93,84.56,0.2233,index,simulated,Synthetic Generator - Optimization,,Optimization trajectory - progress: 95.69%
1304,7,Exchange Registration_Entity,USA,2025-06-12,daily_state,ndc_balance,287.98,250.51,207.05,77.09,0.0707,index,simulated,Synthetic Generator - Optimization,,Optimization trajectory - progress: 95.69%
1305,0,Geological Prospecting_Entity,USA,2025-06-13,daily_state,ndc_balance,264.99,226.64,183.47,74.87,0.0675,index,simulated,Synthetic Generator - Optimization,,Optimization trajectory - progress: 95.89%
1306,1,Mine Extraction_Entity,USA,2025-06-13,daily_state,ndc_balance,257.16,253.3,247.66,97.04,4.008,index,simulated,Synthetic Generator - Optimization,,Optimization trajectory - progress: 95.89%
1307,2,Ore Processing_Entity,USA,2025-06-13,daily_state,ndc_balance,248.18,245.02,240.41,97.49,5.0137,index,simulated,Synthetic Generator - Optimization,,Optimization trajectory - progress: 95.89%
1308,3,Doré Production_Entity,USA,2025-06-13,daily_state,ndc_balance,244.67,234.99,221.54,92.39,0.9644,index,simulated,Synthetic Generator - Optimization,,Optimization trajectory - progress: 95.89%
1309,4,Refining_Entity,USA,2025-06-13,daily_state,ndc_balance,275.61,253.03,224.17,84.89,0.1924,index,simulated,Synthetic Generator - Optimization,,Optimization trajectory - progress: 95.89%
1310,5,Bar Casting & Assay_Entity,USA,2025-06-13,daily_state,ndc_balance,256.64,250.6,241.94,95.4,2.1503,index,simulated,Synthetic Generator - Optimization,,Optimization trajectory - progress: 95.89%
1311,6,Logistics & Vaulting_Entity,USA,2025-06-13,daily_state,ndc_balance,255.44,235.88,210.62,85.8,0.2548,index,simulated,Synthetic Generator - Optimization,,Optimization trajectory - progress: 95.89%
1312,7,Exchange Registration_Entity,USA,2025-06-13,daily_state,ndc_balance,258.44,254.0,247.56,96.62,3.3665,index,simulated,Synthetic Generator - Optimization,,Optimization trajectory - progress: 95.89%
1313,0,Geological Prospecting_Entity,USA,2025-06-14,daily_state,ndc_balance,263.53,253.72,240.02,92.83,0.9413,index,simulated,Synthetic Generator - Optimization,,Optimization trajectory - progress: 96.08%
1314,1,Mine Extraction_Entity,USA,2025-06-14,daily_state,ndc_balance,259.95,260.13,259.67,99.86,9.9653,index,simulated,Synthetic Generator - Optimization,,Optimization trajectory - progress: 96.08%
1315,2,Ore Processing_Entity,USA,2025-06-14,daily_state,ndc_balance,255.21,249.71,241.81,95.79,2.4888,index,simulated,Synthetic Generator - Optimization,,Optimization trajectory - progress: 96.08%
1316,3,Doré Production_Entity,USA,2025-06-14,daily_state,ndc_balance,242.03,235.64,226.53,94.86,1.9675,index,simulated,Synthetic Generator - Optimization,,Optimization trajectory - progress: 96.08%
1317,4,Refining_Entity,USA,2025-06-14,daily_state,ndc_balance,270.37,250.3,224.25,86.2,0.2422,index,simulated,Synthetic Generator - Optimization,,Optimization trajectory - progress: 96.08%
1318,5,Bar Casting & Assay_Entity,USA,2025-06-14,daily_state,ndc_balance,253.12,230.86,202.76,83.88,0.198,index,simulated,Synthetic Generator - Optimization,,Optimization trajectory - progress: 96.08%
1319,6,Logistics & Vaulting_Entity,USA,2025-06-14,daily_state,ndc_balance,246.02,234.45,218.61,91.03,0.6955,index,simulated,Synthetic Generator - Optimization,,Optimization trajectory - progress: 96.08%
1320,7,Exchange Registration_Entity,USA,2025-06-14,daily_state,ndc_balance,253.28,252.67,251.77,99.52,9.6477,index,simulated,Synthetic Generator - Optimization,,Optimization trajectory - progress: 96.08%
1321,0,Geological Prospecting_Entity,USA,2025-06-15,daily_state,ndc_balance,247.57,243.37,237.27,96.66,3.6171,index,simulated,Synthetic Generator - Optimization,,Optimization trajectory - progress: 96.27%
1322,1,Mine Extraction_Entity,USA,2025-06-15,daily_state,ndc_balance,263.45,243.02,216.66,85.63,0.2338,index,simulated,Synthetic Generator - Optimization,,Optimization trajectory - progress: 96.27%
1323,2,Ore Processing_Entity,USA,2025-06-15,daily_state,ndc_balance,253.07,250.27,246.17,97.82,5.6175,index,simulated,Synthetic Generator - Optimization,,Optimization trajectory - progress: 96.27%
1324,3,Doré Production_Entity,USA,2025-06-15,daily_state,ndc_balance,258.52,240.14,216.13,86.74,0.2874,index,simulated,Synthetic Generator - Optimization,,Optimization trajectory - progress: 96.27%
1325,4,Refining_Entity,USA,2025-06-15,daily_state,ndc_balance,250.25,253.49,245.5,97.47,4.8753,index,simulated,Synthetic Generator - Optimization,,Optimization trajectory - progress: 96.27%
1326,5,Bar Casting & Assay_Entity,USA,2025-06-15,daily_state,ndc_balance,268.76,254.63,235.49,90.02,0.4772,index,simulated,Synthetic Generator - Optimization,,Optimization trajectory - progress: 96.27%
1327,6,Logistics & Vaulting_Entity,USA,2025-06-15,daily_state,ndc_balance,254.39,244.27,230.21,92.35,0.8888,index,simulated,Synthetic Generator - Optimization,,Optimization trajectory - progress: 96.27%
1328,7,Exchange Registration_Entity,USA,2025-06-15,daily_state,ndc_balance,275.89,263.33,246.08,91.3,0.5959,index,simulated,Synthetic Generator - Optimization,,Optimization trajectory - progress: 96.27%
1329,0,Geological Prospecting_Entity,USA,2025-06-16,daily_state,ndc_balance,257.45,253.37,247.45,96.89,3.7622,index,simulated,Synthetic Generator - Optimization,,Optimization trajectory - progress: 96.44%
1330,1,Mine Extraction_Entity,USA,2025-06-16,daily_state,ndc_balance,251.32,237.67,219.23,89.7,0.5092,index,simulated,Synthetic Generator - Optimization,,Optimization trajectory - progress: 96.44%
1331,2,Ore Processing_Entity,USA,2025-06-16,daily_state,ndc_balance,258.53,250.3,238.7,93.84,1.2881,index,simulated,Synthetic Generator - Optimization,,Optimization trajectory - progress: 96.44%
1332,3,Doré Production_Entity,USA,2025-06-16,daily_state,ndc_balance,241.16,245.95,234.25,96.18,3.04,index,simulated,Synthetic Generator - Optimization,,Optimization trajectory - progress: 96.44%
1333,4,Refining_Entity,USA,2025-06-16,daily_state,ndc_balance,238.15,244.27,229.4,95.11,2.1078,index,simulated,Synthetic Generator - Optimization,,Optimization trajectory - progress: 96.44%
1334,5,Bar Casting & Assay_Entity,USA,2025-06-16,daily_state,ndc_balance,246.75,229.22,206.32,86.75,0.3151,index,simulated,Synthetic Generator - Optimization,,Optimization trajectory - progress: 96.44%
1335,6,Logistics & Vaulting_Entity,USA,2025-06-16,daily_state,ndc_balance,263.68,223.56,179.09,73.76,0.0617,index,simulated,Synthetic Generator - Optimization,,Optimization trajectory - progress: 96.44%
1336,7,Exchange Registration_Entity,USA,2025-06-16,daily_state,ndc_balance,255.54,261.77,246.62,95.35,2.0496,index,simulated,Synthetic Generator - Optimization,,Optimization trajectory - progress: 96.44%
1337,0,Geological Prospecting_Entity,USA,2025-06-17,daily_state,ndc_balance,258.16,231.72,199.28,81.48,0.141,index,simulated,Synthetic Generator - Optimization,,Optimization trajectory - progress: 96.61%
1338,1,Mine Extraction_Entity,USA,2025-06-17,daily_state,ndc_balance,268.86,255.69,237.74,90.67,0.5456,index,simulated,Synthetic Generator - Optimization,,Optimization trajectory - progress: 96.61%
1339,2,Ore Processing_Entity,USA,2025-06-17,daily_state,ndc_balance,280.19,253.77,220.82,82.81,0.1412,index,simulated,Synthetic Generator - Optimization,,Optimization trajectory - progress: 96.61%
1340,3,Doré Production_Entity,USA,2025-06-17,daily_state,ndc_balance,245.11,229.23,208.23,87.85,0.3814,index,simulated,Synthetic Generator - Optimization,,Optimization trajectory - progress: 96.61%
1341,4,Refining_Entity,USA,2025-06-17,daily_state,ndc_balance,249.25,241.47,230.48,93.95,1.4176,index,simulated,Synthetic Generator - Optimization,,Optimization trajectory - progress: 96.61%
1342,5,Bar Casting & Assay_Entity,USA,2025-06-17,daily_state,ndc_balance,265.24,245.87,220.68,86.42,0.2598,index,simulated,Synthetic Generator - Optimization,,Optimization trajectory - progress: 96.61%
1343,6,Logistics & Vaulting_Entity,USA,2025-06-17,daily_state,ndc_balance,254.21,252.43,249.8,98.61,7.5927,index,simulated,Synthetic Generator - Optimization,,Optimization trajectory - progress: 96.61%
1344,7,Exchange Registration_Entity,USA,2025-06-17,daily_state,ndc_balance,237.77,265.59,203.81,81.1,0.1276,index,simulated,Synthetic Generator - Optimization,,Optimization trajectory - progress: 96.61%
1345,0,Geological Prospecting_Entity,USA,2025-06-18,daily_state,ndc_balance,252.17,247.25,240.15,96.17,2.9256,index,simulated,Synthetic Generator - Optimization,,Optimization trajectory - progress: 96.77%
1346,1,Mine Extraction_Entity,USA,2025-06-18,daily_state,ndc_balance,253.65,245.35,233.66,93.66,1.2665,index,simulated,Synthetic Generator - Optimization,,Optimization trajectory - progress: 96.77%
1347,2,Ore Processing_Entity,USA,2025-06-18,daily_state,ndc_balance,261.66,273.68,245.11,91.59,0.6476,index,simulated,Synthetic Generator - Optimization,,Optimization trajectory - progress: 96.77%
1348,3,Doré Production_Entity,USA,2025-06-18,daily_state,ndc_balance,256.49,250.56,242.05,95.48,2.2139,index,simulated,Synthetic Generator - Optimization,,Optimization trajectory - progress: 96.77%
1349,4,Refining_Entity,USA,2025-06-18,daily_state,ndc_balance,254.69,243.83,228.83,91.83,0.7815,index,simulated,Synthetic Generator - Optimization,,Optimization trajectory - progress: 96.77%
1350,5,Bar Casting & Assay_Entity,USA,2025-06-18,daily_state,ndc_balance,243.65,240.92,236.92,97.79,5.7403,index,simulated,Synthetic Generator - Optimization,,Optimization trajectory - progress: 96.77%
1351,6,Logistics & Vaulting_Entity,USA,2025-06-18,daily_state,ndc_balance,227.86,230.17,224.47,98.02,6.5324,index,simulated,Synthetic Generator - Optimization,,Optimization trajectory - progress: 96.77%
1352,7,Exchange Registration_Entity,USA,2025-06-18,daily_state,ndc_balance,255.69,251.15,244.56,96.51,3.2657,index,simulated,Synthetic Generator - Optimization,,Optimization trajectory - progress: 96.77%
1353,0,Geological Prospecting_Entity,USA,2025-06-19,daily_state,ndc_balance,252.86,246.62,237.71,95.19,2.0479,index,simulated,Synthetic Generator - Optimization,,Optimization trajectory - progress: 96.92%
1354,1,Mine Extraction_Entity,USA,2025-06-19,daily_state,ndc_balance,261.7,247.19,227.64,89.5,0.4534,index,simulated,Synthetic Generator - Optimization,,Optimization trajectory - progress: 96.92%
1355,2,Ore Processing_Entity,USA,2025-06-19,daily_state,ndc_balance,237.06,244.19,226.95,94.33,1.645,index,simulated,Synthetic Generator - Optimization,,Optimization trajectory - progress: 96.92%
1356,3,Doré Production_Entity,USA,2025-06-19,daily_state,ndc_balance,236.66,242.66,228.08,95.17,2.1736,index,simulated,Synthetic Generator - Optimization,,Optimization trajectory - progress: 96.92%
1357,4,Refining_Entity,USA,2025-06-19,daily_state,ndc_balance,265.63,259.32,250.29,95.36,2.0088,index,simulated,Synthetic Generator - Optimization,,Optimization trajectory - progress: 96.92%
1358,5,Bar Casting & Assay_Entity,USA,2025-06-19,daily_state,ndc_balance,258.95,244.57,225.2,89.49,0.4612,index,simulated,Synthetic Generator - Optimization,,Optimization trajectory - progress: 96.92%
1359,6,Logistics & Vaulting_Entity,USA,2025-06-19,daily_state,ndc_balance,243.01,230.07,212.56,89.9,0.5633,index,simulated,Synthetic Generator - Optimization,,Optimization trajectory - progress: 96.92%
1360,7,Exchange Registration_Entity,USA,2025-06-19,daily_state,ndc_balance,246.16,262.92,223.94,88.03,0.3437,index,simulated,Synthetic Generator - Optimization,,Optimization trajectory - progress: 96.92%
1361,0,Geological Prospecting_Entity,USA,2025-06-20,daily_state,ndc_balance,249.72,230.63,205.97,85.82,0.2672,index,simulated,Synthetic Generator - Optimization,,Optimization trajectory - progress: 97.07%
1362,1,Mine Extraction_Entity,USA,2025-06-20,daily_state,ndc_balance,253.49,244.42,231.73,93.09,1.0841,index,simulated,Synthetic Generator - Optimization,,Optimization trajectory - progress: 97.07%
1363,2,Ore Processing_Entity,USA,2025-06-20,daily_state,ndc_balance,257.04,260.71,251.69,97.23,4.2632,index,simulated,Synthetic Generator - Optimization,,Optimization trajectory - progress: 97.07%
1364,3,Doré Production_Entity,USA,2025-06-20,daily_state,ndc_balance,242.84,215.57,182.77,79.88,0.1327,index,simulated,Synthetic Generator - Optimization,,Optimization trajectory - progress: 97.07%
1365,4,Refining_Entity,USA,2025-06-20,daily_state,ndc_balance,254.57,248.47,239.74,95.32,2.1184,index,simulated,Synthetic Generator - Optimization,,Optimization trajectory - progress: 97.07%
1366,5,Bar Casting & Assay_Entity,USA,2025-06-20,daily_state,ndc_balance,249.07,239.73,226.7,92.78,1.0289,index,simulated,Synthetic Generator - Optimization,,Optimization trajectory - progress: 97.07%
1367,6,Logistics & Vaulting_Entity,USA,2025-06-20,daily_state,ndc_balance,250.25,238.32,221.99,90.9,0.6559,index,simulated,Synthetic Generator - Optimization,,Optimization trajectory - progress: 97.07%
1368,7,Exchange Registration_Entity,USA,2025-06-20,daily_state,ndc_balance,260.92,257.22,251.82,97.2,4.2171,index,simulated,Synthetic Generator - Optimization,,Optimization trajectory - progress: 97.07%
1369,0,Geological Prospecting_Entity,USA,2025-06-21,daily_state,ndc_balance,247.1,238.32,226.02,93.14,1.1486,index,simulated,Synthetic Generator - Optimization,,Optimization trajectory - progress: 97.21%
1370,1,Mine Extraction_Entity,USA,2025-06-21,daily_state,ndc_balance,275.48,258.78,236.51,88.58,0.3462,index,simulated,Synthetic Generator - Optimization,,Optimization trajectory - progress: 97.21%
1371,2,Ore Processing_Entity,USA,2025-06-21,daily_state,ndc_balance,264.81,262.39,258.83,98.19,6.3163,index,simulated,Synthetic Generator - Optimization,,Optimization trajectory - progress: 97.21%
1372,3,Doré Production_Entity,USA,2025-06-21,daily_state,ndc_balance,251.52,247.47,241.58,96.83,3.791,index,simulated,Synthetic Generator - Optimization,,Optimization trajectory - progress: 97.21%
1373,4,Refining_Entity,USA,2025-06-21,daily_state,ndc_balance,240.6,252.17,224.73,91.23,0.6953,index,simulated,Synthetic Generator - Optimization,,Optimization trajectory - progress: 97.21%
1374,5,Bar Casting & Assay_Entity,USA,2025-06-21,daily_state,ndc_balance,249.43,262.88,231.16,90.27,0.5239,index,simulated,Synthetic Generator - Optimization,,Optimization trajectory - progress: 97.21%
1375,6,Logistics & Vaulting_Entity,USA,2025-06-21,daily_state,ndc_balance,257.21,231.46,199.73,81.86,0.1486,index,simulated,Synthetic Generator - Optimization,,Optimization trajectory - progress: 97.21%
1376,7,Exchange Registration_Entity,USA,2025-06-21,daily_state,ndc_balance,264.84,254.86,240.94,92.74,0.9119,index,simulated,Synthetic Generator - Optimization,,Optimization trajectory - progress: 97.21%
1377,0,Geological Prospecting_Entity,USA,2025-06-22,daily_state,ndc_balance,255.87,233.08,204.36,83.68,0.1889,index,simulated,Synthetic Generator - Optimization,,Optimization trajectory - progress: 97.34%
1378,1,Mine Extraction_Entity,USA,2025-06-22,daily_state,ndc_balance,265.2,250.99,231.78,89.84,0.4721,index,simulated,Synthetic Generator - Optimization,,Optimization trajectory - progress: 97.34%
1379,2,Ore Processing_Entity,USA,2025-06-22,daily_state,ndc_balance,259.29,242.97,221.32,88.18,0.3622,index,simulated,Synthetic Generator - Optimization,,Optimization trajectory - progress: 97.34%
1380,3,Doré Production_Entity,USA,2025-06-22,daily_state,ndc_balance,240.35,250.01,226.89,92.56,0.9673,index,simulated,Synthetic Generator - Optimization,,Optimization trajectory - progress: 97.34%
1381,4,Refining_Entity,USA,2025-06-22,daily_state,ndc_balance,245.81,240.44,232.71,95.72,2.5721,index,simulated,Synthetic Generator - Optimization,,Optimization trajectory - progress: 97.34%
1382,5,Bar Casting & Assay_Entity,USA,2025-06-22,daily_state,ndc_balance,250.68,238.47,221.81,90.72,0.6287,index,simulated,Synthetic Generator - Optimization,,Optimization trajectory - progress: 97.34%
1383,6,Logistics & Vaulting_Entity,USA,2025-06-22,daily_state,ndc_balance,238.94,238.92,238.89,99.98,9.9996,index,simulated,Synthetic Generator - Optimization,,Optimization trajectory - progress: 97.34%
1384,7,Exchange Registration_Entity,USA,2025-06-22,daily_state,ndc_balance,246.01,243.19,239.05,97.73,5.5674,index,simulated,Synthetic Generator - Optimization,,Optimization trajectory - progress: 97.34%
1385,0,Geological Prospecting_Entity,USA,2025-06-23,daily_state,ndc_balance,271.81,247.95,217.8,83.9,0.1726,index,simulated,Synthetic Generator - Optimization,,Optimization trajectory - progress: 97.47%
1386,1,Mine Extraction_Entity,USA,2025-06-23,daily_state,ndc_balance,254.05,257.54,248.97,97.33,4.5211,index,simulated,Synthetic Generator - Optimization,,Optimization trajectory - progress: 97.47%
1387,2,Ore Processing_Entity,USA,2025-06-23,daily_state,ndc_balance,262.07,260.25,257.55,98.62,7.5123,index,simulated,Synthetic Generator - Optimization,,Optimization trajectory - progress: 97.47%
1388,3,Doré Production_Entity,USA,2025-06-23,daily_state,ndc_balance,244.87,248.12,240.11,97.41,4.8633,index,simulated,Synthetic Generator - Optimization,,Optimization trajectory - progress: 97.47%
1389,4,Refining_Entity,USA,2025-06-23,daily_state,ndc_balance,235.88,239.74,230.27,96.83,4.0193,index,simulated,Synthetic Generator - Optimization,,Optimization trajectory - progress: 97.47%
1390,5,Bar Casting & Assay_Entity,USA,2025-06-23,daily_state,ndc_balance,252.78,249.57,244.88,97.5,4.9329,index,simulated,Synthetic Generator - Optimization,,Optimization trajectory - progress: 97.47%
1391,6,Logistics & Vaulting_Entity,USA,2025-06-23,daily_state,ndc_balance,238.54,240.57,235.55,98.33,7.0909,index,simulated,Synthetic Generator - Optimization,,Optimization trajectory - progress: 97.47%
1392,7,Exchange Registration_Entity,USA,2025-06-23,daily_state,ndc_balance,254.77,250.58,244.49,96.76,3.6277,index,simulated,Synthetic Generator - Optimization,,Optimization trajectory - progress: 97.47%
1393,0,Geological Prospecting_Entity,USA,2025-06-24,daily_state,ndc_balance,261.45,252.52,239.98,93.39,1.1136,index,simulated,Synthetic Generator - Optimization,,Optimization trajectory - progress: 97.59%
1394,1,Mine Extraction_Entity,USA,2025-06-24,daily_state,ndc_balance,251.48,242.86,230.76,93.38,1.1867,index,simulated,Synthetic Generator - Optimization,,Optimization trajectory - progress: 97.59%
1395,2,Ore Processing_Entity,USA,2025-06-24,daily_state,ndc_balance,252.22,250.12,247.02,98.35,6.9412,index,simulated,Synthetic Generator - Optimization,,Optimization trajectory - progress: 97.59%
1396,3,Doré Production_Entity,USA,2025-06-24,daily_state,ndc_balance,239.51,248.84,226.49,92.77,1.0301,index,simulated,Synthetic Generator - Optimization,,Optimization trajectory - progress: 97.59%
1397,4,Refining_Entity,USA,2025-06-24,daily_state,ndc_balance,259.68,254.44,246.89,96.05,2.6727,index,simulated,Synthetic Generator - Optimization,,Optimization trajectory - progress: 97.59%
1398,5,Bar Casting & Assay_Entity,USA,2025-06-24,daily_state,ndc_balance,238.42,258.03,213.05,85.9,0.2534,index,simulated,Synthetic Generator - Optimization,,Optimization trajectory - progress: 97.59%
1399,6,Logistics & Vaulting_Entity,USA,2025-06-24,daily_state,ndc_balance,219.33,246.41,186.61,80.27,0.1345,index,simulated,Synthetic Generator - Optimization,,Optimization trajectory - progress: 97.59%
1400,7,Exchange Registration_Entity,USA,2025-06-24,daily_state,ndc_balance,270.31,249.11,221.82,85.48,0.2176,index,simulated,Synthetic Generator - Optimization,,Optimization trajectory - progress: 97.59%
1401,0,Geological Prospecting_Entity,USA,2025-06-25,daily_state,ndc_balance,263.88,242.88,215.9,85.28,0.2217,index,simulated,Synthetic Generator - Optimization,,Optimization trajectory - progress: 97.70%
1402,1,Mine Extraction_Entity,USA,2025-06-25,daily_state,ndc_balance,262.0,256.9,249.53,96.18,2.7761,index,simulated,Synthetic Generator - Optimization,,Optimization trajectory - progress: 97.70%
1403,2,Ore Processing_Entity,USA,2025-06-25,daily_state,ndc_balance,288.13,263.9,233.07,84.52,0.1676,index,simulated,Synthetic Generator - Optimization,,Optimization trajectory - progress: 97.70%
1404,3,Doré Production_Entity,USA,2025-06-25,daily_state,ndc_balance,253.05,229.38,199.82,82.94,0.1754,index,simulated,Synthetic Generator - Optimization,,Optimization trajectory - progress: 97.70%
1405,4,Refining_Entity,USA,2025-06-25,daily_state,ndc_balance,257.58,242.33,221.93,88.83,0.412,index,simulated,Synthetic Generator - Optimization,,Optimization trajectory - progress: 97.70%
1406,5,Bar Casting & Assay_Entity,USA,2025-06-25,daily_state,ndc_balance,259.26,247.84,232.12,91.57,0.713,index,simulated,Synthetic Generator - Optimization,,Optimization trajectory - progress: 97.70%
1407,6,Logistics & Vaulting_Entity,USA,2025-06-25,daily_state,ndc_balance,236.17,238.97,232.05,97.68,5.5954,index,simulated,Synthetic Generator - Optimization,,Optimization trajectory - progress: 97.70%
1408,7,Exchange Registration_Entity,USA,2025-06-25,daily_state,ndc_balance,252.42,255.02,248.61,97.99,5.9782,index,simulated,Synthetic Generator - Optimization,,Optimization trajectory - progress: 97.70%
1409,0,Geological Prospecting_Entity,USA,2025-06-26,daily_state,ndc_balance,242.5,243.85,240.5,98.9,8.4598,index,simulated,Synthetic Generator - Optimization,,Optimization trajectory - progress: 97.81%
1410,1,Mine Extraction_Entity,USA,2025-06-26,daily_state,ndc_balance,268.82,253.05,231.94,88.93,0.3865,index,simulated,Synthetic Generator - Optimization,,Optimization trajectory - progress: 97.81%
1411,2,Ore Processing_Entity,USA,2025-06-26,daily_state,ndc_balance,252.29,252.57,251.89,99.78,9.9265,index,simulated,Synthetic Generator - Optimization,,Optimization trajectory - progress: 97.81%
1412,3,Doré Production_Entity,USA,2025-06-26,daily_state,ndc_balance,252.96,227.51,196.17,81.77,0.152,index,simulated,Synthetic Generator - Optimization,,Optimization trajectory - progress: 97.81%
1413,4,Refining_Entity,USA,2025-06-26,daily_state,ndc_balance,258.7,263.71,251.46,96.27,2.85,index,simulated,Synthetic Generator - Optimization,,Optimization trajectory - progress: 97.81%
1414,5,Bar Casting & Assay_Entity,USA,2025-06-26,daily_state,ndc_balance,256.72,247.09,233.65,92.77,0.9731,index,simulated,Synthetic Generator - Optimization,,Optimization trajectory - progress: 97.81%
1415,6,Logistics & Vaulting_Entity,USA,2025-06-26,daily_state,ndc_balance,253.69,242.77,227.7,91.75,0.7737,index,simulated,Synthetic Generator - Optimization,,Optimization trajectory - progress: 97.81%
1416,7,Exchange Registration_Entity,USA,2025-06-26,daily_state,ndc_balance,268.41,233.34,192.71,77.0,0.0806,index,simulated,Synthetic Generator - Optimization,,Optimization trajectory - progress: 97.81%
1417,0,Geological Prospecting_Entity,USA,2025-06-27,daily_state,ndc_balance,235.51,253.69,211.78,86.64,0.2935,index,simulated,Synthetic Generator - Optimization,,Optimization trajectory - progress: 97.92%
1418,1,Mine Extraction_Entity,USA,2025-06-27,daily_state,ndc_balance,246.2,257.66,230.42,91.49,0.7071,index,simulated,Synthetic Generator - Optimization,,Optimization trajectory - progress: 97.92%
1419,2,Ore Processing_Entity,USA,2025-06-27,daily_state,ndc_balance,252.63,240.64,224.24,90.95,0.651,index,simulated,Synthetic Generator - Optimization,,Optimization trajectory - progress: 97.92%
1420,3,Doré Production_Entity,USA,2025-06-27,daily_state,ndc_balance,249.43,240.66,228.35,93.2,1.1487,index,simulated,Synthetic Generator - Optimization,,Optimization trajectory - progress: 97.92%
1421,4,Refining_Entity,USA,2025-06-27,daily_state,ndc_balance,277.15,244.36,205.4,78.93,0.0922,index,simulated,Synthetic Generator - Optimization,,Optimization trajectory - progress: 97.92%
1422,5,Bar Casting & Assay_Entity,USA,2025-06-27,daily_state,ndc_balance,265.34,250.11,229.67,89.15,0.4132,index,simulated,Synthetic Generator - Optimization,,Optimization trajectory - progress: 97.92%
1423,6,Logistics & Vaulting_Entity,USA,2025-06-27,daily_state,ndc_balance,240.58,246.33,232.33,95.44,2.3235,index,simulated,Synthetic Generator - Optimization,,Optimization trajectory - progress: 97.92%
1424,7,Exchange Registration_Entity,USA,2025-06-27,daily_state,ndc_balance,266.49,254.0,236.9,91.05,0.6027,index,simulated,Synthetic Generator - Optimization,,Optimization trajectory - progress: 97.92%
1425,0,Geological Prospecting_Entity,USA,2025-06-28,daily_state,ndc_balance,253.65,237.74,216.61,88.21,0.3798,index,simulated,Synthetic Generator - Optimization,,Optimization trajectory - progress: 98.02%
1426,1,Mine Extraction_Entity,USA,2025-06-28,daily_state,ndc_balance,252.93,261.3,241.13,93.79,1.2485,index,simulated,Synthetic Generator - Optimization,,Optimization trajectory - progress: 98.02%
1427,2,Ore Processing_Entity,USA,2025-06-28,daily_state,ndc_balance,253.85,249.87,244.07,96.91,3.8676,index,simulated,Synthetic Generator - Optimization,,Optimization trajectory - progress: 98.02%
1428,3,Doré Production_Entity,USA,2025-06-28,daily_state,ndc_balance,248.69,241.36,230.98,94.28,1.57,index,simulated,Synthetic Generator - Optimization,,Optimization trajectory - progress: 98.02%
1429,4,Refining_Entity,USA,2025-06-28,daily_state,ndc_balance,241.7,263.53,213.84,84.73,0.2054,index,simulated,Synthetic Generator - Optimization,,Optimization trajectory - progress: 98.02%
1430,5,Bar Casting & Assay_Entity,USA,2025-06-28,daily_state,ndc_balance,252.1,244.62,234.03,94.24,1.5162,index,simulated,Synthetic Generator - Optimization,,Optimization trajectory - progress: 98.02%
1431,6,Logistics & Vaulting_Entity,USA,2025-06-28,daily_state,ndc_balance,251.39,240.78,226.11,91.9,0.8154,index,simulated,Synthetic Generator - Optimization,,Optimization trajectory - progress: 98.02%
1432,7,Exchange Registration_Entity,USA,2025-06-28,daily_state,ndc_balance,268.46,259.09,245.95,93.25,1.0217,index,simulated,Synthetic Generator - Optimization,,Optimization trajectory - progress: 98.02%
1433,0,Geological Prospecting_Entity,USA,2025-06-29,daily_state,ndc_balance,258.12,257.28,256.03,99.35,9.3395,index,simulated,Synthetic Generator - Optimization,,Optimization trajectory - progress: 98.11%
1434,1,Mine Extraction_Entity,USA,2025-06-29,daily_state,ndc_balance,269.97,252.17,228.68,87.64,0.3059,index,simulated,Synthetic Generator - Optimization,,Optimization trajectory - progress: 98.11%
1435,2,Ore Processing_Entity,USA,2025-06-29,daily_state,ndc_balance,244.81,267.41,216.07,84.45,0.192,index,simulated,Synthetic Generator - Optimization,,Optimization trajectory - progress: 98.11%
1436,3,Doré Production_Entity,USA,2025-06-29,daily_state,ndc_balance,243.47,234.04,220.91,92.54,1.0105,index,simulated,Synthetic Generator - Optimization,,Optimization trajectory - progress: 98.11%
1437,4,Refining_Entity,USA,2025-06-29,daily_state,ndc_balance,238.58,254.12,217.88,88.49,0.3975,index,simulated,Synthetic Generator - Optimization,,Optimization trajectory - progress: 98.11%
1438,5,Bar Casting & Assay_Entity,USA,2025-06-29,daily_state,ndc_balance,252.34,231.56,205.03,84.82,0.2265,index,simulated,Synthetic Generator - Optimization,,Optimization trajectory - progress: 98.11%
1439,6,Logistics & Vaulting_Entity,USA,2025-06-29,daily_state,ndc_balance,251.52,233.51,210.01,86.66,0.2991,index,simulated,Synthetic Generator - Optimization,,Optimization trajectory - progress: 98.11%
1440,7,Exchange Registration_Entity,USA,2025-06-29,daily_state,ndc_balance,287.66,248.08,202.87,75.94,0.0634,index,simulated,Synthetic Generator - Optimization,,Optimization trajectory - progress: 98.11%
1441,0,Geological Prospecting_Entity,USA,2025-06-30,daily_state,ndc_balance,246.55,235.08,219.37,91.12,0.7071,index,simulated,Synthetic Generator - Optimization,,Optimization trajectory - progress: 98.20%
1442,1,Mine Extraction_Entity,USA,2025-06-30,daily_state,ndc_balance,273.86,250.1,220.03,84.07,0.1741,index,simulated,Synthetic Generator - Optimization,,Optimization trajectory - progress: 98.20%
1443,2,Ore Processing_Entity,USA,2025-06-30,daily_state,ndc_balance,248.74,257.86,235.96,93.17,1.0723,index,simulated,Synthetic Generator - Optimization,,Optimization trajectory - progress: 98.20%
1444,3,Doré Production_Entity,USA,2025-06-30,daily_state,ndc_balance,232.01,245.08,214.32,89.88,0.5525,index,simulated,Synthetic Generator - Optimization,,Optimization trajectory - progress: 98.20%
1445,4,Refining_Entity,USA,2025-06-30,daily_state,ndc_balance,273.71,256.46,233.57,88.16,0.3251,index,simulated,Synthetic Generator - Optimization,,Optimization trajectory - progress: 98.20%
1446,5,Bar Casting & Assay_Entity,USA,2025-06-30,daily_state,ndc_balance,257.19,255.48,252.94,98.68,7.7358,index,simulated,Synthetic Generator - Optimization,,Optimization trajectory - progress: 98.20%
1447,6,Logistics & Vaulting_Entity,USA,2025-06-30,daily_state,ndc_balance,263.99,250.66,232.53,90.4,0.5331,index,simulated,Synthetic Generator - Optimization,,Optimization trajectory - progress: 98.20%
1448,7,Exchange Registration_Entity,USA,2025-06-30,daily_state,ndc_balance,265.12,262.87,259.55,98.32,6.6463,index,simulated,Synthetic Generator - Optimization,,Optimization trajectory - progress: 98.20%
1449,0,Geological Prospecting_Entity,USA,2025-07-01,daily_state,ndc_balance,242.0,251.65,228.55,92.62,0.9692,index,simulated,Synthetic Generator - Optimization,,Optimization trajectory - progress: 98.29%
1450,1,Mine Extraction_Entity,USA,2025-07-01,daily_state,ndc_balance,250.97,250.22,249.09,99.4,9.4605,index,simulated,Synthetic Generator - Optimization,,Optimization trajectory - progress: 98.29%
1451,2,Ore Processing_Entity,USA,2025-07-01,daily_state,ndc_balance,225.12,254.87,189.66,79.18,0.1117,index,simulated,Synthetic Generator - Optimization,,Optimization trajectory - progress: 98.29%
1452,3,Doré Production_Entity,USA,2025-07-01,daily_state,ndc_balance,239.33,250.0,224.6,91.82,0.8079,index,simulated,Synthetic Generator - Optimization,,Optimization trajectory - progress: 98.29%
1453,4,Refining_Entity,USA,2025-07-01,daily_state,ndc_balance,259.76,262.09,256.31,98.23,6.4705,index,simulated,Synthetic Generator - Optimization,,Optimization trajectory - progress: 98.29%
1454,5,Bar Casting & Assay_Entity,USA,2025-07-01,daily_state,ndc_balance,239.93,257.22,217.19,87.42,0.3239,index,simulated,Synthetic Generator - Optimization,,Optimization trajectory - progress: 98.29%
1455,6,Logistics & Vaulting_Entity,USA,2025-07-01,daily_state,ndc_balance,267.86,246.27,218.61,85.11,0.2101,index,simulated,Synthetic Generator - Optimization,,Optimization trajectory - progress: 98.29%
1456,7,Exchange Registration_Entity,USA,2025-07-01,daily_state,ndc_balance,268.59,255.58,237.82,90.77,0.5582,index,simulated,Synthetic Generator - Optimization,,Optimization trajectory - progress: 98.29%
1457,0,Geological Prospecting_Entity,USA,2025-07-02,daily_state,ndc_balance,245.57,251.55,236.99,95.35,2.1831,index,simulated,Synthetic Generator - Optimization,,Optimization trajectory - progress: 98.37%
1458,1,Mine Extraction_Entity,USA,2025-07-02,daily_state,ndc_balance,245.92,249.76,240.32,96.97,4.0343,index,simulated,Synthetic Generator - Optimization,,Optimization trajectory - progress: 98.37%
1459,2,Ore Processing_Entity,USA,2025-07-02,daily_state,ndc_balance,238.19,243.87,230.03,95.44,2.3629,index,simulated,Synthetic Generator - Optimization,,Optimization trajectory - progress: 98.37%
1460,3,Doré Production_Entity,USA,2025-07-02,daily_state,ndc_balance,252.15,243.99,232.5,93.73,1.3058,index,simulated,Synthetic Generator - Optimization,,Optimization trajectory - progress: 98.37%
1461,4,Refining_Entity,USA,2025-07-02,daily_state,ndc_balance,256.32,252.61,247.2,97.14,4.2047,index,simulated,Synthetic Generator - Optimization,,Optimization trajectory - progress: 98.37%
1462,5,Bar Casting & Assay_Entity,USA,2025-07-02,daily_state,ndc_balance,231.87,243.17,216.4,91.13,0.7274,index,simulated,Synthetic Generator - Optimization,,Optimization trajectory - progress: 98.37%
1463,6,Logistics & Vaulting_Entity,USA,2025-07-02,daily_state,ndc_balance,239.9,232.11,221.13,93.71,1.4138,index,simulated,Synthetic Generator - Optimization,,Optimization trajectory - progress: 98.37%
1464,7,Exchange Registration_Entity,USA,2025-07-02,daily_state,ndc_balance,266.65,245.34,217.98,85.23,0.2154,index,simulated,Synthetic Generator - Optimization,,Optimization trajectory - progress: 98.37%
1465,0,Geological Prospecting_Entity,USA,2025-07-03,daily_state,ndc_balance,244.73,223.12,195.85,83.81,0.2097,index,simulated,Synthetic Generator - Optimization,,Optimization trajectory - progress: 98.45%
1466,1,Mine Extraction_Entity,USA,2025-07-03,daily_state,ndc_balance,257.99,243.11,223.16,89.11,0.4323,index,simulated,Synthetic Generator - Optimization,,Optimization trajectory - progress: 98.45%
1467,2,Ore Processing_Entity,USA,2025-07-03,daily_state,ndc_balance,256.65,241.45,221.13,88.83,0.4151,index,simulated,Synthetic Generator - Optimization,,Optimization trajectory - progress: 98.45%
1468,3,Doré Production_Entity,USA,2025-07-03,daily_state,ndc_balance,246.74,237.54,224.7,92.81,1.0567,index,simulated,Synthetic Generator - Optimization,,Optimization trajectory - progress: 98.45%
1469,4,Refining_Entity,USA,2025-07-03,daily_state,ndc_balance,272.5,255.93,233.85,88.55,0.3517,index,simulated,Synthetic Generator - Optimization,,Optimization trajectory - progress: 98.45%
1470,5,Bar Casting & Assay_Entity,USA,2025-07-03,daily_state,ndc_balance,232.3,234.3,229.36,98.31,7.1556,index,simulated,Synthetic Generator - Optimization,,Optimization trajectory - progress: 98.45%
1471,6,Logistics & Vaulting_Entity,USA,2025-07-03,daily_state,ndc_balance,247.18,229.46,206.34,86.64,0.3086,index,simulated,Synthetic Generator - Optimization,,Optimization trajectory - progress: 98.45%
1472,7,Exchange Registration_Entity,USA,2025-07-03,daily_state,ndc_balance,230.94,267.49,189.11,76.09,0.0743,index,simulated,Synthetic Generator - Optimization,,Optimization trajectory - progress: 98.45%
1473,0,Geological Prospecting_Entity,USA,2025-07-04,daily_state,ndc_balance,257.94,249.25,237.03,93.48,1.169,index,simulated,Synthetic Generator - Optimization,,Optimization trajectory - progress: 98.52%
1474,1,Mine Extraction_Entity,USA,2025-07-04,daily_state,ndc_balance,254.81,258.32,249.69,97.32,4.4898,index,simulated,Synthetic Generator - Optimization,,Optimization trajectory - progress: 98.52%
1475,2,Ore Processing_Entity,USA,2025-07-04,daily_state,ndc_balance,248.77,253.06,242.54,96.67,3.5209,index,simulated,Synthetic Generator - Optimization,,Optimization trajectory - progress: 98.52%
1476,3,Doré Production_Entity,USA,2025-07-04,daily_state,ndc_balance,236.46,254.2,213.23,86.97,0.3078,index,simulated,Synthetic Generator - Optimization,,Optimization trajectory - progress: 98.52%
1477,4,Refining_Entity,USA,2025-07-04,daily_state,ndc_balance,240.04,263.33,210.64,83.78,0.1809,index,simulated,Synthetic Generator - Optimization,,Optimization trajectory - progress: 98.52%
1478,5,Bar Casting & Assay_Entity,USA,2025-07-04,daily_state,ndc_balance,251.05,242.1,229.56,93.12,1.1091,index,simulated,Synthetic Generator - Optimization,,Optimization trajectory - progress: 98.52%
1479,6,Logistics & Vaulting_Entity,USA,2025-07-04,daily_state,ndc_balance,248.22,246.15,243.1,98.35,7.0009,index,simulated,Synthetic Generator - Optimization,,Optimization trajectory - progress: 98.52%
1480,7,Exchange Registration_Entity,USA,2025-07-04,daily_state,ndc_balance,274.26,257.17,234.46,88.28,0.3312,index,simulated,Synthetic Generator - Optimization,,Optimization trajectory - progress: 98.52%
1481,0,Geological Prospecting_Entity,USA,2025-07-05,daily_state,ndc_balance,241.8,244.64,237.62,97.7,5.525,index,simulated,Synthetic Generator - Optimization,,Optimization trajectory - progress: 98.59%
1482,1,Mine Extraction_Entity,USA,2025-07-05,daily_state,ndc_balance,279.01,267.56,251.7,92.12,0.7088,index,simulated,Synthetic Generator - Optimization,,Optimization trajectory - progress: 98.59%
1483,2,Ore Processing_Entity,USA,2025-07-05,daily_state,ndc_balance,264.86,259.01,250.61,95.68,2.2634,index,simulated,Synthetic Generator - Optimization,,Optimization trajectory - progress: 98.59%
1484,3,Doré Production_Entity,USA,2025-07-05,daily_state,ndc_balance,252.63,250.67,247.79,98.46,7.237,index,simulated,Synthetic Generator - Optimization,,Optimization trajectory - progress: 98.59%
1485,4,Refining_Entity,USA,2025-07-05,daily_state,ndc_balance,251.14,237.51,219.1,89.71,0.5108,index,simulated,Synthetic Generator - Optimization,,Optimization trajectory - progress: 98.59%
1486,5,Bar Casting & Assay_Entity,USA,2025-07-05,daily_state,ndc_balance,251.32,238.87,221.9,90.56,0.6056,index,simulated,Synthetic Generator - Optimization,,Optimization trajectory - progress: 98.59%
1487,6,Logistics & Vaulting_Entity,USA,2025-07-05,daily_state,ndc_balance,235.93,231.67,225.51,96.46,3.5588,index,simulated,Synthetic Generator - Optimization,,Optimization trajectory - progress: 98.59%
1488,7,Exchange Registration_Entity,USA,2025-07-05,daily_state,ndc_balance,285.42,255.45,218.87,81.06,0.1101,index,simulated,Synthetic Generator - Optimization,,Optimization trajectory - progress: 98.59%
1489,0,Geological Prospecting_Entity,USA,2025-07-06,daily_state,ndc_balance,254.29,231.91,203.64,83.86,0.1957,index,simulated,Synthetic Generator - Optimization,,Optimization trajectory - progress: 98.66%
1490,1,Mine Extraction_Entity,USA,2025-07-06,daily_state,ndc_balance,242.37,245.94,237.15,97.14,4.3916,index,simulated,Synthetic Generator - Optimization,,Optimization trajectory - progress: 98.66%
1491,2,Ore Processing_Entity,USA,2025-07-06,daily_state,ndc_balance,270.12,254.45,233.44,89.04,0.3912,index,simulated,Synthetic Generator - Optimization,,Optimization trajectory - progress: 98.66%
1492,3,Doré Production_Entity,USA,2025-07-06,daily_state,ndc_balance,251.59,246.52,239.2,96.05,2.7985,index,simulated,Synthetic Generator - Optimization,,Optimization trajectory - progress: 98.66%
1493,4,Refining_Entity,USA,2025-07-06,daily_state,ndc_balance,249.76,264.98,229.33,89.14,0.4135,index,simulated,Synthetic Generator - Optimization,,Optimization trajectory - progress: 98.66%
1494,5,Bar Casting & Assay_Entity,USA,2025-07-06,daily_state,ndc_balance,244.27,261.15,221.95,87.87,0.3391,index,simulated,Synthetic Generator - Optimization,,Optimization trajectory - progress: 98.66%
1495,6,Logistics & Vaulting_Entity,USA,2025-07-06,daily_state,ndc_balance,250.83,221.04,185.68,78.86,0.1114,index,simulated,Synthetic Generator - Optimization,,Optimization trajectory - progress: 98.66%
1496,7,Exchange Registration_Entity,USA,2025-07-06,daily_state,ndc_balance,253.06,236.28,214.16,87.58,0.3432,index,simulated,Synthetic Generator - Optimization,,Optimization trajectory - progress: 98.66%
1497,0,Geological Prospecting_Entity,USA,2025-07-07,daily_state,ndc_balance,262.27,243.92,219.91,86.94,0.2886,index,simulated,Synthetic Generator - Optimization,,Optimization trajectory - progress: 98.73%
1498,1,Mine Extraction_Entity,USA,2025-07-07,daily_state,ndc_balance,238.48,257.93,213.3,86.0,0.2576,index,simulated,Synthetic Generator - Optimization,,Optimization trajectory - progress: 98.73%
1499,2,Ore Processing_Entity,USA,2025-07-07,daily_state,ndc_balance,250.33,236.31,217.44,89.4,0.4841,index,simulated,Synthetic Generator - Optimization,,Optimization trajectory - progress: 98.73%
1500,3,Doré Production_Entity,USA,2025-07-07,daily_state,ndc_balance,262.35,240.24,212.12,84.49,0.2005,index,simulated,Synthetic Generator - Optimization,,Optimization trajectory - progress: 98.73%
1501,4,Refining_Entity,USA,2025-07-07,daily_state,ndc_balance,252.7,247.15,239.17,95.7,2.4503,index,simulated,Synthetic Generator - Optimization,,Optimization trajectory - progress: 98.73%
1502,5,Bar Casting & Assay_Entity,USA,2025-07-07,daily_state,ndc_balance,235.44,234.09,232.08,98.86,8.4535,index,simulated,Synthetic Generator - Optimization,,Optimization trajectory - progress: 98.73%
1503,6,Logistics & Vaulting_Entity,USA,2025-07-07,daily_state,ndc_balance,259.19,234.24,203.26,82.49,0.1582,index,simulated,Synthetic Generator - Optimization,,Optimization trajectory - progress: 98.73%
1504,7,Exchange Registration_Entity,USA,2025-07-07,daily_state,ndc_balance,260.73,233.73,200.68,81.29,0.1353,index,simulated,Synthetic Generator - Optimization,,Optimization trajectory - progress: 98.73%
1505,0,Geological Prospecting_Entity,USA,2025-07-08,daily_state,ndc_balance,237.43,250.31,219.93,90.22,0.5682,index,simulated,Synthetic Generator - Optimization,,Optimization trajectory - progress: 98.79%
1506,1,Mine Extraction_Entity,USA,2025-07-08,daily_state,ndc_balance,264.5,271.75,254.19,94.81,1.6019,index,simulated,Synthetic Generator - Optimization,,Optimization trajectory - progress: 98.79%
1507,2,Ore Processing_Entity,USA,2025-07-08,daily_state,ndc_balance,269.1,248.88,222.69,86.05,0.2388,index,simulated,Synthetic Generator - Optimization,,Optimization trajectory - progress: 98.79%
1508,3,Doré Production_Entity,USA,2025-07-08,daily_state,ndc_balance,250.28,236.05,216.93,89.25,0.4706,index,simulated,Synthetic Generator - Optimization,,Optimization trajectory - progress: 98.79%
1509,4,Refining_Entity,USA,2025-07-08,daily_state,ndc_balance,276.15,262.68,244.29,90.7,0.5218,index,simulated,Synthetic Generator - Optimization,,Optimization trajectory - progress: 98.79%
1510,5,Bar Casting & Assay_Entity,USA,2025-07-08,daily_state,ndc_balance,252.24,249.18,244.69,97.6,5.1588,index,simulated,Synthetic Generator - Optimization,,Optimization trajectory - progress: 98.79%
1511,6,Logistics & Vaulting_Entity,USA,2025-07-08,daily_state,ndc_balance,260.72,244.83,223.64,88.52,0.3807,index,simulated,Synthetic Generator - Optimization,,Optimization trajectory - progress: 98.79%
1512,7,Exchange Registration_Entity,USA,2025-07-08,daily_state,ndc_balance,276.07,232.28,184.38,72.81,0.0519,index,simulated,Synthetic Generator - Optimization,,Optimization trajectory - progress: 98.79%
1513,0,Geological Prospecting_Entity,USA,2025-07-09,daily_state,ndc_balance,255.19,239.1,217.74,88.15,0.3717,index,simulated,Synthetic Generator - Optimization,,Optimization trajectory - progress: 98.85%
1514,1,Mine Extraction_Entity,USA,2025-07-09,daily_state,ndc_balance,278.26,269.71,257.64,94.04,1.2051,index,simulated,Synthetic Generator - Optimization,,Optimization trajectory - progress: 98.85%
1515,2,Ore Processing_Entity,USA,2025-07-09,daily_state,ndc_balance,255.96,266.58,241.21,92.34,0.8145,index,simulated,Synthetic Generator - Optimization,,Optimization trajectory - progress: 98.85%
1516,3,Doré Production_Entity,USA,2025-07-09,daily_state,ndc_balance,263.35,239.99,210.54,83.75,0.18,index,simulated,Synthetic Generator - Optimization,,Optimization trajectory - progress: 98.85%
1517,4,Refining_Entity,USA,2025-07-09,daily_state,ndc_balance,280.3,250.91,215.04,81.09,0.1145,index,simulated,Synthetic Generator - Optimization,,Optimization trajectory - progress: 98.85%
1518,5,Bar Casting & Assay_Entity,USA,2025-07-09,daily_state,ndc_balance,248.37,255.87,237.74,94.31,1.5096,index,simulated,Synthetic Generator - Optimization,,Optimization trajectory - progress: 98.85%
1519,6,Logistics & Vaulting_Entity,USA,2025-07-09,daily_state,ndc_balance,242.67,239.93,235.9,97.76,5.7041,index,simulated,Synthetic Generator - Optimization,,Optimization trajectory - progress: 98.85%
1520,7,Exchange Registration_Entity,USA,2025-07-09,daily_state,ndc_balance,274.56,254.44,228.28,86.37,0.2412,index,simulated,Synthetic Generator - Optimization,,Optimization trajectory - progress: 98.85%
1521,0,Geological Prospecting_Entity,USA,2025-07-10,daily_state,ndc_balance,233.6,247.96,214.35,89.06,0.4625,index,simulated,Synthetic Generator - Optimization,,Optimization trajectory - progress: 98.90%
1522,1,Mine Extraction_Entity,USA,2025-07-10,daily_state,ndc_balance,253.7,262.94,240.74,93.21,1.048,index,simulated,Synthetic Generator - Optimization,,Optimization trajectory - progress: 98.90%
1523,2,Ore Processing_Entity,USA,2025-07-10,daily_state,ndc_balance,262.57,265.98,257.57,97.47,4.6211,index,simulated,Synthetic Generator - Optimization,,Optimization trajectory - progress: 98.90%
1524,3,Doré Production_Entity,USA,2025-07-10,daily_state,ndc_balance,254.57,250.19,243.83,96.62,3.425,index,simulated,Synthetic Generator - Optimization,,Optimization trajectory - progress: 98.90%
1525,4,Refining_Entity,USA,2025-07-10,daily_state,ndc_balance,248.86,259.3,234.36,92.26,0.8396,index,simulated,Synthetic Generator - Optimization,,Optimization trajectory - progress: 98.90%
1526,5,Bar Casting & Assay_Entity,USA,2025-07-10,daily_state,ndc_balance,270.18,240.37,204.37,80.2,0.1113,index,simulated,Synthetic Generator - Optimization,,Optimization trajectory - progress: 98.90%
1527,6,Logistics & Vaulting_Entity,USA,2025-07-10,daily_state,ndc_balance,264.15,233.63,197.16,79.37,0.1062,index,simulated,Synthetic Generator - Optimization,,Optimization trajectory - progress: 98.90%
1528,7,Exchange Registration_Entity,USA,2025-07-10,daily_state,ndc_balance,251.92,257.25,244.24,95.94,2.6049,index,simulated,Synthetic Generator - Optimization,,Optimization trajectory - progress: 98.90%
1529,0,Geological Prospecting_Entity,USA,2025-07-11,daily_state,ndc_balance,257.68,253.44,247.27,96.76,3.5698,index,simulated,Synthetic Generator - Optimization,,Optimization trajectory - progress: 98.95%
1530,1,Mine Extraction_Entity,USA,2025-07-11,daily_state,ndc_balance,251.01,258.67,240.16,94.25,1.4574,index,simulated,Synthetic Generator - Optimization,,Optimization trajectory - progress: 98.95%
1531,2,Ore Processing_Entity,USA,2025-07-11,daily_state,ndc_balance,248.72,236.41,219.63,90.58,0.6191,index,simulated,Synthetic Generator - Optimization,,Optimization trajectory - progress: 98.95%
1532,3,Doré Production_Entity,USA,2025-07-11,daily_state,ndc_balance,236.18,231.81,225.48,96.37,3.4349,index,simulated,Synthetic Generator - Optimization,,Optimization trajectory - progress: 98.95%
1533,4,Refining_Entity,USA,2025-07-11,daily_state,ndc_balance,260.74,262.82,257.66,98.43,6.9745,index,simulated,Synthetic Generator - Optimization,,Optimization trajectory - progress: 98.95%
1534,5,Bar Casting & Assay_Entity,USA,2025-07-11,daily_state,ndc_balance,235.74,250.81,215.62,88.68,0.4218,index,simulated,Synthetic Generator - Optimization,,Optimization trajectory - progress: 98.95%
1535,6,Logistics & Vaulting_Entity,USA,2025-07-11,daily_state,ndc_balance,234.33,245.45,219.05,91.34,0.7478,index,simulated,Synthetic Generator - Optimization,,Optimization trajectory - progress: 98.95%
1536,7,Exchange Registration_Entity,USA,2025-07-11,daily_state,ndc_balance,254.19,243.81,229.41,92.15,0.8487,index,simulated,Synthetic Generator - Optimization,,Optimization trajectory - progress: 98.95%
1537,0,Geological Prospecting_Entity,USA,2025-07-12,daily_state,ndc_balance,258.49,238.48,212.68,85.66,0.2437,index,simulated,Synthetic Generator - Optimization,,Optimization trajectory - progress: 99.00%
1538,1,Mine Extraction_Entity,USA,2025-07-12,daily_state,ndc_balance,257.44,232.15,200.87,82.17,0.154,index,simulated,Synthetic Generator - Optimization,,Optimization trajectory - progress: 99.00%
1539,2,Ore Processing_Entity,USA,2025-07-12,daily_state,ndc_balance,265.01,259.54,251.66,95.96,2.5046,index,simulated,Synthetic Generator - Optimization,,Optimization trajectory - progress: 99.00%
1540,3,Doré Production_Entity,USA,2025-07-12,daily_state,ndc_balance,245.5,224.08,196.98,83.98,0.2132,index,simulated,Synthetic Generator - Optimization,,Optimization trajectory - progress: 99.00%
1541,4,Refining_Entity,USA,2025-07-12,daily_state,ndc_balance,267.59,244.67,215.59,84.26,0.1868,index,simulated,Synthetic Generator - Optimization,,Optimization trajectory - progress: 99.00%
1542,5,Bar Casting & Assay_Entity,USA,2025-07-12,daily_state,ndc_balance,245.91,270.44,215.1,83.41,0.1635,index,simulated,Synthetic Generator - Optimization,,Optimization trajectory - progress: 99.00%
1543,6,Logistics & Vaulting_Entity,USA,2025-07-12,daily_state,ndc_balance,239.01,246.63,228.24,94.01,1.4701,index,simulated,Synthetic Generator - Optimization,,Optimization trajectory - progress: 99.00%
1544,7,Exchange Registration_Entity,USA,2025-07-12,daily_state,ndc_balance,266.02,258.25,247.25,94.33,1.4228,index,simulated,Synthetic Generator - Optimization,,Optimization trajectory - progress: 99.00%
1545,0,Geological Prospecting_Entity,USA,2025-07-13,daily_state,ndc_balance,253.29,248.15,240.73,96.02,2.7417,index,simulated,Synthetic Generator - Optimization,,Optimization trajectory - progress: 99.05%
1546,1,Mine Extraction_Entity,USA,2025-07-13,daily_state,ndc_balance,263.29,253.87,240.68,93.09,1.0123,index,simulated,Synthetic Generator - Optimization,,Optimization trajectory - progress: 99.05%
1547,2,Ore Processing_Entity,USA,2025-07-13,daily_state,ndc_balance,270.63,238.24,199.86,78.71,0.0944,index,simulated,Synthetic Generator - Optimization,,Optimization trajectory - progress: 99.05%
1548,3,Doré Production_Entity,USA,2025-07-13,daily_state,ndc_balance,255.64,247.61,236.27,93.91,1.3418,index,simulated,Synthetic Generator - Optimization,,Optimization trajectory - progress: 99.05%
1549,4,Refining_Entity,USA,2025-07-13,daily_state,ndc_balance,262.46,262.54,262.34,99.94,9.994,index,simulated,Synthetic Generator - Optimization,,Optimization trajectory - progress: 99.05%
1550,5,Bar Casting & Assay_Entity,USA,2025-07-13,daily_state,ndc_balance,249.5,228.67,202.12,84.62,0.2252,index,simulated,Synthetic Generator - Optimization,,Optimization trajectory - progress: 99.05%
1551,6,Logistics & Vaulting_Entity,USA,2025-07-13,daily_state,ndc_balance,245.27,229.33,208.26,87.81,0.3786,index,simulated,Synthetic Generator - Optimization,,Optimization trajectory - progress: 99.05%
1552,7,Exchange Registration_Entity,USA,2025-07-13,daily_state,ndc_balance,253.06,241.96,226.67,91.6,0.7507,index,simulated,Synthetic Generator - Optimization,,Optimization trajectory - progress: 99.05%
1553,0,Geological Prospecting_Entity,USA,2025-07-14,daily_state,ndc_balance,245.68,238.45,228.2,94.28,1.6061,index,simulated,Synthetic Generator - Optimization,,Optimization trajectory - progress: 99.10%
1554,1,Mine Extraction_Entity,USA,2025-07-14,daily_state,ndc_balance,236.77,261.42,206.02,82.81,0.1619,index,simulated,Synthetic Generator - Optimization,,Optimization trajectory - progress: 99.10%
1555,2,Ore Processing_Entity,USA,2025-07-14,daily_state,ndc_balance,277.7,257.46,231.12,86.44,0.2383,index,simulated,Synthetic Generator - Optimization,,Optimization trajectory - progress: 99.10%
1556,3,Doré Production_Entity,USA,2025-07-14,daily_state,ndc_balance,243.38,238.87,232.34,96.36,3.2963,index,simulated,Synthetic Generator - Optimization,,Optimization trajectory - progress: 99.10%
1557,4,Refining_Entity,USA,2025-07-14,daily_state,ndc_balance,251.24,252.3,249.67,99.17,8.9972,index,simulated,Synthetic Generator - Optimization,,Optimization trajectory - progress: 99.10%
1558,5,Bar Casting & Assay_Entity,USA,2025-07-14,daily_state,ndc_balance,250.04,238.98,223.75,91.53,0.7559,index,simulated,Synthetic Generator - Optimization,,Optimization trajectory - progress: 99.10%
1559,6,Logistics & Vaulting_Entity,USA,2025-07-14,daily_state,ndc_balance,262.78,224.41,181.34,74.68,0.0675,index,simulated,Synthetic Generator - Optimization,,Optimization trajectory - progress: 99.10%
1560,7,Exchange Registration_Entity,USA,2025-07-14,daily_state,ndc_balance,267.54,253.4,234.26,89.97,0.4762,index,simulated,Synthetic Generator - Optimization,,Optimization trajectory - progress: 99.10%
1561,0,Geological Prospecting_Entity,USA,2025-07-15,daily_state,ndc_balance,269.44,247.85,220.16,85.19,0.2101,index,simulated,Synthetic Generator - Optimization,,Optimization trajectory - progress: 99.14%
1562,1,Mine Extraction_Entity,USA,2025-07-15,daily_state,ndc_balance,256.92,251.97,244.81,96.22,2.8982,index,simulated,Synthetic Generator - Optimization,,Optimization trajectory - progress: 99.14%
1563,2,Ore Processing_Entity,USA,2025-07-15,daily_state,ndc_balance,255.87,240.0,218.89,88.33,0.3817,index,simulated,Synthetic Generator - Optimization,,Optimization trajectory - progress: 99.14%
1564,3,Doré Production_Entity,USA,2025-07-15,daily_state,ndc_balance,237.72,221.59,200.4,87.31,0.3704,index,simulated,Synthetic Generator - Optimization,,Optimization trajectory - progress: 99.14%
1565,4,Refining_Entity,USA,2025-07-15,daily_state,ndc_balance,246.2,252.36,237.38,95.23,2.0829,index,simulated,Synthetic Generator - Optimization,,Optimization trajectory - progress: 99.14%
1566,5,Bar Casting & Assay_Entity,USA,2025-07-15,daily_state,ndc_balance,253.39,227.62,195.97,81.6,0.1484,index,simulated,Synthetic Generator - Optimization,,Optimization trajectory - progress: 99.14%
1567,6,Logistics & Vaulting_Entity,USA,2025-07-15,daily_state,ndc_balance,244.53,244.95,243.9,99.66,9.8272,index,simulated,Synthetic Generator - Optimization,,Optimization trajectory - progress: 99.14%
1568,7,Exchange Registration_Entity,USA,2025-07-15,daily_state,ndc_balance,258.71,248.1,233.4,92.13,0.8159,index,simulated,Synthetic Generator - Optimization,,Optimization trajectory - progress: 99.14%
1569,0,Geological Prospecting_Entity,USA,2025-07-16,daily_state,ndc_balance,246.29,239.06,228.82,94.3,1.6078,index,simulated,Synthetic Generator - Optimization,,Optimization trajectory - progress: 99.18%
1570,1,Mine Extraction_Entity,USA,2025-07-16,daily_state,ndc_balance,254.12,256.21,251.04,98.39,6.9695,index,simulated,Synthetic Generator - Optimization,,Optimization trajectory - progress: 99.18%
1571,2,Ore Processing_Entity,USA,2025-07-16,daily_state,ndc_balance,278.53,244.02,203.48,78.05,0.0833,index,simulated,Synthetic Generator - Optimization,,Optimization trajectory - progress: 99.18%
1572,3,Doré Production_Entity,USA,2025-07-16,daily_state,ndc_balance,242.19,238.95,234.23,97.37,4.8888,index,simulated,Synthetic Generator - Optimization,,Optimization trajectory - progress: 99.18%
1573,4,Refining_Entity,USA,2025-07-16,daily_state,ndc_balance,248.53,262.44,229.72,89.95,0.492,index,simulated,Synthetic Generator - Optimization,,Optimization trajectory - progress: 99.18%
1574,5,Bar Casting & Assay_Entity,USA,2025-07-16,daily_state,ndc_balance,226.66,242.13,206.16,88.0,0.4008,index,simulated,Synthetic Generator - Optimization,,Optimization trajectory - progress: 99.18%
1575,6,Logistics & Vaulting_Entity,USA,2025-07-16,daily_state,ndc_balance,254.04,236.41,213.3,87.04,0.3116,index,simulated,Synthetic Generator - Optimization,,Optimization trajectory - progress: 99.18%
1576,7,Exchange Registration_Entity,USA,2025-07-16,daily_state,ndc_balance,252.12,258.88,242.48,94.91,1.7959,index,simulated,Synthetic Generator - Optimization,,Optimization trajectory - progress: 99.18%
1577,0,Geological Prospecting_Entity,USA,2025-07-17,daily_state,ndc_balance,259.45,246.6,229.09,90.57,0.571,index,simulated,Synthetic Generator - Optimization,,Optimization trajectory - progress: 99.22%
1578,1,Mine Extraction_Entity,USA,2025-07-17,daily_state,ndc_balance,252.45,259.06,243.02,95.03,1.8656,index,simulated,Synthetic Generator - Optimization,,Optimization trajectory - progress: 99.22%
1579,2,Ore Processing_Entity,USA,2025-07-17,daily_state,ndc_balance,251.41,258.93,240.73,94.35,1.501,index,simulated,Synthetic Generator - Optimization,,Optimization trajectory - progress: 99.22%
1580,3,Doré Production_Entity,USA,2025-07-17,daily_state,ndc_balance,260.18,213.44,164.52,69.82,0.0456,index,simulated,Synthetic Generator - Optimization,,Optimization trajectory - progress: 99.22%
1581,4,Refining_Entity,USA,2025-07-17,daily_state,ndc_balance,256.5,234.12,205.82,83.99,0.1958,index,simulated,Synthetic Generator - Optimization,,Optimization trajectory - progress: 99.22%
1582,5,Bar Casting & Assay_Entity,USA,2025-07-17,daily_state,ndc_balance,274.77,242.79,204.65,79.23,0.0969,index,simulated,Synthetic Generator - Optimization,,Optimization trajectory - progress: 99.22%
1583,6,Logistics & Vaulting_Entity,USA,2025-07-17,daily_state,ndc_balance,253.28,239.03,219.86,89.35,0.4691,index,simulated,Synthetic Generator - Optimization,,Optimization trajectory - progress: 99.22%
1584,7,Exchange Registration_Entity,USA,2025-07-17,daily_state,ndc_balance,252.28,245.27,235.31,94.6,1.6928,index,simulated,Synthetic Generator - Optimization,,Optimization trajectory - progress: 99.22%
1585,0,Geological Prospecting_Entity,USA,2025-07-18,daily_state,ndc_balance,266.23,254.08,237.4,91.28,0.6347,index,simulated,Synthetic Generator - Optimization,,Optimization trajectory - progress: 99.26%
1586,1,Mine Extraction_Entity,USA,2025-07-18,daily_state,ndc_balance,279.88,255.07,223.79,83.76,0.1599,index,simulated,Synthetic Generator - Optimization,,Optimization trajectory - progress: 99.26%
1587,2,Ore Processing_Entity,USA,2025-07-18,daily_state,ndc_balance,258.29,248.83,235.62,92.94,1.0065,index,simulated,Synthetic Generator - Optimization,,Optimization trajectory - progress: 99.26%
1588,3,Doré Production_Entity,USA,2025-07-18,daily_state,ndc_balance,242.46,229.1,211.09,89.56,0.5304,index,simulated,Synthetic Generator - Optimization,,Optimization trajectory - progress: 99.26%
1589,4,Refining_Entity,USA,2025-07-18,daily_state,ndc_balance,256.21,243.61,226.43,90.63,0.5928,index,simulated,Synthetic Generator - Optimization,,Optimization trajectory - progress: 99.26%
1590,5,Bar Casting & Assay_Entity,USA,2025-07-18,daily_state,ndc_balance,254.75,249.2,241.21,95.73,2.448,index,simulated,Synthetic Generator - Optimization,,Optimization trajectory - progress: 99.26%
1591,6,Logistics & Vaulting_Entity,USA,2025-07-18,daily_state,ndc_balance,248.65,256.16,238.01,94.31,1.507,index,simulated,Synthetic Generator - Optimization,,Optimization trajectory - progress: 99.26%
1592,7,Exchange Registration_Entity,USA,2025-07-18,daily_state,ndc_balance,259.92,262.09,256.72,98.36,6.8019,index,simulated,Synthetic Generator - Optimization,,Optimization trajectory - progress: 99.26%
1593,0,Geological Prospecting_Entity,USA,2025-07-19,daily_state,ndc_balance,270.87,257.61,239.52,90.67,0.5383,index,simulated,Synthetic Generator - Optimization,,Optimization trajectory - progress: 99.30%
1594,1,Mine Extraction_Entity,USA,2025-07-19,daily_state,ndc_balance,271.95,251.48,224.95,86.02,0.2329,index,simulated,Synthetic Generator - Optimization,,Optimization trajectory - progress: 99.30%
1595,2,Ore Processing_Entity,USA,2025-07-19,daily_state,ndc_balance,257.68,238.35,213.29,86.06,0.2605,index,simulated,Synthetic Generator - Optimization,,Optimization trajectory - progress: 99.30%
1596,3,Doré Production_Entity,USA,2025-07-19,daily_state,ndc_balance,250.31,242.29,230.98,93.79,1.346,index,simulated,Synthetic Generator - Optimization,,Optimization trajectory - progress: 99.30%
1597,4,Refining_Entity,USA,2025-07-19,daily_state,ndc_balance,255.59,261.8,246.68,95.36,2.0564,index,simulated,Synthetic Generator - Optimization,,Optimization trajectory - progress: 99.30%
1598,5,Bar Casting & Assay_Entity,USA,2025-07-19,daily_state,ndc_balance,238.24,263.87,206.46,82.34,0.1499,index,simulated,Synthetic Generator - Optimization,,Optimization trajectory - progress: 99.30%
1599,6,Logistics & Vaulting_Entity,USA,2025-07-19,daily_state,ndc_balance,254.76,238.73,217.46,88.18,0.3748,index,simulated,Synthetic Generator - Optimization,,Optimization trajectory - progress: 99.30%
1600,7,Exchange Registration_Entity,USA,2025-07-19,daily_state,ndc_balance,258.79,259.35,257.97,99.57,9.7013,index,simulated,Synthetic Generator - Optimization,,Optimization trajectory - progress: 99.30%
