record_id,phase_id,entity,country,date,metric_type,metric_category,d_value,c_value,n_value,balance_score,sustainability_index,unit,source_type,source_name,url,notes
1,0,Geological Prospecting_Entity,USA,2025-01-01,daily_state,ndc_balance,227.45,207.51,182.31,83.92,0.2453,index,simulated,Synthetic Generator - Baseline,,Baseline balanced scenario - healthy supply chain
2,1,Mine Extraction_Entity,USA,2025-01-01,daily_state,ndc_balance,269.72,277.41,258.77,94.6,1.4435,index,simulated,Synthetic Generator - Baseline,,Baseline balanced scenario - healthy supply chain
3,2,Ore Processing_Entity,USA,2025-01-01,daily_state,ndc_balance,276.49,270.79,262.57,95.96,2.3521,index,simulated,Synthetic Generator - Baseline,,Baseline balanced scenario - healthy supply chain
4,3,Doré Production_Entity,USA,2025-01-01,daily_state,ndc_balance,263.69,248.81,228.82,89.33,0.4324,index,simulated,Synthetic Generator - Baseline,,Baseline balanced scenario - healthy supply chain
5,4,Refining_Entity,USA,2025-01-01,daily_state,ndc_balance,262.96,269.77,253.23,95.08,1.7746,index,simulated,Synthetic Generator - Baseline,,Baseline balanced scenario - healthy supply chain
6,5,Bar Casting & Assay_Entity,USA,2025-01-01,daily_state,ndc_balance,253.05,246.62,237.43,95.04,1.9467,index,simulated,Synthetic Generator - Baseline,,Baseline balanced scenario - healthy supply chain
7,6,Logistics & Vaulting_Entity,USA,2025-01-01,daily_state,ndc_balance,203.63,160.56,118.45,65.51,0.0536,index,simulated,Synthetic Generator - Baseline,,Baseline balanced scenario - healthy supply chain
8,7,Exchange Registration_Entity,USA,2025-01-01,daily_state,ndc_balance,254.13,264.88,239.22,92.2,0.7961,index,simulated,Synthetic Generator - Baseline,,Baseline balanced scenario - healthy supply chain
9,0,Geological Prospecting_Entity,USA,2025-01-02,daily_state,ndc_balance,205.51,216.21,190.91,90.57,0.802,index,simulated,Synthetic Generator - Baseline,,Baseline balanced scenario - healthy supply chain
10,1,Mine Extraction_Entity,USA,2025-01-02,daily_state,ndc_balance,247.08,225.14,197.47,83.73,0.2035,index,simulated,Synthetic Generator - Baseline,,Baseline balanced scenario - healthy supply chain
11,2,Ore Processing_Entity,USA,2025-01-02,daily_state,ndc_balance,302.68,271.49,233.28,81.38,0.1018,index,simulated,Synthetic Generator - Baseline,,Baseline balanced scenario - healthy supply chain
12,3,Doré Production_Entity,USA,2025-01-02,daily_state,ndc_balance,241.71,209.91,173.14,76.87,0.0979,index,simulated,Synthetic Generator - Baseline,,Baseline balanced scenario - healthy supply chain
13,4,Refining_Entity,USA,2025-01-02,daily_state,ndc_balance,262.53,262.55,262.5,99.98,9.9995,index,simulated,Synthetic Generator - Baseline,,Baseline balanced scenario - healthy supply chain
14,5,Bar Casting & Assay_Entity,USA,2025-01-02,daily_state,ndc_balance,243.43,262.32,218.81,86.59,0.2727,index,simulated,Synthetic Generator - Baseline,,Baseline balanced scenario - healthy supply chain
15,6,Logistics & Vaulting_Entity,USA,2025-01-02,daily_state,ndc_balance,191.69,190.31,188.27,98.57,8.3994,index,simulated,Synthetic Generator - Baseline,,Baseline balanced scenario - healthy supply chain
16,7,Exchange Registration_Entity,USA,2025-01-02,daily_state,ndc_balance,271.67,308.9,227.64,78.58,0.0716,index,simulated,Synthetic Generator - Baseline,,Baseline balanced scenario - healthy supply chain
17,0,Geological Prospecting_Entity,USA,2025-01-03,daily_state,ndc_balance,221.19,192.07,158.41,76.85,0.1166,index,simulated,Synthetic Generator - Baseline,,Baseline balanced scenario - healthy supply chain
18,1,Mine Extraction_Entity,USA,2025-01-03,daily_state,ndc_balance,273.73,229.14,180.81,72.19,0.05,index,simulated,Synthetic Generator - Baseline,,Baseline balanced scenario - healthy supply chain
19,2,Ore Processing_Entity,USA,2025-01-03,daily_state,ndc_balance,284.52,240.84,192.56,73.56,0.0521,index,simulated,Synthetic Generator - Baseline,,Baseline balanced scenario - healthy supply chain
20,3,Doré Production_Entity,USA,2025-01-03,daily_state,ndc_balance,221.47,239.66,197.94,85.92,0.2934,index,simulated,Synthetic Generator - Baseline,,Baseline balanced scenario - healthy supply chain
21,4,Refining_Entity,USA,2025-01-03,daily_state,ndc_balance,282.47,264.2,240.03,87.87,0.2909,index,simulated,Synthetic Generator - Baseline,,Baseline balanced scenario - healthy supply chain
22,5,Bar Casting & Assay_Entity,USA,2025-01-03,daily_state,ndc_balance,259.66,250.69,238.12,93.33,1.1069,index,simulated,Synthetic Generator - Baseline,,Baseline balanced scenario - healthy supply chain
23,6,Logistics & Vaulting_Entity,USA,2025-01-03,daily_state,ndc_balance,179.21,183.16,173.54,95.79,3.9152,index,simulated,Synthetic Generator - Baseline,,Baseline balanced scenario - healthy supply chain
24,7,Exchange Registration_Entity,USA,2025-01-03,daily_state,ndc_balance,274.48,295.14,247.44,86.94,0.2289,index,simulated,Synthetic Generator - Baseline,,Baseline balanced scenario - healthy supply chain
25,0,Geological Prospecting_Entity,USA,2025-01-04,daily_state,ndc_balance,227.23,179.93,133.34,65.94,0.0445,index,simulated,Synthetic Generator - Baseline,,Baseline balanced scenario - healthy supply chain
26,1,Mine Extraction_Entity,USA,2025-01-04,daily_state,ndc_balance,266.94,244.73,216.42,84.67,0.1987,index,simulated,Synthetic Generator - Baseline,,Baseline balanced scenario - healthy supply chain
27,2,Ore Processing_Entity,USA,2025-01-04,daily_state,ndc_balance,271.93,287.67,250.68,89.63,0.3876,index,simulated,Synthetic Generator - Baseline,,Baseline balanced scenario - healthy supply chain
28,3,Doré Production_Entity,USA,2025-01-04,daily_state,ndc_balance,257.54,253.43,247.44,96.85,3.7097,index,simulated,Synthetic Generator - Baseline,,Baseline balanced scenario - healthy supply chain
29,4,Refining_Entity,USA,2025-01-04,daily_state,ndc_balance,259.49,256.1,251.13,97.42,4.6479,index,simulated,Synthetic Generator - Baseline,,Baseline balanced scenario - healthy supply chain
30,5,Bar Casting & Assay_Entity,USA,2025-01-04,daily_state,ndc_balance,267.05,274.22,256.81,94.9,1.6265,index,simulated,Synthetic Generator - Baseline,,Baseline balanced scenario - healthy supply chain
31,6,Logistics & Vaulting_Entity,USA,2025-01-04,daily_state,ndc_balance,194.89,193.32,191.0,98.4,8.0224,index,simulated,Synthetic Generator - Baseline,,Baseline balanced scenario - healthy supply chain
32,7,Exchange Registration_Entity,USA,2025-01-04,daily_state,ndc_balance,265.48,255.13,240.73,92.5,0.8534,index,simulated,Synthetic Generator - Baseline,,Baseline balanced scenario - healthy supply chain
33,0,Geological Prospecting_Entity,USA,2025-01-05,daily_state,ndc_balance,234.94,236.62,232.47,98.6,7.8128,index,simulated,Synthetic Generator - Baseline,,Baseline balanced scenario - healthy supply chain
34,1,Mine Extraction_Entity,USA,2025-01-05,daily_state,ndc_balance,261.68,270.27,249.55,93.84,1.1929,index,simulated,Synthetic Generator - Baseline,,Baseline balanced scenario - healthy supply chain
35,2,Ore Processing_Entity,USA,2025-01-05,daily_state,ndc_balance,288.18,265.59,236.52,85.49,0.1922,index,simulated,Synthetic Generator - Baseline,,Baseline balanced scenario - healthy supply chain
36,3,Doré Production_Entity,USA,2025-01-05,daily_state,ndc_balance,248.18,264.89,226.0,88.15,0.3457,index,simulated,Synthetic Generator - Baseline,,Baseline balanced scenario - healthy supply chain
37,4,Refining_Entity,USA,2025-01-05,daily_state,ndc_balance,272.22,290.37,248.11,88.25,0.2946,index,simulated,Synthetic Generator - Baseline,,Baseline balanced scenario - healthy supply chain
38,5,Bar Casting & Assay_Entity,USA,2025-01-05,daily_state,ndc_balance,223.46,272.0,172.54,69.98,0.0423,index,simulated,Synthetic Generator - Baseline,,Baseline balanced scenario - healthy supply chain
39,6,Logistics & Vaulting_Entity,USA,2025-01-05,daily_state,ndc_balance,204.06,191.82,175.48,88.7,0.6258,index,simulated,Synthetic Generator - Baseline,,Baseline balanced scenario - healthy supply chain
40,7,Exchange Registration_Entity,USA,2025-01-05,daily_state,ndc_balance,284.13,241.43,193.91,74.04,0.0545,index,simulated,Synthetic Generator - Baseline,,Baseline balanced scenario - healthy supply chain
41,0,Geological Prospecting_Entity,USA,2025-01-06,daily_state,ndc_balance,220.13,219.16,217.73,99.13,9.1547,index,simulated,Synthetic Generator - Baseline,,Baseline balanced scenario - healthy supply chain
42,1,Mine Extraction_Entity,USA,2025-01-06,daily_state,ndc_balance,285.59,243.41,196.22,74.42,0.0559,index,simulated,Synthetic Generator - Baseline,,Baseline balanced scenario - healthy supply chain
43,2,Ore Processing_Entity,USA,2025-01-06,daily_state,ndc_balance,271.29,268.7,264.89,98.11,5.9883,index,simulated,Synthetic Generator - Baseline,,Baseline balanced scenario - healthy supply chain
44,3,Doré Production_Entity,USA,2025-01-06,daily_state,ndc_balance,257.15,243.65,225.37,90.03,0.5203,index,simulated,Synthetic Generator - Baseline,,Baseline balanced scenario - healthy supply chain
45,4,Refining_Entity,USA,2025-01-06,daily_state,ndc_balance,265.47,271.97,256.16,95.33,1.9133,index,simulated,Synthetic Generator - Baseline,,Baseline balanced scenario - healthy supply chain
46,5,Bar Casting & Assay_Entity,USA,2025-01-06,daily_state,ndc_balance,264.88,275.17,250.51,92.79,0.8621,index,simulated,Synthetic Generator - Baseline,,Baseline balanced scenario - healthy supply chain
47,6,Logistics & Vaulting_Entity,USA,2025-01-06,daily_state,ndc_balance,192.89,191.84,190.28,98.92,9.005,index,simulated,Synthetic Generator - Baseline,,Baseline balanced scenario - healthy supply chain
48,7,Exchange Registration_Entity,USA,2025-01-06,daily_state,ndc_balance,277.54,251.39,218.78,82.83,0.1442,index,simulated,Synthetic Generator - Baseline,,Baseline balanced scenario - healthy supply chain
49,0,Geological Prospecting_Entity,USA,2025-01-07,daily_state,ndc_balance,228.51,217.95,203.47,91.17,0.8235,index,simulated,Synthetic Generator - Baseline,,Baseline balanced scenario - healthy supply chain
50,1,Mine Extraction_Entity,USA,2025-01-07,daily_state,ndc_balance,264.14,249.03,228.75,89.19,0.4195,index,simulated,Synthetic Generator - Baseline,,Baseline balanced scenario - healthy supply chain
51,2,Ore Processing_Entity,USA,2025-01-07,daily_state,ndc_balance,262.84,270.68,251.71,94.37,1.3976,index,simulated,Synthetic Generator - Baseline,,Baseline balanced scenario - healthy supply chain
52,3,Doré Production_Entity,USA,2025-01-07,daily_state,ndc_balance,238.93,223.81,203.77,88.12,0.4194,index,simulated,Synthetic Generator - Baseline,,Baseline balanced scenario - healthy supply chain
53,4,Refining_Entity,USA,2025-01-07,daily_state,ndc_balance,271.65,270.53,268.86,99.18,8.8832,index,simulated,Synthetic Generator - Baseline,,Baseline balanced scenario - healthy supply chain
54,5,Bar Casting & Assay_Entity,USA,2025-01-07,daily_state,ndc_balance,292.36,261.4,223.67,80.91,0.1032,index,simulated,Synthetic Generator - Baseline,,Baseline balanced scenario - healthy supply chain
55,6,Logistics & Vaulting_Entity,USA,2025-01-07,daily_state,ndc_balance,207.93,196.91,182.0,89.95,0.7612,index,simulated,Synthetic Generator - Baseline,,Baseline balanced scenario - healthy supply chain
56,7,Exchange Registration_Entity,USA,2025-01-07,daily_state,ndc_balance,255.29,277.78,226.48,85.05,0.1939,index,simulated,Synthetic Generator - Baseline,,Baseline balanced scenario - healthy supply chain
57,0,Geological Prospecting_Entity,USA,2025-01-08,daily_state,ndc_balance,225.6,258.09,187.58,77.74,0.0938,index,simulated,Synthetic Generator - Baseline,,Baseline balanced scenario - healthy supply chain
58,1,Mine Extraction_Entity,USA,2025-01-08,daily_state,ndc_balance,261.81,259.18,255.32,98.01,5.9192,index,simulated,Synthetic Generator - Baseline,,Baseline balanced scenario - healthy supply chain
59,2,Ore Processing_Entity,USA,2025-01-08,daily_state,ndc_balance,284.17,257.72,224.65,83.01,0.1409,index,simulated,Synthetic Generator - Baseline,,Baseline balanced scenario - healthy supply chain
60,3,Doré Production_Entity,USA,2025-01-08,daily_state,ndc_balance,261.84,252.29,238.94,92.97,0.9888,index,simulated,Synthetic Generator - Baseline,,Baseline balanced scenario - healthy supply chain
61,4,Refining_Entity,USA,2025-01-08,daily_state,ndc_balance,286.56,247.39,202.56,76.08,0.0647,index,simulated,Synthetic Generator - Baseline,,Baseline balanced scenario - healthy supply chain
62,5,Bar Casting & Assay_Entity,USA,2025-01-08,daily_state,ndc_balance,285.74,233.52,179.24,69.39,0.0365,index,simulated,Synthetic Generator - Baseline,,Baseline balanced scenario - healthy supply chain
63,6,Logistics & Vaulting_Entity,USA,2025-01-08,daily_state,ndc_balance,213.5,238.18,183.29,81.28,0.1614,index,simulated,Synthetic Generator - Baseline,,Baseline balanced scenario - healthy supply chain
64,7,Exchange Registration_Entity,USA,2025-01-08,daily_state,ndc_balance,269.84,268.56,266.67,99.06,8.6031,index,simulated,Synthetic Generator - Baseline,,Baseline balanced scenario - healthy supply chain
65,0,Geological Prospecting_Entity,USA,2025-01-09,daily_state,ndc_balance,226.79,205.18,178.27,82.64,0.2095,index,simulated,Synthetic Generator - Baseline,,Baseline balanced scenario - healthy supply chain
66,1,Mine Extraction_Entity,USA,2025-01-09,daily_state,ndc_balance,242.04,255.47,223.84,90.02,0.525,index,simulated,Synthetic Generator - Baseline,,Baseline balanced scenario - healthy supply chain
67,2,Ore Processing_Entity,USA,2025-01-09,daily_state,ndc_balance,269.36,287.76,244.99,88.0,0.2869,index,simulated,Synthetic Generator - Baseline,,Baseline balanced scenario - healthy supply chain
68,3,Doré Production_Entity,USA,2025-01-09,daily_state,ndc_balance,231.51,267.14,190.46,76.59,0.0782,index,simulated,Synthetic Generator - Baseline,,Baseline balanced scenario - healthy supply chain
69,4,Refining_Entity,USA,2025-01-09,daily_state,ndc_balance,263.55,258.44,251.06,96.2,2.7706,index,simulated,Synthetic Generator - Baseline,,Baseline balanced scenario - healthy supply chain
70,5,Bar Casting & Assay_Entity,USA,2025-01-09,daily_state,ndc_balance,277.5,237.08,191.68,74.73,0.0608,index,simulated,Synthetic Generator - Baseline,,Baseline balanced scenario - healthy supply chain
71,6,Logistics & Vaulting_Entity,USA,2025-01-09,daily_state,ndc_balance,208.71,222.77,190.06,88.14,0.4817,index,simulated,Synthetic Generator - Baseline,,Baseline balanced scenario - healthy supply chain
72,7,Exchange Registration_Entity,USA,2025-01-09,daily_state,ndc_balance,261.19,282.56,233.52,85.96,0.2142,index,simulated,Synthetic Generator - Baseline,,Baseline balanced scenario - healthy supply chain
73,0,Geological Prospecting_Entity,USA,2025-01-10,daily_state,ndc_balance,229.78,228.78,227.29,99.13,9.0893,index,simulated,Synthetic Generator - Baseline,,Baseline balanced scenario - healthy supply chain
74,1,Mine Extraction_Entity,USA,2025-01-10,daily_state,ndc_balance,247.32,230.93,209.32,87.59,0.3589,index,simulated,Synthetic Generator - Baseline,,Baseline balanced scenario - healthy supply chain
75,2,Ore Processing_Entity,USA,2025-01-10,daily_state,ndc_balance,293.71,285.05,272.78,94.27,1.1768,index,simulated,Synthetic Generator - Baseline,,Baseline balanced scenario - healthy supply chain
76,3,Doré Production_Entity,USA,2025-01-10,daily_state,ndc_balance,249.64,245.94,240.55,97.08,4.2253,index,simulated,Synthetic Generator - Baseline,,Baseline balanced scenario - healthy supply chain
77,4,Refining_Entity,USA,2025-01-10,daily_state,ndc_balance,265.68,268.88,260.98,97.64,4.9323,index,simulated,Synthetic Generator - Baseline,,Baseline balanced scenario - healthy supply chain
78,5,Bar Casting & Assay_Entity,USA,2025-01-10,daily_state,ndc_balance,270.27,246.84,217.18,84.08,0.1789,index,simulated,Synthetic Generator - Baseline,,Baseline balanced scenario - healthy supply chain
79,6,Logistics & Vaulting_Entity,USA,2025-01-10,daily_state,ndc_balance,233.86,208.23,177.24,80.31,0.1499,index,simulated,Synthetic Generator - Baseline,,Baseline balanced scenario - healthy supply chain
80,7,Exchange Registration_Entity,USA,2025-01-10,daily_state,ndc_balance,268.01,291.52,237.88,85.1,0.1777,index,simulated,Synthetic Generator - Baseline,,Baseline balanced scenario - healthy supply chain
81,0,Geological Prospecting_Entity,USA,2025-01-11,daily_state,ndc_balance,211.81,229.31,189.19,85.84,0.3161,index,simulated,Synthetic Generator - Baseline,,Baseline balanced scenario - healthy supply chain
82,1,Mine Extraction_Entity,USA,2025-01-11,daily_state,ndc_balance,283.81,240.37,192.32,73.63,0.0527,index,simulated,Synthetic Generator - Baseline,,Baseline balanced scenario - healthy supply chain
83,2,Ore Processing_Entity,USA,2025-01-11,daily_state,ndc_balance,300.88,287.57,269.25,91.54,0.5346,index,simulated,Synthetic Generator - Baseline,,Baseline balanced scenario - healthy supply chain
84,3,Doré Production_Entity,USA,2025-01-11,daily_state,ndc_balance,258.76,274.28,237.89,89.3,0.3983,index,simulated,Synthetic Generator - Baseline,,Baseline balanced scenario - healthy supply chain
85,4,Refining_Entity,USA,2025-01-11,daily_state,ndc_balance,272.75,251.58,224.28,85.62,0.2182,index,simulated,Synthetic Generator - Baseline,,Baseline balanced scenario - healthy supply chain
86,5,Bar Casting & Assay_Entity,USA,2025-01-11,daily_state,ndc_balance,253.09,245.46,234.66,94.15,1.4668,index,simulated,Synthetic Generator - Baseline,,Baseline balanced scenario - healthy supply chain
87,6,Logistics & Vaulting_Entity,USA,2025-01-11,daily_state,ndc_balance,205.27,206.28,203.77,99.02,9.0715,index,simulated,Synthetic Generator - Baseline,,Baseline balanced scenario - healthy supply chain
88,7,Exchange Registration_Entity,USA,2025-01-11,daily_state,ndc_balance,290.58,295.03,284.09,97.03,3.3521,index,simulated,Synthetic Generator - Baseline,,Baseline balanced scenario - healthy supply chain
89,0,Geological Prospecting_Entity,USA,2025-01-12,daily_state,ndc_balance,227.14,241.72,207.69,88.64,0.4493,index,simulated,Synthetic Generator - Baseline,,Baseline balanced scenario - healthy supply chain
90,1,Mine Extraction_Entity,USA,2025-01-12,daily_state,ndc_balance,262.98,304.52,215.41,76.12,0.0576,index,simulated,Synthetic Generator - Baseline,,Baseline balanced scenario - healthy supply chain
91,2,Ore Processing_Entity,USA,2025-01-12,daily_state,ndc_balance,296.33,265.13,227.07,81.01,0.1017,index,simulated,Synthetic Generator - Baseline,,Baseline balanced scenario - healthy supply chain
92,3,Doré Production_Entity,USA,2025-01-12,daily_state,ndc_balance,230.88,249.24,207.03,86.3,0.2882,index,simulated,Synthetic Generator - Baseline,,Baseline balanced scenario - healthy supply chain
93,4,Refining_Entity,USA,2025-01-12,daily_state,ndc_balance,273.59,278.41,266.61,96.6,3.0138,index,simulated,Synthetic Generator - Baseline,,Baseline balanced scenario - healthy supply chain
94,5,Bar Casting & Assay_Entity,USA,2025-01-12,daily_state,ndc_balance,274.05,259.25,239.26,89.76,0.4367,index,simulated,Synthetic Generator - Baseline,,Baseline balanced scenario - healthy supply chain
95,6,Logistics & Vaulting_Entity,USA,2025-01-12,daily_state,ndc_balance,194.24,173.29,147.86,80.59,0.2227,index,simulated,Synthetic Generator - Baseline,,Baseline balanced scenario - healthy supply chain
96,7,Exchange Registration_Entity,USA,2025-01-12,daily_state,ndc_balance,280.25,295.97,258.97,89.92,0.3888,index,simulated,Synthetic Generator - Baseline,,Baseline balanced scenario - healthy supply chain
97,0,Geological Prospecting_Entity,USA,2025-01-13,daily_state,ndc_balance,230.64,193.52,153.12,72.48,0.072,index,simulated,Synthetic Generator - Baseline,,Baseline balanced scenario - healthy supply chain
98,1,Mine Extraction_Entity,USA,2025-01-13,daily_state,ndc_balance,270.03,262.88,252.69,94.84,1.6367,index,simulated,Synthetic Generator - Baseline,,Baseline balanced scenario - healthy supply chain
99,2,Ore Processing_Entity,USA,2025-01-13,daily_state,ndc_balance,274.17,283.71,260.76,93.5,0.9902,index,simulated,Synthetic Generator - Baseline,,Baseline balanced scenario - healthy supply chain
100,3,Doré Production_Entity,USA,2025-01-13,daily_state,ndc_balance,248.3,220.37,186.79,79.85,0.1265,index,simulated,Synthetic Generator - Baseline,,Baseline balanced scenario - healthy supply chain
101,4,Refining_Entity,USA,2025-01-13,daily_state,ndc_balance,282.8,276.04,266.36,95.33,1.7959,index,simulated,Synthetic Generator - Baseline,,Baseline balanced scenario - healthy supply chain
102,5,Bar Casting & Assay_Entity,USA,2025-01-13,daily_state,ndc_balance,283.68,279.91,274.41,97.38,4.1382,index,simulated,Synthetic Generator - Baseline,,Baseline balanced scenario - healthy supply chain
103,6,Logistics & Vaulting_Entity,USA,2025-01-13,daily_state,ndc_balance,186.77,184.06,180.12,97.15,5.7799,index,simulated,Synthetic Generator - Baseline,,Baseline balanced scenario - healthy supply chain
104,7,Exchange Registration_Entity,USA,2025-01-13,daily_state,ndc_balance,295.16,290.19,282.98,96.69,2.887,index,simulated,Synthetic Generator - Baseline,,Baseline balanced scenario - healthy supply chain
105,0,Geological Prospecting_Entity,USA,2025-01-14,daily_state,ndc_balance,235.61,285.65,182.74,70.44,0.0398,index,simulated,Synthetic Generator - Baseline,,Baseline balanced scenario - healthy supply chain
106,1,Mine Extraction_Entity,USA,2025-01-14,daily_state,ndc_balance,276.44,276.74,275.99,99.78,9.9103,index,simulated,Synthetic Generator - Baseline,,Baseline balanced scenario - healthy supply chain
107,2,Ore Processing_Entity,USA,2025-01-14,daily_state,ndc_balance,302.19,293.03,280.07,94.12,1.0647,index,simulated,Synthetic Generator - Baseline,,Baseline balanced scenario - healthy supply chain
108,3,Doré Production_Entity,USA,2025-01-14,daily_state,ndc_balance,243.15,254.97,226.95,91.15,0.6685,index,simulated,Synthetic Generator - Baseline,,Baseline balanced scenario - healthy supply chain
109,4,Refining_Entity,USA,2025-01-14,daily_state,ndc_balance,266.29,262.04,255.86,96.86,3.5674,index,simulated,Synthetic Generator - Baseline,,Baseline balanced scenario - healthy supply chain
110,5,Bar Casting & Assay_Entity,USA,2025-01-14,daily_state,ndc_balance,260.6,262.78,257.38,98.36,6.7822,index,simulated,Synthetic Generator - Baseline,,Baseline balanced scenario - healthy supply chain
111,6,Logistics & Vaulting_Entity,USA,2025-01-14,daily_state,ndc_balance,242.6,167.69,108.77,53.93,0.0178,index,simulated,Synthetic Generator - Baseline,,Baseline balanced scenario - healthy supply chain
112,7,Exchange Registration_Entity,USA,2025-01-14,daily_state,ndc_balance,298.17,252.28,201.59,73.5,0.0472,index,simulated,Synthetic Generator - Baseline,,Baseline balanced scenario - healthy supply chain
113,0,Geological Prospecting_Entity,USA,2025-01-15,daily_state,ndc_balance,221.21,236.23,201.3,88.06,0.4243,index,simulated,Synthetic Generator - Baseline,,Baseline balanced scenario - healthy supply chain
114,1,Mine Extraction_Entity,USA,2025-01-15,daily_state,ndc_balance,269.25,237.23,199.24,78.83,0.0966,index,simulated,Synthetic Generator - Baseline,,Baseline balanced scenario - healthy supply chain
115,2,Ore Processing_Entity,USA,2025-01-15,daily_state,ndc_balance,277.56,293.87,255.6,89.5,0.3625,index,simulated,Synthetic Generator - Baseline,,Baseline balanced scenario - healthy supply chain
116,3,Doré Production_Entity,USA,2025-01-15,daily_state,ndc_balance,237.33,245.53,225.81,93.54,1.2964,index,simulated,Synthetic Generator - Baseline,,Baseline balanced scenario - healthy supply chain
117,4,Refining_Entity,USA,2025-01-15,daily_state,ndc_balance,278.97,254.9,224.4,84.15,0.1697,index,simulated,Synthetic Generator - Baseline,,Baseline balanced scenario - healthy supply chain
118,5,Bar Casting & Assay_Entity,USA,2025-01-15,daily_state,ndc_balance,300.45,273.04,238.65,83.32,0.1314,index,simulated,Synthetic Generator - Baseline,,Baseline balanced scenario - healthy supply chain
119,6,Logistics & Vaulting_Entity,USA,2025-01-15,daily_state,ndc_balance,177.91,204.99,146.64,76.78,0.1346,index,simulated,Synthetic Generator - Baseline,,Baseline balanced scenario - healthy supply chain
120,7,Exchange Registration_Entity,USA,2025-01-15,daily_state,ndc_balance,278.36,296.98,253.65,88.22,0.2806,index,simulated,Synthetic Generator - Baseline,,Baseline balanced scenario - healthy supply chain
121,0,Geological Prospecting_Entity,USA,2025-01-16,daily_state,ndc_balance,216.77,214.86,212.05,98.25,7.3281,index,simulated,Synthetic Generator - Baseline,,Baseline balanced scenario - healthy supply chain
122,1,Mine Extraction_Entity,USA,2025-01-16,daily_state,ndc_balance,276.24,272.51,267.07,97.34,4.1906,index,simulated,Synthetic Generator - Baseline,,Baseline balanced scenario - healthy supply chain
123,2,Ore Processing_Entity,USA,2025-01-16,daily_state,ndc_balance,270.66,275.91,263.06,96.26,2.6612,index,simulated,Synthetic Generator - Baseline,,Baseline balanced scenario - healthy supply chain
124,3,Doré Production_Entity,USA,2025-01-16,daily_state,ndc_balance,241.54,230.17,214.6,91.02,0.7183,index,simulated,Synthetic Generator - Baseline,,Baseline balanced scenario - healthy supply chain
125,4,Refining_Entity,USA,2025-01-16,daily_state,ndc_balance,305.14,274.22,236.2,81.65,0.1035,index,simulated,Synthetic Generator - Baseline,,Baseline balanced scenario - healthy supply chain
126,5,Bar Casting & Assay_Entity,USA,2025-01-16,daily_state,ndc_balance,249.75,278.45,214.58,81.37,0.1199,index,simulated,Synthetic Generator - Baseline,,Baseline balanced scenario - healthy supply chain
127,6,Logistics & Vaulting_Entity,USA,2025-01-16,daily_state,ndc_balance,240.49,220.51,195.03,84.69,0.2444,index,simulated,Synthetic Generator - Baseline,,Baseline balanced scenario - healthy supply chain
128,7,Exchange Registration_Entity,USA,2025-01-16,daily_state,ndc_balance,265.87,273.21,255.41,94.77,1.5647,index,simulated,Synthetic Generator - Baseline,,Baseline balanced scenario - healthy supply chain
129,0,Geological Prospecting_Entity,USA,2025-01-17,daily_state,ndc_balance,247.99,204.45,158.5,70.39,0.0525,index,simulated,Synthetic Generator - Baseline,,Baseline balanced scenario - healthy supply chain
130,1,Mine Extraction_Entity,USA,2025-01-17,daily_state,ndc_balance,275.65,271.13,264.58,96.78,3.2945,index,simulated,Synthetic Generator - Baseline,,Baseline balanced scenario - healthy supply chain
131,2,Ore Processing_Entity,USA,2025-01-17,daily_state,ndc_balance,275.08,281.12,266.4,95.8,2.1542,index,simulated,Synthetic Generator - Baseline,,Baseline balanced scenario - healthy supply chain
132,3,Doré Production_Entity,USA,2025-01-17,daily_state,ndc_balance,200.37,223.75,171.8,81.14,0.1796,index,simulated,Synthetic Generator - Baseline,,Baseline balanced scenario - healthy supply chain
133,4,Refining_Entity,USA,2025-01-17,daily_state,ndc_balance,275.2,244.73,207.97,80.14,0.1066,index,simulated,Synthetic Generator - Baseline,,Baseline balanced scenario - healthy supply chain
134,5,Bar Casting & Assay_Entity,USA,2025-01-17,daily_state,ndc_balance,293.47,236.45,178.6,67.8,0.0307,index,simulated,Synthetic Generator - Baseline,,Baseline balanced scenario - healthy supply chain
135,6,Logistics & Vaulting_Entity,USA,2025-01-17,daily_state,ndc_balance,202.39,204.54,199.22,97.91,6.8259,index,simulated,Synthetic Generator - Baseline,,Baseline balanced scenario - healthy supply chain
136,7,Exchange Registration_Entity,USA,2025-01-17,daily_state,ndc_balance,310.61,256.34,198.97,70.51,0.0338,index,simulated,Synthetic Generator - Baseline,,Baseline balanced scenario - healthy supply chain
137,0,Geological Prospecting_Entity,USA,2025-01-18,daily_state,ndc_balance,246.72,217.6,182.99,78.98,0.1166,index,simulated,Synthetic Generator - Baseline,,Baseline balanced scenario - healthy supply chain
138,1,Mine Extraction_Entity,USA,2025-01-18,daily_state,ndc_balance,254.55,265.74,239.08,91.93,0.74,index,simulated,Synthetic Generator - Baseline,,Baseline balanced scenario - healthy supply chain
139,2,Ore Processing_Entity,USA,2025-01-18,daily_state,ndc_balance,292.26,271.61,244.63,86.83,0.2293,index,simulated,Synthetic Generator - Baseline,,Baseline balanced scenario - healthy supply chain
140,3,Doré Production_Entity,USA,2025-01-18,daily_state,ndc_balance,250.32,235.48,215.65,88.82,0.4345,index,simulated,Synthetic Generator - Baseline,,Baseline balanced scenario - healthy supply chain
141,4,Refining_Entity,USA,2025-01-18,daily_state,ndc_balance,280.97,279.34,276.91,98.84,7.883,index,simulated,Synthetic Generator - Baseline,,Baseline balanced scenario - healthy supply chain
142,5,Bar Casting & Assay_Entity,USA,2025-01-18,daily_state,ndc_balance,293.06,240.14,184.86,69.68,0.0356,index,simulated,Synthetic Generator - Baseline,,Baseline balanced scenario - healthy supply chain
143,6,Logistics & Vaulting_Entity,USA,2025-01-18,daily_state,ndc_balance,241.27,167.28,108.79,54.15,0.0182,index,simulated,Synthetic Generator - Baseline,,Baseline balanced scenario - healthy supply chain
144,7,Exchange Registration_Entity,USA,2025-01-18,daily_state,ndc_balance,287.0,293.01,278.33,95.98,2.1671,index,simulated,Synthetic Generator - Baseline,,Baseline balanced scenario - healthy supply chain
145,0,Geological Prospecting_Entity,USA,2025-01-19,daily_state,ndc_balance,233.73,206.4,173.84,79.15,0.1322,index,simulated,Synthetic Generator - Baseline,,Baseline balanced scenario - healthy supply chain
146,1,Mine Extraction_Entity,USA,2025-01-19,daily_state,ndc_balance,266.39,248.73,225.46,87.59,0.3109,index,simulated,Synthetic Generator - Baseline,,Baseline balanced scenario - healthy supply chain
147,2,Ore Processing_Entity,USA,2025-01-19,daily_state,ndc_balance,280.67,297.9,257.57,89.08,0.3258,index,simulated,Synthetic Generator - Baseline,,Baseline balanced scenario - healthy supply chain
148,3,Doré Production_Entity,USA,2025-01-19,daily_state,ndc_balance,254.87,230.14,199.47,82.36,0.1609,index,simulated,Synthetic Generator - Baseline,,Baseline balanced scenario - healthy supply chain
149,4,Refining_Entity,USA,2025-01-19,daily_state,ndc_balance,293.0,273.14,247.03,87.32,0.2472,index,simulated,Synthetic Generator - Baseline,,Baseline balanced scenario - healthy supply chain
150,5,Bar Casting & Assay_Entity,USA,2025-01-19,daily_state,ndc_balance,281.7,273.94,262.9,94.64,1.4236,index,simulated,Synthetic Generator - Baseline,,Baseline balanced scenario - healthy supply chain
151,6,Logistics & Vaulting_Entity,USA,2025-01-19,daily_state,ndc_balance,197.08,192.53,186.0,95.49,3.2566,index,simulated,Synthetic Generator - Baseline,,Baseline balanced scenario - healthy supply chain
152,7,Exchange Registration_Entity,USA,2025-01-19,daily_state,ndc_balance,300.72,293.6,283.38,95.37,1.6457,index,simulated,Synthetic Generator - Baseline,,Baseline balanced scenario - healthy supply chain
153,0,Geological Prospecting_Entity,USA,2025-01-20,daily_state,ndc_balance,229.39,219.87,206.7,92.04,0.9946,index,simulated,Synthetic Generator - Baseline,,Baseline balanced scenario - healthy supply chain
154,1,Mine Extraction_Entity,USA,2025-01-20,daily_state,ndc_balance,288.87,247.11,200.1,74.89,0.057,index,simulated,Synthetic Generator - Baseline,,Baseline balanced scenario - healthy supply chain
155,2,Ore Processing_Entity,USA,2025-01-20,daily_state,ndc_balance,297.91,279.12,254.19,88.15,0.2755,index,simulated,Synthetic Generator - Baseline,,Baseline balanced scenario - healthy supply chain
156,3,Doré Production_Entity,USA,2025-01-20,daily_state,ndc_balance,246.44,262.54,225.0,88.46,0.3713,index,simulated,Synthetic Generator - Baseline,,Baseline balanced scenario - healthy supply chain
157,4,Refining_Entity,USA,2025-01-20,daily_state,ndc_balance,292.08,282.41,268.79,93.59,0.9645,index,simulated,Synthetic Generator - Baseline,,Baseline balanced scenario - healthy supply chain
158,5,Bar Casting & Assay_Entity,USA,2025-01-20,daily_state,ndc_balance,289.29,263.14,230.28,83.46,0.1442,index,simulated,Synthetic Generator - Baseline,,Baseline balanced scenario - healthy supply chain
159,6,Logistics & Vaulting_Entity,USA,2025-01-20,daily_state,ndc_balance,219.93,197.18,169.32,81.31,0.1895,index,simulated,Synthetic Generator - Baseline,,Baseline balanced scenario - healthy supply chain
160,7,Exchange Registration_Entity,USA,2025-01-20,daily_state,ndc_balance,294.57,280.42,261.09,90.84,0.476,index,simulated,Synthetic Generator - Baseline,,Baseline balanced scenario - healthy supply chain
161,0,Geological Prospecting_Entity,USA,2025-01-21,daily_state,ndc_balance,231.3,228.59,224.61,97.68,5.7625,index,simulated,Synthetic Generator - Baseline,,Baseline balanced scenario - healthy supply chain
162,1,Mine Extraction_Entity,USA,2025-01-21,daily_state,ndc_balance,257.57,295.54,213.39,77.34,0.0689,index,simulated,Synthetic Generator - Baseline,,Baseline balanced scenario - healthy supply chain
163,2,Ore Processing_Entity,USA,2025-01-21,daily_state,ndc_balance,274.76,261.02,242.32,90.49,0.5034,index,simulated,Synthetic Generator - Baseline,,Baseline balanced scenario - healthy supply chain
164,3,Doré Production_Entity,USA,2025-01-21,daily_state,ndc_balance,267.22,257.13,243.06,92.73,0.8942,index,simulated,Synthetic Generator - Baseline,,Baseline balanced scenario - healthy supply chain
165,4,Refining_Entity,USA,2025-01-21,daily_state,ndc_balance,289.21,279.19,265.13,93.3,0.9056,index,simulated,Synthetic Generator - Baseline,,Baseline balanced scenario - healthy supply chain
166,5,Bar Casting & Assay_Entity,USA,2025-01-21,daily_state,ndc_balance,269.66,246.73,217.59,84.36,0.1865,index,simulated,Synthetic Generator - Baseline,,Baseline balanced scenario - healthy supply chain
167,6,Logistics & Vaulting_Entity,USA,2025-01-21,daily_state,ndc_balance,210.99,190.69,165.48,82.5,0.237,index,simulated,Synthetic Generator - Baseline,,Baseline balanced scenario - healthy supply chain
168,7,Exchange Registration_Entity,USA,2025-01-21,daily_state,ndc_balance,304.47,280.23,249.1,85.28,0.1673,index,simulated,Synthetic Generator - Baseline,,Baseline balanced scenario - healthy supply chain
169,0,Geological Prospecting_Entity,USA,2025-01-22,daily_state,ndc_balance,217.56,212.17,204.46,95.16,2.5596,index,simulated,Synthetic Generator - Baseline,,Baseline balanced scenario - healthy supply chain
170,1,Mine Extraction_Entity,USA,2025-01-22,daily_state,ndc_balance,276.14,247.81,213.06,81.45,0.1231,index,simulated,Synthetic Generator - Baseline,,Baseline balanced scenario - healthy supply chain
171,2,Ore Processing_Entity,USA,2025-01-22,daily_state,ndc_balance,277.61,287.34,263.94,93.45,0.9552,index,simulated,Synthetic Generator - Baseline,,Baseline balanced scenario - healthy supply chain
172,3,Doré Production_Entity,USA,2025-01-22,daily_state,ndc_balance,253.62,233.83,208.34,85.55,0.249,index,simulated,Synthetic Generator - Baseline,,Baseline balanced scenario - healthy supply chain
173,4,Refining_Entity,USA,2025-01-22,daily_state,ndc_balance,272.88,272.13,271.02,99.45,9.4721,index,simulated,Synthetic Generator - Baseline,,Baseline balanced scenario - healthy supply chain
174,5,Bar Casting & Assay_Entity,USA,2025-01-22,daily_state,ndc_balance,248.22,237.62,222.98,91.81,0.817,index,simulated,Synthetic Generator - Baseline,,Baseline balanced scenario - healthy supply chain
175,6,Logistics & Vaulting_Entity,USA,2025-01-22,daily_state,ndc_balance,199.17,199.11,199.03,99.95,9.997,index,simulated,Synthetic Generator - Baseline,,Baseline balanced scenario - healthy supply chain
176,7,Exchange Registration_Entity,USA,2025-01-22,daily_state,ndc_balance,294.61,309.51,274.24,90.82,0.4308,index,simulated,Synthetic Generator - Baseline,,Baseline balanced scenario - healthy supply chain
177,0,Geological Prospecting_Entity,USA,2025-01-23,daily_state,ndc_balance,242.86,215.12,181.88,79.58,0.1283,index,simulated,Synthetic Generator - Baseline,,Baseline balanced scenario - healthy supply chain
178,1,Mine Extraction_Entity,USA,2025-01-23,daily_state,ndc_balance,269.71,239.95,204.02,80.2,0.1117,index,simulated,Synthetic Generator - Baseline,,Baseline balanced scenario - healthy supply chain
179,2,Ore Processing_Entity,USA,2025-01-23,daily_state,ndc_balance,289.72,277.8,261.29,92.1,0.6578,index,simulated,Synthetic Generator - Baseline,,Baseline balanced scenario - healthy supply chain
180,3,Doré Production_Entity,USA,2025-01-23,daily_state,ndc_balance,254.83,228.1,195.47,81.08,0.138,index,simulated,Synthetic Generator - Baseline,,Baseline balanced scenario - healthy supply chain
181,4,Refining_Entity,USA,2025-01-23,daily_state,ndc_balance,287.78,295.58,276.66,94.86,1.4115,index,simulated,Synthetic Generator - Baseline,,Baseline balanced scenario - healthy supply chain
182,5,Bar Casting & Assay_Entity,USA,2025-01-23,daily_state,ndc_balance,268.36,270.23,265.6,98.63,7.4226,index,simulated,Synthetic Generator - Baseline,,Baseline balanced scenario - healthy supply chain
183,6,Logistics & Vaulting_Entity,USA,2025-01-23,daily_state,ndc_balance,220.35,195.77,166.17,80.01,0.1629,index,simulated,Synthetic Generator - Baseline,,Baseline balanced scenario - healthy supply chain
184,7,Exchange Registration_Entity,USA,2025-01-23,daily_state,ndc_balance,293.36,283.22,269.0,93.32,0.8874,index,simulated,Synthetic Generator - Baseline,,Baseline balanced scenario - healthy supply chain
185,0,Geological Prospecting_Entity,USA,2025-01-24,daily_state,ndc_balance,231.46,204.08,171.55,78.93,0.1317,index,simulated,Synthetic Generator - Baseline,,Baseline balanced scenario - healthy supply chain
186,1,Mine Extraction_Entity,USA,2025-01-24,daily_state,ndc_balance,270.36,266.96,261.98,97.51,4.6346,index,simulated,Synthetic Generator - Baseline,,Baseline balanced scenario - healthy supply chain
187,2,Ore Processing_Entity,USA,2025-01-24,daily_state,ndc_balance,311.76,300.26,284.2,92.89,0.7031,index,simulated,Synthetic Generator - Baseline,,Baseline balanced scenario - healthy supply chain
188,3,Doré Production_Entity,USA,2025-01-24,daily_state,ndc_balance,282.29,229.18,174.59,68.64,0.0353,index,simulated,Synthetic Generator - Baseline,,Baseline balanced scenario - healthy supply chain
189,4,Refining_Entity,USA,2025-01-24,daily_state,ndc_balance,293.08,271.3,243.03,86.19,0.2064,index,simulated,Synthetic Generator - Baseline,,Baseline balanced scenario - healthy supply chain
190,5,Bar Casting & Assay_Entity,USA,2025-01-24,daily_state,ndc_balance,302.84,248.45,191.52,69.82,0.0337,index,simulated,Synthetic Generator - Baseline,,Baseline balanced scenario - healthy supply chain
191,6,Logistics & Vaulting_Entity,USA,2025-01-24,daily_state,ndc_balance,197.4,192.21,184.8,94.88,2.7058,index,simulated,Synthetic Generator - Baseline,,Baseline balanced scenario - healthy supply chain
192,7,Exchange Registration_Entity,USA,2025-01-24,daily_state,ndc_balance,258.14,273.53,237.43,89.35,0.4048,index,simulated,Synthetic Generator - Baseline,,Baseline balanced scenario - healthy supply chain
193,0,Geological Prospecting_Entity,USA,2025-01-25,daily_state,ndc_balance,218.56,220.66,215.46,98.11,6.9294,index,simulated,Synthetic Generator - Baseline,,Baseline balanced scenario - healthy supply chain
194,1,Mine Extraction_Entity,USA,2025-01-25,daily_state,ndc_balance,275.07,291.73,252.71,89.21,0.3479,index,simulated,Synthetic Generator - Baseline,,Baseline balanced scenario - healthy supply chain
195,2,Ore Processing_Entity,USA,2025-01-25,daily_state,ndc_balance,304.2,272.57,233.89,81.22,0.099,index,simulated,Synthetic Generator - Baseline,,Baseline balanced scenario - healthy supply chain
196,3,Doré Production_Entity,USA,2025-01-25,daily_state,ndc_balance,236.47,251.81,216.03,88.53,0.4076,index,simulated,Synthetic Generator - Baseline,,Baseline balanced scenario - healthy supply chain
197,4,Refining_Entity,USA,2025-01-25,daily_state,ndc_balance,260.14,300.92,213.36,76.26,0.0598,index,simulated,Synthetic Generator - Baseline,,Baseline balanced scenario - healthy supply chain
198,5,Bar Casting & Assay_Entity,USA,2025-01-25,daily_state,ndc_balance,287.64,254.51,214.9,79.43,0.0903,index,simulated,Synthetic Generator - Baseline,,Baseline balanced scenario - healthy supply chain
199,6,Logistics & Vaulting_Entity,USA,2025-01-25,daily_state,ndc_balance,184.25,227.33,140.1,68.45,0.0536,index,simulated,Synthetic Generator - Baseline,,Baseline balanced scenario - healthy supply chain
200,7,Exchange Registration_Entity,USA,2025-01-25,daily_state,ndc_balance,288.23,305.24,265.33,89.45,0.3341,index,simulated,Synthetic Generator - Baseline,,Baseline balanced scenario - healthy supply chain
201,0,Geological Prospecting_Entity,USA,2025-01-26,daily_state,ndc_balance,205.93,207.09,204.21,98.89,8.8175,index,simulated,Synthetic Generator - Baseline,,Baseline balanced scenario - healthy supply chain
202,1,Mine Extraction_Entity,USA,2025-01-26,daily_state,ndc_balance,269.93,258.72,243.22,92.03,0.738,index,simulated,Synthetic Generator - Baseline,,Baseline balanced scenario - healthy supply chain
203,2,Ore Processing_Entity,USA,2025-01-26,daily_state,ndc_balance,283.1,294.09,267.76,92.8,0.7643,index,simulated,Synthetic Generator - Baseline,,Baseline balanced scenario - healthy supply chain
204,3,Doré Production_Entity,USA,2025-01-26,daily_state,ndc_balance,233.83,240.32,224.6,94.75,1.9225,index,simulated,Synthetic Generator - Baseline,,Baseline balanced scenario - healthy supply chain
205,4,Refining_Entity,USA,2025-01-26,daily_state,ndc_balance,281.65,277.14,270.57,96.85,3.2919,index,simulated,Synthetic Generator - Baseline,,Baseline balanced scenario - healthy supply chain
206,5,Bar Casting & Assay_Entity,USA,2025-01-26,daily_state,ndc_balance,280.52,242.63,199.14,76.33,0.0692,index,simulated,Synthetic Generator - Baseline,,Baseline balanced scenario - healthy supply chain
207,6,Logistics & Vaulting_Entity,USA,2025-01-26,daily_state,ndc_balance,186.84,225.88,145.39,70.77,0.0652,index,simulated,Synthetic Generator - Baseline,,Baseline balanced scenario - healthy supply chain
208,7,Exchange Registration_Entity,USA,2025-01-26,daily_state,ndc_balance,294.83,269.41,237.18,84.16,0.1523,index,simulated,Synthetic Generator - Baseline,,Baseline balanced scenario - healthy supply chain
209,0,Geological Prospecting_Entity,USA,2025-01-27,daily_state,ndc_balance,252.97,219.84,181.49,76.96,0.0903,index,simulated,Synthetic Generator - Baseline,,Baseline balanced scenario - healthy supply chain
210,1,Mine Extraction_Entity,USA,2025-01-27,daily_state,ndc_balance,287.39,258.98,223.87,82.06,0.1223,index,simulated,Synthetic Generator - Baseline,,Baseline balanced scenario - healthy supply chain
211,2,Ore Processing_Entity,USA,2025-01-27,daily_state,ndc_balance,320.61,314.36,305.32,96.17,2.0353,index,simulated,Synthetic Generator - Baseline,,Baseline balanced scenario - healthy supply chain
212,3,Doré Production_Entity,USA,2025-01-27,daily_state,ndc_balance,245.97,260.25,226.71,89.61,0.4673,index,simulated,Synthetic Generator - Baseline,,Baseline balanced scenario - healthy supply chain
213,4,Refining_Entity,USA,2025-01-27,daily_state,ndc_balance,289.38,292.4,284.95,97.96,5.2397,index,simulated,Synthetic Generator - Baseline,,Baseline balanced scenario - healthy supply chain
214,5,Bar Casting & Assay_Entity,USA,2025-01-27,daily_state,ndc_balance,255.23,275.11,229.32,86.54,0.2467,index,simulated,Synthetic Generator - Baseline,,Baseline balanced scenario - healthy supply chain
215,6,Logistics & Vaulting_Entity,USA,2025-01-27,daily_state,ndc_balance,225.58,171.11,121.21,61.69,0.0336,index,simulated,Synthetic Generator - Baseline,,Baseline balanced scenario - healthy supply chain
216,7,Exchange Registration_Entity,USA,2025-01-27,daily_state,ndc_balance,271.95,246.06,213.82,82.66,0.1469,index,simulated,Synthetic Generator - Baseline,,Baseline balanced scenario - healthy supply chain
217,0,Geological Prospecting_Entity,USA,2025-01-28,daily_state,ndc_balance,225.47,230.52,218.2,95.71,2.8129,index,simulated,Synthetic Generator - Baseline,,Baseline balanced scenario - healthy supply chain
218,1,Mine Extraction_Entity,USA,2025-01-28,daily_state,ndc_balance,292.05,258.94,219.22,79.72,0.0904,index,simulated,Synthetic Generator - Baseline,,Baseline balanced scenario - healthy supply chain
219,2,Ore Processing_Entity,USA,2025-01-28,daily_state,ndc_balance,313.94,257.77,198.89,69.92,0.0316,index,simulated,Synthetic Generator - Baseline,,Baseline balanced scenario - healthy supply chain
220,3,Doré Production_Entity,USA,2025-01-28,daily_state,ndc_balance,223.96,241.61,201.0,86.41,0.3111,index,simulated,Synthetic Generator - Baseline,,Baseline balanced scenario - healthy supply chain
221,4,Refining_Entity,USA,2025-01-28,daily_state,ndc_balance,285.27,267.02,242.84,87.99,0.2914,index,simulated,Synthetic Generator - Baseline,,Baseline balanced scenario - healthy supply chain
222,5,Bar Casting & Assay_Entity,USA,2025-01-28,daily_state,ndc_balance,238.5,261.0,209.98,84.16,0.1936,index,simulated,Synthetic Generator - Baseline,,Baseline balanced scenario - healthy supply chain
223,6,Logistics & Vaulting_Entity,USA,2025-01-28,daily_state,ndc_balance,189.94,214.66,160.39,79.43,0.161,index,simulated,Synthetic Generator - Baseline,,Baseline balanced scenario - healthy supply chain
224,7,Exchange Registration_Entity,USA,2025-01-28,daily_state,ndc_balance,295.01,265.69,229.5,81.97,0.115,index,simulated,Synthetic Generator - Baseline,,Baseline balanced scenario - healthy supply chain
225,0,Geological Prospecting_Entity,USA,2025-01-29,daily_state,ndc_balance,221.56,198.35,170.01,81.1,0.1822,index,simulated,Synthetic Generator - Baseline,,Baseline balanced scenario - healthy supply chain
226,1,Mine Extraction_Entity,USA,2025-01-29,daily_state,ndc_balance,268.33,274.61,259.32,95.53,2.0236,index,simulated,Synthetic Generator - Baseline,,Baseline balanced scenario - healthy supply chain
227,2,Ore Processing_Entity,USA,2025-01-29,daily_state,ndc_balance,274.49,291.49,251.71,88.99,0.3343,index,simulated,Synthetic Generator - Baseline,,Baseline balanced scenario - healthy supply chain
228,3,Doré Production_Entity,USA,2025-01-29,daily_state,ndc_balance,241.32,228.15,210.37,89.66,0.5449,index,simulated,Synthetic Generator - Baseline,,Baseline balanced scenario - healthy supply chain
229,4,Refining_Entity,USA,2025-01-29,daily_state,ndc_balance,277.67,248.78,213.46,81.22,0.1184,index,simulated,Synthetic Generator - Baseline,,Baseline balanced scenario - healthy supply chain
230,5,Bar Casting & Assay_Entity,USA,2025-01-29,daily_state,ndc_balance,260.97,240.86,214.9,85.72,0.2413,index,simulated,Synthetic Generator - Baseline,,Baseline balanced scenario - healthy supply chain
231,6,Logistics & Vaulting_Entity,USA,2025-01-29,daily_state,ndc_balance,238.74,203.05,163.28,74.16,0.0779,index,simulated,Synthetic Generator - Baseline,,Baseline balanced scenario - healthy supply chain
232,7,Exchange Registration_Entity,USA,2025-01-29,daily_state,ndc_balance,278.78,286.27,268.09,94.9,1.5118,index,simulated,Synthetic Generator - Baseline,,Baseline balanced scenario - healthy supply chain
233,0,Geological Prospecting_Entity,USA,2025-01-30,daily_state,ndc_balance,227.3,213.21,194.48,88.34,0.4795,index,simulated,Synthetic Generator - Baseline,,Baseline balanced scenario - healthy supply chain
234,1,Mine Extraction_Entity,USA,2025-01-30,daily_state,ndc_balance,278.2,270.83,260.31,94.84,1.553,index,simulated,Synthetic Generator - Baseline,,Baseline balanced scenario - healthy supply chain
235,2,Ore Processing_Entity,USA,2025-01-30,daily_state,ndc_balance,281.03,271.83,258.86,93.66,1.0557,index,simulated,Synthetic Generator - Baseline,,Baseline balanced scenario - healthy supply chain
236,3,Doré Production_Entity,USA,2025-01-30,daily_state,ndc_balance,244.86,200.76,154.65,69.75,0.0511,index,simulated,Synthetic Generator - Baseline,,Baseline balanced scenario - healthy supply chain
237,4,Refining_Entity,USA,2025-01-30,daily_state,ndc_balance,256.26,291.79,214.34,78.38,0.0786,index,simulated,Synthetic Generator - Baseline,,Baseline balanced scenario - healthy supply chain
238,5,Bar Casting & Assay_Entity,USA,2025-01-30,daily_state,ndc_balance,293.66,257.71,215.35,78.28,0.0768,index,simulated,Synthetic Generator - Baseline,,Baseline balanced scenario - healthy supply chain
239,6,Logistics & Vaulting_Entity,USA,2025-01-30,daily_state,ndc_balance,217.64,207.79,194.27,91.35,0.9355,index,simulated,Synthetic Generator - Baseline,,Baseline balanced scenario - healthy supply chain
240,7,Exchange Registration_Entity,USA,2025-01-30,daily_state,ndc_balance,335.17,302.34,261.7,82.21,0.0919,index,simulated,Synthetic Generator - Baseline,,Baseline balanced scenario - healthy supply chain
241,0,Geological Prospecting_Entity,USA,2025-01-31,daily_state,ndc_balance,226.74,199.73,167.69,78.8,0.1352,index,simulated,Synthetic Generator - Baseline,,Baseline balanced scenario - healthy supply chain
242,1,Mine Extraction_Entity,USA,2025-01-31,daily_state,ndc_balance,244.56,260.59,223.23,88.43,0.3747,index,simulated,Synthetic Generator - Baseline,,Baseline balanced scenario - healthy supply chain
243,2,Ore Processing_Entity,USA,2025-01-31,daily_state,ndc_balance,277.31,256.33,229.17,85.95,0.222,index,simulated,Synthetic Generator - Baseline,,Baseline balanced scenario - healthy supply chain
244,3,Doré Production_Entity,USA,2025-01-31,daily_state,ndc_balance,238.96,222.46,200.82,87.1,0.3542,index,simulated,Synthetic Generator - Baseline,,Baseline balanced scenario - healthy supply chain
245,4,Refining_Entity,USA,2025-01-31,daily_state,ndc_balance,303.97,282.8,255.07,87.0,0.2183,index,simulated,Synthetic Generator - Baseline,,Baseline balanced scenario - healthy supply chain
246,5,Bar Casting & Assay_Entity,USA,2025-01-31,daily_state,ndc_balance,268.54,288.57,242.3,87.04,0.2433,index,simulated,Synthetic Generator - Baseline,,Baseline balanced scenario - healthy supply chain
247,6,Logistics & Vaulting_Entity,USA,2025-01-31,daily_state,ndc_balance,209.82,186.43,158.24,80.01,0.1794,index,simulated,Synthetic Generator - Baseline,,Baseline balanced scenario - healthy supply chain
248,7,Exchange Registration_Entity,USA,2025-01-31,daily_state,ndc_balance,311.51,291.63,265.29,88.02,0.2468,index,simulated,Synthetic Generator - Baseline,,Baseline balanced scenario - healthy supply chain
249,0,Geological Prospecting_Entity,USA,2025-02-01,daily_state,ndc_balance,212.73,213.21,212.02,99.56,9.7798,index,simulated,Synthetic Generator - Baseline,,Baseline balanced scenario - healthy supply chain
250,1,Mine Extraction_Entity,USA,2025-02-01,daily_state,ndc_balance,255.16,231.74,202.4,83.23,0.1791,index,simulated,Synthetic Generator - Baseline,,Baseline balanced scenario - healthy supply chain
251,2,Ore Processing_Entity,USA,2025-02-01,daily_state,ndc_balance,302.18,316.0,283.14,91.63,0.4976,index,simulated,Synthetic Generator - Baseline,,Baseline balanced scenario - healthy supply chain
252,3,Doré Production_Entity,USA,2025-02-01,daily_state,ndc_balance,227.31,251.77,196.99,82.34,0.1645,index,simulated,Synthetic Generator - Baseline,,Baseline balanced scenario - healthy supply chain
253,4,Refining_Entity,USA,2025-02-01,daily_state,ndc_balance,268.53,257.86,243.05,92.36,0.8079,index,simulated,Synthetic Generator - Baseline,,Baseline balanced scenario - healthy supply chain
254,5,Bar Casting & Assay_Entity,USA,2025-02-01,daily_state,ndc_balance,259.4,246.08,227.99,90.24,0.5333,index,simulated,Synthetic Generator - Baseline,,Baseline balanced scenario - healthy supply chain
255,6,Logistics & Vaulting_Entity,USA,2025-02-01,daily_state,ndc_balance,209.02,186.68,159.51,80.75,0.1964,index,simulated,Synthetic Generator - Baseline,,Baseline balanced scenario - healthy supply chain
256,7,Exchange Registration_Entity,USA,2025-02-01,daily_state,ndc_balance,292.35,280.73,264.59,92.36,0.6896,index,simulated,Synthetic Generator - Baseline,,Baseline balanced scenario - healthy supply chain
257,0,Geological Prospecting_Entity,USA,2025-02-02,daily_state,ndc_balance,224.3,199.97,170.48,80.5,0.1662,index,simulated,Synthetic Generator - Baseline,,Baseline balanced scenario - healthy supply chain
258,1,Mine Extraction_Entity,USA,2025-02-02,daily_state,ndc_balance,259.23,269.9,244.4,92.4,0.8071,index,simulated,Synthetic Generator - Baseline,,Baseline balanced scenario - healthy supply chain
259,2,Ore Processing_Entity,USA,2025-02-02,daily_state,ndc_balance,295.39,263.71,225.21,80.69,0.0986,index,simulated,Synthetic Generator - Baseline,,Baseline balanced scenario - healthy supply chain
260,3,Doré Production_Entity,USA,2025-02-02,daily_state,ndc_balance,249.37,254.83,241.51,95.81,2.5125,index,simulated,Synthetic Generator - Baseline,,Baseline balanced scenario - healthy supply chain
261,4,Refining_Entity,USA,2025-02-02,daily_state,ndc_balance,252.84,276.08,223.26,84.5,0.1817,index,simulated,Synthetic Generator - Baseline,,Baseline balanced scenario - healthy supply chain
262,5,Bar Casting & Assay_Entity,USA,2025-02-02,daily_state,ndc_balance,257.94,271.57,239.39,90.45,0.5105,index,simulated,Synthetic Generator - Baseline,,Baseline balanced scenario - healthy supply chain
263,6,Logistics & Vaulting_Entity,USA,2025-02-02,daily_state,ndc_balance,196.43,168.82,137.47,75.49,0.1294,index,simulated,Synthetic Generator - Baseline,,Baseline balanced scenario - healthy supply chain
264,7,Exchange Registration_Entity,USA,2025-02-02,daily_state,ndc_balance,263.47,282.17,238.81,87.58,0.2779,index,simulated,Synthetic Generator - Baseline,,Baseline balanced scenario - healthy supply chain
265,0,Geological Prospecting_Entity,USA,2025-02-03,daily_state,ndc_balance,231.33,199.67,163.45,76.05,0.0988,index,simulated,Synthetic Generator - Baseline,,Baseline balanced scenario - healthy supply chain
266,1,Mine Extraction_Entity,USA,2025-02-03,daily_state,ndc_balance,277.01,226.04,173.18,69.21,0.0383,index,simulated,Synthetic Generator - Baseline,,Baseline balanced scenario - healthy supply chain
267,2,Ore Processing_Entity,USA,2025-02-03,daily_state,ndc_balance,286.44,259.15,225.18,82.65,0.1325,index,simulated,Synthetic Generator - Baseline,,Baseline balanced scenario - healthy supply chain
268,3,Doré Production_Entity,USA,2025-02-03,daily_state,ndc_balance,237.65,241.8,231.64,96.63,3.6797,index,simulated,Synthetic Generator - Baseline,,Baseline balanced scenario - healthy supply chain
269,4,Refining_Entity,USA,2025-02-03,daily_state,ndc_balance,264.53,259.02,251.09,95.93,2.4831,index,simulated,Synthetic Generator - Baseline,,Baseline balanced scenario - healthy supply chain
270,5,Bar Casting & Assay_Entity,USA,2025-02-03,daily_state,ndc_balance,282.53,250.56,212.18,79.75,0.0969,index,simulated,Synthetic Generator - Baseline,,Baseline balanced scenario - healthy supply chain
271,6,Logistics & Vaulting_Entity,USA,2025-02-03,daily_state,ndc_balance,219.97,180.61,139.36,69.92,0.0641,index,simulated,Synthetic Generator - Baseline,,Baseline balanced scenario - healthy supply chain
272,7,Exchange Registration_Entity,USA,2025-02-03,daily_state,ndc_balance,295.38,306.89,279.31,92.77,0.7013,index,simulated,Synthetic Generator - Baseline,,Baseline balanced scenario - healthy supply chain
273,0,Geological Prospecting_Entity,USA,2025-02-04,daily_state,ndc_balance,189.87,201.21,174.62,89.34,0.7214,index,simulated,Synthetic Generator - Baseline,,Baseline balanced scenario - healthy supply chain
274,1,Mine Extraction_Entity,USA,2025-02-04,daily_state,ndc_balance,275.6,251.9,221.85,84.2,0.1749,index,simulated,Synthetic Generator - Baseline,,Baseline balanced scenario - healthy supply chain
275,2,Ore Processing_Entity,USA,2025-02-04,daily_state,ndc_balance,292.51,269.69,240.28,85.55,0.1883,index,simulated,Synthetic Generator - Baseline,,Baseline balanced scenario - healthy supply chain
276,3,Doré Production_Entity,USA,2025-02-04,daily_state,ndc_balance,248.25,237.76,223.25,91.9,0.833,index,simulated,Synthetic Generator - Baseline,,Baseline balanced scenario - healthy supply chain
277,4,Refining_Entity,USA,2025-02-04,daily_state,ndc_balance,294.46,270.14,239.08,84.77,0.1662,index,simulated,Synthetic Generator - Baseline,,Baseline balanced scenario - healthy supply chain
278,5,Bar Casting & Assay_Entity,USA,2025-02-04,daily_state,ndc_balance,272.01,253.14,228.42,87.05,0.2732,index,simulated,Synthetic Generator - Baseline,,Baseline balanced scenario - healthy supply chain
279,6,Logistics & Vaulting_Entity,USA,2025-02-04,daily_state,ndc_balance,199.63,192.77,183.14,93.36,1.752,index,simulated,Synthetic Generator - Baseline,,Baseline balanced scenario - healthy supply chain
280,7,Exchange Registration_Entity,USA,2025-02-04,daily_state,ndc_balance,292.86,272.98,246.85,87.3,0.2467,index,simulated,Synthetic Generator - Baseline,,Baseline balanced scenario - healthy supply chain
281,0,Geological Prospecting_Entity,USA,2025-02-05,daily_state,ndc_balance,230.77,252.5,203.23,84.19,0.2075,index,simulated,Synthetic Generator - Baseline,,Baseline balanced scenario - healthy supply chain
282,1,Mine Extraction_Entity,USA,2025-02-05,daily_state,ndc_balance,279.49,249.27,212.62,80.55,0.1083,index,simulated,Synthetic Generator - Baseline,,Baseline balanced scenario - healthy supply chain
283,2,Ore Processing_Entity,USA,2025-02-05,daily_state,ndc_balance,304.45,272.8,234.09,81.23,0.0988,index,simulated,Synthetic Generator - Baseline,,Baseline balanced scenario - healthy supply chain
284,3,Doré Production_Entity,USA,2025-02-05,daily_state,ndc_balance,215.86,222.0,207.12,94.62,2.0961,index,simulated,Synthetic Generator - Baseline,,Baseline balanced scenario - healthy supply chain
285,4,Refining_Entity,USA,2025-02-05,daily_state,ndc_balance,248.37,258.82,233.87,92.24,0.839,index,simulated,Synthetic Generator - Baseline,,Baseline balanced scenario - healthy supply chain
286,5,Bar Casting & Assay_Entity,USA,2025-02-05,daily_state,ndc_balance,266.7,290.32,236.48,84.99,0.1762,index,simulated,Synthetic Generator - Baseline,,Baseline balanced scenario - healthy supply chain
287,6,Logistics & Vaulting_Entity,USA,2025-02-05,daily_state,ndc_balance,211.33,196.2,176.45,86.66,0.4184,index,simulated,Synthetic Generator - Baseline,,Baseline balanced scenario - healthy supply chain
288,7,Exchange Registration_Entity,USA,2025-02-05,daily_state,ndc_balance,298.87,240.34,181.16,67.59,0.0291,index,simulated,Synthetic Generator - Baseline,,Baseline balanced scenario - healthy supply chain
289,0,Geological Prospecting_Entity,USA,2025-02-06,daily_state,ndc_balance,229.41,228.58,227.34,99.28,9.3494,index,simulated,Synthetic Generator - Baseline,,Baseline balanced scenario - healthy supply chain
290,1,Mine Extraction_Entity,USA,2025-02-06,daily_state,ndc_balance,243.7,275.29,205.9,79.49,0.0992,index,simulated,Synthetic Generator - Baseline,,Baseline balanced scenario - healthy supply chain
291,2,Ore Processing_Entity,USA,2025-02-06,daily_state,ndc_balance,290.96,272.23,247.44,87.92,0.2772,index,simulated,Synthetic Generator - Baseline,,Baseline balanced scenario - healthy supply chain
292,3,Doré Production_Entity,USA,2025-02-06,daily_state,ndc_balance,255.37,280.57,223.66,83.55,0.155,index,simulated,Synthetic Generator - Baseline,,Baseline balanced scenario - healthy supply chain
293,4,Refining_Entity,USA,2025-02-06,daily_state,ndc_balance,278.61,269.17,255.91,93.45,1.0098,index,simulated,Synthetic Generator - Baseline,,Baseline balanced scenario - healthy supply chain
294,5,Bar Casting & Assay_Entity,USA,2025-02-06,daily_state,ndc_balance,258.99,244.41,224.8,89.35,0.4491,index,simulated,Synthetic Generator - Baseline,,Baseline balanced scenario - healthy supply chain
295,6,Logistics & Vaulting_Entity,USA,2025-02-06,daily_state,ndc_balance,218.33,184.29,146.86,73.21,0.0856,index,simulated,Synthetic Generator - Baseline,,Baseline balanced scenario - healthy supply chain
296,7,Exchange Registration_Entity,USA,2025-02-06,daily_state,ndc_balance,286.95,271.1,249.75,89.54,0.383,index,simulated,Synthetic Generator - Baseline,,Baseline balanced scenario - healthy supply chain
297,0,Geological Prospecting_Entity,USA,2025-02-07,daily_state,ndc_balance,232.48,220.25,203.67,90.01,0.6258,index,simulated,Synthetic Generator - Baseline,,Baseline balanced scenario - healthy supply chain
298,1,Mine Extraction_Entity,USA,2025-02-07,daily_state,ndc_balance,280.86,245.06,203.31,77.5,0.0774,index,simulated,Synthetic Generator - Baseline,,Baseline balanced scenario - healthy supply chain
299,2,Ore Processing_Entity,USA,2025-02-07,daily_state,ndc_balance,281.25,261.62,235.92,86.97,0.253,index,simulated,Synthetic Generator - Baseline,,Baseline balanced scenario - healthy supply chain
300,3,Doré Production_Entity,USA,2025-02-07,daily_state,ndc_balance,238.63,246.03,228.17,94.16,1.5456,index,simulated,Synthetic Generator - Baseline,,Baseline balanced scenario - healthy supply chain
301,4,Refining_Entity,USA,2025-02-07,daily_state,ndc_balance,286.65,247.64,202.94,76.17,0.0653,index,simulated,Synthetic Generator - Baseline,,Baseline balanced scenario - healthy supply chain
302,5,Bar Casting & Assay_Entity,USA,2025-02-07,daily_state,ndc_balance,278.34,283.64,270.68,96.33,2.6271,index,simulated,Synthetic Generator - Baseline,,Baseline balanced scenario - healthy supply chain
303,6,Logistics & Vaulting_Entity,USA,2025-02-07,daily_state,ndc_balance,211.5,233.02,184.56,83.13,0.2113,index,simulated,Synthetic Generator - Baseline,,Baseline balanced scenario - healthy supply chain
304,7,Exchange Registration_Entity,USA,2025-02-07,daily_state,ndc_balance,273.69,256.84,234.4,88.41,0.34,index,simulated,Synthetic Generator - Baseline,,Baseline balanced scenario - healthy supply chain
305,0,Geological Prospecting_Entity,USA,2025-02-08,daily_state,ndc_balance,198.01,240.68,153.14,70.15,0.0546,index,simulated,Synthetic Generator - Baseline,,Baseline balanced scenario - healthy supply chain
306,1,Mine Extraction_Entity,USA,2025-02-08,daily_state,ndc_balance,274.51,252.76,224.8,85.34,0.2069,index,simulated,Synthetic Generator - Baseline,,Baseline balanced scenario - healthy supply chain
307,2,Ore Processing_Entity,USA,2025-02-08,daily_state,ndc_balance,288.89,258.5,221.41,81.02,0.1071,index,simulated,Synthetic Generator - Baseline,,Baseline balanced scenario - healthy supply chain
308,3,Doré Production_Entity,USA,2025-02-08,daily_state,ndc_balance,281.38,241.08,195.58,75.09,0.0612,index,simulated,Synthetic Generator - Baseline,,Baseline balanced scenario - healthy supply chain
309,4,Refining_Entity,USA,2025-02-08,daily_state,ndc_balance,276.34,276.82,275.61,99.65,9.7712,index,simulated,Synthetic Generator - Baseline,,Baseline balanced scenario - healthy supply chain
310,5,Bar Casting & Assay_Entity,USA,2025-02-08,daily_state,ndc_balance,271.91,262.79,249.96,93.51,1.0724,index,simulated,Synthetic Generator - Baseline,,Baseline balanced scenario - healthy supply chain
311,6,Logistics & Vaulting_Entity,USA,2025-02-08,daily_state,ndc_balance,192.84,207.24,173.97,87.02,0.4598,index,simulated,Synthetic Generator - Baseline,,Baseline balanced scenario - healthy supply chain
312,7,Exchange Registration_Entity,USA,2025-02-08,daily_state,ndc_balance,312.93,302.97,288.93,93.84,0.9171,index,simulated,Synthetic Generator - Baseline,,Baseline balanced scenario - healthy supply chain
313,0,Geological Prospecting_Entity,USA,2025-02-09,daily_state,ndc_balance,247.97,204.05,157.85,70.17,0.0516,index,simulated,Synthetic Generator - Baseline,,Baseline balanced scenario - healthy supply chain
314,1,Mine Extraction_Entity,USA,2025-02-09,daily_state,ndc_balance,249.22,250.99,246.61,98.6,7.6218,index,simulated,Synthetic Generator - Baseline,,Baseline balanced scenario - healthy supply chain
315,2,Ore Processing_Entity,USA,2025-02-09,daily_state,ndc_balance,284.9,297.95,266.92,91.62,0.5549,index,simulated,Synthetic Generator - Baseline,,Baseline balanced scenario - healthy supply chain
316,3,Doré Production_Entity,USA,2025-02-09,daily_state,ndc_balance,218.68,265.79,169.13,70.16,0.0449,index,simulated,Synthetic Generator - Baseline,,Baseline balanced scenario - healthy supply chain
317,4,Refining_Entity,USA,2025-02-09,daily_state,ndc_balance,271.7,255.57,234.01,88.81,0.3703,index,simulated,Synthetic Generator - Baseline,,Baseline balanced scenario - healthy supply chain
318,5,Bar Casting & Assay_Entity,USA,2025-02-09,daily_state,ndc_balance,248.89,228.47,202.37,84.87,0.2342,index,simulated,Synthetic Generator - Baseline,,Baseline balanced scenario - healthy supply chain
319,6,Logistics & Vaulting_Entity,USA,2025-02-09,daily_state,ndc_balance,216.41,199.57,177.87,85.59,0.3406,index,simulated,Synthetic Generator - Baseline,,Baseline balanced scenario - healthy supply chain
320,7,Exchange Registration_Entity,USA,2025-02-09,daily_state,ndc_balance,264.72,254.94,241.29,92.88,0.9473,index,simulated,Synthetic Generator - Baseline,,Baseline balanced scenario - healthy supply chain
321,0,Geological Prospecting_Entity,USA,2025-02-10,daily_state,ndc_balance,218.38,242.78,188.34,81.79,0.1653,index,simulated,Synthetic Generator - Baseline,,Baseline balanced scenario - healthy supply chain
322,1,Mine Extraction_Entity,USA,2025-02-10,daily_state,ndc_balance,259.53,225.68,186.45,77.04,0.0865,index,simulated,Synthetic Generator - Baseline,,Baseline balanced scenario - healthy supply chain
323,2,Ore Processing_Entity,USA,2025-02-10,daily_state,ndc_balance,279.73,272.83,262.95,95.18,1.7329,index,simulated,Synthetic Generator - Baseline,,Baseline balanced scenario - healthy supply chain
324,3,Doré Production_Entity,USA,2025-02-10,daily_state,ndc_balance,202.97,236.76,164.78,75.17,0.0868,index,simulated,Synthetic Generator - Baseline,,Baseline balanced scenario - healthy supply chain
325,4,Refining_Entity,USA,2025-02-10,daily_state,ndc_balance,269.96,275.27,262.28,96.21,2.6168,index,simulated,Synthetic Generator - Baseline,,Baseline balanced scenario - healthy supply chain
326,5,Bar Casting & Assay_Entity,USA,2025-02-10,daily_state,ndc_balance,291.15,278.01,259.95,91.37,0.5474,index,simulated,Synthetic Generator - Baseline,,Baseline balanced scenario - healthy supply chain
327,6,Logistics & Vaulting_Entity,USA,2025-02-10,daily_state,ndc_balance,199.39,177.82,151.66,80.55,0.2104,index,simulated,Synthetic Generator - Baseline,,Baseline balanced scenario - healthy supply chain
328,7,Exchange Registration_Entity,USA,2025-02-10,daily_state,ndc_balance,322.02,278.8,229.1,76.46,0.0533,index,simulated,Synthetic Generator - Baseline,,Baseline balanced scenario - healthy supply chain
329,0,Geological Prospecting_Entity,USA,2025-02-11,daily_state,ndc_balance,222.97,211.77,196.54,90.45,0.739,index,simulated,Synthetic Generator - Baseline,,Baseline balanced scenario - healthy supply chain
330,1,Mine Extraction_Entity,USA,2025-02-11,daily_state,ndc_balance,265.73,249.61,228.11,88.57,0.3705,index,simulated,Synthetic Generator - Baseline,,Baseline balanced scenario - healthy supply chain
331,2,Ore Processing_Entity,USA,2025-02-11,daily_state,ndc_balance,274.15,267.36,257.65,95.17,1.7825,index,simulated,Synthetic Generator - Baseline,,Baseline balanced scenario - healthy supply chain
332,3,Doré Production_Entity,USA,2025-02-11,daily_state,ndc_balance,242.27,227.42,207.66,88.47,0.4343,index,simulated,Synthetic Generator - Baseline,,Baseline balanced scenario - healthy supply chain
333,4,Refining_Entity,USA,2025-02-11,daily_state,ndc_balance,262.06,264.12,259.02,98.45,7.0265,index,simulated,Synthetic Generator - Baseline,,Baseline balanced scenario - healthy supply chain
334,5,Bar Casting & Assay_Entity,USA,2025-02-11,daily_state,ndc_balance,258.93,284.28,227.0,83.67,0.1533,index,simulated,Synthetic Generator - Baseline,,Baseline balanced scenario - healthy supply chain
335,6,Logistics & Vaulting_Entity,USA,2025-02-11,daily_state,ndc_balance,162.99,216.85,114.4,60.85,0.0344,index,simulated,Synthetic Generator - Baseline,,Baseline balanced scenario - healthy supply chain
336,7,Exchange Registration_Entity,USA,2025-02-11,daily_state,ndc_balance,301.45,239.88,178.74,66.47,0.0263,index,simulated,Synthetic Generator - Baseline,,Baseline balanced scenario - healthy supply chain
337,0,Geological Prospecting_Entity,USA,2025-02-12,daily_state,ndc_balance,216.94,204.98,188.86,89.56,0.6533,index,simulated,Synthetic Generator - Baseline,,Baseline balanced scenario - healthy supply chain
338,1,Mine Extraction_Entity,USA,2025-02-12,daily_state,ndc_balance,240.97,237.66,232.84,97.3,4.7812,index,simulated,Synthetic Generator - Baseline,,Baseline balanced scenario - healthy supply chain
339,2,Ore Processing_Entity,USA,2025-02-12,daily_state,ndc_balance,265.42,308.2,216.68,75.76,0.0543,index,simulated,Synthetic Generator - Baseline,,Baseline balanced scenario - healthy supply chain
340,3,Doré Production_Entity,USA,2025-02-12,daily_state,ndc_balance,256.11,259.55,251.09,97.39,4.5844,index,simulated,Synthetic Generator - Baseline,,Baseline balanced scenario - healthy supply chain
341,4,Refining_Entity,USA,2025-02-12,daily_state,ndc_balance,282.9,241.34,194.77,74.54,0.0576,index,simulated,Synthetic Generator - Baseline,,Baseline balanced scenario - healthy supply chain
342,5,Bar Casting & Assay_Entity,USA,2025-02-12,daily_state,ndc_balance,254.21,265.47,238.65,91.87,0.731,index,simulated,Synthetic Generator - Baseline,,Baseline balanced scenario - healthy supply chain
343,6,Logistics & Vaulting_Entity,USA,2025-02-12,daily_state,ndc_balance,183.75,209.5,153.44,78.21,0.1486,index,simulated,Synthetic Generator - Baseline,,Baseline balanced scenario - healthy supply chain
344,7,Exchange Registration_Entity,USA,2025-02-12,daily_state,ndc_balance,278.47,269.92,257.82,94.04,1.2014,index,simulated,Synthetic Generator - Baseline,,Baseline balanced scenario - healthy supply chain
345,0,Geological Prospecting_Entity,USA,2025-02-13,daily_state,ndc_balance,232.06,219.11,201.68,89.44,0.5631,index,simulated,Synthetic Generator - Baseline,,Baseline balanced scenario - healthy supply chain
346,1,Mine Extraction_Entity,USA,2025-02-13,daily_state,ndc_balance,255.98,271.98,234.56,88.9,0.3758,index,simulated,Synthetic Generator - Baseline,,Baseline balanced scenario - healthy supply chain
347,2,Ore Processing_Entity,USA,2025-02-13,daily_state,ndc_balance,265.18,287.2,236.73,85.78,0.202,index,simulated,Synthetic Generator - Baseline,,Baseline balanced scenario - healthy supply chain
348,3,Doré Production_Entity,USA,2025-02-13,daily_state,ndc_balance,250.29,230.54,205.15,85.4,0.25,index,simulated,Synthetic Generator - Baseline,,Baseline balanced scenario - healthy supply chain
349,4,Refining_Entity,USA,2025-02-13,daily_state,ndc_balance,276.28,238.59,195.44,76.12,0.0699,index,simulated,Synthetic Generator - Baseline,,Baseline balanced scenario - healthy supply chain
350,5,Bar Casting & Assay_Entity,USA,2025-02-13,daily_state,ndc_balance,275.25,252.79,224.05,84.94,0.1943,index,simulated,Synthetic Generator - Baseline,,Baseline balanced scenario - healthy supply chain
351,6,Logistics & Vaulting_Entity,USA,2025-02-13,daily_state,ndc_balance,193.55,215.0,167.1,81.91,0.2128,index,simulated,Synthetic Generator - Baseline,,Baseline balanced scenario - healthy supply chain
352,7,Exchange Registration_Entity,USA,2025-02-13,daily_state,ndc_balance,270.83,250.76,224.71,86.23,0.2424,index,simulated,Synthetic Generator - Baseline,,Baseline balanced scenario - healthy supply chain
353,0,Geological Prospecting_Entity,USA,2025-02-14,daily_state,ndc_balance,197.35,221.47,168.14,80.43,0.169,index,simulated,Synthetic Generator - Baseline,,Baseline balanced scenario - healthy supply chain
354,1,Mine Extraction_Entity,USA,2025-02-14,daily_state,ndc_balance,241.49,282.14,195.67,74.96,0.0601,index,simulated,Synthetic Generator - Baseline,,Baseline balanced scenario - healthy supply chain
355,2,Ore Processing_Entity,USA,2025-02-14,daily_state,ndc_balance,249.47,306.09,190.88,69.07,0.0311,index,simulated,Synthetic Generator - Baseline,,Baseline balanced scenario - healthy supply chain
356,3,Doré Production_Entity,USA,2025-02-14,daily_state,ndc_balance,243.86,233.82,219.9,92.09,0.9016,index,simulated,Synthetic Generator - Baseline,,Baseline balanced scenario - healthy supply chain
357,4,Refining_Entity,USA,2025-02-14,daily_state,ndc_balance,262.52,267.74,254.98,96.18,2.6856,index,simulated,Synthetic Generator - Baseline,,Baseline balanced scenario - healthy supply chain
358,5,Bar Casting & Assay_Entity,USA,2025-02-14,daily_state,ndc_balance,260.13,275.42,239.55,89.49,0.4105,index,simulated,Synthetic Generator - Baseline,,Baseline balanced scenario - healthy supply chain
359,6,Logistics & Vaulting_Entity,USA,2025-02-14,daily_state,ndc_balance,202.41,198.26,192.28,95.98,3.6762,index,simulated,Synthetic Generator - Baseline,,Baseline balanced scenario - healthy supply chain
360,7,Exchange Registration_Entity,USA,2025-02-14,daily_state,ndc_balance,275.24,274.53,273.47,99.49,9.5196,index,simulated,Synthetic Generator - Baseline,,Baseline balanced scenario - healthy supply chain
361,0,Geological Prospecting_Entity,USA,2025-02-15,daily_state,ndc_balance,224.62,179.22,133.92,66.75,0.0483,index,simulated,Synthetic Generator - Baseline,,Baseline balanced scenario - healthy supply chain
362,1,Mine Extraction_Entity,USA,2025-02-15,daily_state,ndc_balance,239.78,263.38,210.07,83.59,0.1764,index,simulated,Synthetic Generator - Baseline,,Baseline balanced scenario - healthy supply chain
363,2,Ore Processing_Entity,USA,2025-02-15,daily_state,ndc_balance,282.56,271.69,256.55,92.59,0.7797,index,simulated,Synthetic Generator - Baseline,,Baseline balanced scenario - healthy supply chain
364,3,Doré Production_Entity,USA,2025-02-15,daily_state,ndc_balance,240.28,241.26,238.82,99.19,9.1238,index,simulated,Synthetic Generator - Baseline,,Baseline balanced scenario - healthy supply chain
365,4,Refining_Entity,USA,2025-02-15,daily_state,ndc_balance,261.9,245.99,224.78,88.56,0.3799,index,simulated,Synthetic Generator - Baseline,,Baseline balanced scenario - healthy supply chain
366,5,Bar Casting & Assay_Entity,USA,2025-02-15,daily_state,ndc_balance,262.94,237.39,205.71,82.34,0.1509,index,simulated,Synthetic Generator - Baseline,,Baseline balanced scenario - healthy supply chain
367,6,Logistics & Vaulting_Entity,USA,2025-02-15,daily_state,ndc_balance,206.12,164.35,122.73,66.68,0.057,index,simulated,Synthetic Generator - Baseline,,Baseline balanced scenario - healthy supply chain
368,7,Exchange Registration_Entity,USA,2025-02-15,daily_state,ndc_balance,295.44,283.51,266.96,92.24,0.6564,index,simulated,Synthetic Generator - Baseline,,Baseline balanced scenario - healthy supply chain
369,0,Geological Prospecting_Entity,USA,2025-02-16,daily_state,ndc_balance,223.14,227.13,217.36,96.55,3.861,index,simulated,Synthetic Generator - Baseline,,Baseline balanced scenario - healthy supply chain
370,1,Mine Extraction_Entity,USA,2025-02-16,daily_state,ndc_balance,284.28,267.7,245.49,88.99,0.3508,index,simulated,Synthetic Generator - Baseline,,Baseline balanced scenario - healthy supply chain
371,2,Ore Processing_Entity,USA,2025-02-16,daily_state,ndc_balance,251.69,251.41,250.99,99.78,9.9223,index,simulated,Synthetic Generator - Baseline,,Baseline balanced scenario - healthy supply chain
372,3,Doré Production_Entity,USA,2025-02-16,daily_state,ndc_balance,229.93,234.91,222.76,95.85,2.8724,index,simulated,Synthetic Generator - Baseline,,Baseline balanced scenario - healthy supply chain
373,4,Refining_Entity,USA,2025-02-16,daily_state,ndc_balance,277.07,246.38,209.36,80.13,0.1051,index,simulated,Synthetic Generator - Baseline,,Baseline balanced scenario - healthy supply chain
374,5,Bar Casting & Assay_Entity,USA,2025-02-16,daily_state,ndc_balance,262.1,240.85,213.63,85.03,0.2165,index,simulated,Synthetic Generator - Baseline,,Baseline balanced scenario - healthy supply chain
375,6,Logistics & Vaulting_Entity,USA,2025-02-16,daily_state,ndc_balance,190.13,169.12,143.77,80.17,0.2216,index,simulated,Synthetic Generator - Baseline,,Baseline balanced scenario - healthy supply chain
376,7,Exchange Registration_Entity,USA,2025-02-16,daily_state,ndc_balance,265.45,250.11,229.54,89.08,0.4075,index,simulated,Synthetic Generator - Baseline,,Baseline balanced scenario - healthy supply chain
377,0,Geological Prospecting_Entity,USA,2025-02-17,daily_state,ndc_balance,203.97,227.85,174.81,81.09,0.1723,index,simulated,Synthetic Generator - Baseline,,Baseline balanced scenario - healthy supply chain
378,1,Mine Extraction_Entity,USA,2025-02-17,daily_state,ndc_balance,244.37,296.27,189.54,70.44,0.037,index,simulated,Synthetic Generator - Baseline,,Baseline balanced scenario - healthy supply chain
379,2,Ore Processing_Entity,USA,2025-02-17,daily_state,ndc_balance,286.01,277.21,264.78,94.04,1.1449,index,simulated,Synthetic Generator - Baseline,,Baseline balanced scenario - healthy supply chain
380,3,Doré Production_Entity,USA,2025-02-17,daily_state,ndc_balance,225.73,246.49,199.32,84.5,0.2268,index,simulated,Synthetic Generator - Baseline,,Baseline balanced scenario - healthy supply chain
381,4,Refining_Entity,USA,2025-02-17,daily_state,ndc_balance,259.97,261.08,258.32,99.15,8.9047,index,simulated,Synthetic Generator - Baseline,,Baseline balanced scenario - healthy supply chain
382,5,Bar Casting & Assay_Entity,USA,2025-02-17,daily_state,ndc_balance,297.01,252.16,202.33,73.93,0.0495,index,simulated,Synthetic Generator - Baseline,,Baseline balanced scenario - healthy supply chain
383,6,Logistics & Vaulting_Entity,USA,2025-02-17,daily_state,ndc_balance,215.85,181.23,143.51,72.56,0.0828,index,simulated,Synthetic Generator - Baseline,,Baseline balanced scenario - healthy supply chain
384,7,Exchange Registration_Entity,USA,2025-02-17,daily_state,ndc_balance,278.08,305.76,243.31,83.44,0.1289,index,simulated,Synthetic Generator - Baseline,,Baseline balanced scenario - healthy supply chain
385,0,Geological Prospecting_Entity,USA,2025-02-18,daily_state,ndc_balance,208.52,240.96,171.23,76.39,0.0941,index,simulated,Synthetic Generator - Baseline,,Baseline balanced scenario - healthy supply chain
386,1,Mine Extraction_Entity,USA,2025-02-18,daily_state,ndc_balance,268.54,238.21,201.79,79.78,0.1076,index,simulated,Synthetic Generator - Baseline,,Baseline balanced scenario - healthy supply chain
387,2,Ore Processing_Entity,USA,2025-02-18,daily_state,ndc_balance,287.41,290.84,282.37,97.67,4.5863,index,simulated,Synthetic Generator - Baseline,,Baseline balanced scenario - healthy supply chain
388,3,Doré Production_Entity,USA,2025-02-18,daily_state,ndc_balance,247.25,205.07,160.09,71.09,0.0559,index,simulated,Synthetic Generator - Baseline,,Baseline balanced scenario - healthy supply chain
389,4,Refining_Entity,USA,2025-02-18,daily_state,ndc_balance,257.01,253.88,249.29,97.59,5.0474,index,simulated,Synthetic Generator - Baseline,,Baseline balanced scenario - healthy supply chain
390,5,Bar Casting & Assay_Entity,USA,2025-02-18,daily_state,ndc_balance,256.8,264.51,245.88,94.34,1.4418,index,simulated,Synthetic Generator - Baseline,,Baseline balanced scenario - healthy supply chain
391,6,Logistics & Vaulting_Entity,USA,2025-02-18,daily_state,ndc_balance,200.59,169.3,134.9,73.2,0.1011,index,simulated,Synthetic Generator - Baseline,,Baseline balanced scenario - healthy supply chain
392,7,Exchange Registration_Entity,USA,2025-02-18,daily_state,ndc_balance,283.62,284.33,282.57,99.51,9.5286,index,simulated,Synthetic Generator - Baseline,,Baseline balanced scenario - healthy supply chain
393,0,Geological Prospecting_Entity,USA,2025-02-19,daily_state,ndc_balance,225.64,227.25,223.26,98.59,7.9446,index,simulated,Synthetic Generator - Baseline,,Baseline balanced scenario - healthy supply chain
394,1,Mine Extraction_Entity,USA,2025-02-19,daily_state,ndc_balance,269.75,256.06,237.45,90.35,0.5064,index,simulated,Synthetic Generator - Baseline,,Baseline balanced scenario - healthy supply chain
395,2,Ore Processing_Entity,USA,2025-02-19,daily_state,ndc_balance,276.19,242.9,203.52,78.58,0.0894,index,simulated,Synthetic Generator - Baseline,,Baseline balanced scenario - healthy supply chain
396,3,Doré Production_Entity,USA,2025-02-19,daily_state,ndc_balance,243.69,236.53,226.39,94.3,1.6343,index,simulated,Synthetic Generator - Baseline,,Baseline balanced scenario - healthy supply chain
397,4,Refining_Entity,USA,2025-02-19,daily_state,ndc_balance,271.32,234.81,192.86,76.41,0.0745,index,simulated,Synthetic Generator - Baseline,,Baseline balanced scenario - healthy supply chain
398,5,Bar Casting & Assay_Entity,USA,2025-02-19,daily_state,ndc_balance,241.03,271.75,204.14,79.76,0.1048,index,simulated,Synthetic Generator - Baseline,,Baseline balanced scenario - healthy supply chain
399,6,Logistics & Vaulting_Entity,USA,2025-02-19,daily_state,ndc_balance,196.65,205.06,185.0,92.12,1.2383,index,simulated,Synthetic Generator - Baseline,,Baseline balanced scenario - healthy supply chain
400,7,Exchange Registration_Entity,USA,2025-02-19,daily_state,ndc_balance,277.67,273.33,267.02,96.92,3.4701,index,simulated,Synthetic Generator - Baseline,,Baseline balanced scenario - healthy supply chain
401,0,Geological Prospecting_Entity,USA,2025-02-20,daily_state,ndc_balance,230.65,197.98,160.96,75.32,0.0928,index,simulated,Synthetic Generator - Baseline,,Baseline balanced scenario - healthy supply chain
402,1,Mine Extraction_Entity,USA,2025-02-20,daily_state,ndc_balance,258.02,238.94,214.17,86.25,0.2674,index,simulated,Synthetic Generator - Baseline,,Baseline balanced scenario - healthy supply chain
403,2,Ore Processing_Entity,USA,2025-02-20,daily_state,ndc_balance,270.06,266.7,261.77,97.54,4.6918,index,simulated,Synthetic Generator - Baseline,,Baseline balanced scenario - healthy supply chain
404,3,Doré Production_Entity,USA,2025-02-20,daily_state,ndc_balance,239.91,223.65,202.26,87.32,0.3642,index,simulated,Synthetic Generator - Baseline,,Baseline balanced scenario - healthy supply chain
405,4,Refining_Entity,USA,2025-02-20,daily_state,ndc_balance,285.42,241.16,192.4,73.34,0.0508,index,simulated,Synthetic Generator - Baseline,,Baseline balanced scenario - healthy supply chain
406,5,Bar Casting & Assay_Entity,USA,2025-02-20,daily_state,ndc_balance,253.78,244.35,231.19,92.84,1.0112,index,simulated,Synthetic Generator - Baseline,,Baseline balanced scenario - healthy supply chain
407,6,Logistics & Vaulting_Entity,USA,2025-02-20,daily_state,ndc_balance,218.28,195.8,168.25,81.38,0.194,index,simulated,Synthetic Generator - Baseline,,Baseline balanced scenario - healthy supply chain
408,7,Exchange Registration_Entity,USA,2025-02-20,daily_state,ndc_balance,292.06,245.52,194.71,72.71,0.046,index,simulated,Synthetic Generator - Baseline,,Baseline balanced scenario - healthy supply chain
409,0,Geological Prospecting_Entity,USA,2025-02-21,daily_state,ndc_balance,219.94,222.76,215.81,97.5,5.5684,index,simulated,Synthetic Generator - Baseline,,Baseline balanced scenario - healthy supply chain
410,1,Mine Extraction_Entity,USA,2025-02-21,daily_state,ndc_balance,257.17,265.92,244.84,93.63,1.1534,index,simulated,Synthetic Generator - Baseline,,Baseline balanced scenario - healthy supply chain
411,2,Ore Processing_Entity,USA,2025-02-21,daily_state,ndc_balance,268.17,297.11,232.31,82.3,0.118,index,simulated,Synthetic Generator - Baseline,,Baseline balanced scenario - healthy supply chain
412,3,Doré Production_Entity,USA,2025-02-21,daily_state,ndc_balance,270.42,225.22,176.66,71.58,0.0487,index,simulated,Synthetic Generator - Baseline,,Baseline balanced scenario - healthy supply chain
413,4,Refining_Entity,USA,2025-02-21,daily_state,ndc_balance,259.25,282.91,229.11,84.6,0.1755,index,simulated,Synthetic Generator - Baseline,,Baseline balanced scenario - healthy supply chain
414,5,Bar Casting & Assay_Entity,USA,2025-02-21,daily_state,ndc_balance,279.63,242.33,199.37,76.59,0.0714,index,simulated,Synthetic Generator - Baseline,,Baseline balanced scenario - healthy supply chain
415,6,Logistics & Vaulting_Entity,USA,2025-02-21,daily_state,ndc_balance,189.63,186.67,182.37,96.93,5.337,index,simulated,Synthetic Generator - Baseline,,Baseline balanced scenario - healthy supply chain
416,7,Exchange Registration_Entity,USA,2025-02-21,daily_state,ndc_balance,255.77,255.21,254.38,99.57,9.7007,index,simulated,Synthetic Generator - Baseline,,Baseline balanced scenario - healthy supply chain
417,0,Geological Prospecting_Entity,USA,2025-02-22,daily_state,ndc_balance,200.24,192.42,181.55,92.49,1.4056,index,simulated,Synthetic Generator - Baseline,,Baseline balanced scenario - healthy supply chain
418,1,Mine Extraction_Entity,USA,2025-02-22,daily_state,ndc_balance,254.79,250.46,244.18,96.66,3.4837,index,simulated,Synthetic Generator - Baseline,,Baseline balanced scenario - healthy supply chain
419,2,Ore Processing_Entity,USA,2025-02-22,daily_state,ndc_balance,298.56,253.27,203.03,73.83,0.0485,index,simulated,Synthetic Generator - Baseline,,Baseline balanced scenario - healthy supply chain
420,3,Doré Production_Entity,USA,2025-02-22,daily_state,ndc_balance,250.07,227.39,198.91,83.41,0.1907,index,simulated,Synthetic Generator - Baseline,,Baseline balanced scenario - healthy supply chain
421,4,Refining_Entity,USA,2025-02-22,daily_state,ndc_balance,264.56,268.39,258.98,97.19,4.0566,index,simulated,Synthetic Generator - Baseline,,Baseline balanced scenario - healthy supply chain
422,5,Bar Casting & Assay_Entity,USA,2025-02-22,daily_state,ndc_balance,238.46,258.13,213.04,85.87,0.2521,index,simulated,Synthetic Generator - Baseline,,Baseline balanced scenario - healthy supply chain
423,6,Logistics & Vaulting_Entity,USA,2025-02-22,daily_state,ndc_balance,197.8,200.11,194.42,97.72,6.5279,index,simulated,Synthetic Generator - Baseline,,Baseline balanced scenario - healthy supply chain
424,7,Exchange Registration_Entity,USA,2025-02-22,daily_state,ndc_balance,279.64,315.44,236.7,79.69,0.0774,index,simulated,Synthetic Generator - Baseline,,Baseline balanced scenario - healthy supply chain
425,0,Geological Prospecting_Entity,USA,2025-02-23,daily_state,ndc_balance,205.13,196.2,183.89,91.66,1.1138,index,simulated,Synthetic Generator - Baseline,,Baseline balanced scenario - healthy supply chain
426,1,Mine Extraction_Entity,USA,2025-02-23,daily_state,ndc_balance,245.35,235.76,222.42,92.48,0.9804,index,simulated,Synthetic Generator - Baseline,,Baseline balanced scenario - healthy supply chain
427,2,Ore Processing_Entity,USA,2025-02-23,daily_state,ndc_balance,265.14,292.16,231.32,83.11,0.1351,index,simulated,Synthetic Generator - Baseline,,Baseline balanced scenario - healthy supply chain
428,3,Doré Production_Entity,USA,2025-02-23,daily_state,ndc_balance,256.01,220.49,180.01,75.77,0.0786,index,simulated,Synthetic Generator - Baseline,,Baseline balanced scenario - healthy supply chain
429,4,Refining_Entity,USA,2025-02-23,daily_state,ndc_balance,252.22,264.25,235.69,91.3,0.6463,index,simulated,Synthetic Generator - Baseline,,Baseline balanced scenario - healthy supply chain
430,5,Bar Casting & Assay_Entity,USA,2025-02-23,daily_state,ndc_balance,246.42,262.15,225.41,88.69,0.3882,index,simulated,Synthetic Generator - Baseline,,Baseline balanced scenario - healthy supply chain
431,6,Logistics & Vaulting_Entity,USA,2025-02-23,daily_state,ndc_balance,197.74,163.48,127.13,70.71,0.0844,index,simulated,Synthetic Generator - Baseline,,Baseline balanced scenario - healthy supply chain
432,7,Exchange Registration_Entity,USA,2025-02-23,daily_state,ndc_balance,297.91,303.09,290.4,96.64,2.7203,index,simulated,Synthetic Generator - Baseline,,Baseline balanced scenario - healthy supply chain
433,0,Geological Prospecting_Entity,USA,2025-02-24,daily_state,ndc_balance,204.93,198.32,189.0,93.75,1.8619,index,simulated,Synthetic Generator - Baseline,,Baseline balanced scenario - healthy supply chain
434,1,Mine Extraction_Entity,USA,2025-02-24,daily_state,ndc_balance,258.41,251.32,241.23,94.66,1.6584,index,simulated,Synthetic Generator - Baseline,,Baseline balanced scenario - healthy supply chain
435,2,Ore Processing_Entity,USA,2025-02-24,daily_state,ndc_balance,284.0,306.48,254.77,86.35,0.194,index,simulated,Synthetic Generator - Baseline,,Baseline balanced scenario - healthy supply chain
436,3,Doré Production_Entity,USA,2025-02-24,daily_state,ndc_balance,231.47,215.93,195.47,87.44,0.3976,index,simulated,Synthetic Generator - Baseline,,Baseline balanced scenario - healthy supply chain
437,4,Refining_Entity,USA,2025-02-24,daily_state,ndc_balance,243.43,242.14,240.22,98.94,8.5707,index,simulated,Synthetic Generator - Baseline,,Baseline balanced scenario - healthy supply chain
438,5,Bar Casting & Assay_Entity,USA,2025-02-24,daily_state,ndc_balance,253.63,282.6,218.09,81.46,0.1177,index,simulated,Synthetic Generator - Baseline,,Baseline balanced scenario - healthy supply chain
439,6,Logistics & Vaulting_Entity,USA,2025-02-24,daily_state,ndc_balance,186.36,194.33,175.32,92.13,1.3608,index,simulated,Synthetic Generator - Baseline,,Baseline balanced scenario - healthy supply chain
440,7,Exchange Registration_Entity,USA,2025-02-24,daily_state,ndc_balance,273.88,291.69,250.15,88.5,0.3055,index,simulated,Synthetic Generator - Baseline,,Baseline balanced scenario - healthy supply chain
441,0,Geological Prospecting_Entity,USA,2025-02-25,daily_state,ndc_balance,251.48,195.3,141.77,63.97,0.0316,index,simulated,Synthetic Generator - Baseline,,Baseline balanced scenario - healthy supply chain
442,1,Mine Extraction_Entity,USA,2025-02-25,daily_state,ndc_balance,246.23,263.65,223.25,87.62,0.319,index,simulated,Synthetic Generator - Baseline,,Baseline balanced scenario - healthy supply chain
443,2,Ore Processing_Entity,USA,2025-02-25,daily_state,ndc_balance,283.8,303.1,258.22,88.04,0.2615,index,simulated,Synthetic Generator - Baseline,,Baseline balanced scenario - healthy supply chain
444,3,Doré Production_Entity,USA,2025-02-25,daily_state,ndc_balance,242.33,223.39,199.0,85.53,0.2712,index,simulated,Synthetic Generator - Baseline,,Baseline balanced scenario - healthy supply chain
445,4,Refining_Entity,USA,2025-02-25,daily_state,ndc_balance,272.43,274.81,268.92,98.28,6.3792,index,simulated,Synthetic Generator - Baseline,,Baseline balanced scenario - healthy supply chain
446,5,Bar Casting & Assay_Entity,USA,2025-02-25,daily_state,ndc_balance,265.88,258.99,249.16,94.95,1.7397,index,simulated,Synthetic Generator - Baseline,,Baseline balanced scenario - healthy supply chain
447,6,Logistics & Vaulting_Entity,USA,2025-02-25,daily_state,ndc_balance,209.57,210.91,207.6,98.74,8.4916,index,simulated,Synthetic Generator - Baseline,,Baseline balanced scenario - healthy supply chain
448,7,Exchange Registration_Entity,USA,2025-02-25,daily_state,ndc_balance,294.3,281.53,263.92,91.69,0.5778,index,simulated,Synthetic Generator - Baseline,,Baseline balanced scenario - healthy supply chain
449,0,Geological Prospecting_Entity,USA,2025-02-26,daily_state,ndc_balance,210.55,207.08,202.05,96.76,4.5469,index,simulated,Synthetic Generator - Baseline,,Baseline balanced scenario - healthy supply chain
450,1,Mine Extraction_Entity,USA,2025-02-26,daily_state,ndc_balance,271.15,229.74,183.89,73.68,0.058,index,simulated,Synthetic Generator - Baseline,,Baseline balanced scenario - healthy supply chain
451,2,Ore Processing_Entity,USA,2025-02-26,daily_state,ndc_balance,278.58,262.36,240.63,89.01,0.3661,index,simulated,Synthetic Generator - Baseline,,Baseline balanced scenario - healthy supply chain
452,3,Doré Production_Entity,USA,2025-02-26,daily_state,ndc_balance,233.48,252.45,208.91,86.05,0.2704,index,simulated,Synthetic Generator - Baseline,,Baseline balanced scenario - healthy supply chain
453,4,Refining_Entity,USA,2025-02-26,daily_state,ndc_balance,265.92,255.28,240.51,92.31,0.8114,index,simulated,Synthetic Generator - Baseline,,Baseline balanced scenario - healthy supply chain
454,5,Bar Casting & Assay_Entity,USA,2025-02-26,daily_state,ndc_balance,232.66,262.88,196.51,79.46,0.1083,index,simulated,Synthetic Generator - Baseline,,Baseline balanced scenario - healthy supply chain
455,6,Logistics & Vaulting_Entity,USA,2025-02-26,daily_state,ndc_balance,202.74,228.38,171.89,79.88,0.1498,index,simulated,Synthetic Generator - Baseline,,Baseline balanced scenario - healthy supply chain
456,7,Exchange Registration_Entity,USA,2025-02-26,daily_state,ndc_balance,268.44,273.39,261.26,96.44,2.8978,index,simulated,Synthetic Generator - Baseline,,Baseline balanced scenario - healthy supply chain
457,0,Geological Prospecting_Entity,USA,2025-02-27,daily_state,ndc_balance,216.31,232.45,195.16,87.03,0.3697,index,simulated,Synthetic Generator - Baseline,,Baseline balanced scenario - healthy supply chain
458,1,Mine Extraction_Entity,USA,2025-02-27,daily_state,ndc_balance,251.14,249.08,246.03,98.37,7.0169,index,simulated,Synthetic Generator - Baseline,,Baseline balanced scenario - healthy supply chain
459,2,Ore Processing_Entity,USA,2025-02-27,daily_state,ndc_balance,281.69,272.41,259.36,93.63,1.0418,index,simulated,Synthetic Generator - Baseline,,Baseline balanced scenario - healthy supply chain
460,3,Doré Production_Entity,USA,2025-02-27,daily_state,ndc_balance,225.87,232.55,216.4,94.42,1.8324,index,simulated,Synthetic Generator - Baseline,,Baseline balanced scenario - healthy supply chain
461,4,Refining_Entity,USA,2025-02-27,daily_state,ndc_balance,278.67,235.58,188.06,73.4,0.0536,index,simulated,Synthetic Generator - Baseline,,Baseline balanced scenario - healthy supply chain
462,5,Bar Casting & Assay_Entity,USA,2025-02-27,daily_state,ndc_balance,254.56,236.45,212.8,86.74,0.2959,index,simulated,Synthetic Generator - Baseline,,Baseline balanced scenario - healthy supply chain
463,6,Logistics & Vaulting_Entity,USA,2025-02-27,daily_state,ndc_balance,210.49,161.64,115.95,62.86,0.0417,index,simulated,Synthetic Generator - Baseline,,Baseline balanced scenario - healthy supply chain
464,7,Exchange Registration_Entity,USA,2025-02-27,daily_state,ndc_balance,264.18,275.84,248.07,91.89,0.6851,index,simulated,Synthetic Generator - Baseline,,Baseline balanced scenario - healthy supply chain
465,0,Geological Prospecting_Entity,USA,2025-02-28,daily_state,ndc_balance,235.6,202.51,164.94,75.51,0.0905,index,simulated,Synthetic Generator - Baseline,,Baseline balanced scenario - healthy supply chain
466,1,Mine Extraction_Entity,USA,2025-02-28,daily_state,ndc_balance,243.79,277.56,203.95,78.4,0.087,index,simulated,Synthetic Generator - Baseline,,Baseline balanced scenario - healthy supply chain
467,2,Ore Processing_Entity,USA,2025-02-28,daily_state,ndc_balance,250.4,229.12,202.08,84.37,0.216,index,simulated,Synthetic Generator - Baseline,,Baseline balanced scenario - healthy supply chain
468,3,Doré Production_Entity,USA,2025-02-28,daily_state,ndc_balance,238.72,219.66,195.19,85.24,0.2679,index,simulated,Synthetic Generator - Baseline,,Baseline balanced scenario - healthy supply chain
469,4,Refining_Entity,USA,2025-02-28,daily_state,ndc_balance,246.8,266.45,221.28,86.29,0.2526,index,simulated,Synthetic Generator - Baseline,,Baseline balanced scenario - healthy supply chain
470,5,Bar Casting & Assay_Entity,USA,2025-02-28,daily_state,ndc_balance,255.78,238.54,215.87,87.39,0.3257,index,simulated,Synthetic Generator - Baseline,,Baseline balanced scenario - healthy supply chain
471,6,Logistics & Vaulting_Entity,USA,2025-02-28,daily_state,ndc_balance,172.92,204.4,138.15,73.49,0.0999,index,simulated,Synthetic Generator - Baseline,,Baseline balanced scenario - healthy supply chain
472,7,Exchange Registration_Entity,USA,2025-02-28,daily_state,ndc_balance,281.87,266.91,246.66,89.93,0.4276,index,simulated,Synthetic Generator - Baseline,,Baseline balanced scenario - healthy supply chain
473,0,Geological Prospecting_Entity,USA,2025-03-01,daily_state,ndc_balance,239.41,184.11,132.27,63.0,0.0326,index,simulated,Synthetic Generator - Baseline,,Baseline balanced scenario - healthy supply chain
474,1,Mine Extraction_Entity,USA,2025-03-01,daily_state,ndc_balance,228.83,230.91,225.75,98.21,6.9667,index,simulated,Synthetic Generator - Baseline,,Baseline balanced scenario - healthy supply chain
475,2,Ore Processing_Entity,USA,2025-03-01,daily_state,ndc_balance,271.03,272.75,268.47,98.75,7.713,index,simulated,Synthetic Generator - Baseline,,Baseline balanced scenario - healthy supply chain
476,3,Doré Production_Entity,USA,2025-03-01,daily_state,ndc_balance,228.09,234.7,218.7,94.52,1.8608,index,simulated,Synthetic Generator - Baseline,,Baseline balanced scenario - healthy supply chain
477,4,Refining_Entity,USA,2025-03-01,daily_state,ndc_balance,242.94,279.36,200.72,77.05,0.0748,index,simulated,Synthetic Generator - Baseline,,Baseline balanced scenario - healthy supply chain
478,5,Bar Casting & Assay_Entity,USA,2025-03-01,daily_state,ndc_balance,250.48,268.48,226.78,87.45,0.2993,index,simulated,Synthetic Generator - Baseline,,Baseline balanced scenario - healthy supply chain
479,6,Logistics & Vaulting_Entity,USA,2025-03-01,daily_state,ndc_balance,196.85,196.59,196.2,99.73,9.9322,index,simulated,Synthetic Generator - Baseline,,Baseline balanced scenario - healthy supply chain
480,7,Exchange Registration_Entity,USA,2025-03-01,daily_state,ndc_balance,280.26,276.43,270.83,97.3,4.0541,index,simulated,Synthetic Generator - Baseline,,Baseline balanced scenario - healthy supply chain
481,0,Geological Prospecting_Entity,USA,2025-03-02,daily_state,ndc_balance,220.98,227.0,212.41,94.84,2.1649,index,simulated,Synthetic Generator - Baseline,,Baseline balanced scenario - healthy supply chain
482,1,Mine Extraction_Entity,USA,2025-03-02,daily_state,ndc_balance,254.29,255.83,251.99,98.8,8.0703,index,simulated,Synthetic Generator - Baseline,,Baseline balanced scenario - healthy supply chain
483,2,Ore Processing_Entity,USA,2025-03-02,daily_state,ndc_balance,269.99,293.99,239.3,84.94,0.1706,index,simulated,Synthetic Generator - Baseline,,Baseline balanced scenario - healthy supply chain
484,3,Doré Production_Entity,USA,2025-03-02,daily_state,ndc_balance,221.19,260.49,177.52,73.96,0.0643,index,simulated,Synthetic Generator - Baseline,,Baseline balanced scenario - healthy supply chain
485,4,Refining_Entity,USA,2025-03-02,daily_state,ndc_balance,260.74,227.32,188.4,77.39,0.0887,index,simulated,Synthetic Generator - Baseline,,Baseline balanced scenario - healthy supply chain
486,5,Bar Casting & Assay_Entity,USA,2025-03-02,daily_state,ndc_balance,253.26,235.81,212.93,87.13,0.318,index,simulated,Synthetic Generator - Baseline,,Baseline balanced scenario - healthy supply chain
487,6,Logistics & Vaulting_Entity,USA,2025-03-02,daily_state,ndc_balance,203.95,176.32,144.63,76.27,0.1293,index,simulated,Synthetic Generator - Baseline,,Baseline balanced scenario - healthy supply chain
488,7,Exchange Registration_Entity,USA,2025-03-02,daily_state,ndc_balance,264.65,234.06,197.52,79.36,0.1058,index,simulated,Synthetic Generator - Baseline,,Baseline balanced scenario - healthy supply chain
489,0,Geological Prospecting_Entity,USA,2025-03-03,daily_state,ndc_balance,204.23,159.18,115.99,64.33,0.049,index,simulated,Synthetic Generator - Baseline,,Baseline balanced scenario - healthy supply chain
490,1,Mine Extraction_Entity,USA,2025-03-03,daily_state,ndc_balance,227.25,256.5,192.21,79.61,0.1156,index,simulated,Synthetic Generator - Baseline,,Baseline balanced scenario - healthy supply chain
491,2,Ore Processing_Entity,USA,2025-03-03,daily_state,ndc_balance,282.8,275.47,265.01,94.95,1.5687,index,simulated,Synthetic Generator - Baseline,,Baseline balanced scenario - healthy supply chain
492,3,Doré Production_Entity,USA,2025-03-03,daily_state,ndc_balance,216.51,226.95,202.18,91.21,0.8399,index,simulated,Synthetic Generator - Baseline,,Baseline balanced scenario - healthy supply chain
493,4,Refining_Entity,USA,2025-03-03,daily_state,ndc_balance,260.96,231.96,197.0,80.07,0.1175,index,simulated,Synthetic Generator - Baseline,,Baseline balanced scenario - healthy supply chain
494,5,Bar Casting & Assay_Entity,USA,2025-03-03,daily_state,ndc_balance,273.56,263.6,249.68,92.98,0.9156,index,simulated,Synthetic Generator - Baseline,,Baseline balanced scenario - healthy supply chain
495,6,Logistics & Vaulting_Entity,USA,2025-03-03,daily_state,ndc_balance,187.7,188.29,186.81,99.37,9.657,index,simulated,Synthetic Generator - Baseline,,Baseline balanced scenario - healthy supply chain
496,7,Exchange Registration_Entity,USA,2025-03-03,daily_state,ndc_balance,274.14,231.06,183.8,73.03,0.0536,index,simulated,Synthetic Generator - Baseline,,Baseline balanced scenario - healthy supply chain
497,0,Geological Prospecting_Entity,USA,2025-03-04,daily_state,ndc_balance,207.02,190.31,168.89,85.09,0.3456,index,simulated,Synthetic Generator - Baseline,,Baseline balanced scenario - healthy supply chain
498,1,Mine Extraction_Entity,USA,2025-03-04,daily_state,ndc_balance,235.7,237.52,233.02,98.48,7.5141,index,simulated,Synthetic Generator - Baseline,,Baseline balanced scenario - healthy supply chain
499,2,Ore Processing_Entity,USA,2025-03-04,daily_state,ndc_balance,297.69,279.12,254.44,88.27,0.2816,index,simulated,Synthetic Generator - Baseline,,Baseline balanced scenario - healthy supply chain
500,3,Doré Production_Entity,USA,2025-03-04,daily_state,ndc_balance,222.16,237.89,201.42,87.61,0.3885,index,simulated,Synthetic Generator - Baseline,,Baseline balanced scenario - healthy supply chain
501,4,Refining_Entity,USA,2025-03-04,daily_state,ndc_balance,281.72,269.23,252.03,91.51,0.6022,index,simulated,Synthetic Generator - Baseline,,Baseline balanced scenario - healthy supply chain
502,5,Bar Casting & Assay_Entity,USA,2025-03-04,daily_state,ndc_balance,251.62,235.94,215.09,88.28,0.3906,index,simulated,Synthetic Generator - Baseline,,Baseline balanced scenario - healthy supply chain
503,6,Logistics & Vaulting_Entity,USA,2025-03-04,daily_state,ndc_balance,201.2,194.67,185.46,93.71,1.8967,index,simulated,Synthetic Generator - Baseline,,Baseline balanced scenario - healthy supply chain
504,7,Exchange Registration_Entity,USA,2025-03-04,daily_state,ndc_balance,284.16,279.02,271.57,96.45,2.7454,index,simulated,Synthetic Generator - Baseline,,Baseline balanced scenario - healthy supply chain
505,0,Geological Prospecting_Entity,USA,2025-03-05,daily_state,ndc_balance,226.23,192.76,155.33,74.38,0.0884,index,simulated,Synthetic Generator - Baseline,,Baseline balanced scenario - healthy supply chain
506,1,Mine Extraction_Entity,USA,2025-03-05,daily_state,ndc_balance,270.25,245.95,215.38,83.54,0.1665,index,simulated,Synthetic Generator - Baseline,,Baseline balanced scenario - healthy supply chain
507,2,Ore Processing_Entity,USA,2025-03-05,daily_state,ndc_balance,301.62,254.99,203.56,73.4,0.0458,index,simulated,Synthetic Generator - Baseline,,Baseline balanced scenario - healthy supply chain
508,3,Doré Production_Entity,USA,2025-03-05,daily_state,ndc_balance,256.53,230.95,199.4,81.92,0.1506,index,simulated,Synthetic Generator - Baseline,,Baseline balanced scenario - healthy supply chain
509,4,Refining_Entity,USA,2025-03-05,daily_state,ndc_balance,250.72,243.68,233.68,94.54,1.6803,index,simulated,Synthetic Generator - Baseline,,Baseline balanced scenario - healthy supply chain
510,5,Bar Casting & Assay_Entity,USA,2025-03-05,daily_state,ndc_balance,245.68,255.03,232.63,92.94,1.028,index,simulated,Synthetic Generator - Baseline,,Baseline balanced scenario - healthy supply chain
511,6,Logistics & Vaulting_Entity,USA,2025-03-05,daily_state,ndc_balance,198.33,177.06,151.23,80.7,0.2163,index,simulated,Synthetic Generator - Baseline,,Baseline balanced scenario - healthy supply chain
512,7,Exchange Registration_Entity,USA,2025-03-05,daily_state,ndc_balance,270.12,305.95,227.45,79.12,0.0773,index,simulated,Synthetic Generator - Baseline,,Baseline balanced scenario - healthy supply chain
513,0,Geological Prospecting_Entity,USA,2025-03-06,daily_state,ndc_balance,236.21,210.09,178.57,80.16,0.1445,index,simulated,Synthetic Generator - Baseline,,Baseline balanced scenario - healthy supply chain
514,1,Mine Extraction_Entity,USA,2025-03-06,daily_state,ndc_balance,250.87,244.4,235.17,94.97,1.9288,index,simulated,Synthetic Generator - Baseline,,Baseline balanced scenario - healthy supply chain
515,2,Ore Processing_Entity,USA,2025-03-06,daily_state,ndc_balance,279.5,248.83,211.75,80.29,0.1052,index,simulated,Synthetic Generator - Baseline,,Baseline balanced scenario - healthy supply chain
516,3,Doré Production_Entity,USA,2025-03-06,daily_state,ndc_balance,226.44,197.2,163.23,77.24,0.1157,index,simulated,Synthetic Generator - Baseline,,Baseline balanced scenario - healthy supply chain
517,4,Refining_Entity,USA,2025-03-06,daily_state,ndc_balance,266.29,263.89,260.35,98.21,6.3486,index,simulated,Synthetic Generator - Baseline,,Baseline balanced scenario - healthy supply chain
518,5,Bar Casting & Assay_Entity,USA,2025-03-06,daily_state,ndc_balance,243.05,275.57,204.39,78.98,0.0937,index,simulated,Synthetic Generator - Baseline,,Baseline balanced scenario - healthy supply chain
519,6,Logistics & Vaulting_Entity,USA,2025-03-06,daily_state,ndc_balance,171.91,160.88,146.27,87.96,0.7593,index,simulated,Synthetic Generator - Baseline,,Baseline balanced scenario - healthy supply chain
520,7,Exchange Registration_Entity,USA,2025-03-06,daily_state,ndc_balance,273.66,286.09,256.53,91.68,0.6087,index,simulated,Synthetic Generator - Baseline,,Baseline balanced scenario - healthy supply chain
521,0,Geological Prospecting_Entity,USA,2025-03-07,daily_state,ndc_balance,235.41,193.86,150.09,70.26,0.0576,index,simulated,Synthetic Generator - Baseline,,Baseline balanced scenario - healthy supply chain
522,1,Mine Extraction_Entity,USA,2025-03-07,daily_state,ndc_balance,266.33,241.43,210.32,82.94,0.1587,index,simulated,Synthetic Generator - Baseline,,Baseline balanced scenario - healthy supply chain
523,2,Ore Processing_Entity,USA,2025-03-07,daily_state,ndc_balance,267.56,283.03,246.7,89.65,0.4013,index,simulated,Synthetic Generator - Baseline,,Baseline balanced scenario - healthy supply chain
524,3,Doré Production_Entity,USA,2025-03-07,daily_state,ndc_balance,239.94,198.75,154.91,70.94,0.0586,index,simulated,Synthetic Generator - Baseline,,Baseline balanced scenario - healthy supply chain
525,4,Refining_Entity,USA,2025-03-07,daily_state,ndc_balance,282.3,276.96,269.24,96.29,2.5986,index,simulated,Synthetic Generator - Baseline,,Baseline balanced scenario - healthy supply chain
526,5,Bar Casting & Assay_Entity,USA,2025-03-07,daily_state,ndc_balance,240.77,254.25,222.53,89.94,0.5218,index,simulated,Synthetic Generator - Baseline,,Baseline balanced scenario - healthy supply chain
527,6,Logistics & Vaulting_Entity,USA,2025-03-07,daily_state,ndc_balance,197.56,191.81,183.66,94.35,2.323,index,simulated,Synthetic Generator - Baseline,,Baseline balanced scenario - healthy supply chain
528,7,Exchange Registration_Entity,USA,2025-03-07,daily_state,ndc_balance,261.9,255.03,245.24,94.89,1.7504,index,simulated,Synthetic Generator - Baseline,,Baseline balanced scenario - healthy supply chain
529,0,Geological Prospecting_Entity,USA,2025-03-08,daily_state,ndc_balance,209.67,223.15,191.69,88.62,0.5215,index,simulated,Synthetic Generator - Baseline,,Baseline balanced scenario - healthy supply chain
530,1,Mine Extraction_Entity,USA,2025-03-08,daily_state,ndc_balance,258.21,235.37,206.56,83.79,0.1882,index,simulated,Synthetic Generator - Baseline,,Baseline balanced scenario - healthy supply chain
531,2,Ore Processing_Entity,USA,2025-03-08,daily_state,ndc_balance,281.63,215.77,154.42,62.64,0.023,index,simulated,Synthetic Generator - Baseline,,Baseline balanced scenario - healthy supply chain
532,3,Doré Production_Entity,USA,2025-03-08,daily_state,ndc_balance,247.29,195.73,144.99,65.9,0.0375,index,simulated,Synthetic Generator - Baseline,,Baseline balanced scenario - healthy supply chain
533,4,Refining_Entity,USA,2025-03-08,daily_state,ndc_balance,254.62,231.89,203.26,83.65,0.1899,index,simulated,Synthetic Generator - Baseline,,Baseline balanced scenario - healthy supply chain
534,5,Bar Casting & Assay_Entity,USA,2025-03-08,daily_state,ndc_balance,230.63,267.94,188.17,75.7,0.0713,index,simulated,Synthetic Generator - Baseline,,Baseline balanced scenario - healthy supply chain
535,6,Logistics & Vaulting_Entity,USA,2025-03-08,daily_state,ndc_balance,183.04,193.28,169.18,89.94,0.8704,index,simulated,Synthetic Generator - Baseline,,Baseline balanced scenario - healthy supply chain
536,7,Exchange Registration_Entity,USA,2025-03-08,daily_state,ndc_balance,269.35,275.63,260.34,95.55,2.0229,index,simulated,Synthetic Generator - Baseline,,Baseline balanced scenario - healthy supply chain
537,0,Geological Prospecting_Entity,USA,2025-03-09,daily_state,ndc_balance,211.16,178.91,143.21,73.68,0.0952,index,simulated,Synthetic Generator - Baseline,,Baseline balanced scenario - healthy supply chain
538,1,Mine Extraction_Entity,USA,2025-03-09,daily_state,ndc_balance,264.95,233.12,195.44,78.64,0.0977,index,simulated,Synthetic Generator - Baseline,,Baseline balanced scenario - healthy supply chain
539,2,Ore Processing_Entity,USA,2025-03-09,daily_state,ndc_balance,246.66,259.3,229.4,90.71,0.5889,index,simulated,Synthetic Generator - Baseline,,Baseline balanced scenario - healthy supply chain
540,3,Doré Production_Entity,USA,2025-03-09,daily_state,ndc_balance,252.52,242.31,228.15,92.23,0.8755,index,simulated,Synthetic Generator - Baseline,,Baseline balanced scenario - healthy supply chain
541,4,Refining_Entity,USA,2025-03-09,daily_state,ndc_balance,254.78,245.72,233.03,93.14,1.0864,index,simulated,Synthetic Generator - Baseline,,Baseline balanced scenario - healthy supply chain
542,5,Bar Casting & Assay_Entity,USA,2025-03-09,daily_state,ndc_balance,245.18,284.39,200.43,75.9,0.0646,index,simulated,Synthetic Generator - Baseline,,Baseline balanced scenario - healthy supply chain
543,6,Logistics & Vaulting_Entity,USA,2025-03-09,daily_state,ndc_balance,195.74,194.75,193.28,98.99,9.1082,index,simulated,Synthetic Generator - Baseline,,Baseline balanced scenario - healthy supply chain
544,7,Exchange Registration_Entity,USA,2025-03-09,daily_state,ndc_balance,285.46,271.3,252.01,90.56,0.4752,index,simulated,Synthetic Generator - Baseline,,Baseline balanced scenario - healthy supply chain
545,0,Geological Prospecting_Entity,USA,2025-03-10,daily_state,ndc_balance,206.12,198.47,187.79,92.85,1.4594,index,simulated,Synthetic Generator - Baseline,,Baseline balanced scenario - healthy supply chain
546,1,Mine Extraction_Entity,USA,2025-03-10,daily_state,ndc_balance,248.93,241.33,230.59,94.08,1.4767,index,simulated,Synthetic Generator - Baseline,,Baseline balanced scenario - healthy supply chain
547,2,Ore Processing_Entity,USA,2025-03-10,daily_state,ndc_balance,280.92,267.94,250.14,91.17,0.5602,index,simulated,Synthetic Generator - Baseline,,Baseline balanced scenario - healthy supply chain
548,3,Doré Production_Entity,USA,2025-03-10,daily_state,ndc_balance,241.0,225.55,205.1,87.97,0.4024,index,simulated,Synthetic Generator - Baseline,,Baseline balanced scenario - healthy supply chain
549,4,Refining_Entity,USA,2025-03-10,daily_state,ndc_balance,261.19,216.04,168.11,70.77,0.0488,index,simulated,Synthetic Generator - Baseline,,Baseline balanced scenario - healthy supply chain
550,5,Bar Casting & Assay_Entity,USA,2025-03-10,daily_state,ndc_balance,263.75,253.24,238.65,92.34,0.8302,index,simulated,Synthetic Generator - Baseline,,Baseline balanced scenario - healthy supply chain
551,6,Logistics & Vaulting_Entity,USA,2025-03-10,daily_state,ndc_balance,204.98,134.87,83.9,50.46,0.0203,index,simulated,Synthetic Generator - Baseline,,Baseline balanced scenario - healthy supply chain
552,7,Exchange Registration_Entity,USA,2025-03-10,daily_state,ndc_balance,301.33,264.49,221.07,78.31,0.0731,index,simulated,Synthetic Generator - Baseline,,Baseline balanced scenario - healthy supply chain
553,0,Geological Prospecting_Entity,USA,2025-03-11,daily_state,ndc_balance,226.68,183.33,139.06,68.22,0.0529,index,simulated,Synthetic Generator - Baseline,,Baseline balanced scenario - healthy supply chain
554,1,Mine Extraction_Entity,USA,2025-03-11,daily_state,ndc_balance,259.25,223.08,181.94,75.65,0.0759,index,simulated,Synthetic Generator - Baseline,,Baseline balanced scenario - healthy supply chain
555,2,Ore Processing_Entity,USA,2025-03-11,daily_state,ndc_balance,260.7,301.5,213.88,76.29,0.0597,index,simulated,Synthetic Generator - Baseline,,Baseline balanced scenario - healthy supply chain
556,3,Doré Production_Entity,USA,2025-03-11,daily_state,ndc_balance,227.19,230.96,221.72,96.79,4.139,index,simulated,Synthetic Generator - Baseline,,Baseline balanced scenario - healthy supply chain
557,4,Refining_Entity,USA,2025-03-11,daily_state,ndc_balance,273.11,260.97,244.26,91.49,0.6354,index,simulated,Synthetic Generator - Baseline,,Baseline balanced scenario - healthy supply chain
558,5,Bar Casting & Assay_Entity,USA,2025-03-11,daily_state,ndc_balance,252.31,253.61,250.38,98.98,8.5504,index,simulated,Synthetic Generator - Baseline,,Baseline balanced scenario - healthy supply chain
559,6,Logistics & Vaulting_Entity,USA,2025-03-11,daily_state,ndc_balance,226.11,186.01,143.84,70.14,0.0618,index,simulated,Synthetic Generator - Baseline,,Baseline balanced scenario - healthy supply chain
560,7,Exchange Registration_Entity,USA,2025-03-11,daily_state,ndc_balance,273.07,285.96,255.36,91.38,0.5682,index,simulated,Synthetic Generator - Baseline,,Baseline balanced scenario - healthy supply chain
561,0,Geological Prospecting_Entity,USA,2025-03-12,daily_state,ndc_balance,226.73,223.49,218.75,97.18,4.8683,index,simulated,Synthetic Generator - Baseline,,Baseline balanced scenario - healthy supply chain
562,1,Mine Extraction_Entity,USA,2025-03-12,daily_state,ndc_balance,259.73,221.55,178.77,74.52,0.0681,index,simulated,Synthetic Generator - Baseline,,Baseline balanced scenario - healthy supply chain
563,2,Ore Processing_Entity,USA,2025-03-12,daily_state,ndc_balance,294.65,246.49,194.34,72.11,0.0429,index,simulated,Synthetic Generator - Baseline,,Baseline balanced scenario - healthy supply chain
564,3,Doré Production_Entity,USA,2025-03-12,daily_state,ndc_balance,234.69,213.54,186.95,83.51,0.2187,index,simulated,Synthetic Generator - Baseline,,Baseline balanced scenario - healthy supply chain
565,4,Refining_Entity,USA,2025-03-12,daily_state,ndc_balance,259.19,258.04,256.33,99.12,8.8309,index,simulated,Synthetic Generator - Baseline,,Baseline balanced scenario - healthy supply chain
566,5,Bar Casting & Assay_Entity,USA,2025-03-12,daily_state,ndc_balance,254.97,254.72,254.33,99.8,9.9348,index,simulated,Synthetic Generator - Baseline,,Baseline balanced scenario - healthy supply chain
567,6,Logistics & Vaulting_Entity,USA,2025-03-12,daily_state,ndc_balance,214.36,195.29,171.25,83.7,0.2676,index,simulated,Synthetic Generator - Baseline,,Baseline balanced scenario - healthy supply chain
568,7,Exchange Registration_Entity,USA,2025-03-12,daily_state,ndc_balance,266.49,284.48,242.63,88.12,0.2999,index,simulated,Synthetic Generator - Baseline,,Baseline balanced scenario - healthy supply chain
569,0,Geological Prospecting_Entity,USA,2025-03-13,daily_state,ndc_balance,228.14,180.14,133.1,65.65,0.0432,index,simulated,Synthetic Generator - Baseline,,Baseline balanced scenario - healthy supply chain
570,1,Mine Extraction_Entity,USA,2025-03-13,daily_state,ndc_balance,259.26,254.86,248.47,96.66,3.4067,index,simulated,Synthetic Generator - Baseline,,Baseline balanced scenario - healthy supply chain
571,2,Ore Processing_Entity,USA,2025-03-13,daily_state,ndc_balance,265.83,292.0,232.9,83.59,0.1439,index,simulated,Synthetic Generator - Baseline,,Baseline balanced scenario - healthy supply chain
572,3,Doré Production_Entity,USA,2025-03-13,daily_state,ndc_balance,228.05,229.5,225.89,98.74,8.2592,index,simulated,Synthetic Generator - Baseline,,Baseline balanced scenario - healthy supply chain
573,4,Refining_Entity,USA,2025-03-13,daily_state,ndc_balance,257.7,252.52,245.04,96.06,2.7128,index,simulated,Synthetic Generator - Baseline,,Baseline balanced scenario - healthy supply chain
574,5,Bar Casting & Assay_Entity,USA,2025-03-13,daily_state,ndc_balance,233.85,221.32,204.37,89.83,0.5982,index,simulated,Synthetic Generator - Baseline,,Baseline balanced scenario - healthy supply chain
575,6,Logistics & Vaulting_Entity,USA,2025-03-13,daily_state,ndc_balance,214.21,171.99,129.41,67.42,0.0558,index,simulated,Synthetic Generator - Baseline,,Baseline balanced scenario - healthy supply chain
576,7,Exchange Registration_Entity,USA,2025-03-13,daily_state,ndc_balance,255.43,228.48,195.62,80.98,0.1358,index,simulated,Synthetic Generator - Baseline,,Baseline balanced scenario - healthy supply chain
577,0,Geological Prospecting_Entity,USA,2025-03-14,daily_state,ndc_balance,200.91,178.58,151.66,80.07,0.1966,index,simulated,Synthetic Generator - Baseline,,Baseline balanced scenario - healthy supply chain
578,1,Mine Extraction_Entity,USA,2025-03-14,daily_state,ndc_balance,275.12,260.57,240.87,89.96,0.451,index,simulated,Synthetic Generator - Baseline,,Baseline balanced scenario - healthy supply chain
579,2,Ore Processing_Entity,USA,2025-03-14,daily_state,ndc_balance,260.17,307.94,207.55,73.33,0.0436,index,simulated,Synthetic Generator - Baseline,,Baseline balanced scenario - healthy supply chain
580,3,Doré Production_Entity,USA,2025-03-14,daily_state,ndc_balance,245.22,221.54,192.16,82.44,0.1753,index,simulated,Synthetic Generator - Baseline,,Baseline balanced scenario - healthy supply chain
581,4,Refining_Entity,USA,2025-03-14,daily_state,ndc_balance,223.0,293.63,158.17,61.81,0.02,index,simulated,Synthetic Generator - Baseline,,Baseline balanced scenario - healthy supply chain
582,5,Bar Casting & Assay_Entity,USA,2025-03-14,daily_state,ndc_balance,229.65,217.77,201.67,90.18,0.6626,index,simulated,Synthetic Generator - Baseline,,Baseline balanced scenario - healthy supply chain
583,6,Logistics & Vaulting_Entity,USA,2025-03-14,daily_state,ndc_balance,205.83,231.31,175.05,80.23,0.1517,index,simulated,Synthetic Generator - Baseline,,Baseline balanced scenario - healthy supply chain
584,7,Exchange Registration_Entity,USA,2025-03-14,daily_state,ndc_balance,291.25,277.54,258.77,91.01,0.505,index,simulated,Synthetic Generator - Baseline,,Baseline balanced scenario - healthy supply chain
585,0,Geological Prospecting_Entity,USA,2025-03-15,daily_state,ndc_balance,219.65,217.94,215.42,98.46,7.7468,index,simulated,Synthetic Generator - Baseline,,Baseline balanced scenario - healthy supply chain
586,1,Mine Extraction_Entity,USA,2025-03-15,daily_state,ndc_balance,262.11,247.64,228.15,89.55,0.4559,index,simulated,Synthetic Generator - Baseline,,Baseline balanced scenario - healthy supply chain
587,2,Ore Processing_Entity,USA,2025-03-15,daily_state,ndc_balance,272.29,266.46,258.06,95.8,2.2701,index,simulated,Synthetic Generator - Baseline,,Baseline balanced scenario - healthy supply chain
588,3,Doré Production_Entity,USA,2025-03-15,daily_state,ndc_balance,219.42,222.53,214.87,97.24,5.0806,index,simulated,Synthetic Generator - Baseline,,Baseline balanced scenario - healthy supply chain
589,4,Refining_Entity,USA,2025-03-15,daily_state,ndc_balance,235.33,250.81,214.74,88.39,0.4007,index,simulated,Synthetic Generator - Baseline,,Baseline balanced scenario - healthy supply chain
590,5,Bar Casting & Assay_Entity,USA,2025-03-15,daily_state,ndc_balance,235.9,227.72,216.24,93.3,1.2998,index,simulated,Synthetic Generator - Baseline,,Baseline balanced scenario - healthy supply chain
591,6,Logistics & Vaulting_Entity,USA,2025-03-15,daily_state,ndc_balance,193.43,212.64,169.28,83.47,0.2638,index,simulated,Synthetic Generator - Baseline,,Baseline balanced scenario - healthy supply chain
592,7,Exchange Registration_Entity,USA,2025-03-15,daily_state,ndc_balance,284.5,239.31,189.92,72.78,0.0487,index,simulated,Synthetic Generator - Baseline,,Baseline balanced scenario - healthy supply chain
593,0,Geological Prospecting_Entity,USA,2025-03-16,daily_state,ndc_balance,196.17,219.74,167.53,80.69,0.1767,index,simulated,Synthetic Generator - Baseline,,Baseline balanced scenario - healthy supply chain
594,1,Mine Extraction_Entity,USA,2025-03-16,daily_state,ndc_balance,236.27,238.77,232.61,97.93,6.17,index,simulated,Synthetic Generator - Baseline,,Baseline balanced scenario - healthy supply chain
595,2,Ore Processing_Entity,USA,2025-03-16,daily_state,ndc_balance,279.26,250.38,215.02,81.31,0.1184,index,simulated,Synthetic Generator - Baseline,,Baseline balanced scenario - healthy supply chain
596,3,Doré Production_Entity,USA,2025-03-16,daily_state,ndc_balance,232.59,203.8,169.97,78.07,0.1192,index,simulated,Synthetic Generator - Baseline,,Baseline balanced scenario - healthy supply chain
597,4,Refining_Entity,USA,2025-03-16,daily_state,ndc_balance,251.99,258.57,242.6,95.04,1.879,index,simulated,Synthetic Generator - Baseline,,Baseline balanced scenario - healthy supply chain
598,5,Bar Casting & Assay_Entity,USA,2025-03-16,daily_state,ndc_balance,227.12,255.74,192.67,79.95,0.1206,index,simulated,Synthetic Generator - Baseline,,Baseline balanced scenario - healthy supply chain
599,6,Logistics & Vaulting_Entity,USA,2025-03-16,daily_state,ndc_balance,190.72,197.75,180.86,93.13,1.6801,index,simulated,Synthetic Generator - Baseline,,Baseline balanced scenario - healthy supply chain
600,7,Exchange Registration_Entity,USA,2025-03-16,daily_state,ndc_balance,274.37,292.36,250.42,88.42,0.2996,index,simulated,Synthetic Generator - Baseline,,Baseline balanced scenario - healthy supply chain
601,0,Geological Prospecting_Entity,USA,2025-03-17,daily_state,ndc_balance,213.22,195.34,172.58,84.56,0.3035,index,simulated,Synthetic Generator - Baseline,,Baseline balanced scenario - healthy supply chain
602,1,Mine Extraction_Entity,USA,2025-03-17,daily_state,ndc_balance,253.17,252.85,252.37,99.75,9.8967,index,simulated,Synthetic Generator - Baseline,,Baseline balanced scenario - healthy supply chain
603,2,Ore Processing_Entity,USA,2025-03-17,daily_state,ndc_balance,272.07,268.8,264.01,97.62,4.8323,index,simulated,Synthetic Generator - Baseline,,Baseline balanced scenario - healthy supply chain
604,3,Doré Production_Entity,USA,2025-03-17,daily_state,ndc_balance,220.81,216.14,209.41,95.86,3.1435,index,simulated,Synthetic Generator - Baseline,,Baseline balanced scenario - healthy supply chain
605,4,Refining_Entity,USA,2025-03-17,daily_state,ndc_balance,240.3,284.56,191.58,73.26,0.0508,index,simulated,Synthetic Generator - Baseline,,Baseline balanced scenario - healthy supply chain
606,5,Bar Casting & Assay_Entity,USA,2025-03-17,daily_state,ndc_balance,232.68,235.6,228.41,97.55,5.4016,index,simulated,Synthetic Generator - Baseline,,Baseline balanced scenario - healthy supply chain
607,6,Logistics & Vaulting_Entity,USA,2025-03-17,daily_state,ndc_balance,180.56,204.18,152.35,79.35,0.1761,index,simulated,Synthetic Generator - Baseline,,Baseline balanced scenario - healthy supply chain
608,7,Exchange Registration_Entity,USA,2025-03-17,daily_state,ndc_balance,266.92,290.53,236.69,85.0,0.1761,index,simulated,Synthetic Generator - Baseline,,Baseline balanced scenario - healthy supply chain
609,0,Geological Prospecting_Entity,USA,2025-03-18,daily_state,ndc_balance,201.61,208.39,192.05,93.7,1.7857,index,simulated,Synthetic Generator - Baseline,,Baseline balanced scenario - healthy supply chain
610,1,Mine Extraction_Entity,USA,2025-03-18,daily_state,ndc_balance,239.18,281.98,191.7,73.82,0.0543,index,simulated,Synthetic Generator - Baseline,,Baseline balanced scenario - healthy supply chain
611,2,Ore Processing_Entity,USA,2025-03-18,daily_state,ndc_balance,253.9,273.94,227.82,86.38,0.2427,index,simulated,Synthetic Generator - Baseline,,Baseline balanced scenario - healthy supply chain
612,3,Doré Production_Entity,USA,2025-03-18,daily_state,ndc_balance,241.22,235.82,228.06,95.62,2.5535,index,simulated,Synthetic Generator - Baseline,,Baseline balanced scenario - healthy supply chain
613,4,Refining_Entity,USA,2025-03-18,daily_state,ndc_balance,258.93,251.03,239.86,94.08,1.3812,index,simulated,Synthetic Generator - Baseline,,Baseline balanced scenario - healthy supply chain
614,5,Bar Casting & Assay_Entity,USA,2025-03-18,daily_state,ndc_balance,252.37,245.72,236.25,94.87,1.8465,index,simulated,Synthetic Generator - Baseline,,Baseline balanced scenario - healthy supply chain
615,6,Logistics & Vaulting_Entity,USA,2025-03-18,daily_state,ndc_balance,206.17,228.16,178.86,82.47,0.2026,index,simulated,Synthetic Generator - Baseline,,Baseline balanced scenario - healthy supply chain
616,7,Exchange Registration_Entity,USA,2025-03-18,daily_state,ndc_balance,263.35,243.71,218.24,86.15,0.2528,index,simulated,Synthetic Generator - Baseline,,Baseline balanced scenario - healthy supply chain
617,0,Geological Prospecting_Entity,USA,2025-03-19,daily_state,ndc_balance,210.8,250.13,167.66,73.01,0.0642,index,simulated,Synthetic Generator - Baseline,,Baseline balanced scenario - healthy supply chain
618,1,Mine Extraction_Entity,USA,2025-03-19,daily_state,ndc_balance,240.06,273.2,200.94,78.46,0.0903,index,simulated,Synthetic Generator - Baseline,,Baseline balanced scenario - healthy supply chain
619,2,Ore Processing_Entity,USA,2025-03-19,daily_state,ndc_balance,297.29,258.73,213.98,77.15,0.0668,index,simulated,Synthetic Generator - Baseline,,Baseline balanced scenario - healthy supply chain
620,3,Doré Production_Entity,USA,2025-03-19,daily_state,ndc_balance,240.65,258.01,217.82,87.41,0.3214,index,simulated,Synthetic Generator - Baseline,,Baseline balanced scenario - healthy supply chain
621,4,Refining_Entity,USA,2025-03-19,daily_state,ndc_balance,256.43,250.03,240.88,95.13,1.9616,index,simulated,Synthetic Generator - Baseline,,Baseline balanced scenario - healthy supply chain
622,5,Bar Casting & Assay_Entity,USA,2025-03-19,daily_state,ndc_balance,243.39,230.43,212.89,89.89,0.5616,index,simulated,Synthetic Generator - Baseline,,Baseline balanced scenario - healthy supply chain
623,6,Logistics & Vaulting_Entity,USA,2025-03-19,daily_state,ndc_balance,182.38,166.66,146.75,84.17,0.3891,index,simulated,Synthetic Generator - Baseline,,Baseline balanced scenario - healthy supply chain
624,7,Exchange Registration_Entity,USA,2025-03-19,daily_state,ndc_balance,272.63,254.84,231.33,87.76,0.3061,index,simulated,Synthetic Generator - Baseline,,Baseline balanced scenario - healthy supply chain
625,0,Geological Prospecting_Entity,USA,2025-03-20,daily_state,ndc_balance,216.08,176.05,134.65,69.04,0.062,index,simulated,Synthetic Generator - Baseline,,Baseline balanced scenario - healthy supply chain
626,1,Mine Extraction_Entity,USA,2025-03-20,daily_state,ndc_balance,257.53,259.06,255.27,98.83,8.11,index,simulated,Synthetic Generator - Baseline,,Baseline balanced scenario - healthy supply chain
627,2,Ore Processing_Entity,USA,2025-03-20,daily_state,ndc_balance,242.66,275.79,203.45,78.65,0.0903,index,simulated,Synthetic Generator - Baseline,,Baseline balanced scenario - healthy supply chain
628,3,Doré Production_Entity,USA,2025-03-20,daily_state,ndc_balance,250.98,207.28,161.01,70.59,0.0521,index,simulated,Synthetic Generator - Baseline,,Baseline balanced scenario - healthy supply chain
629,4,Refining_Entity,USA,2025-03-20,daily_state,ndc_balance,287.66,261.6,228.86,83.43,0.1451,index,simulated,Synthetic Generator - Baseline,,Baseline balanced scenario - healthy supply chain
630,5,Bar Casting & Assay_Entity,USA,2025-03-20,daily_state,ndc_balance,241.99,248.05,233.32,95.23,2.1416,index,simulated,Synthetic Generator - Baseline,,Baseline balanced scenario - healthy supply chain
631,6,Logistics & Vaulting_Entity,USA,2025-03-20,daily_state,ndc_balance,200.94,190.42,176.17,90.06,0.8286,index,simulated,Synthetic Generator - Baseline,,Baseline balanced scenario - healthy supply chain
632,7,Exchange Registration_Entity,USA,2025-03-20,daily_state,ndc_balance,280.65,252.48,217.78,81.81,0.1245,index,simulated,Synthetic Generator - Baseline,,Baseline balanced scenario - healthy supply chain
633,0,Geological Prospecting_Entity,USA,2025-03-21,daily_state,ndc_balance,215.59,179.0,139.89,71.21,0.0741,index,simulated,Synthetic Generator - Baseline,,Baseline balanced scenario - healthy supply chain
634,1,Mine Extraction_Entity,USA,2025-03-21,daily_state,ndc_balance,251.39,228.17,199.11,83.14,0.1822,index,simulated,Synthetic Generator - Baseline,,Baseline balanced scenario - healthy supply chain
635,2,Ore Processing_Entity,USA,2025-03-21,daily_state,ndc_balance,262.02,291.69,225.57,81.59,0.1123,index,simulated,Synthetic Generator - Baseline,,Baseline balanced scenario - healthy supply chain
636,3,Doré Production_Entity,USA,2025-03-21,daily_state,ndc_balance,249.42,240.41,227.8,93.03,1.0955,index,simulated,Synthetic Generator - Baseline,,Baseline balanced scenario - healthy supply chain
637,4,Refining_Entity,USA,2025-03-21,daily_state,ndc_balance,246.67,248.75,243.6,98.34,6.9828,index,simulated,Synthetic Generator - Baseline,,Baseline balanced scenario - healthy supply chain
638,5,Bar Casting & Assay_Entity,USA,2025-03-21,daily_state,ndc_balance,271.25,251.99,226.84,86.76,0.2626,index,simulated,Synthetic Generator - Baseline,,Baseline balanced scenario - healthy supply chain
639,6,Logistics & Vaulting_Entity,USA,2025-03-21,daily_state,ndc_balance,227.84,196.52,160.74,75.96,0.1009,index,simulated,Synthetic Generator - Baseline,,Baseline balanced scenario - healthy supply chain
640,7,Exchange Registration_Entity,USA,2025-03-21,daily_state,ndc_balance,275.93,263.88,247.26,91.63,0.6438,index,simulated,Synthetic Generator - Baseline,,Baseline balanced scenario - healthy supply chain
641,0,Geological Prospecting_Entity,USA,2025-03-22,daily_state,ndc_balance,215.58,202.11,184.23,88.26,0.5229,index,simulated,Synthetic Generator - Baseline,,Baseline balanced scenario - healthy supply chain
642,1,Mine Extraction_Entity,USA,2025-03-22,daily_state,ndc_balance,264.19,262.08,258.95,98.41,6.9085,index,simulated,Synthetic Generator - Baseline,,Baseline balanced scenario - healthy supply chain
643,2,Ore Processing_Entity,USA,2025-03-22,daily_state,ndc_balance,261.78,245.9,224.72,88.57,0.3811,index,simulated,Synthetic Generator - Baseline,,Baseline balanced scenario - healthy supply chain
644,3,Doré Production_Entity,USA,2025-03-22,daily_state,ndc_balance,206.03,239.0,168.4,75.89,0.0911,index,simulated,Synthetic Generator - Baseline,,Baseline balanced scenario - healthy supply chain
645,4,Refining_Entity,USA,2025-03-22,daily_state,ndc_balance,247.02,216.11,179.88,77.86,0.1035,index,simulated,Synthetic Generator - Baseline,,Baseline balanced scenario - healthy supply chain
646,5,Bar Casting & Assay_Entity,USA,2025-03-22,daily_state,ndc_balance,259.4,294.73,217.56,78.68,0.0795,index,simulated,Synthetic Generator - Baseline,,Baseline balanced scenario - healthy supply chain
647,6,Logistics & Vaulting_Entity,USA,2025-03-22,daily_state,ndc_balance,193.48,204.95,178.05,89.41,0.7065,index,simulated,Synthetic Generator - Baseline,,Baseline balanced scenario - healthy supply chain
648,7,Exchange Registration_Entity,USA,2025-03-22,daily_state,ndc_balance,274.8,268.08,258.46,95.23,1.8121,index,simulated,Synthetic Generator - Baseline,,Baseline balanced scenario - healthy supply chain
649,0,Geological Prospecting_Entity,USA,2025-03-23,daily_state,ndc_balance,227.91,200.07,167.26,78.33,0.1274,index,simulated,Synthetic Generator - Baseline,,Baseline balanced scenario - healthy supply chain
650,1,Mine Extraction_Entity,USA,2025-03-23,daily_state,ndc_balance,258.13,251.09,241.06,94.69,1.677,index,simulated,Synthetic Generator - Baseline,,Baseline balanced scenario - healthy supply chain
651,2,Ore Processing_Entity,USA,2025-03-23,daily_state,ndc_balance,264.1,288.15,233.45,84.62,0.1699,index,simulated,Synthetic Generator - Baseline,,Baseline balanced scenario - healthy supply chain
652,3,Doré Production_Entity,USA,2025-03-23,daily_state,ndc_balance,231.5,216.69,197.09,87.99,0.4364,index,simulated,Synthetic Generator - Baseline,,Baseline balanced scenario - healthy supply chain
653,4,Refining_Entity,USA,2025-03-23,daily_state,ndc_balance,272.17,239.13,200.11,78.44,0.0907,index,simulated,Synthetic Generator - Baseline,,Baseline balanced scenario - healthy supply chain
654,5,Bar Casting & Assay_Entity,USA,2025-03-23,daily_state,ndc_balance,254.54,250.13,243.73,96.59,3.3945,index,simulated,Synthetic Generator - Baseline,,Baseline balanced scenario - healthy supply chain
655,6,Logistics & Vaulting_Entity,USA,2025-03-23,daily_state,ndc_balance,210.41,198.84,183.25,89.59,0.6953,index,simulated,Synthetic Generator - Baseline,,Baseline balanced scenario - healthy supply chain
656,7,Exchange Registration_Entity,USA,2025-03-23,daily_state,ndc_balance,273.75,285.02,258.08,92.4,0.7298,index,simulated,Synthetic Generator - Baseline,,Baseline balanced scenario - healthy supply chain
657,0,Geological Prospecting_Entity,USA,2025-03-24,daily_state,ndc_balance,235.55,215.8,190.65,84.56,0.2499,index,simulated,Synthetic Generator - Baseline,,Baseline balanced scenario - healthy supply chain
658,1,Mine Extraction_Entity,USA,2025-03-24,daily_state,ndc_balance,254.86,222.15,184.07,77.36,0.0926,index,simulated,Synthetic Generator - Baseline,,Baseline balanced scenario - healthy supply chain
659,2,Ore Processing_Entity,USA,2025-03-24,daily_state,ndc_balance,258.72,265.27,249.37,95.19,1.8938,index,simulated,Synthetic Generator - Baseline,,Baseline balanced scenario - healthy supply chain
660,3,Doré Production_Entity,USA,2025-03-24,daily_state,ndc_balance,225.56,227.4,222.84,98.4,7.4768,index,simulated,Synthetic Generator - Baseline,,Baseline balanced scenario - healthy supply chain
661,4,Refining_Entity,USA,2025-03-24,daily_state,ndc_balance,265.55,265.3,264.91,99.81,9.9352,index,simulated,Synthetic Generator - Baseline,,Baseline balanced scenario - healthy supply chain
662,5,Bar Casting & Assay_Entity,USA,2025-03-24,daily_state,ndc_balance,253.64,259.52,245.21,95.57,2.2468,index,simulated,Synthetic Generator - Baseline,,Baseline balanced scenario - healthy supply chain
663,6,Logistics & Vaulting_Entity,USA,2025-03-24,daily_state,ndc_balance,195.67,155.2,115.23,66.13,0.0607,index,simulated,Synthetic Generator - Baseline,,Baseline balanced scenario - healthy supply chain
664,7,Exchange Registration_Entity,USA,2025-03-24,daily_state,ndc_balance,260.61,268.17,249.88,94.52,1.4904,index,simulated,Synthetic Generator - Baseline,,Baseline balanced scenario - healthy supply chain
665,0,Geological Prospecting_Entity,USA,2025-03-25,daily_state,ndc_balance,197.16,217.04,172.23,83.26,0.2467,index,simulated,Synthetic Generator - Baseline,,Baseline balanced scenario - healthy supply chain
666,1,Mine Extraction_Entity,USA,2025-03-25,daily_state,ndc_balance,278.27,268.18,254.08,93.01,0.8953,index,simulated,Synthetic Generator - Baseline,,Baseline balanced scenario - healthy supply chain
667,2,Ore Processing_Entity,USA,2025-03-25,daily_state,ndc_balance,272.1,298.08,239.25,84.01,0.1461,index,simulated,Synthetic Generator - Baseline,,Baseline balanced scenario - healthy supply chain
668,3,Doré Production_Entity,USA,2025-03-25,daily_state,ndc_balance,237.54,225.18,208.42,90.12,0.6145,index,simulated,Synthetic Generator - Baseline,,Baseline balanced scenario - healthy supply chain
669,4,Refining_Entity,USA,2025-03-25,daily_state,ndc_balance,256.1,250.8,243.15,95.94,2.6221,index,simulated,Synthetic Generator - Baseline,,Baseline balanced scenario - healthy supply chain
670,5,Bar Casting & Assay_Entity,USA,2025-03-25,daily_state,ndc_balance,249.48,254.31,242.5,96.27,3.0012,index,simulated,Synthetic Generator - Baseline,,Baseline balanced scenario - healthy supply chain
671,6,Logistics & Vaulting_Entity,USA,2025-03-25,daily_state,ndc_balance,197.71,191.3,182.26,93.72,1.955,index,simulated,Synthetic Generator - Baseline,,Baseline balanced scenario - healthy supply chain
672,7,Exchange Registration_Entity,USA,2025-03-25,daily_state,ndc_balance,281.86,292.68,266.75,92.88,0.7874,index,simulated,Synthetic Generator - Baseline,,Baseline balanced scenario - healthy supply chain
673,0,Geological Prospecting_Entity,USA,2025-03-26,daily_state,ndc_balance,230.18,180.02,131.65,64.67,0.0396,index,simulated,Synthetic Generator - Baseline,,Baseline balanced scenario - healthy supply chain
674,1,Mine Extraction_Entity,USA,2025-03-26,daily_state,ndc_balance,217.62,263.56,169.0,70.57,0.0472,index,simulated,Synthetic Generator - Baseline,,Baseline balanced scenario - healthy supply chain
675,2,Ore Processing_Entity,USA,2025-03-26,daily_state,ndc_balance,255.43,267.7,238.59,91.24,0.6228,index,simulated,Synthetic Generator - Baseline,,Baseline balanced scenario - healthy supply chain
676,3,Doré Production_Entity,USA,2025-03-26,daily_state,ndc_balance,218.38,199.31,175.19,83.97,0.2676,index,simulated,Synthetic Generator - Baseline,,Baseline balanced scenario - healthy supply chain
677,4,Refining_Entity,USA,2025-03-26,daily_state,ndc_balance,274.05,270.41,265.08,97.38,4.2962,index,simulated,Synthetic Generator - Baseline,,Baseline balanced scenario - healthy supply chain
678,5,Bar Casting & Assay_Entity,USA,2025-03-26,daily_state,ndc_balance,247.28,205.11,160.12,71.1,0.0559,index,simulated,Synthetic Generator - Baseline,,Baseline balanced scenario - healthy supply chain
679,6,Logistics & Vaulting_Entity,USA,2025-03-26,daily_state,ndc_balance,187.74,198.8,172.85,89.47,0.7558,index,simulated,Synthetic Generator - Baseline,,Baseline balanced scenario - healthy supply chain
680,7,Exchange Registration_Entity,USA,2025-03-26,daily_state,ndc_balance,253.75,275.05,226.28,85.65,0.2157,index,simulated,Synthetic Generator - Baseline,,Baseline balanced scenario - healthy supply chain
681,0,Geological Prospecting_Entity,USA,2025-03-27,daily_state,ndc_balance,216.35,217.69,214.36,98.78,8.4759,index,simulated,Synthetic Generator - Baseline,,Baseline balanced scenario - healthy supply chain
682,1,Mine Extraction_Entity,USA,2025-03-27,daily_state,ndc_balance,258.37,229.75,195.22,80.13,0.1206,index,simulated,Synthetic Generator - Baseline,,Baseline balanced scenario - healthy supply chain
683,2,Ore Processing_Entity,USA,2025-03-27,daily_state,ndc_balance,294.53,269.41,237.52,84.32,0.156,index,simulated,Synthetic Generator - Baseline,,Baseline balanced scenario - healthy supply chain
684,3,Doré Production_Entity,USA,2025-03-27,daily_state,ndc_balance,236.17,215.47,189.3,83.92,0.2279,index,simulated,Synthetic Generator - Baseline,,Baseline balanced scenario - healthy supply chain
685,4,Refining_Entity,USA,2025-03-27,daily_state,ndc_balance,259.93,241.34,217.07,86.67,0.2811,index,simulated,Synthetic Generator - Baseline,,Baseline balanced scenario - healthy supply chain
686,5,Bar Casting & Assay_Entity,USA,2025-03-27,daily_state,ndc_balance,253.99,283.07,218.32,81.42,0.1168,index,simulated,Synthetic Generator - Baseline,,Baseline balanced scenario - healthy supply chain
687,6,Logistics & Vaulting_Entity,USA,2025-03-27,daily_state,ndc_balance,176.0,163.22,146.58,86.48,0.5768,index,simulated,Synthetic Generator - Baseline,,Baseline balanced scenario - healthy supply chain
688,7,Exchange Registration_Entity,USA,2025-03-27,daily_state,ndc_balance,298.65,268.5,231.4,81.72,0.1088,index,simulated,Synthetic Generator - Baseline,,Baseline balanced scenario - healthy supply chain
689,0,Geological Prospecting_Entity,USA,2025-03-28,daily_state,ndc_balance,207.21,226.51,182.69,84.33,0.2613,index,simulated,Synthetic Generator - Baseline,,Baseline balanced scenario - healthy supply chain
690,1,Mine Extraction_Entity,USA,2025-03-28,daily_state,ndc_balance,248.16,280.66,209.35,79.32,0.0938,index,simulated,Synthetic Generator - Baseline,,Baseline balanced scenario - healthy supply chain
691,2,Ore Processing_Entity,USA,2025-03-28,daily_state,ndc_balance,287.41,264.01,234.07,84.97,0.1794,index,simulated,Synthetic Generator - Baseline,,Baseline balanced scenario - healthy supply chain
692,3,Doré Production_Entity,USA,2025-03-28,daily_state,ndc_balance,269.6,221.89,171.68,70.19,0.0437,index,simulated,Synthetic Generator - Baseline,,Baseline balanced scenario - healthy supply chain
693,4,Refining_Entity,USA,2025-03-28,daily_state,ndc_balance,278.38,263.18,242.68,89.66,0.4152,index,simulated,Synthetic Generator - Baseline,,Baseline balanced scenario - healthy supply chain
694,5,Bar Casting & Assay_Entity,USA,2025-03-28,daily_state,ndc_balance,276.77,280.9,270.74,97.1,3.6933,index,simulated,Synthetic Generator - Baseline,,Baseline balanced scenario - healthy supply chain
695,6,Logistics & Vaulting_Entity,USA,2025-03-28,daily_state,ndc_balance,197.72,179.23,156.14,82.94,0.2842,index,simulated,Synthetic Generator - Baseline,,Baseline balanced scenario - healthy supply chain
696,7,Exchange Registration_Entity,USA,2025-03-28,daily_state,ndc_balance,284.14,260.6,230.55,84.73,0.1772,index,simulated,Synthetic Generator - Baseline,,Baseline balanced scenario - healthy supply chain
697,0,Geological Prospecting_Entity,USA,2025-03-29,daily_state,ndc_balance,248.12,210.79,169.27,74.02,0.0713,index,simulated,Synthetic Generator - Baseline,,Baseline balanced scenario - healthy supply chain
698,1,Mine Extraction_Entity,USA,2025-03-29,daily_state,ndc_balance,252.44,251.66,250.5,99.38,9.4263,index,simulated,Synthetic Generator - Baseline,,Baseline balanced scenario - healthy supply chain
699,2,Ore Processing_Entity,USA,2025-03-29,daily_state,ndc_balance,257.71,255.85,253.09,98.56,7.4166,index,simulated,Synthetic Generator - Baseline,,Baseline balanced scenario - healthy supply chain
700,3,Doré Production_Entity,USA,2025-03-29,daily_state,ndc_balance,255.93,221.51,181.95,76.42,0.0837,index,simulated,Synthetic Generator - Baseline,,Baseline balanced scenario - healthy supply chain
701,4,Refining_Entity,USA,2025-03-29,daily_state,ndc_balance,252.22,268.0,231.11,88.89,0.3861,index,simulated,Synthetic Generator - Baseline,,Baseline balanced scenario - healthy supply chain
702,5,Bar Casting & Assay_Entity,USA,2025-03-29,daily_state,ndc_balance,275.71,266.28,253.04,93.39,1.0111,index,simulated,Synthetic Generator - Baseline,,Baseline balanced scenario - healthy supply chain
703,6,Logistics & Vaulting_Entity,USA,2025-03-29,daily_state,ndc_balance,212.86,179.71,143.25,73.24,0.0902,index,simulated,Synthetic Generator - Baseline,,Baseline balanced scenario - healthy supply chain
704,7,Exchange Registration_Entity,USA,2025-03-29,daily_state,ndc_balance,256.59,300.36,207.43,74.72,0.0519,index,simulated,Synthetic Generator - Baseline,,Baseline balanced scenario - healthy supply chain
705,0,Geological Prospecting_Entity,USA,2025-03-30,daily_state,ndc_balance,213.77,204.37,191.43,91.58,1.0174,index,simulated,Synthetic Generator - Baseline,,Baseline balanced scenario - healthy supply chain
706,1,Mine Extraction_Entity,USA,2025-03-30,daily_state,ndc_balance,278.53,258.9,233.23,86.85,0.2529,index,simulated,Synthetic Generator - Baseline,,Baseline balanced scenario - healthy supply chain
707,2,Ore Processing_Entity,USA,2025-03-30,daily_state,ndc_balance,285.45,312.86,250.8,83.93,0.1314,index,simulated,Synthetic Generator - Baseline,,Baseline balanced scenario - healthy supply chain
708,3,Doré Production_Entity,USA,2025-03-30,daily_state,ndc_balance,228.96,250.59,201.55,84.14,0.2092,index,simulated,Synthetic Generator - Baseline,,Baseline balanced scenario - healthy supply chain
709,4,Refining_Entity,USA,2025-03-30,daily_state,ndc_balance,269.46,263.72,255.45,95.83,2.3271,index,simulated,Synthetic Generator - Baseline,,Baseline balanced scenario - healthy supply chain
710,5,Bar Casting & Assay_Entity,USA,2025-03-30,daily_state,ndc_balance,281.54,263.03,238.6,87.68,0.2837,index,simulated,Synthetic Generator - Baseline,,Baseline balanced scenario - healthy supply chain
711,6,Logistics & Vaulting_Entity,USA,2025-03-30,daily_state,ndc_balance,206.68,213.19,197.48,94.08,1.9096,index,simulated,Synthetic Generator - Baseline,,Baseline balanced scenario - healthy supply chain
712,7,Exchange Registration_Entity,USA,2025-03-30,daily_state,ndc_balance,273.13,258.78,239.34,90.02,0.4629,index,simulated,Synthetic Generator - Baseline,,Baseline balanced scenario - healthy supply chain
713,0,Geological Prospecting_Entity,USA,2025-03-31,daily_state,ndc_balance,203.63,174.05,140.79,74.78,0.113,index,simulated,Synthetic Generator - Baseline,,Baseline balanced scenario - healthy supply chain
714,1,Mine Extraction_Entity,USA,2025-03-31,daily_state,ndc_balance,290.15,229.58,170.01,65.87,0.0272,index,simulated,Synthetic Generator - Baseline,,Baseline balanced scenario - healthy supply chain
715,2,Ore Processing_Entity,USA,2025-03-31,daily_state,ndc_balance,275.98,269.46,260.11,95.38,1.9023,index,simulated,Synthetic Generator - Baseline,,Baseline balanced scenario - healthy supply chain
716,3,Doré Production_Entity,USA,2025-03-31,daily_state,ndc_balance,243.91,249.13,236.4,95.9,2.6909,index,simulated,Synthetic Generator - Baseline,,Baseline balanced scenario - healthy supply chain
717,4,Refining_Entity,USA,2025-03-31,daily_state,ndc_balance,282.21,248.95,209.39,79.0,0.0896,index,simulated,Synthetic Generator - Baseline,,Baseline balanced scenario - healthy supply chain
718,5,Bar Casting & Assay_Entity,USA,2025-03-31,daily_state,ndc_balance,256.8,259.53,252.78,97.92,5.7247,index,simulated,Synthetic Generator - Baseline,,Baseline balanced scenario - healthy supply chain
719,6,Logistics & Vaulting_Entity,USA,2025-03-31,daily_state,ndc_balance,195.57,223.37,162.95,77.96,0.1277,index,simulated,Synthetic Generator - Baseline,,Baseline balanced scenario - healthy supply chain
720,7,Exchange Registration_Entity,USA,2025-03-31,daily_state,ndc_balance,286.67,287.67,285.17,99.31,9.0865,index,simulated,Synthetic Generator - Baseline,,Baseline balanced scenario - healthy supply chain
721,0,Geological Prospecting_Entity,USA,2025-04-01,daily_state,ndc_balance,229.94,231.12,228.19,98.98,8.779,index,simulated,Synthetic Generator - Baseline,,Baseline balanced scenario - healthy supply chain
722,1,Mine Extraction_Entity,USA,2025-04-01,daily_state,ndc_balance,262.72,226.66,185.44,75.99,0.0763,index,simulated,Synthetic Generator - Baseline,,Baseline balanced scenario - healthy supply chain
723,2,Ore Processing_Entity,USA,2025-04-01,daily_state,ndc_balance,286.0,263.28,234.09,85.31,0.19,index,simulated,Synthetic Generator - Baseline,,Baseline balanced scenario - healthy supply chain
724,3,Doré Production_Entity,USA,2025-04-01,daily_state,ndc_balance,232.07,245.55,213.89,89.6,0.5213,index,simulated,Synthetic Generator - Baseline,,Baseline balanced scenario - healthy supply chain
725,4,Refining_Entity,USA,2025-04-01,daily_state,ndc_balance,288.57,260.38,225.47,82.25,0.1243,index,simulated,Synthetic Generator - Baseline,,Baseline balanced scenario - healthy supply chain
726,5,Bar Casting & Assay_Entity,USA,2025-04-01,daily_state,ndc_balance,264.63,285.64,237.33,86.32,0.2216,index,simulated,Synthetic Generator - Baseline,,Baseline balanced scenario - healthy supply chain
727,6,Logistics & Vaulting_Entity,USA,2025-04-01,daily_state,ndc_balance,203.61,241.83,161.76,72.9,0.068,index,simulated,Synthetic Generator - Baseline,,Baseline balanced scenario - healthy supply chain
728,7,Exchange Registration_Entity,USA,2025-04-01,daily_state,ndc_balance,288.48,243.31,193.69,73.11,0.0488,index,simulated,Synthetic Generator - Baseline,,Baseline balanced scenario - healthy supply chain
729,0,Geological Prospecting_Entity,USA,2025-04-02,daily_state,ndc_balance,232.0,217.42,198.07,88.19,0.4494,index,simulated,Synthetic Generator - Baseline,,Baseline balanced scenario - healthy supply chain
730,1,Mine Extraction_Entity,USA,2025-04-02,daily_state,ndc_balance,280.04,262.68,239.58,88.33,0.3209,index,simulated,Synthetic Generator - Baseline,,Baseline balanced scenario - healthy supply chain
731,2,Ore Processing_Entity,USA,2025-04-02,daily_state,ndc_balance,278.62,253.52,221.96,83.51,0.1562,index,simulated,Synthetic Generator - Baseline,,Baseline balanced scenario - healthy supply chain
732,3,Doré Production_Entity,USA,2025-04-02,daily_state,ndc_balance,237.56,220.25,197.72,86.44,0.3228,index,simulated,Synthetic Generator - Baseline,,Baseline balanced scenario - healthy supply chain
733,4,Refining_Entity,USA,2025-04-02,daily_state,ndc_balance,261.99,271.15,249.11,93.46,1.0643,index,simulated,Synthetic Generator - Baseline,,Baseline balanced scenario - healthy supply chain
734,5,Bar Casting & Assay_Entity,USA,2025-04-02,daily_state,ndc_balance,285.75,262.66,233.09,85.08,0.1842,index,simulated,Synthetic Generator - Baseline,,Baseline balanced scenario - healthy supply chain
735,6,Logistics & Vaulting_Entity,USA,2025-04-02,daily_state,ndc_balance,182.76,203.56,157.23,81.52,0.2259,index,simulated,Synthetic Generator - Baseline,,Baseline balanced scenario - healthy supply chain
736,7,Exchange Registration_Entity,USA,2025-04-02,daily_state,ndc_balance,298.65,264.58,223.76,79.6,0.0854,index,simulated,Synthetic Generator - Baseline,,Baseline balanced scenario - healthy supply chain
737,0,Geological Prospecting_Entity,USA,2025-04-03,daily_state,ndc_balance,219.38,211.38,200.19,92.96,1.3503,index,simulated,Synthetic Generator - Baseline,,Baseline balanced scenario - healthy supply chain
738,1,Mine Extraction_Entity,USA,2025-04-03,daily_state,ndc_balance,249.62,262.78,231.7,90.47,0.5456,index,simulated,Synthetic Generator - Baseline,,Baseline balanced scenario - healthy supply chain
739,2,Ore Processing_Entity,USA,2025-04-03,daily_state,ndc_balance,279.58,283.66,273.61,97.16,3.7443,index,simulated,Synthetic Generator - Baseline,,Baseline balanced scenario - healthy supply chain
740,3,Doré Production_Entity,USA,2025-04-03,daily_state,ndc_balance,228.08,228.24,227.84,99.86,9.9745,index,simulated,Synthetic Generator - Baseline,,Baseline balanced scenario - healthy supply chain
741,4,Refining_Entity,USA,2025-04-03,daily_state,ndc_balance,282.23,254.4,220.0,82.1,0.1275,index,simulated,Synthetic Generator - Baseline,,Baseline balanced scenario - healthy supply chain
742,5,Bar Casting & Assay_Entity,USA,2025-04-03,daily_state,ndc_balance,287.3,248.92,204.73,76.56,0.0674,index,simulated,Synthetic Generator - Baseline,,Baseline balanced scenario - healthy supply chain
743,6,Logistics & Vaulting_Entity,USA,2025-04-03,daily_state,ndc_balance,204.76,212.9,193.42,92.64,1.3119,index,simulated,Synthetic Generator - Baseline,,Baseline balanced scenario - healthy supply chain
744,7,Exchange Registration_Entity,USA,2025-04-03,daily_state,ndc_balance,260.12,244.42,223.48,88.63,0.39,index,simulated,Synthetic Generator - Baseline,,Baseline balanced scenario - healthy supply chain
745,0,Geological Prospecting_Entity,USA,2025-04-04,daily_state,ndc_balance,199.19,234.39,160.02,74.06,0.0801,index,simulated,Synthetic Generator - Baseline,,Baseline balanced scenario - healthy supply chain
746,1,Mine Extraction_Entity,USA,2025-04-04,daily_state,ndc_balance,253.8,297.71,204.66,74.45,0.0516,index,simulated,Synthetic Generator - Baseline,,Baseline balanced scenario - healthy supply chain
747,2,Ore Processing_Entity,USA,2025-04-04,daily_state,ndc_balance,273.62,279.99,264.47,95.55,1.9773,index,simulated,Synthetic Generator - Baseline,,Baseline balanced scenario - healthy supply chain
748,3,Doré Production_Entity,USA,2025-04-04,daily_state,ndc_balance,265.21,272.77,254.46,94.61,1.4884,index,simulated,Synthetic Generator - Baseline,,Baseline balanced scenario - healthy supply chain
749,4,Refining_Entity,USA,2025-04-04,daily_state,ndc_balance,303.0,283.41,257.5,87.87,0.254,index,simulated,Synthetic Generator - Baseline,,Baseline balanced scenario - healthy supply chain
750,5,Bar Casting & Assay_Entity,USA,2025-04-04,daily_state,ndc_balance,277.44,267.33,253.19,92.97,0.891,index,simulated,Synthetic Generator - Baseline,,Baseline balanced scenario - healthy supply chain
751,6,Logistics & Vaulting_Entity,USA,2025-04-04,daily_state,ndc_balance,213.75,186.74,155.17,77.67,0.1352,index,simulated,Synthetic Generator - Baseline,,Baseline balanced scenario - healthy supply chain
752,7,Exchange Registration_Entity,USA,2025-04-04,daily_state,ndc_balance,269.81,276.6,260.08,95.2,1.7796,index,simulated,Synthetic Generator - Baseline,,Baseline balanced scenario - healthy supply chain
753,0,Geological Prospecting_Entity,USA,2025-04-05,daily_state,ndc_balance,220.2,204.05,183.04,86.35,0.369,index,simulated,Synthetic Generator - Baseline,,Baseline balanced scenario - healthy supply chain
754,1,Mine Extraction_Entity,USA,2025-04-05,daily_state,ndc_balance,273.2,269.4,263.85,97.26,4.0896,index,simulated,Synthetic Generator - Baseline,,Baseline balanced scenario - healthy supply chain
755,2,Ore Processing_Entity,USA,2025-04-05,daily_state,ndc_balance,284.08,303.8,258.01,87.83,0.2507,index,simulated,Synthetic Generator - Baseline,,Baseline balanced scenario - healthy supply chain
756,3,Doré Production_Entity,USA,2025-04-05,daily_state,ndc_balance,225.63,233.72,214.28,93.31,1.3259,index,simulated,Synthetic Generator - Baseline,,Baseline balanced scenario - healthy supply chain
757,4,Refining_Entity,USA,2025-04-05,daily_state,ndc_balance,262.0,228.61,189.66,77.5,0.0889,index,simulated,Synthetic Generator - Baseline,,Baseline balanced scenario - healthy supply chain
758,5,Bar Casting & Assay_Entity,USA,2025-04-05,daily_state,ndc_balance,261.52,255.01,245.72,95.15,1.9127,index,simulated,Synthetic Generator - Baseline,,Baseline balanced scenario - healthy supply chain
759,6,Logistics & Vaulting_Entity,USA,2025-04-05,daily_state,ndc_balance,225.46,208.56,186.66,86.08,0.3383,index,simulated,Synthetic Generator - Baseline,,Baseline balanced scenario - healthy supply chain
760,7,Exchange Registration_Entity,USA,2025-04-05,daily_state,ndc_balance,267.39,310.58,218.22,75.72,0.0533,index,simulated,Synthetic Generator - Baseline,,Baseline balanced scenario - healthy supply chain
761,0,Geological Prospecting_Entity,USA,2025-04-06,daily_state,ndc_balance,241.74,223.21,199.29,85.79,0.2832,index,simulated,Synthetic Generator - Baseline,,Baseline balanced scenario - healthy supply chain
762,1,Mine Extraction_Entity,USA,2025-04-06,daily_state,ndc_balance,260.02,235.47,204.85,82.79,0.1631,index,simulated,Synthetic Generator - Baseline,,Baseline balanced scenario - healthy supply chain
763,2,Ore Processing_Entity,USA,2025-04-06,daily_state,ndc_balance,277.84,297.33,252.09,87.71,0.2563,index,simulated,Synthetic Generator - Baseline,,Baseline balanced scenario - healthy supply chain
764,3,Doré Production_Entity,USA,2025-04-06,daily_state,ndc_balance,271.69,265.51,256.65,95.56,2.078,index,simulated,Synthetic Generator - Baseline,,Baseline balanced scenario - healthy supply chain
765,4,Refining_Entity,USA,2025-04-06,daily_state,ndc_balance,266.09,242.58,212.92,83.81,0.1778,index,simulated,Synthetic Generator - Baseline,,Baseline balanced scenario - healthy supply chain
766,5,Bar Casting & Assay_Entity,USA,2025-04-06,daily_state,ndc_balance,265.53,225.9,181.71,74.19,0.0633,index,simulated,Synthetic Generator - Baseline,,Baseline balanced scenario - healthy supply chain
767,6,Logistics & Vaulting_Entity,USA,2025-04-06,daily_state,ndc_balance,208.27,195.08,177.59,88.1,0.5437,index,simulated,Synthetic Generator - Baseline,,Baseline balanced scenario - healthy supply chain
768,7,Exchange Registration_Entity,USA,2025-04-06,daily_state,ndc_balance,276.43,249.03,215.19,82.02,0.1315,index,simulated,Synthetic Generator - Baseline,,Baseline balanced scenario - healthy supply chain
769,0,Geological Prospecting_Entity,USA,2025-04-07,daily_state,ndc_balance,231.77,203.67,170.47,78.46,0.125,index,simulated,Synthetic Generator - Baseline,,Baseline balanced scenario - healthy supply chain
770,1,Mine Extraction_Entity,USA,2025-04-07,daily_state,ndc_balance,246.52,201.55,154.77,69.43,0.0492,index,simulated,Synthetic Generator - Baseline,,Baseline balanced scenario - healthy supply chain
771,2,Ore Processing_Entity,USA,2025-04-07,daily_state,ndc_balance,283.65,310.15,250.02,84.29,0.1404,index,simulated,Synthetic Generator - Baseline,,Baseline balanced scenario - healthy supply chain
772,3,Doré Production_Entity,USA,2025-04-07,daily_state,ndc_balance,268.99,230.03,186.19,74.85,0.0654,index,simulated,Synthetic Generator - Baseline,,Baseline balanced scenario - healthy supply chain
773,4,Refining_Entity,USA,2025-04-07,daily_state,ndc_balance,265.03,271.69,255.51,95.22,1.8408,index,simulated,Synthetic Generator - Baseline,,Baseline balanced scenario - healthy supply chain
774,5,Bar Casting & Assay_Entity,USA,2025-04-07,daily_state,ndc_balance,249.09,263.69,229.43,89.52,0.4484,index,simulated,Synthetic Generator - Baseline,,Baseline balanced scenario - healthy supply chain
775,6,Logistics & Vaulting_Entity,USA,2025-04-07,daily_state,ndc_balance,215.56,220.34,208.68,95.75,3.0442,index,simulated,Synthetic Generator - Baseline,,Baseline balanced scenario - healthy supply chain
776,7,Exchange Registration_Entity,USA,2025-04-07,daily_state,ndc_balance,282.57,274.59,263.26,94.51,1.358,index,simulated,Synthetic Generator - Baseline,,Baseline balanced scenario - healthy supply chain
777,0,Geological Prospecting_Entity,USA,2025-04-08,daily_state,ndc_balance,211.52,198.87,181.97,88.72,0.5879,index,simulated,Synthetic Generator - Baseline,,Baseline balanced scenario - healthy supply chain
778,1,Mine Extraction_Entity,USA,2025-04-08,daily_state,ndc_balance,261.3,260.37,258.98,99.29,9.2052,index,simulated,Synthetic Generator - Baseline,,Baseline balanced scenario - healthy supply chain
779,2,Ore Processing_Entity,USA,2025-04-08,daily_state,ndc_balance,298.4,264.3,223.45,79.57,0.0853,index,simulated,Synthetic Generator - Baseline,,Baseline balanced scenario - healthy supply chain
780,3,Doré Production_Entity,USA,2025-04-08,daily_state,ndc_balance,267.09,233.88,194.9,77.98,0.0899,index,simulated,Synthetic Generator - Baseline,,Baseline balanced scenario - healthy supply chain
781,4,Refining_Entity,USA,2025-04-08,daily_state,ndc_balance,274.37,250.31,219.89,83.91,0.1697,index,simulated,Synthetic Generator - Baseline,,Baseline balanced scenario - healthy supply chain
782,5,Bar Casting & Assay_Entity,USA,2025-04-08,daily_state,ndc_balance,228.33,274.67,178.71,71.36,0.0464,index,simulated,Synthetic Generator - Baseline,,Baseline balanced scenario - healthy supply chain
783,6,Logistics & Vaulting_Entity,USA,2025-04-08,daily_state,ndc_balance,215.75,193.69,166.62,81.51,0.2014,index,simulated,Synthetic Generator - Baseline,,Baseline balanced scenario - healthy supply chain
784,7,Exchange Registration_Entity,USA,2025-04-08,daily_state,ndc_balance,285.7,288.04,282.24,98.39,6.4557,index,simulated,Synthetic Generator - Baseline,,Baseline balanced scenario - healthy supply chain
785,0,Geological Prospecting_Entity,USA,2025-04-09,daily_state,ndc_balance,201.86,204.72,197.69,97.25,5.5086,index,simulated,Synthetic Generator - Baseline,,Baseline balanced scenario - healthy supply chain
786,1,Mine Extraction_Entity,USA,2025-04-09,daily_state,ndc_balance,277.21,231.66,182.44,71.99,0.048,index,simulated,Synthetic Generator - Baseline,,Baseline balanced scenario - healthy supply chain
787,2,Ore Processing_Entity,USA,2025-04-09,daily_state,ndc_balance,289.7,254.82,213.56,78.6,0.0815,index,simulated,Synthetic Generator - Baseline,,Baseline balanced scenario - healthy supply chain
788,3,Doré Production_Entity,USA,2025-04-09,daily_state,ndc_balance,252.3,238.6,220.11,89.71,0.506,index,simulated,Synthetic Generator - Baseline,,Baseline balanced scenario - healthy supply chain
789,4,Refining_Entity,USA,2025-04-09,daily_state,ndc_balance,251.07,285.2,210.63,78.71,0.0851,index,simulated,Synthetic Generator - Baseline,,Baseline balanced scenario - healthy supply chain
790,5,Bar Casting & Assay_Entity,USA,2025-04-09,daily_state,ndc_balance,254.28,244.65,231.24,92.71,0.9742,index,simulated,Synthetic Generator - Baseline,,Baseline balanced scenario - healthy supply chain
791,6,Logistics & Vaulting_Entity,USA,2025-04-09,daily_state,ndc_balance,208.31,219.91,192.59,89.98,0.691,index,simulated,Synthetic Generator - Baseline,,Baseline balanced scenario - healthy supply chain
792,7,Exchange Registration_Entity,USA,2025-04-09,daily_state,ndc_balance,270.06,280.35,255.69,92.92,0.8633,index,simulated,Synthetic Generator - Baseline,,Baseline balanced scenario - healthy supply chain
793,0,Geological Prospecting_Entity,USA,2025-04-10,daily_state,ndc_balance,232.31,227.18,219.8,95.68,2.752,index,simulated,Synthetic Generator - Baseline,,Baseline balanced scenario - healthy supply chain
794,1,Mine Extraction_Entity,USA,2025-04-10,daily_state,ndc_balance,268.52,248.1,221.68,85.89,0.234,index,simulated,Synthetic Generator - Baseline,,Baseline balanced scenario - healthy supply chain
795,2,Ore Processing_Entity,USA,2025-04-10,daily_state,ndc_balance,273.46,281.25,262.39,94.61,1.4151,index,simulated,Synthetic Generator - Baseline,,Baseline balanced scenario - healthy supply chain
796,3,Doré Production_Entity,USA,2025-04-10,daily_state,ndc_balance,229.8,187.12,143.03,68.97,0.0546,index,simulated,Synthetic Generator - Baseline,,Baseline balanced scenario - healthy supply chain
797,4,Refining_Entity,USA,2025-04-10,daily_state,ndc_balance,282.43,280.97,278.81,98.98,8.2565,index,simulated,Synthetic Generator - Baseline,,Baseline balanced scenario - healthy supply chain
798,5,Bar Casting & Assay_Entity,USA,2025-04-10,daily_state,ndc_balance,230.43,241.53,215.21,91.22,0.7515,index,simulated,Synthetic Generator - Baseline,,Baseline balanced scenario - healthy supply chain
799,6,Logistics & Vaulting_Entity,USA,2025-04-10,daily_state,ndc_balance,215.17,236.74,188.09,83.34,0.2104,index,simulated,Synthetic Generator - Baseline,,Baseline balanced scenario - healthy supply chain
800,7,Exchange Registration_Entity,USA,2025-04-10,daily_state,ndc_balance,286.19,266.6,240.88,87.2,0.2539,index,simulated,Synthetic Generator - Baseline,,Baseline balanced scenario - healthy supply chain
801,0,Geological Prospecting_Entity,USA,2025-04-11,daily_state,ndc_balance,223.68,239.89,202.37,87.36,0.3668,index,simulated,Synthetic Generator - Baseline,,Baseline balanced scenario - healthy supply chain
802,1,Mine Extraction_Entity,USA,2025-04-11,daily_state,ndc_balance,256.74,240.76,219.52,88.29,0.3768,index,simulated,Synthetic Generator - Baseline,,Baseline balanced scenario - healthy supply chain
803,2,Ore Processing_Entity,USA,2025-04-11,daily_state,ndc_balance,279.19,262.98,241.27,89.04,0.3669,index,simulated,Synthetic Generator - Baseline,,Baseline balanced scenario - healthy supply chain
804,3,Doré Production_Entity,USA,2025-04-11,daily_state,ndc_balance,248.27,269.39,221.08,85.49,0.2193,index,simulated,Synthetic Generator - Baseline,,Baseline balanced scenario - healthy supply chain
805,4,Refining_Entity,USA,2025-04-11,daily_state,ndc_balance,281.27,260.6,233.73,86.33,0.2286,index,simulated,Synthetic Generator - Baseline,,Baseline balanced scenario - healthy supply chain
806,5,Bar Casting & Assay_Entity,USA,2025-04-11,daily_state,ndc_balance,262.05,232.0,196.04,79.51,0.1096,index,simulated,Synthetic Generator - Baseline,,Baseline balanced scenario - healthy supply chain
807,6,Logistics & Vaulting_Entity,USA,2025-04-11,daily_state,ndc_balance,219.67,198.74,172.69,82.65,0.2231,index,simulated,Synthetic Generator - Baseline,,Baseline balanced scenario - healthy supply chain
808,7,Exchange Registration_Entity,USA,2025-04-11,daily_state,ndc_balance,283.72,337.62,224.9,72.67,0.0343,index,simulated,Synthetic Generator - Baseline,,Baseline balanced scenario - healthy supply chain
809,0,Geological Prospecting_Entity,USA,2025-04-12,daily_state,ndc_balance,231.43,202.03,167.71,77.56,0.1143,index,simulated,Synthetic Generator - Baseline,,Baseline balanced scenario - healthy supply chain
810,1,Mine Extraction_Entity,USA,2025-04-12,daily_state,ndc_balance,260.55,276.23,239.49,89.27,0.3909,index,simulated,Synthetic Generator - Baseline,,Baseline balanced scenario - healthy supply chain
811,2,Ore Processing_Entity,USA,2025-04-12,daily_state,ndc_balance,288.65,254.67,214.25,79.02,0.0859,index,simulated,Synthetic Generator - Baseline,,Baseline balanced scenario - healthy supply chain
812,3,Doré Production_Entity,USA,2025-04-12,daily_state,ndc_balance,260.74,228.53,190.67,78.11,0.0955,index,simulated,Synthetic Generator - Baseline,,Baseline balanced scenario - healthy supply chain
813,4,Refining_Entity,USA,2025-04-12,daily_state,ndc_balance,305.05,285.0,258.53,87.68,0.2428,index,simulated,Synthetic Generator - Baseline,,Baseline balanced scenario - healthy supply chain
814,5,Bar Casting & Assay_Entity,USA,2025-04-12,daily_state,ndc_balance,260.24,283.62,230.38,84.8,0.1797,index,simulated,Synthetic Generator - Baseline,,Baseline balanced scenario - healthy supply chain
815,6,Logistics & Vaulting_Entity,USA,2025-04-12,daily_state,ndc_balance,207.96,215.91,196.87,92.91,1.3682,index,simulated,Synthetic Generator - Baseline,,Baseline balanced scenario - healthy supply chain
816,7,Exchange Registration_Entity,USA,2025-04-12,daily_state,ndc_balance,294.22,265.32,229.57,82.17,0.1184,index,simulated,Synthetic Generator - Baseline,,Baseline balanced scenario - healthy supply chain
817,0,Geological Prospecting_Entity,USA,2025-04-13,daily_state,ndc_balance,217.78,234.48,195.97,86.72,0.3459,index,simulated,Synthetic Generator - Baseline,,Baseline balanced scenario - healthy supply chain
818,1,Mine Extraction_Entity,USA,2025-04-13,daily_state,ndc_balance,262.41,248.68,230.07,90.06,0.5037,index,simulated,Synthetic Generator - Baseline,,Baseline balanced scenario - healthy supply chain
819,2,Ore Processing_Entity,USA,2025-04-13,daily_state,ndc_balance,273.1,288.57,252.2,89.84,0.4013,index,simulated,Synthetic Generator - Baseline,,Baseline balanced scenario - healthy supply chain
820,3,Doré Production_Entity,USA,2025-04-13,daily_state,ndc_balance,278.37,221.73,165.38,66.57,0.0311,index,simulated,Synthetic Generator - Baseline,,Baseline balanced scenario - healthy supply chain
821,4,Refining_Entity,USA,2025-04-13,daily_state,ndc_balance,277.79,291.37,259.19,91.11,0.5151,index,simulated,Synthetic Generator - Baseline,,Baseline balanced scenario - healthy supply chain
822,5,Bar Casting & Assay_Entity,USA,2025-04-13,daily_state,ndc_balance,266.24,269.09,262.05,97.9,5.5162,index,simulated,Synthetic Generator - Baseline,,Baseline balanced scenario - healthy supply chain
823,6,Logistics & Vaulting_Entity,USA,2025-04-13,daily_state,ndc_balance,191.5,208.65,169.58,84.83,0.3285,index,simulated,Synthetic Generator - Baseline,,Baseline balanced scenario - healthy supply chain
824,7,Exchange Registration_Entity,USA,2025-04-13,daily_state,ndc_balance,284.62,298.69,265.37,91.01,0.4812,index,simulated,Synthetic Generator - Baseline,,Baseline balanced scenario - healthy supply chain
825,0,Geological Prospecting_Entity,USA,2025-04-14,daily_state,ndc_balance,245.69,262.92,222.94,87.72,0.326,index,simulated,Synthetic Generator - Baseline,,Baseline balanced scenario - healthy supply chain
826,1,Mine Extraction_Entity,USA,2025-04-14,daily_state,ndc_balance,276.57,262.17,242.63,90.11,0.4597,index,simulated,Synthetic Generator - Baseline,,Baseline balanced scenario - healthy supply chain
827,2,Ore Processing_Entity,USA,2025-04-14,daily_state,ndc_balance,290.8,274.95,253.56,89.67,0.3829,index,simulated,Synthetic Generator - Baseline,,Baseline balanced scenario - healthy supply chain
828,3,Doré Production_Entity,USA,2025-04-14,daily_state,ndc_balance,252.96,235.99,213.65,87.44,0.3356,index,simulated,Synthetic Generator - Baseline,,Baseline balanced scenario - healthy supply chain
829,4,Refining_Entity,USA,2025-04-14,daily_state,ndc_balance,280.41,290.02,266.88,93.59,0.9763,index,simulated,Synthetic Generator - Baseline,,Baseline balanced scenario - healthy supply chain
830,5,Bar Casting & Assay_Entity,USA,2025-04-14,daily_state,ndc_balance,252.78,281.82,217.2,81.38,0.1172,index,simulated,Synthetic Generator - Baseline,,Baseline balanced scenario - healthy supply chain
831,6,Logistics & Vaulting_Entity,USA,2025-04-14,daily_state,ndc_balance,227.64,199.18,165.83,77.88,0.122,index,simulated,Synthetic Generator - Baseline,,Baseline balanced scenario - healthy supply chain
832,7,Exchange Registration_Entity,USA,2025-04-14,daily_state,ndc_balance,256.05,270.36,236.68,89.95,0.4655,index,simulated,Synthetic Generator - Baseline,,Baseline balanced scenario - healthy supply chain
833,0,Geological Prospecting_Entity,USA,2025-04-15,daily_state,ndc_balance,247.75,216.22,179.44,77.53,0.0996,index,simulated,Synthetic Generator - Baseline,,Baseline balanced scenario - healthy supply chain
834,1,Mine Extraction_Entity,USA,2025-04-15,daily_state,ndc_balance,253.3,247.55,239.28,95.56,2.3194,index,simulated,Synthetic Generator - Baseline,,Baseline balanced scenario - healthy supply chain
835,2,Ore Processing_Entity,USA,2025-04-15,daily_state,ndc_balance,300.9,291.47,278.16,93.93,1.0116,index,simulated,Synthetic Generator - Baseline,,Baseline balanced scenario - healthy supply chain
836,3,Doré Production_Entity,USA,2025-04-15,daily_state,ndc_balance,244.71,235.03,221.58,92.4,0.9649,index,simulated,Synthetic Generator - Baseline,,Baseline balanced scenario - healthy supply chain
837,4,Refining_Entity,USA,2025-04-15,daily_state,ndc_balance,272.41,250.03,221.43,84.84,0.1957,index,simulated,Synthetic Generator - Baseline,,Baseline balanced scenario - healthy supply chain
838,5,Bar Casting & Assay_Entity,USA,2025-04-15,daily_state,ndc_balance,292.52,255.83,212.87,77.81,0.0737,index,simulated,Synthetic Generator - Baseline,,Baseline balanced scenario - healthy supply chain
839,6,Logistics & Vaulting_Entity,USA,2025-04-15,daily_state,ndc_balance,226.55,229.02,222.92,97.87,6.2142,index,simulated,Synthetic Generator - Baseline,,Baseline balanced scenario - healthy supply chain
840,7,Exchange Registration_Entity,USA,2025-04-15,daily_state,ndc_balance,303.27,273.86,237.39,82.37,0.1144,index,simulated,Synthetic Generator - Baseline,,Baseline balanced scenario - healthy supply chain
841,0,Geological Prospecting_Entity,USA,2025-04-16,daily_state,ndc_balance,234.72,216.49,193.0,85.62,0.2923,index,simulated,Synthetic Generator - Baseline,,Baseline balanced scenario - healthy supply chain
842,1,Mine Extraction_Entity,USA,2025-04-16,daily_state,ndc_balance,255.1,262.77,244.24,94.34,1.4555,index,simulated,Synthetic Generator - Baseline,,Baseline balanced scenario - healthy supply chain
843,2,Ore Processing_Entity,USA,2025-04-16,daily_state,ndc_balance,270.97,303.31,231.64,80.8,0.0948,index,simulated,Synthetic Generator - Baseline,,Baseline balanced scenario - healthy supply chain
844,3,Doré Production_Entity,USA,2025-04-16,daily_state,ndc_balance,241.69,245.55,236.08,96.91,4.0185,index,simulated,Synthetic Generator - Baseline,,Baseline balanced scenario - healthy supply chain
845,4,Refining_Entity,USA,2025-04-16,daily_state,ndc_balance,282.91,262.27,235.41,86.42,0.2293,index,simulated,Synthetic Generator - Baseline,,Baseline balanced scenario - healthy supply chain
846,5,Bar Casting & Assay_Entity,USA,2025-04-16,daily_state,ndc_balance,277.46,253.38,222.9,84.07,0.1695,index,simulated,Synthetic Generator - Baseline,,Baseline balanced scenario - healthy supply chain
847,6,Logistics & Vaulting_Entity,USA,2025-04-16,daily_state,ndc_balance,221.73,177.7,133.44,67.22,0.0513,index,simulated,Synthetic Generator - Baseline,,Baseline balanced scenario - healthy supply chain
848,7,Exchange Registration_Entity,USA,2025-04-16,daily_state,ndc_balance,290.56,316.83,257.04,84.72,0.1428,index,simulated,Synthetic Generator - Baseline,,Baseline balanced scenario - healthy supply chain
849,0,Geological Prospecting_Entity,USA,2025-04-17,daily_state,ndc_balance,213.98,204.99,192.56,91.94,1.1006,index,simulated,Synthetic Generator - Baseline,,Baseline balanced scenario - healthy supply chain
850,1,Mine Extraction_Entity,USA,2025-04-17,daily_state,ndc_balance,276.7,260.42,238.65,88.9,0.3639,index,simulated,Synthetic Generator - Baseline,,Baseline balanced scenario - healthy supply chain
851,2,Ore Processing_Entity,USA,2025-04-17,daily_state,ndc_balance,294.25,291.0,286.22,97.81,4.8607,index,simulated,Synthetic Generator - Baseline,,Baseline balanced scenario - healthy supply chain
852,3,Doré Production_Entity,USA,2025-04-17,daily_state,ndc_balance,258.51,262.16,253.17,97.25,4.2794,index,simulated,Synthetic Generator - Baseline,,Baseline balanced scenario - healthy supply chain
853,4,Refining_Entity,USA,2025-04-17,daily_state,ndc_balance,285.14,262.85,234.14,85.53,0.1973,index,simulated,Synthetic Generator - Baseline,,Baseline balanced scenario - healthy supply chain
854,5,Bar Casting & Assay_Entity,USA,2025-04-17,daily_state,ndc_balance,279.08,296.39,255.89,88.97,0.3229,index,simulated,Synthetic Generator - Baseline,,Baseline balanced scenario - healthy supply chain
855,6,Logistics & Vaulting_Entity,USA,2025-04-17,daily_state,ndc_balance,207.0,184.65,157.53,80.58,0.1963,index,simulated,Synthetic Generator - Baseline,,Baseline balanced scenario - healthy supply chain
856,7,Exchange Registration_Entity,USA,2025-04-17,daily_state,ndc_balance,305.59,280.02,247.45,84.59,0.1506,index,simulated,Synthetic Generator - Baseline,,Baseline balanced scenario - healthy supply chain
857,0,Geological Prospecting_Entity,USA,2025-04-18,daily_state,ndc_balance,196.68,232.67,157.0,73.39,0.0766,index,simulated,Synthetic Generator - Baseline,,Baseline balanced scenario - healthy supply chain
858,1,Mine Extraction_Entity,USA,2025-04-18,daily_state,ndc_balance,261.24,255.79,247.93,95.91,2.5159,index,simulated,Synthetic Generator - Baseline,,Baseline balanced scenario - healthy supply chain
859,2,Ore Processing_Entity,USA,2025-04-18,daily_state,ndc_balance,294.25,285.85,273.91,94.45,1.24,index,simulated,Synthetic Generator - Baseline,,Baseline balanced scenario - healthy supply chain
860,3,Doré Production_Entity,USA,2025-04-18,daily_state,ndc_balance,259.91,234.58,203.19,82.29,0.1534,index,simulated,Synthetic Generator - Baseline,,Baseline balanced scenario - healthy supply chain
861,4,Refining_Entity,USA,2025-04-18,daily_state,ndc_balance,286.97,262.75,231.94,84.47,0.1676,index,simulated,Synthetic Generator - Baseline,,Baseline balanced scenario - healthy supply chain
862,5,Bar Casting & Assay_Entity,USA,2025-04-18,daily_state,ndc_balance,280.35,273.49,263.68,95.22,1.7526,index,simulated,Synthetic Generator - Baseline,,Baseline balanced scenario - healthy supply chain
863,6,Logistics & Vaulting_Entity,USA,2025-04-18,daily_state,ndc_balance,195.24,221.97,163.62,78.6,0.1381,index,simulated,Synthetic Generator - Baseline,,Baseline balanced scenario - healthy supply chain
864,7,Exchange Registration_Entity,USA,2025-04-18,daily_state,ndc_balance,281.23,296.96,259.94,89.95,0.3884,index,simulated,Synthetic Generator - Baseline,,Baseline balanced scenario - healthy supply chain
865,0,Geological Prospecting_Entity,USA,2025-04-19,daily_state,ndc_balance,235.02,250.7,214.2,88.24,0.391,index,simulated,Synthetic Generator - Baseline,,Baseline balanced scenario - healthy supply chain
866,1,Mine Extraction_Entity,USA,2025-04-19,daily_state,ndc_balance,266.16,251.32,231.35,89.45,0.4345,index,simulated,Synthetic Generator - Baseline,,Baseline balanced scenario - healthy supply chain
867,2,Ore Processing_Entity,USA,2025-04-19,daily_state,ndc_balance,289.22,277.15,260.45,91.99,0.6425,index,simulated,Synthetic Generator - Baseline,,Baseline balanced scenario - healthy supply chain
868,3,Doré Production_Entity,USA,2025-04-19,daily_state,ndc_balance,261.51,213.51,163.7,69.28,0.0432,index,simulated,Synthetic Generator - Baseline,,Baseline balanced scenario - healthy supply chain
869,4,Refining_Entity,USA,2025-04-19,daily_state,ndc_balance,263.71,248.39,227.86,89.03,0.4088,index,simulated,Synthetic Generator - Baseline,,Baseline balanced scenario - healthy supply chain
870,5,Bar Casting & Assay_Entity,USA,2025-04-19,daily_state,ndc_balance,283.77,293.4,270.2,93.64,0.9726,index,simulated,Synthetic Generator - Baseline,,Baseline balanced scenario - healthy supply chain
871,6,Logistics & Vaulting_Entity,USA,2025-04-19,daily_state,ndc_balance,207.94,199.57,187.95,92.26,1.248,index,simulated,Synthetic Generator - Baseline,,Baseline balanced scenario - healthy supply chain
872,7,Exchange Registration_Entity,USA,2025-04-19,daily_state,ndc_balance,290.56,303.52,272.66,91.81,0.5618,index,simulated,Synthetic Generator - Baseline,,Baseline balanced scenario - healthy supply chain
873,0,Geological Prospecting_Entity,USA,2025-04-20,daily_state,ndc_balance,215.79,222.05,206.9,94.52,2.0329,index,simulated,Synthetic Generator - Baseline,,Baseline balanced scenario - healthy supply chain
874,1,Mine Extraction_Entity,USA,2025-04-20,daily_state,ndc_balance,284.33,266.78,243.43,88.39,0.3145,index,simulated,Synthetic Generator - Baseline,,Baseline balanced scenario - healthy supply chain
875,2,Ore Processing_Entity,USA,2025-04-20,daily_state,ndc_balance,292.55,300.78,280.83,94.67,1.2852,index,simulated,Synthetic Generator - Baseline,,Baseline balanced scenario - healthy supply chain
876,3,Doré Production_Entity,USA,2025-04-20,daily_state,ndc_balance,209.15,254.96,161.22,69.81,0.0474,index,simulated,Synthetic Generator - Baseline,,Baseline balanced scenario - healthy supply chain
877,4,Refining_Entity,USA,2025-04-20,daily_state,ndc_balance,269.89,234.81,194.11,77.11,0.0806,index,simulated,Synthetic Generator - Baseline,,Baseline balanced scenario - healthy supply chain
878,5,Bar Casting & Assay_Entity,USA,2025-04-20,daily_state,ndc_balance,277.37,287.49,263.19,93.2,0.89,index,simulated,Synthetic Generator - Baseline,,Baseline balanced scenario - healthy supply chain
879,6,Logistics & Vaulting_Entity,USA,2025-04-20,daily_state,ndc_balance,207.64,219.91,191.12,89.44,0.6226,index,simulated,Synthetic Generator - Baseline,,Baseline balanced scenario - healthy supply chain
880,7,Exchange Registration_Entity,USA,2025-04-20,daily_state,ndc_balance,313.89,306.43,295.75,95.36,1.5245,index,simulated,Synthetic Generator - Baseline,,Baseline balanced scenario - healthy supply chain
881,0,Geological Prospecting_Entity,USA,2025-04-21,daily_state,ndc_balance,254.45,231.24,202.11,83.32,0.1822,index,simulated,Synthetic Generator - Baseline,,Baseline balanced scenario - healthy supply chain
882,1,Mine Extraction_Entity,USA,2025-04-21,daily_state,ndc_balance,270.98,229.04,182.81,73.38,0.0565,index,simulated,Synthetic Generator - Baseline,,Baseline balanced scenario - healthy supply chain
883,2,Ore Processing_Entity,USA,2025-04-21,daily_state,ndc_balance,286.16,267.7,243.28,87.9,0.2852,index,simulated,Synthetic Generator - Baseline,,Baseline balanced scenario - healthy supply chain
884,3,Doré Production_Entity,USA,2025-04-21,daily_state,ndc_balance,282.41,239.71,192.29,73.9,0.0545,index,simulated,Synthetic Generator - Baseline,,Baseline balanced scenario - healthy supply chain
885,4,Refining_Entity,USA,2025-04-21,daily_state,ndc_balance,281.7,277.81,272.12,97.28,3.9778,index,simulated,Synthetic Generator - Baseline,,Baseline balanced scenario - healthy supply chain
886,5,Bar Casting & Assay_Entity,USA,2025-04-21,daily_state,ndc_balance,270.5,293.39,241.02,85.55,0.1873,index,simulated,Synthetic Generator - Baseline,,Baseline balanced scenario - healthy supply chain
887,6,Logistics & Vaulting_Entity,USA,2025-04-21,daily_state,ndc_balance,200.51,206.38,192.17,94.47,2.2476,index,simulated,Synthetic Generator - Baseline,,Baseline balanced scenario - healthy supply chain
888,7,Exchange Registration_Entity,USA,2025-04-21,daily_state,ndc_balance,278.71,259.12,233.49,86.88,0.2539,index,simulated,Synthetic Generator - Baseline,,Baseline balanced scenario - healthy supply chain
889,0,Geological Prospecting_Entity,USA,2025-04-22,daily_state,ndc_balance,220.77,217.29,212.23,96.9,4.5239,index,simulated,Synthetic Generator - Baseline,,Baseline balanced scenario - healthy supply chain
890,1,Mine Extraction_Entity,USA,2025-04-22,daily_state,ndc_balance,263.51,245.49,221.84,87.22,0.299,index,simulated,Synthetic Generator - Baseline,,Baseline balanced scenario - healthy supply chain
891,2,Ore Processing_Entity,USA,2025-04-22,daily_state,ndc_balance,268.85,281.46,251.51,91.43,0.5917,index,simulated,Synthetic Generator - Baseline,,Baseline balanced scenario - healthy supply chain
892,3,Doré Production_Entity,USA,2025-04-22,daily_state,ndc_balance,227.37,256.64,192.31,79.61,0.1154,index,simulated,Synthetic Generator - Baseline,,Baseline balanced scenario - healthy supply chain
893,4,Refining_Entity,USA,2025-04-22,daily_state,ndc_balance,281.18,241.72,196.9,75.53,0.0638,index,simulated,Synthetic Generator - Baseline,,Baseline balanced scenario - healthy supply chain
894,5,Bar Casting & Assay_Entity,USA,2025-04-22,daily_state,ndc_balance,265.31,249.42,228.2,88.71,0.381,index,simulated,Synthetic Generator - Baseline,,Baseline balanced scenario - healthy supply chain
895,6,Logistics & Vaulting_Entity,USA,2025-04-22,daily_state,ndc_balance,214.73,227.08,198.06,89.69,0.6152,index,simulated,Synthetic Generator - Baseline,,Baseline balanced scenario - healthy supply chain
896,7,Exchange Registration_Entity,USA,2025-04-22,daily_state,ndc_balance,261.82,285.03,232.12,84.97,0.1823,index,simulated,Synthetic Generator - Baseline,,Baseline balanced scenario - healthy supply chain
897,0,Geological Prospecting_Entity,USA,2025-04-23,daily_state,ndc_balance,227.59,230.08,223.94,97.86,6.1779,index,simulated,Synthetic Generator - Baseline,,Baseline balanced scenario - healthy supply chain
898,1,Mine Extraction_Entity,USA,2025-04-23,daily_state,ndc_balance,273.19,244.46,209.4,81.03,0.1197,index,simulated,Synthetic Generator - Baseline,,Baseline balanced scenario - healthy supply chain
899,2,Ore Processing_Entity,USA,2025-04-23,daily_state,ndc_balance,285.21,268.67,246.5,89.05,0.3526,index,simulated,Synthetic Generator - Baseline,,Baseline balanced scenario - healthy supply chain
900,3,Doré Production_Entity,USA,2025-04-23,daily_state,ndc_balance,266.13,243.38,214.5,84.28,0.1895,index,simulated,Synthetic Generator - Baseline,,Baseline balanced scenario - healthy supply chain
901,4,Refining_Entity,USA,2025-04-23,daily_state,ndc_balance,308.51,266.9,219.11,76.36,0.0574,index,simulated,Synthetic Generator - Baseline,,Baseline balanced scenario - healthy supply chain
902,5,Bar Casting & Assay_Entity,USA,2025-04-23,daily_state,ndc_balance,259.37,235.75,206.1,83.35,0.1761,index,simulated,Synthetic Generator - Baseline,,Baseline balanced scenario - healthy supply chain
903,6,Logistics & Vaulting_Entity,USA,2025-04-23,daily_state,ndc_balance,182.95,174.48,162.87,91.16,1.2244,index,simulated,Synthetic Generator - Baseline,,Baseline balanced scenario - healthy supply chain
904,7,Exchange Registration_Entity,USA,2025-04-23,daily_state,ndc_balance,294.0,292.15,289.41,98.75,7.453,index,simulated,Synthetic Generator - Baseline,,Baseline balanced scenario - healthy supply chain
905,0,Geological Prospecting_Entity,USA,2025-04-24,daily_state,ndc_balance,206.28,234.11,173.25,78.84,0.1275,index,simulated,Synthetic Generator - Baseline,,Baseline balanced scenario - healthy supply chain
906,1,Mine Extraction_Entity,USA,2025-04-24,daily_state,ndc_balance,262.75,260.64,257.52,98.41,6.9182,index,simulated,Synthetic Generator - Baseline,,Baseline balanced scenario - healthy supply chain
907,2,Ore Processing_Entity,USA,2025-04-24,daily_state,ndc_balance,314.18,299.14,278.58,90.87,0.4234,index,simulated,Synthetic Generator - Baseline,,Baseline balanced scenario - healthy supply chain
908,3,Doré Production_Entity,USA,2025-04-24,daily_state,ndc_balance,245.97,226.95,202.43,85.68,0.2692,index,simulated,Synthetic Generator - Baseline,,Baseline balanced scenario - healthy supply chain
909,4,Refining_Entity,USA,2025-04-24,daily_state,ndc_balance,247.72,255.05,237.31,94.41,1.5678,index,simulated,Synthetic Generator - Baseline,,Baseline balanced scenario - healthy supply chain
910,5,Bar Casting & Assay_Entity,USA,2025-04-24,daily_state,ndc_balance,266.83,245.23,217.56,85.05,0.2098,index,simulated,Synthetic Generator - Baseline,,Baseline balanced scenario - healthy supply chain
911,6,Logistics & Vaulting_Entity,USA,2025-04-24,daily_state,ndc_balance,208.03,204.38,199.09,96.55,4.2923,index,simulated,Synthetic Generator - Baseline,,Baseline balanced scenario - healthy supply chain
912,7,Exchange Registration_Entity,USA,2025-04-24,daily_state,ndc_balance,286.62,271.3,250.57,89.86,0.4084,index,simulated,Synthetic Generator - Baseline,,Baseline balanced scenario - healthy supply chain
913,0,Geological Prospecting_Entity,USA,2025-04-25,daily_state,ndc_balance,232.48,225.91,216.59,94.51,1.8838,index,simulated,Synthetic Generator - Baseline,,Baseline balanced scenario - healthy supply chain
914,1,Mine Extraction_Entity,USA,2025-04-25,daily_state,ndc_balance,253.59,283.35,217.27,81.05,0.1116,index,simulated,Synthetic Generator - Baseline,,Baseline balanced scenario - healthy supply chain
915,2,Ore Processing_Entity,USA,2025-04-25,daily_state,ndc_balance,288.47,283.3,275.8,96.48,2.7219,index,simulated,Synthetic Generator - Baseline,,Baseline balanced scenario - healthy supply chain
916,3,Doré Production_Entity,USA,2025-04-25,daily_state,ndc_balance,260.57,247.15,228.94,90.22,0.5265,index,simulated,Synthetic Generator - Baseline,,Baseline balanced scenario - healthy supply chain
917,4,Refining_Entity,USA,2025-04-25,daily_state,ndc_balance,294.24,273.12,245.58,86.63,0.2193,index,simulated,Synthetic Generator - Baseline,,Baseline balanced scenario - healthy supply chain
918,5,Bar Casting & Assay_Entity,USA,2025-04-25,daily_state,ndc_balance,260.76,269.46,248.49,93.74,1.1659,index,simulated,Synthetic Generator - Baseline,,Baseline balanced scenario - healthy supply chain
919,6,Logistics & Vaulting_Entity,USA,2025-04-25,daily_state,ndc_balance,192.79,204.91,176.58,88.84,0.6373,index,simulated,Synthetic Generator - Baseline,,Baseline balanced scenario - healthy supply chain
920,7,Exchange Registration_Entity,USA,2025-04-25,daily_state,ndc_balance,289.45,279.21,264.87,93.17,0.8712,index,simulated,Synthetic Generator - Baseline,,Baseline balanced scenario - healthy supply chain
921,0,Geological Prospecting_Entity,USA,2025-04-26,daily_state,ndc_balance,227.92,184.01,139.3,68.02,0.0516,index,simulated,Synthetic Generator - Baseline,,Baseline balanced scenario - healthy supply chain
922,1,Mine Extraction_Entity,USA,2025-04-26,daily_state,ndc_balance,261.62,259.55,256.5,98.43,7.0054,index,simulated,Synthetic Generator - Baseline,,Baseline balanced scenario - healthy supply chain
923,2,Ore Processing_Entity,USA,2025-04-26,daily_state,ndc_balance,292.25,264.38,229.7,82.64,0.1271,index,simulated,Synthetic Generator - Baseline,,Baseline balanced scenario - healthy supply chain
924,3,Doré Production_Entity,USA,2025-04-26,daily_state,ndc_balance,268.83,227.29,181.47,73.41,0.0576,index,simulated,Synthetic Generator - Baseline,,Baseline balanced scenario - healthy supply chain
925,4,Refining_Entity,USA,2025-04-26,daily_state,ndc_balance,294.39,275.57,250.64,88.0,0.2745,index,simulated,Synthetic Generator - Baseline,,Baseline balanced scenario - healthy supply chain
926,5,Bar Casting & Assay_Entity,USA,2025-04-26,daily_state,ndc_balance,260.15,294.83,218.9,79.04,0.0825,index,simulated,Synthetic Generator - Baseline,,Baseline balanced scenario - healthy supply chain
927,6,Logistics & Vaulting_Entity,USA,2025-04-26,daily_state,ndc_balance,191.94,219.42,159.75,77.84,0.1307,index,simulated,Synthetic Generator - Baseline,,Baseline balanced scenario - healthy supply chain
928,7,Exchange Registration_Entity,USA,2025-04-26,daily_state,ndc_balance,304.86,270.81,229.81,79.98,0.0855,index,simulated,Synthetic Generator - Baseline,,Baseline balanced scenario - healthy supply chain
929,0,Geological Prospecting_Entity,USA,2025-04-27,daily_state,ndc_balance,250.59,213.26,171.61,74.24,0.0713,index,simulated,Synthetic Generator - Baseline,,Baseline balanced scenario - healthy supply chain
930,1,Mine Extraction_Entity,USA,2025-04-27,daily_state,ndc_balance,274.03,262.45,246.44,91.89,0.6934,index,simulated,Synthetic Generator - Baseline,,Baseline balanced scenario - healthy supply chain
931,2,Ore Processing_Entity,USA,2025-04-27,daily_state,ndc_balance,287.69,297.36,274.07,93.7,0.9664,index,simulated,Synthetic Generator - Baseline,,Baseline balanced scenario - healthy supply chain
932,3,Doré Production_Entity,USA,2025-04-27,daily_state,ndc_balance,261.61,211.29,160.03,68.07,0.0393,index,simulated,Synthetic Generator - Baseline,,Baseline balanced scenario - healthy supply chain
933,4,Refining_Entity,USA,2025-04-27,daily_state,ndc_balance,299.27,237.84,176.96,66.33,0.0264,index,simulated,Synthetic Generator - Baseline,,Baseline balanced scenario - healthy supply chain
934,5,Bar Casting & Assay_Entity,USA,2025-04-27,daily_state,ndc_balance,285.19,283.04,279.87,98.5,6.8426,index,simulated,Synthetic Generator - Baseline,,Baseline balanced scenario - healthy supply chain
935,6,Logistics & Vaulting_Entity,USA,2025-04-27,daily_state,ndc_balance,193.34,195.37,190.35,97.94,7.0832,index,simulated,Synthetic Generator - Baseline,,Baseline balanced scenario - healthy supply chain
936,7,Exchange Registration_Entity,USA,2025-04-27,daily_state,ndc_balance,273.12,278.89,264.79,95.94,2.3059,index,simulated,Synthetic Generator - Baseline,,Baseline balanced scenario - healthy supply chain
937,0,Geological Prospecting_Entity,USA,2025-04-28,daily_state,ndc_balance,224.89,231.64,215.32,94.34,1.7988,index,simulated,Synthetic Generator - Baseline,,Baseline balanced scenario - healthy supply chain
938,1,Mine Extraction_Entity,USA,2025-04-28,daily_state,ndc_balance,289.17,282.73,273.48,95.65,1.9455,index,simulated,Synthetic Generator - Baseline,,Baseline balanced scenario - healthy supply chain
939,2,Ore Processing_Entity,USA,2025-04-28,daily_state,ndc_balance,281.08,278.84,275.54,98.42,6.6676,index,simulated,Synthetic Generator - Baseline,,Baseline balanced scenario - healthy supply chain
940,3,Doré Production_Entity,USA,2025-04-28,daily_state,ndc_balance,224.26,228.1,218.68,96.69,4.0364,index,simulated,Synthetic Generator - Baseline,,Baseline balanced scenario - healthy supply chain
941,4,Refining_Entity,USA,2025-04-28,daily_state,ndc_balance,293.98,296.69,290.0,98.19,5.7736,index,simulated,Synthetic Generator - Baseline,,Baseline balanced scenario - healthy supply chain
942,5,Bar Casting & Assay_Entity,USA,2025-04-28,daily_state,ndc_balance,251.0,251.94,249.58,99.25,9.1742,index,simulated,Synthetic Generator - Baseline,,Baseline balanced scenario - healthy supply chain
943,6,Logistics & Vaulting_Entity,USA,2025-04-28,daily_state,ndc_balance,209.11,207.65,205.49,98.61,8.2367,index,simulated,Synthetic Generator - Baseline,,Baseline balanced scenario - healthy supply chain
944,7,Exchange Registration_Entity,USA,2025-04-28,daily_state,ndc_balance,277.37,290.24,259.64,91.51,0.5689,index,simulated,Synthetic Generator - Baseline,,Baseline balanced scenario - healthy supply chain
945,0,Geological Prospecting_Entity,USA,2025-04-29,daily_state,ndc_balance,222.16,217.16,209.97,95.59,2.8515,index,simulated,Synthetic Generator - Baseline,,Baseline balanced scenario - healthy supply chain
946,1,Mine Extraction_Entity,USA,2025-04-29,daily_state,ndc_balance,277.47,257.53,231.54,86.62,0.2455,index,simulated,Synthetic Generator - Baseline,,Baseline balanced scenario - healthy supply chain
947,2,Ore Processing_Entity,USA,2025-04-29,daily_state,ndc_balance,282.73,280.44,277.07,98.4,6.5766,index,simulated,Synthetic Generator - Baseline,,Baseline balanced scenario - healthy supply chain
948,3,Doré Production_Entity,USA,2025-04-29,daily_state,ndc_balance,247.95,235.76,219.13,90.64,0.6306,index,simulated,Synthetic Generator - Baseline,,Baseline balanced scenario - healthy supply chain
949,4,Refining_Entity,USA,2025-04-29,daily_state,ndc_balance,275.39,296.19,248.17,86.89,0.2258,index,simulated,Synthetic Generator - Baseline,,Baseline balanced scenario - healthy supply chain
950,5,Bar Casting & Assay_Entity,USA,2025-04-29,daily_state,ndc_balance,277.69,257.1,230.37,86.22,0.2305,index,simulated,Synthetic Generator - Baseline,,Baseline balanced scenario - healthy supply chain
951,6,Logistics & Vaulting_Entity,USA,2025-04-29,daily_state,ndc_balance,219.73,196.41,168.01,80.88,0.1806,index,simulated,Synthetic Generator - Baseline,,Baseline balanced scenario - healthy supply chain
952,7,Exchange Registration_Entity,USA,2025-04-29,daily_state,ndc_balance,306.87,289.07,265.22,89.05,0.306,index,simulated,Synthetic Generator - Baseline,,Baseline balanced scenario - healthy supply chain
953,0,Geological Prospecting_Entity,USA,2025-04-30,daily_state,ndc_balance,227.38,225.25,222.11,98.14,6.8808,index,simulated,Synthetic Generator - Baseline,,Baseline balanced scenario - healthy supply chain
954,1,Mine Extraction_Entity,USA,2025-04-30,daily_state,ndc_balance,245.42,236.91,224.96,93.3,1.2117,index,simulated,Synthetic Generator - Baseline,,Baseline balanced scenario - healthy supply chain
955,2,Ore Processing_Entity,USA,2025-04-30,daily_state,ndc_balance,271.08,284.76,252.38,90.84,0.5069,index,simulated,Synthetic Generator - Baseline,,Baseline balanced scenario - healthy supply chain
956,3,Doré Production_Entity,USA,2025-04-30,daily_state,ndc_balance,274.98,282.35,264.45,94.91,1.5519,index,simulated,Synthetic Generator - Baseline,,Baseline balanced scenario - healthy supply chain
957,4,Refining_Entity,USA,2025-04-30,daily_state,ndc_balance,288.56,276.21,259.15,91.79,0.615,index,simulated,Synthetic Generator - Baseline,,Baseline balanced scenario - healthy supply chain
958,5,Bar Casting & Assay_Entity,USA,2025-04-30,daily_state,ndc_balance,241.97,252.42,227.5,92.05,0.8389,index,simulated,Synthetic Generator - Baseline,,Baseline balanced scenario - healthy supply chain
959,6,Logistics & Vaulting_Entity,USA,2025-04-30,daily_state,ndc_balance,197.17,191.02,182.32,93.95,2.0878,index,simulated,Synthetic Generator - Baseline,,Baseline balanced scenario - healthy supply chain
960,7,Exchange Registration_Entity,USA,2025-04-30,daily_state,ndc_balance,286.47,273.69,256.12,91.47,0.5775,index,simulated,Synthetic Generator - Baseline,,Baseline balanced scenario - healthy supply chain
961,0,Geological Prospecting_Entity,USA,2025-05-01,daily_state,ndc_balance,198.97,230.39,162.99,76.13,0.1003,index,simulated,Synthetic Generator - Baseline,,Baseline balanced scenario - healthy supply chain
962,1,Mine Extraction_Entity,USA,2025-05-01,daily_state,ndc_balance,252.57,261.23,240.38,93.58,1.1752,index,simulated,Synthetic Generator - Baseline,,Baseline balanced scenario - healthy supply chain
963,2,Ore Processing_Entity,USA,2025-05-01,daily_state,ndc_balance,319.77,265.38,207.3,71.16,0.0337,index,simulated,Synthetic Generator - Baseline,,Baseline balanced scenario - healthy supply chain
964,3,Doré Production_Entity,USA,2025-05-01,daily_state,ndc_balance,210.71,236.78,179.21,80.23,0.145,index,simulated,Synthetic Generator - Baseline,,Baseline balanced scenario - healthy supply chain
965,4,Refining_Entity,USA,2025-05-01,daily_state,ndc_balance,295.17,302.18,285.13,95.47,1.6934,index,simulated,Synthetic Generator - Baseline,,Baseline balanced scenario - healthy supply chain
966,5,Bar Casting & Assay_Entity,USA,2025-05-01,daily_state,ndc_balance,250.22,270.87,223.52,85.86,0.2291,index,simulated,Synthetic Generator - Baseline,,Baseline balanced scenario - healthy supply chain
967,6,Logistics & Vaulting_Entity,USA,2025-05-01,daily_state,ndc_balance,201.68,200.02,197.57,98.37,7.8408,index,simulated,Synthetic Generator - Baseline,,Baseline balanced scenario - healthy supply chain
968,7,Exchange Registration_Entity,USA,2025-05-01,daily_state,ndc_balance,328.33,254.87,184.93,63.93,0.0185,index,simulated,Synthetic Generator - Baseline,,Baseline balanced scenario - healthy supply chain
969,0,Geological Prospecting_Entity,USA,2025-05-02,daily_state,ndc_balance,232.1,225.05,215.08,94.11,1.6767,index,simulated,Synthetic Generator - Baseline,,Baseline balanced scenario - healthy supply chain
970,1,Mine Extraction_Entity,USA,2025-05-02,daily_state,ndc_balance,284.58,258.4,225.6,83.19,0.1438,index,simulated,Synthetic Generator - Baseline,,Baseline balanced scenario - healthy supply chain
971,2,Ore Processing_Entity,USA,2025-05-02,daily_state,ndc_balance,292.91,274.58,250.24,88.24,0.2891,index,simulated,Synthetic Generator - Baseline,,Baseline balanced scenario - healthy supply chain
972,3,Doré Production_Entity,USA,2025-05-02,daily_state,ndc_balance,252.33,235.45,213.23,87.48,0.3394,index,simulated,Synthetic Generator - Baseline,,Baseline balanced scenario - healthy supply chain
973,4,Refining_Entity,USA,2025-05-02,daily_state,ndc_balance,287.61,259.98,225.64,82.52,0.1293,index,simulated,Synthetic Generator - Baseline,,Baseline balanced scenario - healthy supply chain
974,5,Bar Casting & Assay_Entity,USA,2025-05-02,daily_state,ndc_balance,273.95,261.11,243.52,91.05,0.5718,index,simulated,Synthetic Generator - Baseline,,Baseline balanced scenario - healthy supply chain
975,6,Logistics & Vaulting_Entity,USA,2025-05-02,daily_state,ndc_balance,225.18,200.71,171.06,80.46,0.1642,index,simulated,Synthetic Generator - Baseline,,Baseline balanced scenario - healthy supply chain
976,7,Exchange Registration_Entity,USA,2025-05-02,daily_state,ndc_balance,261.69,304.35,213.23,75.56,0.0547,index,simulated,Synthetic Generator - Baseline,,Baseline balanced scenario - healthy supply chain
977,0,Geological Prospecting_Entity,USA,2025-05-03,daily_state,ndc_balance,214.29,204.54,191.13,91.3,0.9504,index,simulated,Synthetic Generator - Baseline,,Baseline balanced scenario - healthy supply chain
978,1,Mine Extraction_Entity,USA,2025-05-03,daily_state,ndc_balance,258.95,281.04,230.51,85.45,0.2007,index,simulated,Synthetic Generator - Baseline,,Baseline balanced scenario - healthy supply chain
979,2,Ore Processing_Entity,USA,2025-05-03,daily_state,ndc_balance,255.84,337.78,180.97,61.56,0.0149,index,simulated,Synthetic Generator - Baseline,,Baseline balanced scenario - healthy supply chain
980,3,Doré Production_Entity,USA,2025-05-03,daily_state,ndc_balance,263.72,245.32,221.23,86.98,0.2869,index,simulated,Synthetic Generator - Baseline,,Baseline balanced scenario - healthy supply chain
981,4,Refining_Entity,USA,2025-05-03,daily_state,ndc_balance,277.06,271.44,263.35,96.03,2.4095,index,simulated,Synthetic Generator - Baseline,,Baseline balanced scenario - healthy supply chain
982,5,Bar Casting & Assay_Entity,USA,2025-05-03,daily_state,ndc_balance,275.7,272.92,268.83,98.0,5.6425,index,simulated,Synthetic Generator - Baseline,,Baseline balanced scenario - healthy supply chain
983,6,Logistics & Vaulting_Entity,USA,2025-05-03,daily_state,ndc_balance,216.21,202.92,185.22,88.43,0.5353,index,simulated,Synthetic Generator - Baseline,,Baseline balanced scenario - healthy supply chain
984,7,Exchange Registration_Entity,USA,2025-05-03,daily_state,ndc_balance,284.92,278.58,269.47,95.65,1.9928,index,simulated,Synthetic Generator - Baseline,,Baseline balanced scenario - healthy supply chain
985,0,Geological Prospecting_Entity,USA,2025-05-04,daily_state,ndc_balance,224.51,236.35,208.38,90.46,0.6653,index,simulated,Synthetic Generator - Baseline,,Baseline balanced scenario - healthy supply chain
986,1,Mine Extraction_Entity,USA,2025-05-04,daily_state,ndc_balance,276.33,203.02,139.33,58.82,0.0186,index,simulated,Synthetic Generator - Baseline,,Baseline balanced scenario - healthy supply chain
987,2,Ore Processing_Entity,USA,2025-05-04,daily_state,ndc_balance,297.27,284.45,266.76,91.74,0.5736,index,simulated,Synthetic Generator - Baseline,,Baseline balanced scenario - healthy supply chain
988,3,Doré Production_Entity,USA,2025-05-04,daily_state,ndc_balance,247.15,233.95,216.1,89.87,0.5428,index,simulated,Synthetic Generator - Baseline,,Baseline balanced scenario - healthy supply chain
989,4,Refining_Entity,USA,2025-05-04,daily_state,ndc_balance,294.29,283.0,267.27,92.61,0.7272,index,simulated,Synthetic Generator - Baseline,,Baseline balanced scenario - healthy supply chain
990,5,Bar Casting & Assay_Entity,USA,2025-05-04,daily_state,ndc_balance,255.84,268.27,238.79,91.15,0.6075,index,simulated,Synthetic Generator - Baseline,,Baseline balanced scenario - healthy supply chain
991,6,Logistics & Vaulting_Entity,USA,2025-05-04,daily_state,ndc_balance,192.86,176.11,154.92,84.06,0.3444,index,simulated,Synthetic Generator - Baseline,,Baseline balanced scenario - healthy supply chain
992,7,Exchange Registration_Entity,USA,2025-05-04,daily_state,ndc_balance,278.03,296.47,253.52,88.3,0.2858,index,simulated,Synthetic Generator - Baseline,,Baseline balanced scenario - healthy supply chain
993,0,Geological Prospecting_Entity,USA,2025-05-05,daily_state,ndc_balance,241.24,224.79,203.18,87.25,0.3563,index,simulated,Synthetic Generator - Baseline,,Baseline balanced scenario - healthy supply chain
994,1,Mine Extraction_Entity,USA,2025-05-05,daily_state,ndc_balance,277.82,264.85,247.07,91.08,0.5607,index,simulated,Synthetic Generator - Baseline,,Baseline balanced scenario - healthy supply chain
995,2,Ore Processing_Entity,USA,2025-05-05,daily_state,ndc_balance,277.32,288.33,261.99,92.65,0.7624,index,simulated,Synthetic Generator - Baseline,,Baseline balanced scenario - healthy supply chain
996,3,Doré Production_Entity,USA,2025-05-05,daily_state,ndc_balance,258.95,254.13,247.16,96.35,3.0107,index,simulated,Synthetic Generator - Baseline,,Baseline balanced scenario - healthy supply chain
997,4,Refining_Entity,USA,2025-05-05,daily_state,ndc_balance,294.78,278.31,256.14,89.43,0.3554,index,simulated,Synthetic Generator - Baseline,,Baseline balanced scenario - healthy supply chain
998,5,Bar Casting & Assay_Entity,USA,2025-05-05,daily_state,ndc_balance,272.22,279.82,261.4,94.71,1.4752,index,simulated,Synthetic Generator - Baseline,,Baseline balanced scenario - healthy supply chain
999,6,Logistics & Vaulting_Entity,USA,2025-05-05,daily_state,ndc_balance,206.55,184.68,158.04,80.92,0.2049,index,simulated,Synthetic Generator - Baseline,,Baseline balanced scenario - healthy supply chain
1000,7,Exchange Registration_Entity,USA,2025-05-05,daily_state,ndc_balance,284.5,267.15,244.03,88.52,0.3215,index,simulated,Synthetic Generator - Baseline,,Baseline balanced scenario - healthy supply chain
1001,0,Geological Prospecting_Entity,USA,2025-05-06,daily_state,ndc_balance,216.3,212.54,207.09,96.58,4.1439,index,simulated,Synthetic Generator - Baseline,,Baseline balanced scenario - healthy supply chain
1002,1,Mine Extraction_Entity,USA,2025-05-06,daily_state,ndc_balance,254.54,249.6,242.46,96.19,2.9045,index,simulated,Synthetic Generator - Baseline,,Baseline balanced scenario - healthy supply chain
1003,2,Ore Processing_Entity,USA,2025-05-06,daily_state,ndc_balance,258.02,283.98,225.47,83.29,0.1462,index,simulated,Synthetic Generator - Baseline,,Baseline balanced scenario - healthy supply chain
1004,3,Doré Production_Entity,USA,2025-05-06,daily_state,ndc_balance,246.45,225.43,198.75,84.32,0.2215,index,simulated,Synthetic Generator - Baseline,,Baseline balanced scenario - healthy supply chain
1005,4,Refining_Entity,USA,2025-05-06,daily_state,ndc_balance,286.32,282.02,275.75,97.04,3.5121,index,simulated,Synthetic Generator - Baseline,,Baseline balanced scenario - healthy supply chain
1006,5,Bar Casting & Assay_Entity,USA,2025-05-06,daily_state,ndc_balance,242.31,246.41,236.36,96.73,3.7313,index,simulated,Synthetic Generator - Baseline,,Baseline balanced scenario - healthy supply chain
1007,6,Logistics & Vaulting_Entity,USA,2025-05-06,daily_state,ndc_balance,194.89,183.22,167.65,88.72,0.6844,index,simulated,Synthetic Generator - Baseline,,Baseline balanced scenario - healthy supply chain
1008,7,Exchange Registration_Entity,USA,2025-05-06,daily_state,ndc_balance,298.87,276.65,247.82,86.19,0.1986,index,simulated,Synthetic Generator - Baseline,,Baseline balanced scenario - healthy supply chain
1009,0,Geological Prospecting_Entity,USA,2025-05-07,daily_state,ndc_balance,221.91,178.63,134.8,67.7,0.0531,index,simulated,Synthetic Generator - Baseline,,Baseline balanced scenario - healthy supply chain
1010,1,Mine Extraction_Entity,USA,2025-05-07,daily_state,ndc_balance,275.41,232.4,185.12,73.17,0.0538,index,simulated,Synthetic Generator - Baseline,,Baseline balanced scenario - healthy supply chain
1011,2,Ore Processing_Entity,USA,2025-05-07,daily_state,ndc_balance,286.78,284.7,281.62,98.56,6.9765,index,simulated,Synthetic Generator - Baseline,,Baseline balanced scenario - healthy supply chain
1012,3,Doré Production_Entity,USA,2025-05-07,daily_state,ndc_balance,266.29,216.14,164.62,68.62,0.0396,index,simulated,Synthetic Generator - Baseline,,Baseline balanced scenario - healthy supply chain
1013,4,Refining_Entity,USA,2025-05-07,daily_state,ndc_balance,230.59,268.01,188.02,75.63,0.0709,index,simulated,Synthetic Generator - Baseline,,Baseline balanced scenario - healthy supply chain
1014,5,Bar Casting & Assay_Entity,USA,2025-05-07,daily_state,ndc_balance,292.89,282.0,266.81,92.84,0.7787,index,simulated,Synthetic Generator - Baseline,,Baseline balanced scenario - healthy supply chain
1015,6,Logistics & Vaulting_Entity,USA,2025-05-07,daily_state,ndc_balance,209.02,190.85,167.86,84.04,0.294,index,simulated,Synthetic Generator - Baseline,,Baseline balanced scenario - healthy supply chain
1016,7,Exchange Registration_Entity,USA,2025-05-07,daily_state,ndc_balance,297.98,262.18,219.8,78.64,0.0774,index,simulated,Synthetic Generator - Baseline,,Baseline balanced scenario - healthy supply chain
1017,0,Geological Prospecting_Entity,USA,2025-05-08,daily_state,ndc_balance,232.44,223.34,210.67,92.46,1.076,index,simulated,Synthetic Generator - Baseline,,Baseline balanced scenario - healthy supply chain
1018,1,Mine Extraction_Entity,USA,2025-05-08,daily_state,ndc_balance,281.2,303.91,251.75,86.12,0.1902,index,simulated,Synthetic Generator - Baseline,,Baseline balanced scenario - healthy supply chain
1019,2,Ore Processing_Entity,USA,2025-05-08,daily_state,ndc_balance,291.19,270.08,242.59,86.5,0.2195,index,simulated,Synthetic Generator - Baseline,,Baseline balanced scenario - healthy supply chain
1020,3,Doré Production_Entity,USA,2025-05-08,daily_state,ndc_balance,244.92,207.4,165.9,73.61,0.0705,index,simulated,Synthetic Generator - Baseline,,Baseline balanced scenario - healthy supply chain
1021,4,Refining_Entity,USA,2025-05-08,daily_state,ndc_balance,264.88,256.87,245.54,94.13,1.3495,index,simulated,Synthetic Generator - Baseline,,Baseline balanced scenario - healthy supply chain
1022,5,Bar Casting & Assay_Entity,USA,2025-05-08,daily_state,ndc_balance,257.44,261.98,250.85,96.59,3.263,index,simulated,Synthetic Generator - Baseline,,Baseline balanced scenario - healthy supply chain
1023,6,Logistics & Vaulting_Entity,USA,2025-05-08,daily_state,ndc_balance,192.96,219.42,161.68,78.57,0.1409,index,simulated,Synthetic Generator - Baseline,,Baseline balanced scenario - healthy supply chain
1024,7,Exchange Registration_Entity,USA,2025-05-08,daily_state,ndc_balance,285.3,279.07,270.11,95.73,2.0485,index,simulated,Synthetic Generator - Baseline,,Baseline balanced scenario - healthy supply chain
1025,0,Geological Prospecting_Entity,USA,2025-05-09,daily_state,ndc_balance,219.78,216.55,211.84,97.11,4.8986,index,simulated,Synthetic Generator - Baseline,,Baseline balanced scenario - healthy supply chain
1026,1,Mine Extraction_Entity,USA,2025-05-09,daily_state,ndc_balance,277.07,238.15,193.95,75.51,0.0656,index,simulated,Synthetic Generator - Baseline,,Baseline balanced scenario - healthy supply chain
1027,2,Ore Processing_Entity,USA,2025-05-09,daily_state,ndc_balance,274.82,273.29,271.01,98.89,8.0946,index,simulated,Synthetic Generator - Baseline,,Baseline balanced scenario - healthy supply chain
1028,3,Doré Production_Entity,USA,2025-05-09,daily_state,ndc_balance,224.51,224.01,223.27,99.56,9.7585,index,simulated,Synthetic Generator - Baseline,,Baseline balanced scenario - healthy supply chain
1029,4,Refining_Entity,USA,2025-05-09,daily_state,ndc_balance,267.55,279.49,251.06,91.81,0.6551,index,simulated,Synthetic Generator - Baseline,,Baseline balanced scenario - healthy supply chain
1030,5,Bar Casting & Assay_Entity,USA,2025-05-09,daily_state,ndc_balance,268.63,262.24,253.08,95.35,1.9659,index,simulated,Synthetic Generator - Baseline,,Baseline balanced scenario - healthy supply chain
1031,6,Logistics & Vaulting_Entity,USA,2025-05-09,daily_state,ndc_balance,217.46,196.28,170.04,82.3,0.2182,index,simulated,Synthetic Generator - Baseline,,Baseline balanced scenario - healthy supply chain
1032,7,Exchange Registration_Entity,USA,2025-05-09,daily_state,ndc_balance,290.55,276.9,258.2,91.03,0.5091,index,simulated,Synthetic Generator - Baseline,,Baseline balanced scenario - healthy supply chain
1033,0,Geological Prospecting_Entity,USA,2025-05-10,daily_state,ndc_balance,228.05,202.76,172.27,80.11,0.154,index,simulated,Synthetic Generator - Baseline,,Baseline balanced scenario - healthy supply chain
1034,1,Mine Extraction_Entity,USA,2025-05-10,daily_state,ndc_balance,227.49,250.84,198.29,83.01,0.1801,index,simulated,Synthetic Generator - Baseline,,Baseline balanced scenario - healthy supply chain
1035,2,Ore Processing_Entity,USA,2025-05-10,daily_state,ndc_balance,305.41,294.93,280.21,93.37,0.8341,index,simulated,Synthetic Generator - Baseline,,Baseline balanced scenario - healthy supply chain
1036,3,Doré Production_Entity,USA,2025-05-10,daily_state,ndc_balance,258.55,260.5,255.66,98.51,7.233,index,simulated,Synthetic Generator - Baseline,,Baseline balanced scenario - healthy supply chain
1037,4,Refining_Entity,USA,2025-05-10,daily_state,ndc_balance,275.4,266.81,254.67,93.95,1.1931,index,simulated,Synthetic Generator - Baseline,,Baseline balanced scenario - healthy supply chain
1038,5,Bar Casting & Assay_Entity,USA,2025-05-10,daily_state,ndc_balance,254.8,252.56,249.26,98.26,6.6628,index,simulated,Synthetic Generator - Baseline,,Baseline balanced scenario - healthy supply chain
1039,6,Logistics & Vaulting_Entity,USA,2025-05-10,daily_state,ndc_balance,213.3,219.92,203.93,94.16,1.8579,index,simulated,Synthetic Generator - Baseline,,Baseline balanced scenario - healthy supply chain
1040,7,Exchange Registration_Entity,USA,2025-05-10,daily_state,ndc_balance,281.98,270.15,253.79,91.95,0.6674,index,simulated,Synthetic Generator - Baseline,,Baseline balanced scenario - healthy supply chain
1041,0,Geological Prospecting_Entity,USA,2025-05-11,daily_state,ndc_balance,223.43,223.56,223.23,99.88,9.9832,index,simulated,Synthetic Generator - Baseline,,Baseline balanced scenario - healthy supply chain
1042,1,Mine Extraction_Entity,USA,2025-05-11,daily_state,ndc_balance,241.76,211.4,175.87,77.79,0.1073,index,simulated,Synthetic Generator - Baseline,,Baseline balanced scenario - healthy supply chain
1043,2,Ore Processing_Entity,USA,2025-05-11,daily_state,ndc_balance,275.16,255.76,230.4,86.85,0.2589,index,simulated,Synthetic Generator - Baseline,,Baseline balanced scenario - healthy supply chain
1044,3,Doré Production_Entity,USA,2025-05-11,daily_state,ndc_balance,235.8,235.08,234.0,99.39,9.5046,index,simulated,Synthetic Generator - Baseline,,Baseline balanced scenario - healthy supply chain
1045,4,Refining_Entity,USA,2025-05-11,daily_state,ndc_balance,266.62,288.88,237.89,85.72,0.1978,index,simulated,Synthetic Generator - Baseline,,Baseline balanced scenario - healthy supply chain
1046,5,Bar Casting & Assay_Entity,USA,2025-05-11,daily_state,ndc_balance,268.32,263.14,255.66,96.21,2.7175,index,simulated,Synthetic Generator - Baseline,,Baseline balanced scenario - healthy supply chain
1047,6,Logistics & Vaulting_Entity,USA,2025-05-11,daily_state,ndc_balance,212.75,177.24,139.06,71.61,0.0787,index,simulated,Synthetic Generator - Baseline,,Baseline balanced scenario - healthy supply chain
1048,7,Exchange Registration_Entity,USA,2025-05-11,daily_state,ndc_balance,299.01,276.37,247.08,85.95,0.1915,index,simulated,Synthetic Generator - Baseline,,Baseline balanced scenario - healthy supply chain
1049,0,Geological Prospecting_Entity,USA,2025-05-12,daily_state,ndc_balance,232.81,192.91,150.42,70.98,0.0624,index,simulated,Synthetic Generator - Baseline,,Baseline balanced scenario - healthy supply chain
1050,1,Mine Extraction_Entity,USA,2025-05-12,daily_state,ndc_balance,239.45,266.93,205.77,81.39,0.1307,index,simulated,Synthetic Generator - Baseline,,Baseline balanced scenario - healthy supply chain
1051,2,Ore Processing_Entity,USA,2025-05-12,daily_state,ndc_balance,288.4,260.97,226.81,82.68,0.1311,index,simulated,Synthetic Generator - Baseline,,Baseline balanced scenario - healthy supply chain
1052,3,Doré Production_Entity,USA,2025-05-12,daily_state,ndc_balance,229.71,257.46,196.03,80.61,0.1282,index,simulated,Synthetic Generator - Baseline,,Baseline balanced scenario - healthy supply chain
1053,4,Refining_Entity,USA,2025-05-12,daily_state,ndc_balance,254.92,291.77,211.83,77.67,0.0731,index,simulated,Synthetic Generator - Baseline,,Baseline balanced scenario - healthy supply chain
1054,5,Bar Casting & Assay_Entity,USA,2025-05-12,daily_state,ndc_balance,249.25,268.7,223.91,86.52,0.2576,index,simulated,Synthetic Generator - Baseline,,Baseline balanced scenario - healthy supply chain
1055,6,Logistics & Vaulting_Entity,USA,2025-05-12,daily_state,ndc_balance,197.83,208.06,183.87,90.63,0.8714,index,simulated,Synthetic Generator - Baseline,,Baseline balanced scenario - healthy supply chain
1056,7,Exchange Registration_Entity,USA,2025-05-12,daily_state,ndc_balance,274.59,274.27,273.8,99.77,9.8987,index,simulated,Synthetic Generator - Baseline,,Baseline balanced scenario - healthy supply chain
1057,0,Geological Prospecting_Entity,USA,2025-05-13,daily_state,ndc_balance,222.69,193.62,159.94,77.02,0.117,index,simulated,Synthetic Generator - Baseline,,Baseline balanced scenario - healthy supply chain
1058,1,Mine Extraction_Entity,USA,2025-05-13,daily_state,ndc_balance,273.19,242.43,205.45,79.83,0.1045,index,simulated,Synthetic Generator - Baseline,,Baseline balanced scenario - healthy supply chain
1059,2,Ore Processing_Entity,USA,2025-05-13,daily_state,ndc_balance,278.65,258.77,232.81,86.7,0.2467,index,simulated,Synthetic Generator - Baseline,,Baseline balanced scenario - healthy supply chain
1060,3,Doré Production_Entity,USA,2025-05-13,daily_state,ndc_balance,203.64,233.22,169.11,77.6,0.113,index,simulated,Synthetic Generator - Baseline,,Baseline balanced scenario - healthy supply chain
1061,4,Refining_Entity,USA,2025-05-13,daily_state,ndc_balance,308.27,275.79,236.17,81.0,0.0939,index,simulated,Synthetic Generator - Baseline,,Baseline balanced scenario - healthy supply chain
1062,5,Bar Casting & Assay_Entity,USA,2025-05-13,daily_state,ndc_balance,261.79,251.93,238.18,92.74,0.9328,index,simulated,Synthetic Generator - Baseline,,Baseline balanced scenario - healthy supply chain
1063,6,Logistics & Vaulting_Entity,USA,2025-05-13,daily_state,ndc_balance,202.42,206.51,196.5,96.11,3.7353,index,simulated,Synthetic Generator - Baseline,,Baseline balanced scenario - healthy supply chain
1064,7,Exchange Registration_Entity,USA,2025-05-13,daily_state,ndc_balance,264.37,296.72,225.2,80.41,0.0946,index,simulated,Synthetic Generator - Baseline,,Baseline balanced scenario - healthy supply chain
1065,0,Geological Prospecting_Entity,USA,2025-05-14,daily_state,ndc_balance,232.12,224.04,212.71,93.27,1.3278,index,simulated,Synthetic Generator - Baseline,,Baseline balanced scenario - healthy supply chain
1066,1,Mine Extraction_Entity,USA,2025-05-14,daily_state,ndc_balance,267.97,251.47,229.5,88.41,0.3542,index,simulated,Synthetic Generator - Baseline,,Baseline balanced scenario - healthy supply chain
1067,2,Ore Processing_Entity,USA,2025-05-14,daily_state,ndc_balance,291.48,286.77,279.91,96.81,3.0993,index,simulated,Synthetic Generator - Baseline,,Baseline balanced scenario - healthy supply chain
1068,3,Doré Production_Entity,USA,2025-05-14,daily_state,ndc_balance,236.08,225.79,211.6,91.65,0.8625,index,simulated,Synthetic Generator - Baseline,,Baseline balanced scenario - healthy supply chain
1069,4,Refining_Entity,USA,2025-05-14,daily_state,ndc_balance,272.92,289.0,251.27,89.47,0.3725,index,simulated,Synthetic Generator - Baseline,,Baseline balanced scenario - healthy supply chain
1070,5,Bar Casting & Assay_Entity,USA,2025-05-14,daily_state,ndc_balance,242.81,229.7,211.99,89.77,0.5501,index,simulated,Synthetic Generator - Baseline,,Baseline balanced scenario - healthy supply chain
1071,6,Logistics & Vaulting_Entity,USA,2025-05-14,daily_state,ndc_balance,203.86,197.03,187.42,93.52,1.7637,index,simulated,Synthetic Generator - Baseline,,Baseline balanced scenario - healthy supply chain
1072,7,Exchange Registration_Entity,USA,2025-05-14,daily_state,ndc_balance,283.99,280.5,275.4,97.57,4.5124,index,simulated,Synthetic Generator - Baseline,,Baseline balanced scenario - healthy supply chain
1073,0,Geological Prospecting_Entity,USA,2025-05-15,daily_state,ndc_balance,217.35,237.38,191.88,84.47,0.2433,index,simulated,Synthetic Generator - Baseline,,Baseline balanced scenario - healthy supply chain
1074,1,Mine Extraction_Entity,USA,2025-05-15,daily_state,ndc_balance,236.68,235.65,234.1,99.13,9.0258,index,simulated,Synthetic Generator - Baseline,,Baseline balanced scenario - healthy supply chain
1075,2,Ore Processing_Entity,USA,2025-05-15,daily_state,ndc_balance,279.15,245.98,206.62,78.85,0.0901,index,simulated,Synthetic Generator - Baseline,,Baseline balanced scenario - healthy supply chain
1076,3,Doré Production_Entity,USA,2025-05-15,daily_state,ndc_balance,238.06,265.46,204.49,81.35,0.1314,index,simulated,Synthetic Generator - Baseline,,Baseline balanced scenario - healthy supply chain
1077,4,Refining_Entity,USA,2025-05-15,daily_state,ndc_balance,271.01,264.71,255.67,95.46,2.0124,index,simulated,Synthetic Generator - Baseline,,Baseline balanced scenario - healthy supply chain
1078,5,Bar Casting & Assay_Entity,USA,2025-05-15,daily_state,ndc_balance,241.8,244.46,237.88,97.84,5.8409,index,simulated,Synthetic Generator - Baseline,,Baseline balanced scenario - healthy supply chain
1079,6,Logistics & Vaulting_Entity,USA,2025-05-15,daily_state,ndc_balance,195.07,189.84,182.39,94.78,2.6768,index,simulated,Synthetic Generator - Baseline,,Baseline balanced scenario - healthy supply chain
1080,7,Exchange Registration_Entity,USA,2025-05-15,daily_state,ndc_balance,299.92,285.6,266.01,90.89,0.4646,index,simulated,Synthetic Generator - Baseline,,Baseline balanced scenario - healthy supply chain
1081,0,Geological Prospecting_Entity,USA,2025-05-16,daily_state,ndc_balance,203.33,214.44,188.26,90.16,0.7496,index,simulated,Synthetic Generator - Baseline,,Baseline balanced scenario - healthy supply chain
1082,1,Mine Extraction_Entity,USA,2025-05-16,daily_state,ndc_balance,267.47,270.52,263.0,97.77,5.1817,index,simulated,Synthetic Generator - Baseline,,Baseline balanced scenario - healthy supply chain
1083,2,Ore Processing_Entity,USA,2025-05-16,daily_state,ndc_balance,303.71,256.73,204.93,73.39,0.0451,index,simulated,Synthetic Generator - Baseline,,Baseline balanced scenario - healthy supply chain
1084,3,Doré Production_Entity,USA,2025-05-16,daily_state,ndc_balance,227.84,212.36,192.03,87.3,0.4009,index,simulated,Synthetic Generator - Baseline,,Baseline balanced scenario - healthy supply chain
1085,4,Refining_Entity,USA,2025-05-16,daily_state,ndc_balance,266.49,268.39,263.67,98.59,7.3378,index,simulated,Synthetic Generator - Baseline,,Baseline balanced scenario - healthy supply chain
1086,5,Bar Casting & Assay_Entity,USA,2025-05-16,daily_state,ndc_balance,274.81,253.63,226.3,85.72,0.2181,index,simulated,Synthetic Generator - Baseline,,Baseline balanced scenario - healthy supply chain
1087,6,Logistics & Vaulting_Entity,USA,2025-05-16,daily_state,ndc_balance,195.2,197.73,191.5,97.47,6.0984,index,simulated,Synthetic Generator - Baseline,,Baseline balanced scenario - healthy supply chain
1088,7,Exchange Registration_Entity,USA,2025-05-16,daily_state,ndc_balance,267.47,312.61,216.63,74.92,0.0488,index,simulated,Synthetic Generator - Baseline,,Baseline balanced scenario - healthy supply chain
1089,0,Geological Prospecting_Entity,USA,2025-05-17,daily_state,ndc_balance,195.19,212.77,172.75,84.77,0.3134,index,simulated,Synthetic Generator - Baseline,,Baseline balanced scenario - healthy supply chain
1090,1,Mine Extraction_Entity,USA,2025-05-17,daily_state,ndc_balance,289.66,249.56,203.85,75.82,0.0618,index,simulated,Synthetic Generator - Baseline,,Baseline balanced scenario - healthy supply chain
1091,2,Ore Processing_Entity,USA,2025-05-17,daily_state,ndc_balance,276.45,268.01,256.07,94.07,1.23,index,simulated,Synthetic Generator - Baseline,,Baseline balanced scenario - healthy supply chain
1092,3,Doré Production_Entity,USA,2025-05-17,daily_state,ndc_balance,236.6,259.15,208.06,84.02,0.1928,index,simulated,Synthetic Generator - Baseline,,Baseline balanced scenario - healthy supply chain
1093,4,Refining_Entity,USA,2025-05-17,daily_state,ndc_balance,236.12,287.04,182.58,70.13,0.0384,index,simulated,Synthetic Generator - Baseline,,Baseline balanced scenario - healthy supply chain
1094,5,Bar Casting & Assay_Entity,USA,2025-05-17,daily_state,ndc_balance,237.94,249.64,221.92,91.05,0.6809,index,simulated,Synthetic Generator - Baseline,,Baseline balanced scenario - healthy supply chain
1095,6,Logistics & Vaulting_Entity,USA,2025-05-17,daily_state,ndc_balance,192.86,205.04,176.59,88.8,0.6323,index,simulated,Synthetic Generator - Baseline,,Baseline balanced scenario - healthy supply chain
1096,7,Exchange Registration_Entity,USA,2025-05-17,daily_state,ndc_balance,255.33,282.76,221.31,82.36,0.1312,index,simulated,Synthetic Generator - Baseline,,Baseline balanced scenario - healthy supply chain
1097,0,Geological Prospecting_Entity,USA,2025-05-18,daily_state,ndc_balance,248.97,184.35,127.48,59.5,0.0239,index,simulated,Synthetic Generator - Baseline,,Baseline balanced scenario - healthy supply chain
1098,1,Mine Extraction_Entity,USA,2025-05-18,daily_state,ndc_balance,261.45,236.97,206.4,82.92,0.1641,index,simulated,Synthetic Generator - Baseline,,Baseline balanced scenario - healthy supply chain
1099,2,Ore Processing_Entity,USA,2025-05-18,daily_state,ndc_balance,285.0,274.23,259.22,92.72,0.7943,index,simulated,Synthetic Generator - Baseline,,Baseline balanced scenario - healthy supply chain
1100,3,Doré Production_Entity,USA,2025-05-18,daily_state,ndc_balance,228.99,242.67,210.59,89.34,0.5071,index,simulated,Synthetic Generator - Baseline,,Baseline balanced scenario - healthy supply chain
1101,4,Refining_Entity,USA,2025-05-18,daily_state,ndc_balance,295.67,255.45,209.36,76.18,0.0614,index,simulated,Synthetic Generator - Baseline,,Baseline balanced scenario - healthy supply chain
1102,5,Bar Casting & Assay_Entity,USA,2025-05-18,daily_state,ndc_balance,269.4,230.61,186.88,74.97,0.066,index,simulated,Synthetic Generator - Baseline,,Baseline balanced scenario - healthy supply chain
1103,6,Logistics & Vaulting_Entity,USA,2025-05-18,daily_state,ndc_balance,184.26,202.39,161.44,83.6,0.2953,index,simulated,Synthetic Generator - Baseline,,Baseline balanced scenario - healthy supply chain
1104,7,Exchange Registration_Entity,USA,2025-05-18,daily_state,ndc_balance,300.87,280.29,253.26,87.21,0.2306,index,simulated,Synthetic Generator - Baseline,,Baseline balanced scenario - healthy supply chain
1105,0,Geological Prospecting_Entity,USA,2025-05-19,daily_state,ndc_balance,213.23,208.32,201.29,95.51,2.9394,index,simulated,Synthetic Generator - Baseline,,Baseline balanced scenario - healthy supply chain
1106,1,Mine Extraction_Entity,USA,2025-05-19,daily_state,ndc_balance,239.16,259.22,213.3,85.67,0.2426,index,simulated,Synthetic Generator - Baseline,,Baseline balanced scenario - healthy supply chain
1107,2,Ore Processing_Entity,USA,2025-05-19,daily_state,ndc_balance,291.16,265.2,232.49,83.67,0.1463,index,simulated,Synthetic Generator - Baseline,,Baseline balanced scenario - healthy supply chain
1108,3,Doré Production_Entity,USA,2025-05-19,daily_state,ndc_balance,230.87,238.12,220.61,94.09,1.5976,index,simulated,Synthetic Generator - Baseline,,Baseline balanced scenario - healthy supply chain
1109,4,Refining_Entity,USA,2025-05-19,daily_state,ndc_balance,261.37,257.15,251.0,96.82,3.5919,index,simulated,Synthetic Generator - Baseline,,Baseline balanced scenario - healthy supply chain
1110,5,Bar Casting & Assay_Entity,USA,2025-05-19,daily_state,ndc_balance,289.42,248.89,202.83,75.57,0.0605,index,simulated,Synthetic Generator - Baseline,,Baseline balanced scenario - healthy supply chain
1111,6,Logistics & Vaulting_Entity,USA,2025-05-19,daily_state,ndc_balance,192.55,181.68,167.07,89.33,0.781,index,simulated,Synthetic Generator - Baseline,,Baseline balanced scenario - healthy supply chain
1112,7,Exchange Registration_Entity,USA,2025-05-19,daily_state,ndc_balance,289.08,270.07,244.98,87.68,0.2693,index,simulated,Synthetic Generator - Baseline,,Baseline balanced scenario - healthy supply chain
1113,0,Geological Prospecting_Entity,USA,2025-05-20,daily_state,ndc_balance,207.5,231.58,178.06,81.23,0.1696,index,simulated,Synthetic Generator - Baseline,,Baseline balanced scenario - healthy supply chain
1114,1,Mine Extraction_Entity,USA,2025-05-20,daily_state,ndc_balance,278.54,236.99,190.65,74.2,0.0576,index,simulated,Synthetic Generator - Baseline,,Baseline balanced scenario - healthy supply chain
1115,2,Ore Processing_Entity,USA,2025-05-20,daily_state,ndc_balance,249.25,290.93,202.19,75.08,0.0572,index,simulated,Synthetic Generator - Baseline,,Baseline balanced scenario - healthy supply chain
1116,3,Doré Production_Entity,USA,2025-05-20,daily_state,ndc_balance,226.97,247.03,201.3,85.01,0.2427,index,simulated,Synthetic Generator - Baseline,,Baseline balanced scenario - healthy supply chain
1117,4,Refining_Entity,USA,2025-05-20,daily_state,ndc_balance,237.69,273.86,195.91,76.79,0.0759,index,simulated,Synthetic Generator - Baseline,,Baseline balanced scenario - healthy supply chain
1118,5,Bar Casting & Assay_Entity,USA,2025-05-20,daily_state,ndc_balance,239.08,265.95,206.02,81.7,0.1366,index,simulated,Synthetic Generator - Baseline,,Baseline balanced scenario - healthy supply chain
1119,6,Logistics & Vaulting_Entity,USA,2025-05-20,daily_state,ndc_balance,197.46,175.62,149.27,80.16,0.2055,index,simulated,Synthetic Generator - Baseline,,Baseline balanced scenario - healthy supply chain
1120,7,Exchange Registration_Entity,USA,2025-05-20,daily_state,ndc_balance,271.14,285.15,252.03,90.64,0.4847,index,simulated,Synthetic Generator - Baseline,,Baseline balanced scenario - healthy supply chain
1121,0,Geological Prospecting_Entity,USA,2025-05-21,daily_state,ndc_balance,218.17,217.78,217.21,99.65,9.854,index,simulated,Synthetic Generator - Baseline,,Baseline balanced scenario - healthy supply chain
1122,1,Mine Extraction_Entity,USA,2025-05-21,daily_state,ndc_balance,286.23,219.11,156.68,62.56,0.0221,index,simulated,Synthetic Generator - Baseline,,Baseline balanced scenario - healthy supply chain
1123,2,Ore Processing_Entity,USA,2025-05-21,daily_state,ndc_balance,300.84,274.14,240.48,83.74,0.1384,index,simulated,Synthetic Generator - Baseline,,Baseline balanced scenario - healthy supply chain
1124,3,Doré Production_Entity,USA,2025-05-21,daily_state,ndc_balance,223.1,208.32,188.83,87.59,0.4377,index,simulated,Synthetic Generator - Baseline,,Baseline balanced scenario - healthy supply chain
1125,4,Refining_Entity,USA,2025-05-21,daily_state,ndc_balance,263.74,273.85,249.62,92.88,0.8911,index,simulated,Synthetic Generator - Baseline,,Baseline balanced scenario - healthy supply chain
1126,5,Bar Casting & Assay_Entity,USA,2025-05-21,daily_state,ndc_balance,254.67,279.46,223.4,83.74,0.16,index,simulated,Synthetic Generator - Baseline,,Baseline balanced scenario - healthy supply chain
1127,6,Logistics & Vaulting_Entity,USA,2025-05-21,daily_state,ndc_balance,174.81,192.05,153.12,83.57,0.3257,index,simulated,Synthetic Generator - Baseline,,Baseline balanced scenario - healthy supply chain
1128,7,Exchange Registration_Entity,USA,2025-05-21,daily_state,ndc_balance,257.79,278.81,230.58,86.01,0.2214,index,simulated,Synthetic Generator - Baseline,,Baseline balanced scenario - healthy supply chain
1129,0,Geological Prospecting_Entity,USA,2025-05-22,daily_state,ndc_balance,229.24,199.17,164.38,76.93,0.1094,index,simulated,Synthetic Generator - Baseline,,Baseline balanced scenario - healthy supply chain
1130,1,Mine Extraction_Entity,USA,2025-05-22,daily_state,ndc_balance,216.87,250.33,178.35,76.54,0.0885,index,simulated,Synthetic Generator - Baseline,,Baseline balanced scenario - healthy supply chain
1131,2,Ore Processing_Entity,USA,2025-05-22,daily_state,ndc_balance,282.48,279.02,273.95,97.58,4.5509,index,simulated,Synthetic Generator - Baseline,,Baseline balanced scenario - healthy supply chain
1132,3,Doré Production_Entity,USA,2025-05-22,daily_state,ndc_balance,254.47,212.47,167.15,71.88,0.0564,index,simulated,Synthetic Generator - Baseline,,Baseline balanced scenario - healthy supply chain
1133,4,Refining_Entity,USA,2025-05-22,daily_state,ndc_balance,276.14,278.21,273.07,98.52,6.9895,index,simulated,Synthetic Generator - Baseline,,Baseline balanced scenario - healthy supply chain
1134,5,Bar Casting & Assay_Entity,USA,2025-05-22,daily_state,ndc_balance,229.25,257.5,195.1,80.3,0.1238,index,simulated,Synthetic Generator - Baseline,,Baseline balanced scenario - healthy supply chain
1135,6,Logistics & Vaulting_Entity,USA,2025-05-22,daily_state,ndc_balance,188.37,190.28,185.56,98.01,7.3296,index,simulated,Synthetic Generator - Baseline,,Baseline balanced scenario - healthy supply chain
1136,7,Exchange Registration_Entity,USA,2025-05-22,daily_state,ndc_balance,281.15,262.98,238.94,87.87,0.2939,index,simulated,Synthetic Generator - Baseline,,Baseline balanced scenario - healthy supply chain
1137,0,Geological Prospecting_Entity,USA,2025-05-23,daily_state,ndc_balance,205.17,206.86,202.68,98.38,7.7798,index,simulated,Synthetic Generator - Baseline,,Baseline balanced scenario - healthy supply chain
1138,1,Mine Extraction_Entity,USA,2025-05-23,daily_state,ndc_balance,239.0,226.7,210.0,90.22,0.6203,index,simulated,Synthetic Generator - Baseline,,Baseline balanced scenario - healthy supply chain
1139,2,Ore Processing_Entity,USA,2025-05-23,daily_state,ndc_balance,285.5,250.57,209.41,78.29,0.0813,index,simulated,Synthetic Generator - Baseline,,Baseline balanced scenario - healthy supply chain
1140,3,Doré Production_Entity,USA,2025-05-23,daily_state,ndc_balance,245.3,239.57,231.36,95.44,2.3352,index,simulated,Synthetic Generator - Baseline,,Baseline balanced scenario - healthy supply chain
1141,4,Refining_Entity,USA,2025-05-23,daily_state,ndc_balance,239.42,244.05,232.72,96.28,3.1811,index,simulated,Synthetic Generator - Baseline,,Baseline balanced scenario - healthy supply chain
1142,5,Bar Casting & Assay_Entity,USA,2025-05-23,daily_state,ndc_balance,273.22,233.58,189.01,74.82,0.0633,index,simulated,Synthetic Generator - Baseline,,Baseline balanced scenario - healthy supply chain
1143,6,Logistics & Vaulting_Entity,USA,2025-05-23,daily_state,ndc_balance,188.34,199.56,173.25,89.36,0.7356,index,simulated,Synthetic Generator - Baseline,,Baseline balanced scenario - healthy supply chain
1144,7,Exchange Registration_Entity,USA,2025-05-23,daily_state,ndc_balance,287.06,266.72,240.14,86.79,0.236,index,simulated,Synthetic Generator - Baseline,,Baseline balanced scenario - healthy supply chain
1145,0,Geological Prospecting_Entity,USA,2025-05-24,daily_state,ndc_balance,205.74,231.36,174.82,80.13,0.15,index,simulated,Synthetic Generator - Baseline,,Baseline balanced scenario - healthy supply chain
1146,1,Mine Extraction_Entity,USA,2025-05-24,daily_state,ndc_balance,280.78,263.38,240.24,88.34,0.3196,index,simulated,Synthetic Generator - Baseline,,Baseline balanced scenario - healthy supply chain
1147,2,Ore Processing_Entity,USA,2025-05-24,daily_state,ndc_balance,275.98,256.21,230.42,86.65,0.2495,index,simulated,Synthetic Generator - Baseline,,Baseline balanced scenario - healthy supply chain
1148,3,Doré Production_Entity,USA,2025-05-24,daily_state,ndc_balance,222.24,240.17,199.0,86.14,0.3019,index,simulated,Synthetic Generator - Baseline,,Baseline balanced scenario - healthy supply chain
1149,4,Refining_Entity,USA,2025-05-24,daily_state,ndc_balance,270.98,280.99,256.96,93.12,0.907,index,simulated,Synthetic Generator - Baseline,,Baseline balanced scenario - healthy supply chain
1150,5,Bar Casting & Assay_Entity,USA,2025-05-24,daily_state,ndc_balance,264.46,223.71,178.72,73.48,0.0599,index,simulated,Synthetic Generator - Baseline,,Baseline balanced scenario - healthy supply chain
1151,6,Logistics & Vaulting_Entity,USA,2025-05-24,daily_state,ndc_balance,210.48,172.8,133.31,69.9,0.0699,index,simulated,Synthetic Generator - Baseline,,Baseline balanced scenario - healthy supply chain
1152,7,Exchange Registration_Entity,USA,2025-05-24,daily_state,ndc_balance,268.94,275.26,259.87,95.51,2.0008,index,simulated,Synthetic Generator - Baseline,,Baseline balanced scenario - healthy supply chain
1153,0,Geological Prospecting_Entity,USA,2025-05-25,daily_state,ndc_balance,244.06,261.28,221.34,87.65,0.3263,index,simulated,Synthetic Generator - Baseline,,Baseline balanced scenario - healthy supply chain
1154,1,Mine Extraction_Entity,USA,2025-05-25,daily_state,ndc_balance,263.22,242.0,214.8,85.11,0.2172,index,simulated,Synthetic Generator - Baseline,,Baseline balanced scenario - healthy supply chain
1155,2,Ore Processing_Entity,USA,2025-05-25,daily_state,ndc_balance,282.14,286.28,276.11,97.15,3.6894,index,simulated,Synthetic Generator - Baseline,,Baseline balanced scenario - healthy supply chain
1156,3,Doré Production_Entity,USA,2025-05-25,daily_state,ndc_balance,229.31,262.61,190.43,77.6,0.0894,index,simulated,Synthetic Generator - Baseline,,Baseline balanced scenario - healthy supply chain
1157,4,Refining_Entity,USA,2025-05-25,daily_state,ndc_balance,267.57,264.26,259.4,97.55,4.7627,index,simulated,Synthetic Generator - Baseline,,Baseline balanced scenario - healthy supply chain
1158,5,Bar Casting & Assay_Entity,USA,2025-05-25,daily_state,ndc_balance,264.11,257.89,248.96,95.4,2.0514,index,simulated,Synthetic Generator - Baseline,,Baseline balanced scenario - healthy supply chain
1159,6,Logistics & Vaulting_Entity,USA,2025-05-25,daily_state,ndc_balance,206.71,179.19,147.47,76.62,0.1303,index,simulated,Synthetic Generator - Baseline,,Baseline balanced scenario - healthy supply chain
1160,7,Exchange Registration_Entity,USA,2025-05-25,daily_state,ndc_balance,265.75,250.49,230.03,89.16,0.4121,index,simulated,Synthetic Generator - Baseline,,Baseline balanced scenario - healthy supply chain
1161,0,Geological Prospecting_Entity,USA,2025-05-26,daily_state,ndc_balance,220.16,218.88,216.97,98.84,8.5807,index,simulated,Synthetic Generator - Baseline,,Baseline balanced scenario - healthy supply chain
1162,1,Mine Extraction_Entity,USA,2025-05-26,daily_state,ndc_balance,260.44,275.0,240.73,89.95,0.4505,index,simulated,Synthetic Generator - Baseline,,Baseline balanced scenario - healthy supply chain
1163,2,Ore Processing_Entity,USA,2025-05-26,daily_state,ndc_balance,273.49,281.9,261.58,94.21,1.2395,index,simulated,Synthetic Generator - Baseline,,Baseline balanced scenario - healthy supply chain
1164,3,Doré Production_Entity,USA,2025-05-26,daily_state,ndc_balance,217.2,222.89,209.07,95.02,2.3577,index,simulated,Synthetic Generator - Baseline,,Baseline balanced scenario - healthy supply chain
1165,4,Refining_Entity,USA,2025-05-26,daily_state,ndc_balance,274.01,270.14,264.5,97.22,4.0116,index,simulated,Synthetic Generator - Baseline,,Baseline balanced scenario - healthy supply chain
1166,5,Bar Casting & Assay_Entity,USA,2025-05-26,daily_state,ndc_balance,249.16,248.57,247.68,99.52,9.6595,index,simulated,Synthetic Generator - Baseline,,Baseline balanced scenario - healthy supply chain
1167,6,Logistics & Vaulting_Entity,USA,2025-05-26,daily_state,ndc_balance,170.8,183.43,154.24,87.14,0.5902,index,simulated,Synthetic Generator - Baseline,,Baseline balanced scenario - healthy supply chain
1168,7,Exchange Registration_Entity,USA,2025-05-26,daily_state,ndc_balance,286.93,280.21,270.58,95.43,1.8145,index,simulated,Synthetic Generator - Baseline,,Baseline balanced scenario - healthy supply chain
1169,0,Geological Prospecting_Entity,USA,2025-05-27,daily_state,ndc_balance,220.56,205.34,185.37,87.11,0.4136,index,simulated,Synthetic Generator - Baseline,,Baseline balanced scenario - healthy supply chain
1170,1,Mine Extraction_Entity,USA,2025-05-27,daily_state,ndc_balance,253.16,232.56,206.19,84.98,0.2302,index,simulated,Synthetic Generator - Baseline,,Baseline balanced scenario - healthy supply chain
1171,2,Ore Processing_Entity,USA,2025-05-27,daily_state,ndc_balance,283.54,277.02,267.67,95.51,1.9065,index,simulated,Synthetic Generator - Baseline,,Baseline balanced scenario - healthy supply chain
1172,3,Doré Production_Entity,USA,2025-05-27,daily_state,ndc_balance,240.43,219.97,193.99,84.35,0.2333,index,simulated,Synthetic Generator - Baseline,,Baseline balanced scenario - healthy supply chain
1173,4,Refining_Entity,USA,2025-05-27,daily_state,ndc_balance,230.75,274.19,183.23,72.84,0.0527,index,simulated,Synthetic Generator - Baseline,,Baseline balanced scenario - healthy supply chain
1174,5,Bar Casting & Assay_Entity,USA,2025-05-27,daily_state,ndc_balance,245.87,233.91,217.59,90.73,0.6536,index,simulated,Synthetic Generator - Baseline,,Baseline balanced scenario - healthy supply chain
1175,6,Logistics & Vaulting_Entity,USA,2025-05-27,daily_state,ndc_balance,203.46,182.39,156.6,81.29,0.2203,index,simulated,Synthetic Generator - Baseline,,Baseline balanced scenario - healthy supply chain
1176,7,Exchange Registration_Entity,USA,2025-05-27,daily_state,ndc_balance,288.95,280.55,268.63,94.35,1.2404,index,simulated,Synthetic Generator - Baseline,,Baseline balanced scenario - healthy supply chain
1177,0,Geological Prospecting_Entity,USA,2025-05-28,daily_state,ndc_balance,222.82,179.47,135.51,67.76,0.0529,index,simulated,Synthetic Generator - Baseline,,Baseline balanced scenario - healthy supply chain
1178,1,Mine Extraction_Entity,USA,2025-05-28,daily_state,ndc_balance,270.75,248.76,220.61,85.01,0.2026,index,simulated,Synthetic Generator - Baseline,,Baseline balanced scenario - healthy supply chain
1179,2,Ore Processing_Entity,USA,2025-05-28,daily_state,ndc_balance,267.03,271.64,260.34,96.67,3.2031,index,simulated,Synthetic Generator - Baseline,,Baseline balanced scenario - healthy supply chain
1180,3,Doré Production_Entity,USA,2025-05-28,daily_state,ndc_balance,205.93,236.41,170.48,77.27,0.1065,index,simulated,Synthetic Generator - Baseline,,Baseline balanced scenario - healthy supply chain
1181,4,Refining_Entity,USA,2025-05-28,daily_state,ndc_balance,247.13,229.71,206.93,86.85,0.319,index,simulated,Synthetic Generator - Baseline,,Baseline balanced scenario - healthy supply chain
1182,5,Bar Casting & Assay_Entity,USA,2025-05-28,daily_state,ndc_balance,229.73,269.08,185.58,74.64,0.0642,index,simulated,Synthetic Generator - Baseline,,Baseline balanced scenario - healthy supply chain
1183,6,Logistics & Vaulting_Entity,USA,2025-05-28,daily_state,ndc_balance,183.13,216.66,146.16,73.38,0.0882,index,simulated,Synthetic Generator - Baseline,,Baseline balanced scenario - healthy supply chain
1184,7,Exchange Registration_Entity,USA,2025-05-28,daily_state,ndc_balance,264.53,238.32,205.95,82.02,0.1435,index,simulated,Synthetic Generator - Baseline,,Baseline balanced scenario - healthy supply chain
1185,0,Geological Prospecting_Entity,USA,2025-05-29,daily_state,ndc_balance,195.37,225.94,160.29,76.29,0.1059,index,simulated,Synthetic Generator - Baseline,,Baseline balanced scenario - healthy supply chain
1186,1,Mine Extraction_Entity,USA,2025-05-29,daily_state,ndc_balance,249.78,233.83,212.69,88.01,0.378,index,simulated,Synthetic Generator - Baseline,,Baseline balanced scenario - healthy supply chain
1187,2,Ore Processing_Entity,USA,2025-05-29,daily_state,ndc_balance,274.52,277.73,269.81,97.72,4.9285,index,simulated,Synthetic Generator - Baseline,,Baseline balanced scenario - healthy supply chain
1188,3,Doré Production_Entity,USA,2025-05-29,daily_state,ndc_balance,248.88,254.77,240.43,95.48,2.2387,index,simulated,Synthetic Generator - Baseline,,Baseline balanced scenario - healthy supply chain
1189,4,Refining_Entity,USA,2025-05-29,daily_state,ndc_balance,256.72,229.83,196.99,81.1,0.1363,index,simulated,Synthetic Generator - Baseline,,Baseline balanced scenario - healthy supply chain
1190,5,Bar Casting & Assay_Entity,USA,2025-05-29,daily_state,ndc_balance,245.92,253.38,235.34,94.28,1.5221,index,simulated,Synthetic Generator - Baseline,,Baseline balanced scenario - healthy supply chain
1191,6,Logistics & Vaulting_Entity,USA,2025-05-29,daily_state,ndc_balance,177.66,171.47,162.78,93.26,2.0664,index,simulated,Synthetic Generator - Baseline,,Baseline balanced scenario - healthy supply chain
1192,7,Exchange Registration_Entity,USA,2025-05-29,daily_state,ndc_balance,277.28,267.82,254.54,93.41,1.0058,index,simulated,Synthetic Generator - Baseline,,Baseline balanced scenario - healthy supply chain
1193,0,Geological Prospecting_Entity,USA,2025-05-30,daily_state,ndc_balance,212.2,189.71,162.32,80.9,0.1939,index,simulated,Synthetic Generator - Baseline,,Baseline balanced scenario - healthy supply chain
1194,1,Mine Extraction_Entity,USA,2025-05-30,daily_state,ndc_balance,248.25,226.73,199.48,84.08,0.2113,index,simulated,Synthetic Generator - Baseline,,Baseline balanced scenario - healthy supply chain
1195,2,Ore Processing_Entity,USA,2025-05-30,daily_state,ndc_balance,285.06,287.0,282.19,98.66,7.2664,index,simulated,Synthetic Generator - Baseline,,Baseline balanced scenario - healthy supply chain
1196,3,Doré Production_Entity,USA,2025-05-30,daily_state,ndc_balance,204.02,211.64,193.36,93.05,1.4693,index,simulated,Synthetic Generator - Baseline,,Baseline balanced scenario - healthy supply chain
1197,4,Refining_Entity,USA,2025-05-30,daily_state,ndc_balance,239.26,241.67,235.72,98.03,6.3344,index,simulated,Synthetic Generator - Baseline,,Baseline balanced scenario - healthy supply chain
1198,5,Bar Casting & Assay_Entity,USA,2025-05-30,daily_state,ndc_balance,250.46,222.27,188.4,79.85,0.1243,index,simulated,Synthetic Generator - Baseline,,Baseline balanced scenario - healthy supply chain
1199,6,Logistics & Vaulting_Entity,USA,2025-05-30,daily_state,ndc_balance,177.88,170.3,159.82,91.83,1.4807,index,simulated,Synthetic Generator - Baseline,,Baseline balanced scenario - healthy supply chain
1200,7,Exchange Registration_Entity,USA,2025-05-30,daily_state,ndc_balance,274.82,269.62,262.09,96.28,2.6977,index,simulated,Synthetic Generator - Baseline,,Baseline balanced scenario - healthy supply chain
1201,0,Geological Prospecting_Entity,USA,2025-05-31,daily_state,ndc_balance,200.51,206.25,192.35,94.59,2.3279,index,simulated,Synthetic Generator - Baseline,,Baseline balanced scenario - healthy supply chain
1202,1,Mine Extraction_Entity,USA,2025-05-31,daily_state,ndc_balance,243.14,238.18,231.03,96.0,2.8921,index,simulated,Synthetic Generator - Baseline,,Baseline balanced scenario - healthy supply chain
1203,2,Ore Processing_Entity,USA,2025-05-31,daily_state,ndc_balance,296.44,292.2,286.01,97.18,3.5727,index,simulated,Synthetic Generator - Baseline,,Baseline balanced scenario - healthy supply chain
1204,3,Doré Production_Entity,USA,2025-05-31,daily_state,ndc_balance,211.85,243.01,175.57,77.38,0.1019,index,simulated,Synthetic Generator - Baseline,,Baseline balanced scenario - healthy supply chain
1205,4,Refining_Entity,USA,2025-05-31,daily_state,ndc_balance,273.51,232.4,186.66,74.04,0.0588,index,simulated,Synthetic Generator - Baseline,,Baseline balanced scenario - healthy supply chain
1206,5,Bar Casting & Assay_Entity,USA,2025-05-31,daily_state,ndc_balance,263.62,275.75,246.91,91.58,0.6361,index,simulated,Synthetic Generator - Baseline,,Baseline balanced scenario - healthy supply chain
1207,6,Logistics & Vaulting_Entity,USA,2025-05-31,daily_state,ndc_balance,174.5,171.56,167.28,96.68,5.3556,index,simulated,Synthetic Generator - Baseline,,Baseline balanced scenario - healthy supply chain
1208,7,Exchange Registration_Entity,USA,2025-05-31,daily_state,ndc_balance,286.6,272.96,254.29,90.92,0.5097,index,simulated,Synthetic Generator - Baseline,,Baseline balanced scenario - healthy supply chain
1209,0,Geological Prospecting_Entity,USA,2025-06-01,daily_state,ndc_balance,219.28,208.94,194.78,91.0,0.8547,index,simulated,Synthetic Generator - Baseline,,Baseline balanced scenario - healthy supply chain
1210,1,Mine Extraction_Entity,USA,2025-06-01,daily_state,ndc_balance,256.87,218.93,176.49,74.42,0.069,index,simulated,Synthetic Generator - Baseline,,Baseline balanced scenario - healthy supply chain
1211,2,Ore Processing_Entity,USA,2025-06-01,daily_state,ndc_balance,286.72,288.86,283.56,98.53,6.858,index,simulated,Synthetic Generator - Baseline,,Baseline balanced scenario - healthy supply chain
1212,3,Doré Production_Entity,USA,2025-06-01,daily_state,ndc_balance,227.57,227.03,226.21,99.52,9.7124,index,simulated,Synthetic Generator - Baseline,,Baseline balanced scenario - healthy supply chain
1213,4,Refining_Entity,USA,2025-06-01,daily_state,ndc_balance,238.05,262.07,207.93,83.25,0.1704,index,simulated,Synthetic Generator - Baseline,,Baseline balanced scenario - healthy supply chain
1214,5,Bar Casting & Assay_Entity,USA,2025-06-01,daily_state,ndc_balance,259.59,246.69,229.11,90.54,0.5666,index,simulated,Synthetic Generator - Baseline,,Baseline balanced scenario - healthy supply chain
1215,6,Logistics & Vaulting_Entity,USA,2025-06-01,daily_state,ndc_balance,207.88,181.8,151.26,77.81,0.1449,index,simulated,Synthetic Generator - Baseline,,Baseline balanced scenario - healthy supply chain
1216,7,Exchange Registration_Entity,USA,2025-06-01,daily_state,ndc_balance,279.48,249.46,212.99,80.66,0.1097,index,simulated,Synthetic Generator - Baseline,,Baseline balanced scenario - healthy supply chain
1217,0,Geological Prospecting_Entity,USA,2025-06-02,daily_state,ndc_balance,210.37,199.44,184.62,90.13,0.7723,index,simulated,Synthetic Generator - Baseline,,Baseline balanced scenario - healthy supply chain
1218,1,Mine Extraction_Entity,USA,2025-06-02,daily_state,ndc_balance,254.11,235.93,212.21,86.67,0.2938,index,simulated,Synthetic Generator - Baseline,,Baseline balanced scenario - healthy supply chain
1219,2,Ore Processing_Entity,USA,2025-06-02,daily_state,ndc_balance,268.76,282.45,250.05,90.76,0.5062,index,simulated,Synthetic Generator - Baseline,,Baseline balanced scenario - healthy supply chain
1220,3,Doré Production_Entity,USA,2025-06-02,daily_state,ndc_balance,224.18,198.66,168.08,79.64,0.1513,index,simulated,Synthetic Generator - Baseline,,Baseline balanced scenario - healthy supply chain
1221,4,Refining_Entity,USA,2025-06-02,daily_state,ndc_balance,286.97,277.45,264.05,93.58,0.9931,index,simulated,Synthetic Generator - Baseline,,Baseline balanced scenario - healthy supply chain
1222,5,Bar Casting & Assay_Entity,USA,2025-06-02,daily_state,ndc_balance,231.34,260.0,196.74,80.22,0.1203,index,simulated,Synthetic Generator - Baseline,,Baseline balanced scenario - healthy supply chain
1223,6,Logistics & Vaulting_Entity,USA,2025-06-02,daily_state,ndc_balance,183.18,192.33,170.68,90.93,1.0687,index,simulated,Synthetic Generator - Baseline,,Baseline balanced scenario - healthy supply chain
1224,7,Exchange Registration_Entity,USA,2025-06-02,daily_state,ndc_balance,275.14,263.36,247.1,91.79,0.6724,index,simulated,Synthetic Generator - Baseline,,Baseline balanced scenario - healthy supply chain
1225,0,Geological Prospecting_Entity,USA,2025-06-03,daily_state,ndc_balance,198.73,189.96,177.88,91.55,1.1503,index,simulated,Synthetic Generator - Baseline,,Baseline balanced scenario - healthy supply chain
1226,1,Mine Extraction_Entity,USA,2025-06-03,daily_state,ndc_balance,236.75,227.42,214.45,92.42,1.0308,index,simulated,Synthetic Generator - Baseline,,Baseline balanced scenario - healthy supply chain
1227,2,Ore Processing_Entity,USA,2025-06-03,daily_state,ndc_balance,269.48,254.51,234.34,89.48,0.427,index,simulated,Synthetic Generator - Baseline,,Baseline balanced scenario - healthy supply chain
1228,3,Doré Production_Entity,USA,2025-06-03,daily_state,ndc_balance,240.72,254.16,222.52,89.96,0.5244,index,simulated,Synthetic Generator - Baseline,,Baseline balanced scenario - healthy supply chain
1229,4,Refining_Entity,USA,2025-06-03,daily_state,ndc_balance,251.79,256.7,244.69,96.25,2.93,index,simulated,Synthetic Generator - Baseline,,Baseline balanced scenario - healthy supply chain
1230,5,Bar Casting & Assay_Entity,USA,2025-06-03,daily_state,ndc_balance,257.98,255.89,252.79,98.39,6.9454,index,simulated,Synthetic Generator - Baseline,,Baseline balanced scenario - healthy supply chain
1231,6,Logistics & Vaulting_Entity,USA,2025-06-03,daily_state,ndc_balance,191.63,200.76,179.09,91.3,1.0709,index,simulated,Synthetic Generator - Baseline,,Baseline balanced scenario - healthy supply chain
1232,7,Exchange Registration_Entity,USA,2025-06-03,daily_state,ndc_balance,277.72,245.11,206.3,79.07,0.0932,index,simulated,Synthetic Generator - Baseline,,Baseline balanced scenario - healthy supply chain
1233,0,Geological Prospecting_Entity,USA,2025-06-04,daily_state,ndc_balance,223.33,218.21,210.85,95.51,2.757,index,simulated,Synthetic Generator - Baseline,,Baseline balanced scenario - healthy supply chain
1234,1,Mine Extraction_Entity,USA,2025-06-04,daily_state,ndc_balance,238.85,242.92,232.93,96.7,3.7612,index,simulated,Synthetic Generator - Baseline,,Baseline balanced scenario - healthy supply chain
1235,2,Ore Processing_Entity,USA,2025-06-04,daily_state,ndc_balance,280.55,263.47,240.71,88.54,0.3315,index,simulated,Synthetic Generator - Baseline,,Baseline balanced scenario - healthy supply chain
1236,3,Doré Production_Entity,USA,2025-06-04,daily_state,ndc_balance,246.39,269.79,216.77,84.08,0.1794,index,simulated,Synthetic Generator - Baseline,,Baseline balanced scenario - healthy supply chain
1237,4,Refining_Entity,USA,2025-06-04,daily_state,ndc_balance,248.51,227.38,200.54,84.36,0.2191,index,simulated,Synthetic Generator - Baseline,,Baseline balanced scenario - healthy supply chain
1238,5,Bar Casting & Assay_Entity,USA,2025-06-04,daily_state,ndc_balance,254.85,260.23,247.11,95.96,2.5738,index,simulated,Synthetic Generator - Baseline,,Baseline balanced scenario - healthy supply chain
1239,6,Logistics & Vaulting_Entity,USA,2025-06-04,daily_state,ndc_balance,186.83,213.4,155.67,77.96,0.1398,index,simulated,Synthetic Generator - Baseline,,Baseline balanced scenario - healthy supply chain
1240,7,Exchange Registration_Entity,USA,2025-06-04,daily_state,ndc_balance,250.22,279.71,214.25,80.99,0.1137,index,simulated,Synthetic Generator - Baseline,,Baseline balanced scenario - healthy supply chain
1241,0,Geological Prospecting_Entity,USA,2025-06-05,daily_state,ndc_balance,201.06,233.07,164.49,75.98,0.0967,index,simulated,Synthetic Generator - Baseline,,Baseline balanced scenario - healthy supply chain
1242,1,Mine Extraction_Entity,USA,2025-06-05,daily_state,ndc_balance,280.04,228.32,174.77,69.12,0.0372,index,simulated,Synthetic Generator - Baseline,,Baseline balanced scenario - healthy supply chain
1243,2,Ore Processing_Entity,USA,2025-06-05,daily_state,ndc_balance,261.91,282.59,235.0,86.38,0.2284,index,simulated,Synthetic Generator - Baseline,,Baseline balanced scenario - healthy supply chain
1244,3,Doré Production_Entity,USA,2025-06-05,daily_state,ndc_balance,224.34,226.3,221.45,98.28,7.2263,index,simulated,Synthetic Generator - Baseline,,Baseline balanced scenario - healthy supply chain
1245,4,Refining_Entity,USA,2025-06-05,daily_state,ndc_balance,260.53,217.57,171.19,71.9,0.0539,index,simulated,Synthetic Generator - Baseline,,Baseline balanced scenario - healthy supply chain
1246,5,Bar Casting & Assay_Entity,USA,2025-06-05,daily_state,ndc_balance,249.94,234.71,214.4,88.52,0.4129,index,simulated,Synthetic Generator - Baseline,,Baseline balanced scenario - healthy supply chain
1247,6,Logistics & Vaulting_Entity,USA,2025-06-05,daily_state,ndc_balance,182.76,213.11,148.43,75.21,0.1074,index,simulated,Synthetic Generator - Baseline,,Baseline balanced scenario - healthy supply chain
1248,7,Exchange Registration_Entity,USA,2025-06-05,daily_state,ndc_balance,251.3,281.76,214.37,80.56,0.1067,index,simulated,Synthetic Generator - Baseline,,Baseline balanced scenario - healthy supply chain
1249,0,Geological Prospecting_Entity,USA,2025-06-06,daily_state,ndc_balance,205.87,197.01,184.78,91.75,1.1295,index,simulated,Synthetic Generator - Baseline,,Baseline balanced scenario - healthy supply chain
1250,1,Mine Extraction_Entity,USA,2025-06-06,daily_state,ndc_balance,261.91,248.16,229.54,90.04,0.5027,index,simulated,Synthetic Generator - Baseline,,Baseline balanced scenario - healthy supply chain
1251,2,Ore Processing_Entity,USA,2025-06-06,daily_state,ndc_balance,278.61,284.47,270.17,95.97,2.257,index,simulated,Synthetic Generator - Baseline,,Baseline balanced scenario - healthy supply chain
1252,3,Doré Production_Entity,USA,2025-06-06,daily_state,ndc_balance,225.09,216.02,203.45,92.26,1.0856,index,simulated,Synthetic Generator - Baseline,,Baseline balanced scenario - healthy supply chain
1253,4,Refining_Entity,USA,2025-06-06,daily_state,ndc_balance,243.78,237.19,227.8,94.74,1.8712,index,simulated,Synthetic Generator - Baseline,,Baseline balanced scenario - healthy supply chain
1254,5,Bar Casting & Assay_Entity,USA,2025-06-06,daily_state,ndc_balance,294.29,269.45,237.85,84.46,0.1594,index,simulated,Synthetic Generator - Baseline,,Baseline balanced scenario - healthy supply chain
1255,6,Logistics & Vaulting_Entity,USA,2025-06-06,daily_state,ndc_balance,169.79,163.24,154.12,92.58,1.8907,index,simulated,Synthetic Generator - Baseline,,Baseline balanced scenario - healthy supply chain
1256,7,Exchange Registration_Entity,USA,2025-06-06,daily_state,ndc_balance,277.28,276.89,276.31,99.72,9.8516,index,simulated,Synthetic Generator - Baseline,,Baseline balanced scenario - healthy supply chain
1257,0,Geological Prospecting_Entity,USA,2025-06-07,daily_state,ndc_balance,218.24,197.42,171.51,82.63,0.2254,index,simulated,Synthetic Generator - Baseline,,Baseline balanced scenario - healthy supply chain
1258,1,Mine Extraction_Entity,USA,2025-06-07,daily_state,ndc_balance,248.12,247.91,247.58,99.82,9.9529,index,simulated,Synthetic Generator - Baseline,,Baseline balanced scenario - healthy supply chain
1259,2,Ore Processing_Entity,USA,2025-06-07,daily_state,ndc_balance,271.29,227.06,179.13,72.17,0.0508,index,simulated,Synthetic Generator - Baseline,,Baseline balanced scenario - healthy supply chain
1260,3,Doré Production_Entity,USA,2025-06-07,daily_state,ndc_balance,226.56,211.68,192.04,87.69,0.4322,index,simulated,Synthetic Generator - Baseline,,Baseline balanced scenario - healthy supply chain
1261,4,Refining_Entity,USA,2025-06-07,daily_state,ndc_balance,262.63,305.74,213.74,75.43,0.0535,index,simulated,Synthetic Generator - Baseline,,Baseline balanced scenario - healthy supply chain
1262,5,Bar Casting & Assay_Entity,USA,2025-06-07,daily_state,ndc_balance,255.52,241.36,222.29,89.51,0.4752,index,simulated,Synthetic Generator - Baseline,,Baseline balanced scenario - healthy supply chain
1263,6,Logistics & Vaulting_Entity,USA,2025-06-07,daily_state,ndc_balance,203.83,195.69,184.39,92.32,1.3113,index,simulated,Synthetic Generator - Baseline,,Baseline balanced scenario - healthy supply chain
1264,7,Exchange Registration_Entity,USA,2025-06-07,daily_state,ndc_balance,276.31,277.93,273.9,98.84,7.9198,index,simulated,Synthetic Generator - Baseline,,Baseline balanced scenario - healthy supply chain
1265,0,Geological Prospecting_Entity,USA,2025-06-08,daily_state,ndc_balance,240.85,181.65,127.93,61.16,0.0284,index,simulated,Synthetic Generator - Baseline,,Baseline balanced scenario - healthy supply chain
1266,1,Mine Extraction_Entity,USA,2025-06-08,daily_state,ndc_balance,257.11,225.33,187.98,78.1,0.098,index,simulated,Synthetic Generator - Baseline,,Baseline balanced scenario - healthy supply chain
1267,2,Ore Processing_Entity,USA,2025-06-08,daily_state,ndc_balance,278.34,250.47,216.12,81.85,0.1271,index,simulated,Synthetic Generator - Baseline,,Baseline balanced scenario - healthy supply chain
1268,3,Doré Production_Entity,USA,2025-06-08,daily_state,ndc_balance,223.75,221.69,218.67,98.18,7.0363,index,simulated,Synthetic Generator - Baseline,,Baseline balanced scenario - healthy supply chain
1269,4,Refining_Entity,USA,2025-06-08,daily_state,ndc_balance,274.64,268.54,259.76,95.65,2.1148,index,simulated,Synthetic Generator - Baseline,,Baseline balanced scenario - healthy supply chain
1270,5,Bar Casting & Assay_Entity,USA,2025-06-08,daily_state,ndc_balance,231.32,247.99,209.38,87.42,0.3472,index,simulated,Synthetic Generator - Baseline,,Baseline balanced scenario - healthy supply chain
1271,6,Logistics & Vaulting_Entity,USA,2025-06-08,daily_state,ndc_balance,179.36,164.35,145.23,84.59,0.425,index,simulated,Synthetic Generator - Baseline,,Baseline balanced scenario - healthy supply chain
1272,7,Exchange Registration_Entity,USA,2025-06-08,daily_state,ndc_balance,266.75,261.45,253.8,96.11,2.6263,index,simulated,Synthetic Generator - Baseline,,Baseline balanced scenario - healthy supply chain
1273,0,Geological Prospecting_Entity,USA,2025-06-09,daily_state,ndc_balance,246.46,209.84,168.95,74.29,0.074,index,simulated,Synthetic Generator - Baseline,,Baseline balanced scenario - healthy supply chain
1274,1,Mine Extraction_Entity,USA,2025-06-09,daily_state,ndc_balance,229.39,231.88,225.74,97.88,6.1778,index,simulated,Synthetic Generator - Baseline,,Baseline balanced scenario - healthy supply chain
1275,2,Ore Processing_Entity,USA,2025-06-09,daily_state,ndc_balance,285.38,304.64,259.83,88.12,0.2625,index,simulated,Synthetic Generator - Baseline,,Baseline balanced scenario - healthy supply chain
1276,3,Doré Production_Entity,USA,2025-06-09,daily_state,ndc_balance,206.27,193.21,175.88,88.11,0.5538,index,simulated,Synthetic Generator - Baseline,,Baseline balanced scenario - healthy supply chain
1277,4,Refining_Entity,USA,2025-06-09,daily_state,ndc_balance,288.12,259.06,223.29,81.73,0.117,index,simulated,Synthetic Generator - Baseline,,Baseline balanced scenario - healthy supply chain
1278,5,Bar Casting & Assay_Entity,USA,2025-06-09,daily_state,ndc_balance,237.03,256.67,211.66,85.81,0.2528,index,simulated,Synthetic Generator - Baseline,,Baseline balanced scenario - healthy supply chain
1279,6,Logistics & Vaulting_Entity,USA,2025-06-09,daily_state,ndc_balance,150.52,187.1,113.5,67.63,0.0742,index,simulated,Synthetic Generator - Baseline,,Baseline balanced scenario - healthy supply chain
1280,7,Exchange Registration_Entity,USA,2025-06-09,daily_state,ndc_balance,274.97,283.68,262.66,94.04,1.165,index,simulated,Synthetic Generator - Baseline,,Baseline balanced scenario - healthy supply chain
1281,0,Geological Prospecting_Entity,USA,2025-06-10,daily_state,ndc_balance,194.94,203.66,182.9,91.79,1.1622,index,simulated,Synthetic Generator - Baseline,,Baseline balanced scenario - healthy supply chain
1282,1,Mine Extraction_Entity,USA,2025-06-10,daily_state,ndc_balance,236.27,246.72,221.83,91.88,0.8392,index,simulated,Synthetic Generator - Baseline,,Baseline balanced scenario - healthy supply chain
1283,2,Ore Processing_Entity,USA,2025-06-10,daily_state,ndc_balance,256.72,259.78,252.24,97.68,5.1741,index,simulated,Synthetic Generator - Baseline,,Baseline balanced scenario - healthy supply chain
1284,3,Doré Production_Entity,USA,2025-06-10,daily_state,ndc_balance,215.21,238.84,186.02,82.05,0.176,index,simulated,Synthetic Generator - Baseline,,Baseline balanced scenario - healthy supply chain
1285,4,Refining_Entity,USA,2025-06-10,daily_state,ndc_balance,273.03,247.9,216.42,83.19,0.1559,index,simulated,Synthetic Generator - Baseline,,Baseline balanced scenario - healthy supply chain
1286,5,Bar Casting & Assay_Entity,USA,2025-06-10,daily_state,ndc_balance,250.73,221.05,185.79,78.92,0.1123,index,simulated,Synthetic Generator - Baseline,,Baseline balanced scenario - healthy supply chain
1287,6,Logistics & Vaulting_Entity,USA,2025-06-10,daily_state,ndc_balance,185.66,186.22,184.82,99.4,9.6948,index,simulated,Synthetic Generator - Baseline,,Baseline balanced scenario - healthy supply chain
1288,7,Exchange Registration_Entity,USA,2025-06-10,daily_state,ndc_balance,309.46,247.11,184.81,66.83,0.0257,index,simulated,Synthetic Generator - Baseline,,Baseline balanced scenario - healthy supply chain
1289,0,Geological Prospecting_Entity,USA,2025-06-11,daily_state,ndc_balance,232.26,220.18,203.8,90.12,0.6415,index,simulated,Synthetic Generator - Baseline,,Baseline balanced scenario - healthy supply chain
1290,1,Mine Extraction_Entity,USA,2025-06-11,daily_state,ndc_balance,254.51,273.89,229.17,86.8,0.2592,index,simulated,Synthetic Generator - Baseline,,Baseline balanced scenario - healthy supply chain
1291,2,Ore Processing_Entity,USA,2025-06-11,daily_state,ndc_balance,275.88,274.24,271.82,98.82,7.8884,index,simulated,Synthetic Generator - Baseline,,Baseline balanced scenario - healthy supply chain
1292,3,Doré Production_Entity,USA,2025-06-11,daily_state,ndc_balance,229.5,249.26,204.11,85.34,0.2497,index,simulated,Synthetic Generator - Baseline,,Baseline balanced scenario - healthy supply chain
1293,4,Refining_Entity,USA,2025-06-11,daily_state,ndc_balance,276.74,240.98,199.42,77.22,0.0776,index,simulated,Synthetic Generator - Baseline,,Baseline balanced scenario - healthy supply chain
1294,5,Bar Casting & Assay_Entity,USA,2025-06-11,daily_state,ndc_balance,230.51,243.58,212.83,89.82,0.5526,index,simulated,Synthetic Generator - Baseline,,Baseline balanced scenario - healthy supply chain
1295,6,Logistics & Vaulting_Entity,USA,2025-06-11,daily_state,ndc_balance,178.3,186.09,167.51,91.96,1.4123,index,simulated,Synthetic Generator - Baseline,,Baseline balanced scenario - healthy supply chain
1296,7,Exchange Registration_Entity,USA,2025-06-11,daily_state,ndc_balance,288.86,259.01,222.45,81.33,0.111,index,simulated,Synthetic Generator - Baseline,,Baseline balanced scenario - healthy supply chain
1297,0,Geological Prospecting_Entity,USA,2025-06-12,daily_state,ndc_balance,209.85,203.44,194.37,94.07,1.9568,index,simulated,Synthetic Generator - Baseline,,Baseline balanced scenario - healthy supply chain
1298,1,Mine Extraction_Entity,USA,2025-06-12,daily_state,ndc_balance,263.22,201.95,144.74,62.78,0.0266,index,simulated,Synthetic Generator - Baseline,,Baseline balanced scenario - healthy supply chain
1299,2,Ore Processing_Entity,USA,2025-06-12,daily_state,ndc_balance,261.39,271.19,247.67,93.02,0.942,index,simulated,Synthetic Generator - Baseline,,Baseline balanced scenario - healthy supply chain
1300,3,Doré Production_Entity,USA,2025-06-12,daily_state,ndc_balance,248.49,218.54,183.11,78.58,0.1102,index,simulated,Synthetic Generator - Baseline,,Baseline balanced scenario - healthy supply chain
1301,4,Refining_Entity,USA,2025-06-12,daily_state,ndc_balance,232.34,263.55,195.27,78.91,0.1017,index,simulated,Synthetic Generator - Baseline,,Baseline balanced scenario - healthy supply chain
1302,5,Bar Casting & Assay_Entity,USA,2025-06-12,daily_state,ndc_balance,240.96,225.98,206.06,88.31,0.4265,index,simulated,Synthetic Generator - Baseline,,Baseline balanced scenario - healthy supply chain
1303,6,Logistics & Vaulting_Entity,USA,2025-06-12,daily_state,ndc_balance,181.12,184.07,176.84,96.85,5.3539,index,simulated,Synthetic Generator - Baseline,,Baseline balanced scenario - healthy supply chain
1304,7,Exchange Registration_Entity,USA,2025-06-12,daily_state,ndc_balance,261.42,227.69,188.49,77.26,0.0871,index,simulated,Synthetic Generator - Baseline,,Baseline balanced scenario - healthy supply chain
1305,0,Geological Prospecting_Entity,USA,2025-06-13,daily_state,ndc_balance,224.18,225.53,222.19,98.81,8.4659,index,simulated,Synthetic Generator - Baseline,,Baseline balanced scenario - healthy supply chain
1306,1,Mine Extraction_Entity,USA,2025-06-13,daily_state,ndc_balance,260.5,222.1,179.13,74.47,0.0674,index,simulated,Synthetic Generator - Baseline,,Baseline balanced scenario - healthy supply chain
1307,2,Ore Processing_Entity,USA,2025-06-13,daily_state,ndc_balance,267.71,267.47,267.1,99.82,9.9424,index,simulated,Synthetic Generator - Baseline,,Baseline balanced scenario - healthy supply chain
1308,3,Doré Production_Entity,USA,2025-06-13,daily_state,ndc_balance,239.71,239.61,239.47,99.92,9.9905,index,simulated,Synthetic Generator - Baseline,,Baseline balanced scenario - healthy supply chain
1309,4,Refining_Entity,USA,2025-06-13,daily_state,ndc_balance,249.72,254.06,243.41,96.64,3.4649,index,simulated,Synthetic Generator - Baseline,,Baseline balanced scenario - healthy supply chain
1310,5,Bar Casting & Assay_Entity,USA,2025-06-13,daily_state,ndc_balance,257.59,273.79,235.93,88.84,0.3671,index,simulated,Synthetic Generator - Baseline,,Baseline balanced scenario - healthy supply chain
1311,6,Logistics & Vaulting_Entity,USA,2025-06-13,daily_state,ndc_balance,201.3,201.79,200.56,99.52,9.7657,index,simulated,Synthetic Generator - Baseline,,Baseline balanced scenario - healthy supply chain
1312,7,Exchange Registration_Entity,USA,2025-06-13,daily_state,ndc_balance,271.99,292.97,244.61,86.65,0.222,index,simulated,Synthetic Generator - Baseline,,Baseline balanced scenario - healthy supply chain
1313,0,Geological Prospecting_Entity,USA,2025-06-14,daily_state,ndc_balance,217.16,187.31,153.21,75.96,0.111,index,simulated,Synthetic Generator - Baseline,,Baseline balanced scenario - healthy supply chain
1314,1,Mine Extraction_Entity,USA,2025-06-14,daily_state,ndc_balance,272.06,255.37,233.15,88.45,0.3465,index,simulated,Synthetic Generator - Baseline,,Baseline balanced scenario - healthy supply chain
1315,2,Ore Processing_Entity,USA,2025-06-14,daily_state,ndc_balance,264.37,259.18,251.69,96.15,2.7092,index,simulated,Synthetic Generator - Baseline,,Baseline balanced scenario - healthy supply chain
1316,3,Doré Production_Entity,USA,2025-06-14,daily_state,ndc_balance,235.46,236.15,234.44,99.42,9.5502,index,simulated,Synthetic Generator - Baseline,,Baseline balanced scenario - healthy supply chain
1317,4,Refining_Entity,USA,2025-06-14,daily_state,ndc_balance,263.97,258.41,250.41,95.88,2.4453,index,simulated,Synthetic Generator - Baseline,,Baseline balanced scenario - healthy supply chain
1318,5,Bar Casting & Assay_Entity,USA,2025-06-14,daily_state,ndc_balance,276.51,267.1,253.87,93.42,1.014,index,simulated,Synthetic Generator - Baseline,,Baseline balanced scenario - healthy supply chain
1319,6,Logistics & Vaulting_Entity,USA,2025-06-14,daily_state,ndc_balance,193.87,204.75,179.15,89.92,0.7788,index,simulated,Synthetic Generator - Baseline,,Baseline balanced scenario - healthy supply chain
1320,7,Exchange Registration_Entity,USA,2025-06-14,daily_state,ndc_balance,255.52,274.97,230.11,86.81,0.2576,index,simulated,Synthetic Generator - Baseline,,Baseline balanced scenario - healthy supply chain
1321,0,Geological Prospecting_Entity,USA,2025-06-15,daily_state,ndc_balance,238.48,199.15,156.7,71.9,0.0642,index,simulated,Synthetic Generator - Baseline,,Baseline balanced scenario - healthy supply chain
1322,1,Mine Extraction_Entity,USA,2025-06-15,daily_state,ndc_balance,238.63,231.33,221.02,94.07,1.5833,index,simulated,Synthetic Generator - Baseline,,Baseline balanced scenario - healthy supply chain
1323,2,Ore Processing_Entity,USA,2025-06-15,daily_state,ndc_balance,255.0,253.95,252.38,99.18,9.0084,index,simulated,Synthetic Generator - Baseline,,Baseline balanced scenario - healthy supply chain
1324,3,Doré Production_Entity,USA,2025-06-15,daily_state,ndc_balance,225.78,202.77,174.51,81.56,0.1854,index,simulated,Synthetic Generator - Baseline,,Baseline balanced scenario - healthy supply chain
1325,4,Refining_Entity,USA,2025-06-15,daily_state,ndc_balance,261.57,269.31,250.59,94.41,1.4309,index,simulated,Synthetic Generator - Baseline,,Baseline balanced scenario - healthy supply chain
1326,5,Bar Casting & Assay_Entity,USA,2025-06-15,daily_state,ndc_balance,237.72,275.42,194.6,76.05,0.0699,index,simulated,Synthetic Generator - Baseline,,Baseline balanced scenario - healthy supply chain
1327,6,Logistics & Vaulting_Entity,USA,2025-06-15,daily_state,ndc_balance,199.0,206.62,188.36,92.89,1.469,index,simulated,Synthetic Generator - Baseline,,Baseline balanced scenario - healthy supply chain
1328,7,Exchange Registration_Entity,USA,2025-06-15,daily_state,ndc_balance,261.47,283.45,233.13,85.63,0.2028,index,simulated,Synthetic Generator - Baseline,,Baseline balanced scenario - healthy supply chain
1329,0,Geological Prospecting_Entity,USA,2025-06-16,daily_state,ndc_balance,195.33,219.39,166.24,80.3,0.1698,index,simulated,Synthetic Generator - Baseline,,Baseline balanced scenario - healthy supply chain
1330,1,Mine Extraction_Entity,USA,2025-06-16,daily_state,ndc_balance,254.29,253.33,251.9,99.25,9.1546,index,simulated,Synthetic Generator - Baseline,,Baseline balanced scenario - healthy supply chain
1331,2,Ore Processing_Entity,USA,2025-06-16,daily_state,ndc_balance,254.08,252.26,249.56,98.58,7.5133,index,simulated,Synthetic Generator - Baseline,,Baseline balanced scenario - healthy supply chain
1332,3,Doré Production_Entity,USA,2025-06-16,daily_state,ndc_balance,240.67,211.3,176.67,78.34,0.1146,index,simulated,Synthetic Generator - Baseline,,Baseline balanced scenario - healthy supply chain
1333,4,Refining_Entity,USA,2025-06-16,daily_state,ndc_balance,268.66,228.76,184.2,74.3,0.0624,index,simulated,Synthetic Generator - Baseline,,Baseline balanced scenario - healthy supply chain
1334,5,Bar Casting & Assay_Entity,USA,2025-06-16,daily_state,ndc_balance,264.43,226.18,183.12,74.88,0.0679,index,simulated,Synthetic Generator - Baseline,,Baseline balanced scenario - healthy supply chain
1335,6,Logistics & Vaulting_Entity,USA,2025-06-16,daily_state,ndc_balance,199.99,199.63,199.08,99.64,9.8685,index,simulated,Synthetic Generator - Baseline,,Baseline balanced scenario - healthy supply chain
1336,7,Exchange Registration_Entity,USA,2025-06-16,daily_state,ndc_balance,261.26,278.84,237.92,88.15,0.3132,index,simulated,Synthetic Generator - Baseline,,Baseline balanced scenario - healthy supply chain
1337,0,Geological Prospecting_Entity,USA,2025-06-17,daily_state,ndc_balance,216.03,194.0,166.95,81.55,0.2019,index,simulated,Synthetic Generator - Baseline,,Baseline balanced scenario - healthy supply chain
1338,1,Mine Extraction_Entity,USA,2025-06-17,daily_state,ndc_balance,236.99,208.37,174.53,78.54,0.1206,index,simulated,Synthetic Generator - Baseline,,Baseline balanced scenario - healthy supply chain
1339,2,Ore Processing_Entity,USA,2025-06-17,daily_state,ndc_balance,277.36,240.53,198.04,76.67,0.0732,index,simulated,Synthetic Generator - Baseline,,Baseline balanced scenario - healthy supply chain
1340,3,Doré Production_Entity,USA,2025-06-17,daily_state,ndc_balance,233.55,223.95,210.66,92.11,0.9796,index,simulated,Synthetic Generator - Baseline,,Baseline balanced scenario - healthy supply chain
1341,4,Refining_Entity,USA,2025-06-17,daily_state,ndc_balance,272.31,248.26,217.91,83.81,0.17,index,simulated,Synthetic Generator - Baseline,,Baseline balanced scenario - healthy supply chain
1342,5,Bar Casting & Assay_Entity,USA,2025-06-17,daily_state,ndc_balance,247.18,261.87,227.41,89.39,0.4428,index,simulated,Synthetic Generator - Baseline,,Baseline balanced scenario - healthy supply chain
1343,6,Logistics & Vaulting_Entity,USA,2025-06-17,daily_state,ndc_balance,197.15,194.39,190.36,97.24,5.6778,index,simulated,Synthetic Generator - Baseline,,Baseline balanced scenario - healthy supply chain
1344,7,Exchange Registration_Entity,USA,2025-06-17,daily_state,ndc_balance,279.16,241.06,197.44,76.11,0.0684,index,simulated,Synthetic Generator - Baseline,,Baseline balanced scenario - healthy supply chain
1345,0,Geological Prospecting_Entity,USA,2025-06-18,daily_state,ndc_balance,223.92,215.08,202.79,92.41,1.1342,index,simulated,Synthetic Generator - Baseline,,Baseline balanced scenario - healthy supply chain
1346,1,Mine Extraction_Entity,USA,2025-06-18,daily_state,ndc_balance,237.32,239.66,233.87,98.06,6.4558,index,simulated,Synthetic Generator - Baseline,,Baseline balanced scenario - healthy supply chain
1347,2,Ore Processing_Entity,USA,2025-06-18,daily_state,ndc_balance,271.98,266.63,258.91,96.15,2.5927,index,simulated,Synthetic Generator - Baseline,,Baseline balanced scenario - healthy supply chain
1348,3,Doré Production_Entity,USA,2025-06-18,daily_state,ndc_balance,237.58,254.82,214.9,87.34,0.3254,index,simulated,Synthetic Generator - Baseline,,Baseline balanced scenario - healthy supply chain
1349,4,Refining_Entity,USA,2025-06-18,daily_state,ndc_balance,278.8,230.43,179.16,70.69,0.0426,index,simulated,Synthetic Generator - Baseline,,Baseline balanced scenario - healthy supply chain
1350,5,Bar Casting & Assay_Entity,USA,2025-06-18,daily_state,ndc_balance,261.9,272.98,246.54,92.21,0.7537,index,simulated,Synthetic Generator - Baseline,,Baseline balanced scenario - healthy supply chain
1351,6,Logistics & Vaulting_Entity,USA,2025-06-18,daily_state,ndc_balance,198.37,208.69,184.3,90.58,0.8581,index,simulated,Synthetic Generator - Baseline,,Baseline balanced scenario - healthy supply chain
1352,7,Exchange Registration_Entity,USA,2025-06-18,daily_state,ndc_balance,302.75,287.48,266.71,90.4,0.4112,index,simulated,Synthetic Generator - Baseline,,Baseline balanced scenario - healthy supply chain
1353,0,Geological Prospecting_Entity,USA,2025-06-19,daily_state,ndc_balance,216.79,223.25,207.63,94.38,1.9324,index,simulated,Synthetic Generator - Baseline,,Baseline balanced scenario - healthy supply chain
1354,1,Mine Extraction_Entity,USA,2025-06-19,daily_state,ndc_balance,255.23,244.87,230.51,92.21,0.8532,index,simulated,Synthetic Generator - Baseline,,Baseline balanced scenario - healthy supply chain
1355,2,Ore Processing_Entity,USA,2025-06-19,daily_state,ndc_balance,267.78,297.58,231.05,81.85,0.1113,index,simulated,Synthetic Generator - Baseline,,Baseline balanced scenario - healthy supply chain
1356,3,Doré Production_Entity,USA,2025-06-19,daily_state,ndc_balance,220.78,257.03,179.67,75.42,0.0755,index,simulated,Synthetic Generator - Baseline,,Baseline balanced scenario - healthy supply chain
1357,4,Refining_Entity,USA,2025-06-19,daily_state,ndc_balance,270.55,229.26,183.53,73.69,0.0583,index,simulated,Synthetic Generator - Baseline,,Baseline balanced scenario - healthy supply chain
1358,5,Bar Casting & Assay_Entity,USA,2025-06-19,daily_state,ndc_balance,258.57,211.64,162.72,69.56,0.0452,index,simulated,Synthetic Generator - Baseline,,Baseline balanced scenario - healthy supply chain
1359,6,Logistics & Vaulting_Entity,USA,2025-06-19,daily_state,ndc_balance,202.44,205.38,198.14,97.18,5.3623,index,simulated,Synthetic Generator - Baseline,,Baseline balanced scenario - healthy supply chain
1360,7,Exchange Registration_Entity,USA,2025-06-19,daily_state,ndc_balance,264.17,271.67,253.5,94.63,1.5099,index,simulated,Synthetic Generator - Baseline,,Baseline balanced scenario - healthy supply chain
1361,0,Geological Prospecting_Entity,USA,2025-06-20,daily_state,ndc_balance,242.88,195.75,147.91,67.84,0.0448,index,simulated,Synthetic Generator - Baseline,,Baseline balanced scenario - healthy supply chain
1362,1,Mine Extraction_Entity,USA,2025-06-20,daily_state,ndc_balance,237.69,271.53,198.0,77.94,0.0866,index,simulated,Synthetic Generator - Baseline,,Baseline balanced scenario - healthy supply chain
1363,2,Ore Processing_Entity,USA,2025-06-20,daily_state,ndc_balance,303.01,269.92,229.88,80.38,0.0905,index,simulated,Synthetic Generator - Baseline,,Baseline balanced scenario - healthy supply chain
1364,3,Doré Production_Entity,USA,2025-06-20,daily_state,ndc_balance,248.74,254.0,241.16,95.94,2.6547,index,simulated,Synthetic Generator - Baseline,,Baseline balanced scenario - healthy supply chain
1365,4,Refining_Entity,USA,2025-06-20,daily_state,ndc_balance,252.43,246.12,237.1,95.12,2.006,index,simulated,Synthetic Generator - Baseline,,Baseline balanced scenario - healthy supply chain
1366,5,Bar Casting & Assay_Entity,USA,2025-06-20,daily_state,ndc_balance,272.04,280.19,260.47,94.35,1.3078,index,simulated,Synthetic Generator - Baseline,,Baseline balanced scenario - healthy supply chain
1367,6,Logistics & Vaulting_Entity,USA,2025-06-20,daily_state,ndc_balance,202.02,174.02,142.11,75.79,0.126,index,simulated,Synthetic Generator - Baseline,,Baseline balanced scenario - healthy supply chain
1368,7,Exchange Registration_Entity,USA,2025-06-20,daily_state,ndc_balance,303.38,260.3,211.54,75.28,0.0536,index,simulated,Synthetic Generator - Baseline,,Baseline balanced scenario - healthy supply chain
1369,0,Geological Prospecting_Entity,USA,2025-06-21,daily_state,ndc_balance,209.1,211.46,205.62,97.79,6.4136,index,simulated,Synthetic Generator - Baseline,,Baseline balanced scenario - healthy supply chain
1370,1,Mine Extraction_Entity,USA,2025-06-21,daily_state,ndc_balance,277.43,260.67,238.31,88.62,0.3436,index,simulated,Synthetic Generator - Baseline,,Baseline balanced scenario - healthy supply chain
1371,2,Ore Processing_Entity,USA,2025-06-21,daily_state,ndc_balance,280.35,278.64,276.1,98.79,7.7411,index,simulated,Synthetic Generator - Baseline,,Baseline balanced scenario - healthy supply chain
1372,3,Doré Production_Entity,USA,2025-06-21,daily_state,ndc_balance,234.77,240.34,226.79,95.47,2.438,index,simulated,Synthetic Generator - Baseline,,Baseline balanced scenario - healthy supply chain
1373,4,Refining_Entity,USA,2025-06-21,daily_state,ndc_balance,226.18,249.96,196.57,82.67,0.1738,index,simulated,Synthetic Generator - Baseline,,Baseline balanced scenario - healthy supply chain
1374,5,Bar Casting & Assay_Entity,USA,2025-06-21,daily_state,ndc_balance,257.74,229.58,195.5,80.37,0.1245,index,simulated,Synthetic Generator - Baseline,,Baseline balanced scenario - healthy supply chain
1375,6,Logistics & Vaulting_Entity,USA,2025-06-21,daily_state,ndc_balance,199.92,186.62,169.09,87.54,0.5351,index,simulated,Synthetic Generator - Baseline,,Baseline balanced scenario - healthy supply chain
1376,7,Exchange Registration_Entity,USA,2025-06-21,daily_state,ndc_balance,300.45,298.61,295.88,98.78,7.4662,index,simulated,Synthetic Generator - Baseline,,Baseline balanced scenario - healthy supply chain
1377,0,Geological Prospecting_Entity,USA,2025-06-22,daily_state,ndc_balance,207.71,203.05,196.34,95.6,3.1455,index,simulated,Synthetic Generator - Baseline,,Baseline balanced scenario - healthy supply chain
1378,1,Mine Extraction_Entity,USA,2025-06-22,daily_state,ndc_balance,253.59,237.63,216.45,88.17,0.3777,index,simulated,Synthetic Generator - Baseline,,Baseline balanced scenario - healthy supply chain
1379,2,Ore Processing_Entity,USA,2025-06-22,daily_state,ndc_balance,277.63,257.11,230.47,86.26,0.2321,index,simulated,Synthetic Generator - Baseline,,Baseline balanced scenario - healthy supply chain
1380,3,Doré Production_Entity,USA,2025-06-22,daily_state,ndc_balance,217.74,241.97,187.88,81.85,0.1675,index,simulated,Synthetic Generator - Baseline,,Baseline balanced scenario - healthy supply chain
1381,4,Refining_Entity,USA,2025-06-22,daily_state,ndc_balance,274.14,241.28,202.37,78.68,0.0918,index,simulated,Synthetic Generator - Baseline,,Baseline balanced scenario - healthy supply chain
1382,5,Bar Casting & Assay_Entity,USA,2025-06-22,daily_state,ndc_balance,268.13,239.39,204.47,80.71,0.1196,index,simulated,Synthetic Generator - Baseline,,Baseline balanced scenario - healthy supply chain
1383,6,Logistics & Vaulting_Entity,USA,2025-06-22,daily_state,ndc_balance,198.5,205.53,188.63,93.39,1.6835,index,simulated,Synthetic Generator - Baseline,,Baseline balanced scenario - healthy supply chain
1384,7,Exchange Registration_Entity,USA,2025-06-22,daily_state,ndc_balance,274.2,278.95,267.3,96.65,3.0716,index,simulated,Synthetic Generator - Baseline,,Baseline balanced scenario - healthy supply chain
1385,0,Geological Prospecting_Entity,USA,2025-06-23,daily_state,ndc_balance,207.56,202.71,195.75,95.43,2.9822,index,simulated,Synthetic Generator - Baseline,,Baseline balanced scenario - healthy supply chain
1386,1,Mine Extraction_Entity,USA,2025-06-23,daily_state,ndc_balance,252.22,232.81,207.75,85.73,0.2585,index,simulated,Synthetic Generator - Baseline,,Baseline balanced scenario - healthy supply chain
1387,2,Ore Processing_Entity,USA,2025-06-23,daily_state,ndc_balance,272.65,243.37,207.8,80.67,0.1153,index,simulated,Synthetic Generator - Baseline,,Baseline balanced scenario - healthy supply chain
1388,3,Doré Production_Entity,USA,2025-06-23,daily_state,ndc_balance,227.94,226.12,223.43,98.41,7.5087,index,simulated,Synthetic Generator - Baseline,,Baseline balanced scenario - healthy supply chain
1389,4,Refining_Entity,USA,2025-06-23,daily_state,ndc_balance,261.46,251.9,238.53,92.94,0.9853,index,simulated,Synthetic Generator - Baseline,,Baseline balanced scenario - healthy supply chain
1390,5,Bar Casting & Assay_Entity,USA,2025-06-23,daily_state,ndc_balance,254.38,259.87,246.46,95.86,2.4876,index,simulated,Synthetic Generator - Baseline,,Baseline balanced scenario - healthy supply chain
1391,6,Logistics & Vaulting_Entity,USA,2025-06-23,daily_state,ndc_balance,208.42,179.55,146.63,75.8,0.1185,index,simulated,Synthetic Generator - Baseline,,Baseline balanced scenario - healthy supply chain
1392,7,Exchange Registration_Entity,USA,2025-06-23,daily_state,ndc_balance,257.26,252.49,245.58,96.36,3.0533,index,simulated,Synthetic Generator - Baseline,,Baseline balanced scenario - healthy supply chain
1393,0,Geological Prospecting_Entity,USA,2025-06-24,daily_state,ndc_balance,208.62,200.41,188.99,92.43,1.2911,index,simulated,Synthetic Generator - Baseline,,Baseline balanced scenario - healthy supply chain
1394,1,Mine Extraction_Entity,USA,2025-06-24,daily_state,ndc_balance,244.38,223.42,196.82,84.23,0.2224,index,simulated,Synthetic Generator - Baseline,,Baseline balanced scenario - healthy supply chain
1395,2,Ore Processing_Entity,USA,2025-06-24,daily_state,ndc_balance,269.09,275.01,260.57,95.79,2.2194,index,simulated,Synthetic Generator - Baseline,,Baseline balanced scenario - healthy supply chain
1396,3,Doré Production_Entity,USA,2025-06-24,daily_state,ndc_balance,244.86,221.71,192.86,82.77,0.1832,index,simulated,Synthetic Generator - Baseline,,Baseline balanced scenario - healthy supply chain
1397,4,Refining_Entity,USA,2025-06-24,daily_state,ndc_balance,259.74,240.07,214.61,85.94,0.2519,index,simulated,Synthetic Generator - Baseline,,Baseline balanced scenario - healthy supply chain
1398,5,Bar Casting & Assay_Entity,USA,2025-06-24,daily_state,ndc_balance,255.46,236.47,211.84,86.19,0.2699,index,simulated,Synthetic Generator - Baseline,,Baseline balanced scenario - healthy supply chain
1399,6,Logistics & Vaulting_Entity,USA,2025-06-24,daily_state,ndc_balance,204.53,159.6,116.44,64.45,0.0493,index,simulated,Synthetic Generator - Baseline,,Baseline balanced scenario - healthy supply chain
1400,7,Exchange Registration_Entity,USA,2025-06-24,daily_state,ndc_balance,270.54,277.17,261.04,95.33,1.8543,index,simulated,Synthetic Generator - Baseline,,Baseline balanced scenario - healthy supply chain
1401,0,Geological Prospecting_Entity,USA,2025-06-25,daily_state,ndc_balance,219.34,255.74,178.16,75.23,0.0749,index,simulated,Synthetic Generator - Baseline,,Baseline balanced scenario - healthy supply chain
1402,1,Mine Extraction_Entity,USA,2025-06-25,daily_state,ndc_balance,261.83,229.19,190.91,77.94,0.093,index,simulated,Synthetic Generator - Baseline,,Baseline balanced scenario - healthy supply chain
1403,2,Ore Processing_Entity,USA,2025-06-25,daily_state,ndc_balance,275.15,240.29,199.58,77.62,0.0816,index,simulated,Synthetic Generator - Baseline,,Baseline balanced scenario - healthy supply chain
1404,3,Doré Production_Entity,USA,2025-06-25,daily_state,ndc_balance,235.37,217.27,193.9,85.74,0.2961,index,simulated,Synthetic Generator - Baseline,,Baseline balanced scenario - healthy supply chain
1405,4,Refining_Entity,USA,2025-06-25,daily_state,ndc_balance,280.31,247.37,208.18,79.06,0.0913,index,simulated,Synthetic Generator - Baseline,,Baseline balanced scenario - healthy supply chain
1406,5,Bar Casting & Assay_Entity,USA,2025-06-25,daily_state,ndc_balance,254.83,240.82,221.94,89.59,0.4851,index,simulated,Synthetic Generator - Baseline,,Baseline balanced scenario - healthy supply chain
1407,6,Logistics & Vaulting_Entity,USA,2025-06-25,daily_state,ndc_balance,222.66,186.48,147.23,72.25,0.0758,index,simulated,Synthetic Generator - Baseline,,Baseline balanced scenario - healthy supply chain
1408,7,Exchange Registration_Entity,USA,2025-06-25,daily_state,ndc_balance,304.07,286.92,263.86,89.33,0.3288,index,simulated,Synthetic Generator - Baseline,,Baseline balanced scenario - healthy supply chain
1409,0,Geological Prospecting_Entity,USA,2025-06-26,daily_state,ndc_balance,224.47,214.43,200.62,91.44,0.9021,index,simulated,Synthetic Generator - Baseline,,Baseline balanced scenario - healthy supply chain
1410,1,Mine Extraction_Entity,USA,2025-06-26,daily_state,ndc_balance,263.15,213.1,161.87,68.36,0.0398,index,simulated,Synthetic Generator - Baseline,,Baseline balanced scenario - healthy supply chain
1411,2,Ore Processing_Entity,USA,2025-06-26,daily_state,ndc_balance,273.06,288.01,252.79,90.14,0.4284,index,simulated,Synthetic Generator - Baseline,,Baseline balanced scenario - healthy supply chain
1412,3,Doré Production_Entity,USA,2025-06-26,daily_state,ndc_balance,236.51,207.5,173.34,78.25,0.1174,index,simulated,Synthetic Generator - Baseline,,Baseline balanced scenario - healthy supply chain
1413,4,Refining_Entity,USA,2025-06-26,daily_state,ndc_balance,266.46,288.47,238.01,85.85,0.2022,index,simulated,Synthetic Generator - Baseline,,Baseline balanced scenario - healthy supply chain
1414,5,Bar Casting & Assay_Entity,USA,2025-06-26,daily_state,ndc_balance,275.95,251.68,221.03,83.87,0.167,index,simulated,Synthetic Generator - Baseline,,Baseline balanced scenario - healthy supply chain
1415,6,Logistics & Vaulting_Entity,USA,2025-06-26,daily_state,ndc_balance,211.52,186.2,156.2,78.71,0.1536,index,simulated,Synthetic Generator - Baseline,,Baseline balanced scenario - healthy supply chain
1416,7,Exchange Registration_Entity,USA,2025-06-26,daily_state,ndc_balance,251.69,256.15,245.2,96.57,3.3365,index,simulated,Synthetic Generator - Baseline,,Baseline balanced scenario - healthy supply chain
1417,0,Geological Prospecting_Entity,USA,2025-06-27,daily_state,ndc_balance,241.36,203.4,161.78,73.01,0.0689,index,simulated,Synthetic Generator - Baseline,,Baseline balanced scenario - healthy supply chain
1418,1,Mine Extraction_Entity,USA,2025-06-27,daily_state,ndc_balance,254.27,242.94,227.35,91.47,0.7226,index,simulated,Synthetic Generator - Baseline,,Baseline balanced scenario - healthy supply chain
1419,2,Ore Processing_Entity,USA,2025-06-27,daily_state,ndc_balance,306.48,302.6,296.93,97.5,3.9926,index,simulated,Synthetic Generator - Baseline,,Baseline balanced scenario - healthy supply chain
1420,3,Doré Production_Entity,USA,2025-06-27,daily_state,ndc_balance,271.2,230.47,185.15,74.06,0.0599,index,simulated,Synthetic Generator - Baseline,,Baseline balanced scenario - healthy supply chain
1421,4,Refining_Entity,USA,2025-06-27,daily_state,ndc_balance,272.36,231.04,185.2,73.83,0.0582,index,simulated,Synthetic Generator - Baseline,,Baseline balanced scenario - healthy supply chain
1422,5,Bar Casting & Assay_Entity,USA,2025-06-27,daily_state,ndc_balance,280.07,232.32,181.37,71.1,0.0437,index,simulated,Synthetic Generator - Baseline,,Baseline balanced scenario - healthy supply chain
1423,6,Logistics & Vaulting_Entity,USA,2025-06-27,daily_state,ndc_balance,201.17,173.59,142.05,76.01,0.1297,index,simulated,Synthetic Generator - Baseline,,Baseline balanced scenario - healthy supply chain
1424,7,Exchange Registration_Entity,USA,2025-06-27,daily_state,ndc_balance,269.09,258.27,243.25,92.27,0.7867,index,simulated,Synthetic Generator - Baseline,,Baseline balanced scenario - healthy supply chain
1425,0,Geological Prospecting_Entity,USA,2025-06-28,daily_state,ndc_balance,209.49,199.18,185.13,90.63,0.8602,index,simulated,Synthetic Generator - Baseline,,Baseline balanced scenario - healthy supply chain
1426,1,Mine Extraction_Entity,USA,2025-06-28,daily_state,ndc_balance,250.38,263.89,232.04,90.27,0.52,index,simulated,Synthetic Generator - Baseline,,Baseline balanced scenario - healthy supply chain
1427,2,Ore Processing_Entity,USA,2025-06-28,daily_state,ndc_balance,262.04,277.86,240.79,89.24,0.3842,index,simulated,Synthetic Generator - Baseline,,Baseline balanced scenario - healthy supply chain
1428,3,Doré Production_Entity,USA,2025-06-28,daily_state,ndc_balance,256.88,224.65,186.91,77.81,0.0954,index,simulated,Synthetic Generator - Baseline,,Baseline balanced scenario - healthy supply chain
1429,4,Refining_Entity,USA,2025-06-28,daily_state,ndc_balance,257.84,254.74,250.19,97.62,5.0957,index,simulated,Synthetic Generator - Baseline,,Baseline balanced scenario - healthy supply chain
1430,5,Bar Casting & Assay_Entity,USA,2025-06-28,daily_state,ndc_balance,276.3,257.38,232.54,87.2,0.2717,index,simulated,Synthetic Generator - Baseline,,Baseline balanced scenario - healthy supply chain
1431,6,Logistics & Vaulting_Entity,USA,2025-06-28,daily_state,ndc_balance,190.64,202.6,174.65,88.87,0.6538,index,simulated,Synthetic Generator - Baseline,,Baseline balanced scenario - healthy supply chain
1432,7,Exchange Registration_Entity,USA,2025-06-28,daily_state,ndc_balance,262.07,286.15,231.43,84.51,0.1696,index,simulated,Synthetic Generator - Baseline,,Baseline balanced scenario - healthy supply chain
1433,0,Geological Prospecting_Entity,USA,2025-06-29,daily_state,ndc_balance,225.43,203.9,177.12,82.61,0.2112,index,simulated,Synthetic Generator - Baseline,,Baseline balanced scenario - healthy supply chain
1434,1,Mine Extraction_Entity,USA,2025-06-29,daily_state,ndc_balance,246.72,233.48,215.58,89.82,0.5395,index,simulated,Synthetic Generator - Baseline,,Baseline balanced scenario - healthy supply chain
1435,2,Ore Processing_Entity,USA,2025-06-29,daily_state,ndc_balance,287.32,296.56,274.27,93.96,1.0487,index,simulated,Synthetic Generator - Baseline,,Baseline balanced scenario - healthy supply chain
1436,3,Doré Production_Entity,USA,2025-06-29,daily_state,ndc_balance,229.74,242.69,212.23,89.88,0.5627,index,simulated,Synthetic Generator - Baseline,,Baseline balanced scenario - healthy supply chain
1437,4,Refining_Entity,USA,2025-06-29,daily_state,ndc_balance,238.0,248.92,222.95,91.6,0.7735,index,simulated,Synthetic Generator - Baseline,,Baseline balanced scenario - healthy supply chain
1438,5,Bar Casting & Assay_Entity,USA,2025-06-29,daily_state,ndc_balance,258.84,238.07,211.43,85.17,0.2266,index,simulated,Synthetic Generator - Baseline,,Baseline balanced scenario - healthy supply chain
1439,6,Logistics & Vaulting_Entity,USA,2025-06-29,daily_state,ndc_balance,185.25,182.42,178.3,96.99,5.5477,index,simulated,Synthetic Generator - Baseline,,Baseline balanced scenario - healthy supply chain
1440,7,Exchange Registration_Entity,USA,2025-06-29,daily_state,ndc_balance,283.69,271.07,253.71,91.49,0.5912,index,simulated,Synthetic Generator - Baseline,,Baseline balanced scenario - healthy supply chain
1441,0,Geological Prospecting_Entity,USA,2025-06-30,daily_state,ndc_balance,186.43,171.83,153.03,85.5,0.4482,index,simulated,Synthetic Generator - Baseline,,Baseline balanced scenario - healthy supply chain
1442,1,Mine Extraction_Entity,USA,2025-06-30,daily_state,ndc_balance,250.9,258.24,240.47,94.47,1.5651,index,simulated,Synthetic Generator - Baseline,,Baseline balanced scenario - healthy supply chain
1443,2,Ore Processing_Entity,USA,2025-06-30,daily_state,ndc_balance,238.79,266.0,205.39,81.49,0.1332,index,simulated,Synthetic Generator - Baseline,,Baseline balanced scenario - healthy supply chain
1444,3,Doré Production_Entity,USA,2025-06-30,daily_state,ndc_balance,232.11,259.99,198.23,80.69,0.127,index,simulated,Synthetic Generator - Baseline,,Baseline balanced scenario - healthy supply chain
1445,4,Refining_Entity,USA,2025-06-30,daily_state,ndc_balance,264.22,266.89,260.3,98.02,5.8397,index,simulated,Synthetic Generator - Baseline,,Baseline balanced scenario - healthy supply chain
1446,5,Bar Casting & Assay_Entity,USA,2025-06-30,daily_state,ndc_balance,262.12,216.65,168.44,70.69,0.0481,index,simulated,Synthetic Generator - Baseline,,Baseline balanced scenario - healthy supply chain
1447,6,Logistics & Vaulting_Entity,USA,2025-06-30,daily_state,ndc_balance,211.52,198.88,181.99,88.73,0.5885,index,simulated,Synthetic Generator - Baseline,,Baseline balanced scenario - healthy supply chain
1448,7,Exchange Registration_Entity,USA,2025-06-30,daily_state,ndc_balance,287.62,345.67,225.36,71.47,0.0296,index,simulated,Synthetic Generator - Baseline,,Baseline balanced scenario - healthy supply chain
1449,0,Geological Prospecting_Entity,USA,2025-07-01,daily_state,ndc_balance,189.44,241.6,138.91,64.93,0.0366,index,simulated,Synthetic Generator - Baseline,,Baseline balanced scenario - healthy supply chain
1450,1,Mine Extraction_Entity,USA,2025-07-01,daily_state,ndc_balance,256.39,255.73,254.75,99.49,9.5876,index,simulated,Synthetic Generator - Baseline,,Baseline balanced scenario - healthy supply chain
1451,2,Ore Processing_Entity,USA,2025-07-01,daily_state,ndc_balance,280.01,267.92,251.24,91.73,0.64,index,simulated,Synthetic Generator - Baseline,,Baseline balanced scenario - healthy supply chain
1452,3,Doré Production_Entity,USA,2025-07-01,daily_state,ndc_balance,232.15,241.49,219.15,92.56,1.0286,index,simulated,Synthetic Generator - Baseline,,Baseline balanced scenario - healthy supply chain
1453,4,Refining_Entity,USA,2025-07-01,daily_state,ndc_balance,247.94,274.07,215.42,82.64,0.1444,index,simulated,Synthetic Generator - Baseline,,Baseline balanced scenario - healthy supply chain
1454,5,Bar Casting & Assay_Entity,USA,2025-07-01,daily_state,ndc_balance,254.45,235.22,210.32,85.97,0.2631,index,simulated,Synthetic Generator - Baseline,,Baseline balanced scenario - healthy supply chain
1455,6,Logistics & Vaulting_Entity,USA,2025-07-01,daily_state,ndc_balance,193.95,218.19,164.73,80.08,0.1674,index,simulated,Synthetic Generator - Baseline,,Baseline balanced scenario - healthy supply chain
1456,7,Exchange Registration_Entity,USA,2025-07-01,daily_state,ndc_balance,272.67,282.01,259.52,93.59,1.0279,index,simulated,Synthetic Generator - Baseline,,Baseline balanced scenario - healthy supply chain
1457,0,Geological Prospecting_Entity,USA,2025-07-02,daily_state,ndc_balance,210.43,224.76,191.44,88.03,0.4644,index,simulated,Synthetic Generator - Baseline,,Baseline balanced scenario - healthy supply chain
1458,1,Mine Extraction_Entity,USA,2025-07-02,daily_state,ndc_balance,271.67,284.39,254.18,91.45,0.5826,index,simulated,Synthetic Generator - Baseline,,Baseline balanced scenario - healthy supply chain
1459,2,Ore Processing_Entity,USA,2025-07-02,daily_state,ndc_balance,278.76,288.15,265.53,93.69,1.0184,index,simulated,Synthetic Generator - Baseline,,Baseline balanced scenario - healthy supply chain
1460,3,Doré Production_Entity,USA,2025-07-02,daily_state,ndc_balance,242.86,259.44,220.9,88.0,0.3512,index,simulated,Synthetic Generator - Baseline,,Baseline balanced scenario - healthy supply chain
1461,4,Refining_Entity,USA,2025-07-02,daily_state,ndc_balance,260.61,274.52,241.69,90.36,0.4911,index,simulated,Synthetic Generator - Baseline,,Baseline balanced scenario - healthy supply chain
1462,5,Bar Casting & Assay_Entity,USA,2025-07-02,daily_state,ndc_balance,258.47,254.96,249.82,97.32,4.4757,index,simulated,Synthetic Generator - Baseline,,Baseline balanced scenario - healthy supply chain
1463,6,Logistics & Vaulting_Entity,USA,2025-07-02,daily_state,ndc_balance,202.77,200.65,197.55,97.94,6.9107,index,simulated,Synthetic Generator - Baseline,,Baseline balanced scenario - healthy supply chain
1464,7,Exchange Registration_Entity,USA,2025-07-02,daily_state,ndc_balance,279.65,279.98,279.15,99.76,9.8923,index,simulated,Synthetic Generator - Baseline,,Baseline balanced scenario - healthy supply chain
1465,0,Geological Prospecting_Entity,USA,2025-07-03,daily_state,ndc_balance,245.75,229.4,207.85,87.54,0.3606,index,simulated,Synthetic Generator - Baseline,,Baseline balanced scenario - healthy supply chain
1466,1,Mine Extraction_Entity,USA,2025-07-03,daily_state,ndc_balance,275.12,243.46,205.61,79.45,0.0988,index,simulated,Synthetic Generator - Baseline,,Baseline balanced scenario - healthy supply chain
1467,2,Ore Processing_Entity,USA,2025-07-03,daily_state,ndc_balance,268.74,293.86,236.86,84.29,0.156,index,simulated,Synthetic Generator - Baseline,,Baseline balanced scenario - healthy supply chain
1468,3,Doré Production_Entity,USA,2025-07-03,daily_state,ndc_balance,255.22,263.17,243.97,94.14,1.3656,index,simulated,Synthetic Generator - Baseline,,Baseline balanced scenario - healthy supply chain
1469,4,Refining_Entity,USA,2025-07-03,daily_state,ndc_balance,263.02,257.53,249.62,95.91,2.4926,index,simulated,Synthetic Generator - Baseline,,Baseline balanced scenario - healthy supply chain
1470,5,Bar Casting & Assay_Entity,USA,2025-07-03,daily_state,ndc_balance,237.49,249.6,220.95,90.75,0.6382,index,simulated,Synthetic Generator - Baseline,,Baseline balanced scenario - healthy supply chain
1471,6,Logistics & Vaulting_Entity,USA,2025-07-03,daily_state,ndc_balance,217.03,188.27,155.07,76.72,0.1194,index,simulated,Synthetic Generator - Baseline,,Baseline balanced scenario - healthy supply chain
1472,7,Exchange Registration_Entity,USA,2025-07-03,daily_state,ndc_balance,291.69,273.23,248.76,88.12,0.2853,index,simulated,Synthetic Generator - Baseline,,Baseline balanced scenario - healthy supply chain
1473,0,Geological Prospecting_Entity,USA,2025-07-04,daily_state,ndc_balance,227.62,191.55,152.09,72.84,0.0763,index,simulated,Synthetic Generator - Baseline,,Baseline balanced scenario - healthy supply chain
1474,1,Mine Extraction_Entity,USA,2025-07-04,daily_state,ndc_balance,264.03,198.36,139.16,60.81,0.0231,index,simulated,Synthetic Generator - Baseline,,Baseline balanced scenario - healthy supply chain
1475,2,Ore Processing_Entity,USA,2025-07-04,daily_state,ndc_balance,279.95,247.86,209.44,79.51,0.0961,index,simulated,Synthetic Generator - Baseline,,Baseline balanced scenario - healthy supply chain
1476,3,Doré Production_Entity,USA,2025-07-04,daily_state,ndc_balance,260.85,251.2,237.72,92.87,0.9701,index,simulated,Synthetic Generator - Baseline,,Baseline balanced scenario - healthy supply chain
1477,4,Refining_Entity,USA,2025-07-04,daily_state,ndc_balance,279.76,289.58,265.95,93.44,0.9384,index,simulated,Synthetic Generator - Baseline,,Baseline balanced scenario - healthy supply chain
1478,5,Bar Casting & Assay_Entity,USA,2025-07-04,daily_state,ndc_balance,248.52,288.66,202.82,75.72,0.0617,index,simulated,Synthetic Generator - Baseline,,Baseline balanced scenario - healthy supply chain
1479,6,Logistics & Vaulting_Entity,USA,2025-07-04,daily_state,ndc_balance,216.74,192.95,164.19,80.29,0.1736,index,simulated,Synthetic Generator - Baseline,,Baseline balanced scenario - healthy supply chain
1480,7,Exchange Registration_Entity,USA,2025-07-04,daily_state,ndc_balance,299.79,257.29,209.17,75.31,0.0551,index,simulated,Synthetic Generator - Baseline,,Baseline balanced scenario - healthy supply chain
1481,0,Geological Prospecting_Entity,USA,2025-07-05,daily_state,ndc_balance,211.05,201.78,189.01,91.59,1.0422,index,simulated,Synthetic Generator - Baseline,,Baseline balanced scenario - healthy supply chain
1482,1,Mine Extraction_Entity,USA,2025-07-05,daily_state,ndc_balance,255.49,233.72,206.08,84.33,0.2067,index,simulated,Synthetic Generator - Baseline,,Baseline balanced scenario - healthy supply chain
1483,2,Ore Processing_Entity,USA,2025-07-05,daily_state,ndc_balance,301.77,273.08,237.36,82.68,0.12,index,simulated,Synthetic Generator - Baseline,,Baseline balanced scenario - healthy supply chain
1484,3,Doré Production_Entity,USA,2025-07-05,daily_state,ndc_balance,248.71,227.47,200.51,84.3,0.2169,index,simulated,Synthetic Generator - Baseline,,Baseline balanced scenario - healthy supply chain
1485,4,Refining_Entity,USA,2025-07-05,daily_state,ndc_balance,246.11,267.6,218.56,85.16,0.212,index,simulated,Synthetic Generator - Baseline,,Baseline balanced scenario - healthy supply chain
1486,5,Bar Casting & Assay_Entity,USA,2025-07-05,daily_state,ndc_balance,234.74,256.5,207.08,84.39,0.2067,index,simulated,Synthetic Generator - Baseline,,Baseline balanced scenario - healthy supply chain
1487,6,Logistics & Vaulting_Entity,USA,2025-07-05,daily_state,ndc_balance,182.9,233.51,133.96,64.82,0.0389,index,simulated,Synthetic Generator - Baseline,,Baseline balanced scenario - healthy supply chain
1488,7,Exchange Registration_Entity,USA,2025-07-05,daily_state,ndc_balance,297.09,279.64,256.29,88.92,0.3179,index,simulated,Synthetic Generator - Baseline,,Baseline balanced scenario - healthy supply chain
1489,0,Geological Prospecting_Entity,USA,2025-07-06,daily_state,ndc_balance,243.02,198.02,151.47,69.05,0.0491,index,simulated,Synthetic Generator - Baseline,,Baseline balanced scenario - healthy supply chain
1490,1,Mine Extraction_Entity,USA,2025-07-06,daily_state,ndc_balance,272.22,256.85,236.19,89.32,0.4062,index,simulated,Synthetic Generator - Baseline,,Baseline balanced scenario - healthy supply chain
1491,2,Ore Processing_Entity,USA,2025-07-06,daily_state,ndc_balance,288.03,301.16,269.93,91.65,0.5484,index,simulated,Synthetic Generator - Baseline,,Baseline balanced scenario - healthy supply chain
1492,3,Doré Production_Entity,USA,2025-07-06,daily_state,ndc_balance,255.05,243.45,227.51,91.3,0.6913,index,simulated,Synthetic Generator - Baseline,,Baseline balanced scenario - healthy supply chain
1493,4,Refining_Entity,USA,2025-07-06,daily_state,ndc_balance,249.24,245.97,241.19,97.41,4.8311,index,simulated,Synthetic Generator - Baseline,,Baseline balanced scenario - healthy supply chain
1494,5,Bar Casting & Assay_Entity,USA,2025-07-06,daily_state,ndc_balance,262.23,259.93,256.55,98.27,6.5557,index,simulated,Synthetic Generator - Baseline,,Baseline balanced scenario - healthy supply chain
1495,6,Logistics & Vaulting_Entity,USA,2025-07-06,daily_state,ndc_balance,187.11,241.66,135.39,63.67,0.0335,index,simulated,Synthetic Generator - Baseline,,Baseline balanced scenario - healthy supply chain
1496,7,Exchange Registration_Entity,USA,2025-07-06,daily_state,ndc_balance,306.81,289.09,265.33,89.09,0.3086,index,simulated,Synthetic Generator - Baseline,,Baseline balanced scenario - healthy supply chain
1497,0,Geological Prospecting_Entity,USA,2025-07-07,daily_state,ndc_balance,225.78,209.94,189.21,86.91,0.3833,index,simulated,Synthetic Generator - Baseline,,Baseline balanced scenario - healthy supply chain
1498,1,Mine Extraction_Entity,USA,2025-07-07,daily_state,ndc_balance,250.42,255.15,243.56,96.36,3.085,index,simulated,Synthetic Generator - Baseline,,Baseline balanced scenario - healthy supply chain
1499,2,Ore Processing_Entity,USA,2025-07-07,daily_state,ndc_balance,288.56,256.4,217.66,80.02,0.0958,index,simulated,Synthetic Generator - Baseline,,Baseline balanced scenario - healthy supply chain
1500,3,Doré Production_Entity,USA,2025-07-07,daily_state,ndc_balance,249.71,235.96,217.43,89.57,0.5026,index,simulated,Synthetic Generator - Baseline,,Baseline balanced scenario - healthy supply chain
1501,4,Refining_Entity,USA,2025-07-07,daily_state,ndc_balance,246.08,248.27,242.85,98.25,6.7561,index,simulated,Synthetic Generator - Baseline,,Baseline balanced scenario - healthy supply chain
1502,5,Bar Casting & Assay_Entity,USA,2025-07-07,daily_state,ndc_balance,258.49,292.73,217.7,79.14,0.0846,index,simulated,Synthetic Generator - Baseline,,Baseline balanced scenario - healthy supply chain
1503,6,Logistics & Vaulting_Entity,USA,2025-07-07,daily_state,ndc_balance,213.04,174.72,134.63,69.78,0.0676,index,simulated,Synthetic Generator - Baseline,,Baseline balanced scenario - healthy supply chain
1504,7,Exchange Registration_Entity,USA,2025-07-07,daily_state,ndc_balance,291.99,250.9,204.28,75.47,0.0589,index,simulated,Synthetic Generator - Baseline,,Baseline balanced scenario - healthy supply chain
1505,0,Geological Prospecting_Entity,USA,2025-07-08,daily_state,ndc_balance,241.54,205.76,165.77,74.36,0.0775,index,simulated,Synthetic Generator - Baseline,,Baseline balanced scenario - healthy supply chain
1506,1,Mine Extraction_Entity,USA,2025-07-08,daily_state,ndc_balance,263.89,278.1,244.59,90.29,0.4719,index,simulated,Synthetic Generator - Baseline,,Baseline balanced scenario - healthy supply chain
1507,2,Ore Processing_Entity,USA,2025-07-08,daily_state,ndc_balance,265.99,254.09,237.72,91.44,0.6595,index,simulated,Synthetic Generator - Baseline,,Baseline balanced scenario - healthy supply chain
1508,3,Doré Production_Entity,USA,2025-07-08,daily_state,ndc_balance,236.55,257.93,209.26,84.72,0.214,index,simulated,Synthetic Generator - Baseline,,Baseline balanced scenario - healthy supply chain
1509,4,Refining_Entity,USA,2025-07-08,daily_state,ndc_balance,252.51,213.26,170.05,73.28,0.0645,index,simulated,Synthetic Generator - Baseline,,Baseline balanced scenario - healthy supply chain
1510,5,Bar Casting & Assay_Entity,USA,2025-07-08,daily_state,ndc_balance,258.53,269.17,243.75,92.4,0.8118,index,simulated,Synthetic Generator - Baseline,,Baseline balanced scenario - healthy supply chain
1511,6,Logistics & Vaulting_Entity,USA,2025-07-08,daily_state,ndc_balance,223.3,190.9,154.46,74.81,0.0944,index,simulated,Synthetic Generator - Baseline,,Baseline balanced scenario - healthy supply chain
1512,7,Exchange Registration_Entity,USA,2025-07-08,daily_state,ndc_balance,279.13,300.01,251.77,87.0,0.2242,index,simulated,Synthetic Generator - Baseline,,Baseline balanced scenario - healthy supply chain
1513,0,Geological Prospecting_Entity,USA,2025-07-09,daily_state,ndc_balance,197.83,207.71,184.32,90.93,0.9297,index,simulated,Synthetic Generator - Baseline,,Baseline balanced scenario - healthy supply chain
1514,1,Mine Extraction_Entity,USA,2025-07-09,daily_state,ndc_balance,268.73,262.79,254.24,95.67,2.2048,index,simulated,Synthetic Generator - Baseline,,Baseline balanced scenario - healthy supply chain
1515,2,Ore Processing_Entity,USA,2025-07-09,daily_state,ndc_balance,278.23,280.32,275.14,98.52,6.9569,index,simulated,Synthetic Generator - Baseline,,Baseline balanced scenario - healthy supply chain
1516,3,Doré Production_Entity,USA,2025-07-09,daily_state,ndc_balance,208.55,227.85,184.02,84.42,0.2614,index,simulated,Synthetic Generator - Baseline,,Baseline balanced scenario - healthy supply chain
1517,4,Refining_Entity,USA,2025-07-09,daily_state,ndc_balance,282.68,247.02,205.33,77.7,0.078,index,simulated,Synthetic Generator - Baseline,,Baseline balanced scenario - healthy supply chain
1518,5,Bar Casting & Assay_Entity,USA,2025-07-09,daily_state,ndc_balance,266.76,267.75,265.3,99.27,9.1182,index,simulated,Synthetic Generator - Baseline,,Baseline balanced scenario - healthy supply chain
1519,6,Logistics & Vaulting_Entity,USA,2025-07-09,daily_state,ndc_balance,200.74,202.77,197.75,98.02,7.0796,index,simulated,Synthetic Generator - Baseline,,Baseline balanced scenario - healthy supply chain
1520,7,Exchange Registration_Entity,USA,2025-07-09,daily_state,ndc_balance,271.44,275.98,264.83,96.76,3.2605,index,simulated,Synthetic Generator - Baseline,,Baseline balanced scenario - healthy supply chain
1521,0,Geological Prospecting_Entity,USA,2025-07-10,daily_state,ndc_balance,235.58,217.97,195.13,86.11,0.3123,index,simulated,Synthetic Generator - Baseline,,Baseline balanced scenario - healthy supply chain
1522,1,Mine Extraction_Entity,USA,2025-07-10,daily_state,ndc_balance,257.63,259.18,255.33,98.81,8.0663,index,simulated,Synthetic Generator - Baseline,,Baseline balanced scenario - healthy supply chain
1523,2,Ore Processing_Entity,USA,2025-07-10,daily_state,ndc_balance,297.15,243.24,187.04,69.57,0.0343,index,simulated,Synthetic Generator - Baseline,,Baseline balanced scenario - healthy supply chain
1524,3,Doré Production_Entity,USA,2025-07-10,daily_state,ndc_balance,263.81,234.09,198.37,79.82,0.1119,index,simulated,Synthetic Generator - Baseline,,Baseline balanced scenario - healthy supply chain
1525,4,Refining_Entity,USA,2025-07-10,daily_state,ndc_balance,282.81,286.69,277.14,97.33,3.9882,index,simulated,Synthetic Generator - Baseline,,Baseline balanced scenario - healthy supply chain
1526,5,Bar Casting & Assay_Entity,USA,2025-07-10,daily_state,ndc_balance,245.85,247.37,243.6,98.78,8.124,index,simulated,Synthetic Generator - Baseline,,Baseline balanced scenario - healthy supply chain
1527,6,Logistics & Vaulting_Entity,USA,2025-07-10,daily_state,ndc_balance,202.1,186.03,165.4,85.3,0.373,index,simulated,Synthetic Generator - Baseline,,Baseline balanced scenario - healthy supply chain
1528,7,Exchange Registration_Entity,USA,2025-07-10,daily_state,ndc_balance,312.45,264.72,211.88,73.67,0.0437,index,simulated,Synthetic Generator - Baseline,,Baseline balanced scenario - healthy supply chain
1529,0,Geological Prospecting_Entity,USA,2025-07-11,daily_state,ndc_balance,218.61,219.24,217.68,99.43,9.6265,index,simulated,Synthetic Generator - Baseline,,Baseline balanced scenario - healthy supply chain
1530,1,Mine Extraction_Entity,USA,2025-07-11,daily_state,ndc_balance,248.91,248.44,247.72,99.62,9.7754,index,simulated,Synthetic Generator - Baseline,,Baseline balanced scenario - healthy supply chain
1531,2,Ore Processing_Entity,USA,2025-07-11,daily_state,ndc_balance,291.71,274.57,251.63,88.91,0.3291,index,simulated,Synthetic Generator - Baseline,,Baseline balanced scenario - healthy supply chain
1532,3,Doré Production_Entity,USA,2025-07-11,daily_state,ndc_balance,245.55,231.03,211.62,88.85,0.453,index,simulated,Synthetic Generator - Baseline,,Baseline balanced scenario - healthy supply chain
1533,4,Refining_Entity,USA,2025-07-11,daily_state,ndc_balance,254.23,271.35,231.52,88.15,0.3301,index,simulated,Synthetic Generator - Baseline,,Baseline balanced scenario - healthy supply chain
1534,5,Bar Casting & Assay_Entity,USA,2025-07-11,daily_state,ndc_balance,293.27,260.89,221.8,80.18,0.0945,index,simulated,Synthetic Generator - Baseline,,Baseline balanced scenario - healthy supply chain
1535,6,Logistics & Vaulting_Entity,USA,2025-07-11,daily_state,ndc_balance,210.33,213.03,206.37,97.5,5.7824,index,simulated,Synthetic Generator - Baseline,,Baseline balanced scenario - healthy supply chain
1536,7,Exchange Registration_Entity,USA,2025-07-11,daily_state,ndc_balance,267.91,311.2,218.61,75.71,0.0531,index,simulated,Synthetic Generator - Baseline,,Baseline balanced scenario - healthy supply chain
1537,0,Geological Prospecting_Entity,USA,2025-07-12,daily_state,ndc_balance,230.47,245.32,210.66,88.6,0.4337,index,simulated,Synthetic Generator - Baseline,,Baseline balanced scenario - healthy supply chain
1538,1,Mine Extraction_Entity,USA,2025-07-12,daily_state,ndc_balance,256.44,288.67,217.62,79.99,0.0953,index,simulated,Synthetic Generator - Baseline,,Baseline balanced scenario - healthy supply chain
1539,2,Ore Processing_Entity,USA,2025-07-12,daily_state,ndc_balance,299.06,290.9,279.29,94.69,1.306,index,simulated,Synthetic Generator - Baseline,,Baseline balanced scenario - healthy supply chain
1540,3,Doré Production_Entity,USA,2025-07-12,daily_state,ndc_balance,250.94,236.47,217.07,89.11,0.4558,index,simulated,Synthetic Generator - Baseline,,Baseline balanced scenario - healthy supply chain
1541,4,Refining_Entity,USA,2025-07-12,daily_state,ndc_balance,295.44,268.47,234.64,83.31,0.1356,index,simulated,Synthetic Generator - Baseline,,Baseline balanced scenario - healthy supply chain
1542,5,Bar Casting & Assay_Entity,USA,2025-07-12,daily_state,ndc_balance,237.93,240.84,233.66,97.61,5.4141,index,simulated,Synthetic Generator - Baseline,,Baseline balanced scenario - healthy supply chain
1543,6,Logistics & Vaulting_Entity,USA,2025-07-12,daily_state,ndc_balance,204.64,206.53,201.87,98.19,7.3858,index,simulated,Synthetic Generator - Baseline,,Baseline balanced scenario - healthy supply chain
1544,7,Exchange Registration_Entity,USA,2025-07-12,daily_state,ndc_balance,286.58,302.89,264.55,89.79,0.3626,index,simulated,Synthetic Generator - Baseline,,Baseline balanced scenario - healthy supply chain
1545,0,Geological Prospecting_Entity,USA,2025-07-13,daily_state,ndc_balance,198.61,218.89,173.25,83.09,0.2375,index,simulated,Synthetic Generator - Baseline,,Baseline balanced scenario - healthy supply chain
1546,1,Mine Extraction_Entity,USA,2025-07-13,daily_state,ndc_balance,240.61,269.98,205.04,80.45,0.1146,index,simulated,Synthetic Generator - Baseline,,Baseline balanced scenario - healthy supply chain
1547,2,Ore Processing_Entity,USA,2025-07-13,daily_state,ndc_balance,286.46,288.86,282.93,98.36,6.3571,index,simulated,Synthetic Generator - Baseline,,Baseline balanced scenario - healthy supply chain
1548,3,Doré Production_Entity,USA,2025-07-13,daily_state,ndc_balance,234.92,264.33,199.48,80.05,0.1143,index,simulated,Synthetic Generator - Baseline,,Baseline balanced scenario - healthy supply chain
1549,4,Refining_Entity,USA,2025-07-13,daily_state,ndc_balance,293.51,276.81,254.38,89.25,0.3462,index,simulated,Synthetic Generator - Baseline,,Baseline balanced scenario - healthy supply chain
1550,5,Bar Casting & Assay_Entity,USA,2025-07-13,daily_state,ndc_balance,265.94,271.74,257.58,95.82,2.2889,index,simulated,Synthetic Generator - Baseline,,Baseline balanced scenario - healthy supply chain
1551,6,Logistics & Vaulting_Entity,USA,2025-07-13,daily_state,ndc_balance,197.28,216.7,172.82,83.59,0.2581,index,simulated,Synthetic Generator - Baseline,,Baseline balanced scenario - healthy supply chain
1552,7,Exchange Registration_Entity,USA,2025-07-13,daily_state,ndc_balance,312.62,300.58,283.8,92.58,0.6446,index,simulated,Synthetic Generator - Baseline,,Baseline balanced scenario - healthy supply chain
1553,0,Geological Prospecting_Entity,USA,2025-07-14,daily_state,ndc_balance,217.35,223.14,209.08,94.94,2.2967,index,simulated,Synthetic Generator - Baseline,,Baseline balanced scenario - healthy supply chain
1554,1,Mine Extraction_Entity,USA,2025-07-14,daily_state,ndc_balance,248.89,266.94,225.17,87.36,0.298,index,simulated,Synthetic Generator - Baseline,,Baseline balanced scenario - healthy supply chain
1555,2,Ore Processing_Entity,USA,2025-07-14,daily_state,ndc_balance,295.05,247.98,196.59,72.68,0.0449,index,simulated,Synthetic Generator - Baseline,,Baseline balanced scenario - healthy supply chain
1556,3,Doré Production_Entity,USA,2025-07-14,daily_state,ndc_balance,230.86,236.54,222.74,95.32,2.3711,index,simulated,Synthetic Generator - Baseline,,Baseline balanced scenario - healthy supply chain
1557,4,Refining_Entity,USA,2025-07-14,daily_state,ndc_balance,273.78,244.86,209.61,80.96,0.1182,index,simulated,Synthetic Generator - Baseline,,Baseline balanced scenario - healthy supply chain
1558,5,Bar Casting & Assay_Entity,USA,2025-07-14,daily_state,ndc_balance,274.13,266.16,254.86,94.35,1.3613,index,simulated,Synthetic Generator - Baseline,,Baseline balanced scenario - healthy supply chain
1559,6,Logistics & Vaulting_Entity,USA,2025-07-14,daily_state,ndc_balance,205.38,188.03,165.96,84.46,0.3216,index,simulated,Synthetic Generator - Baseline,,Baseline balanced scenario - healthy supply chain
1560,7,Exchange Registration_Entity,USA,2025-07-14,daily_state,ndc_balance,304.02,311.43,293.41,95.35,1.5411,index,simulated,Synthetic Generator - Baseline,,Baseline balanced scenario - healthy supply chain
1561,0,Geological Prospecting_Entity,USA,2025-07-15,daily_state,ndc_balance,221.41,205.91,185.62,86.94,0.3997,index,simulated,Synthetic Generator - Baseline,,Baseline balanced scenario - healthy supply chain
1562,1,Mine Extraction_Entity,USA,2025-07-15,daily_state,ndc_balance,276.03,250.48,218.52,83.1,0.1509,index,simulated,Synthetic Generator - Baseline,,Baseline balanced scenario - healthy supply chain
1563,2,Ore Processing_Entity,USA,2025-07-15,daily_state,ndc_balance,286.57,295.24,274.28,94.29,1.1735,index,simulated,Synthetic Generator - Baseline,,Baseline balanced scenario - healthy supply chain
1564,3,Doré Production_Entity,USA,2025-07-15,daily_state,ndc_balance,220.02,265.66,171.47,70.92,0.0478,index,simulated,Synthetic Generator - Baseline,,Baseline balanced scenario - healthy supply chain
1565,4,Refining_Entity,USA,2025-07-15,daily_state,ndc_balance,279.75,259.52,233.16,86.53,0.2385,index,simulated,Synthetic Generator - Baseline,,Baseline balanced scenario - healthy supply chain
1566,5,Bar Casting & Assay_Entity,USA,2025-07-15,daily_state,ndc_balance,267.32,261.25,252.54,95.56,2.1348,index,simulated,Synthetic Generator - Baseline,,Baseline balanced scenario - healthy supply chain
1567,6,Logistics & Vaulting_Entity,USA,2025-07-15,daily_state,ndc_balance,182.69,228.84,136.61,66.81,0.0467,index,simulated,Synthetic Generator - Baseline,,Baseline balanced scenario - healthy supply chain
1568,7,Exchange Registration_Entity,USA,2025-07-15,daily_state,ndc_balance,289.28,289.9,288.35,99.57,9.6274,index,simulated,Synthetic Generator - Baseline,,Baseline balanced scenario - healthy supply chain
1569,0,Geological Prospecting_Entity,USA,2025-07-16,daily_state,ndc_balance,243.26,198.81,152.59,69.39,0.0504,index,simulated,Synthetic Generator - Baseline,,Baseline balanced scenario - healthy supply chain
1570,1,Mine Extraction_Entity,USA,2025-07-16,daily_state,ndc_balance,276.09,252.37,222.3,84.21,0.1747,index,simulated,Synthetic Generator - Baseline,,Baseline balanced scenario - healthy supply chain
1571,2,Ore Processing_Entity,USA,2025-07-16,daily_state,ndc_balance,301.69,243.9,184.93,68.17,0.0299,index,simulated,Synthetic Generator - Baseline,,Baseline balanced scenario - healthy supply chain
1572,3,Doré Production_Entity,USA,2025-07-16,daily_state,ndc_balance,247.5,231.34,209.99,87.76,0.3687,index,simulated,Synthetic Generator - Baseline,,Baseline balanced scenario - healthy supply chain
1573,4,Refining_Entity,USA,2025-07-16,daily_state,ndc_balance,285.47,275.65,261.87,93.35,0.9394,index,simulated,Synthetic Generator - Baseline,,Baseline balanced scenario - healthy supply chain
1574,5,Bar Casting & Assay_Entity,USA,2025-07-16,daily_state,ndc_balance,258.37,249.37,236.75,93.27,1.0984,index,simulated,Synthetic Generator - Baseline,,Baseline balanced scenario - healthy supply chain
1575,6,Logistics & Vaulting_Entity,USA,2025-07-16,daily_state,ndc_balance,207.33,186.05,159.96,81.44,0.2161,index,simulated,Synthetic Generator - Baseline,,Baseline balanced scenario - healthy supply chain
1576,7,Exchange Registration_Entity,USA,2025-07-16,daily_state,ndc_balance,301.62,275.54,242.52,84.12,0.145,index,simulated,Synthetic Generator - Baseline,,Baseline balanced scenario - healthy supply chain
1577,0,Geological Prospecting_Entity,USA,2025-07-17,daily_state,ndc_balance,185.67,210.67,155.98,78.87,0.1574,index,simulated,Synthetic Generator - Baseline,,Baseline balanced scenario - healthy supply chain
1578,1,Mine Extraction_Entity,USA,2025-07-17,daily_state,ndc_balance,253.69,228.05,196.51,81.7,0.1498,index,simulated,Synthetic Generator - Baseline,,Baseline balanced scenario - healthy supply chain
1579,2,Ore Processing_Entity,USA,2025-07-17,daily_state,ndc_balance,270.71,284.39,252.02,90.83,0.5075,index,simulated,Synthetic Generator - Baseline,,Baseline balanced scenario - healthy supply chain
1580,3,Doré Production_Entity,USA,2025-07-17,daily_state,ndc_balance,269.2,248.05,220.84,85.46,0.2187,index,simulated,Synthetic Generator - Baseline,,Baseline balanced scenario - healthy supply chain
1581,4,Refining_Entity,USA,2025-07-17,daily_state,ndc_balance,270.17,275.62,262.31,96.12,2.5191,index,simulated,Synthetic Generator - Baseline,,Baseline balanced scenario - healthy supply chain
1582,5,Bar Casting & Assay_Entity,USA,2025-07-17,daily_state,ndc_balance,262.39,249.91,232.85,90.93,0.6042,index,simulated,Synthetic Generator - Baseline,,Baseline balanced scenario - healthy supply chain
1583,6,Logistics & Vaulting_Entity,USA,2025-07-17,daily_state,ndc_balance,191.96,170.88,145.41,80.29,0.2203,index,simulated,Synthetic Generator - Baseline,,Baseline balanced scenario - healthy supply chain
1584,7,Exchange Registration_Entity,USA,2025-07-17,daily_state,ndc_balance,283.42,285.26,280.7,98.72,7.4718,index,simulated,Synthetic Generator - Baseline,,Baseline balanced scenario - healthy supply chain
1585,0,Geological Prospecting_Entity,USA,2025-07-18,daily_state,ndc_balance,228.06,210.12,187.04,85.44,0.3013,index,simulated,Synthetic Generator - Baseline,,Baseline balanced scenario - healthy supply chain
1586,1,Mine Extraction_Entity,USA,2025-07-18,daily_state,ndc_balance,255.32,268.56,237.28,90.62,0.5403,index,simulated,Synthetic Generator - Baseline,,Baseline balanced scenario - healthy supply chain
1587,2,Ore Processing_Entity,USA,2025-07-18,daily_state,ndc_balance,269.75,296.58,236.04,83.45,0.1371,index,simulated,Synthetic Generator - Baseline,,Baseline balanced scenario - healthy supply chain
1588,3,Doré Production_Entity,USA,2025-07-18,daily_state,ndc_balance,234.48,229.06,221.3,95.49,2.5447,index,simulated,Synthetic Generator - Baseline,,Baseline balanced scenario - healthy supply chain
1589,4,Refining_Entity,USA,2025-07-18,daily_state,ndc_balance,257.51,258.58,255.91,99.17,8.9651,index,simulated,Synthetic Generator - Baseline,,Baseline balanced scenario - healthy supply chain
1590,5,Bar Casting & Assay_Entity,USA,2025-07-18,daily_state,ndc_balance,284.14,271.89,254.98,91.74,0.6247,index,simulated,Synthetic Generator - Baseline,,Baseline balanced scenario - healthy supply chain
1591,6,Logistics & Vaulting_Entity,USA,2025-07-18,daily_state,ndc_balance,224.19,212.01,195.56,89.7,0.6315,index,simulated,Synthetic Generator - Baseline,,Baseline balanced scenario - healthy supply chain
1592,7,Exchange Registration_Entity,USA,2025-07-18,daily_state,ndc_balance,272.96,276.65,267.55,97.36,4.2229,index,simulated,Synthetic Generator - Baseline,,Baseline balanced scenario - healthy supply chain
1593,0,Geological Prospecting_Entity,USA,2025-07-19,daily_state,ndc_balance,218.0,241.71,188.65,82.18,0.1747,index,simulated,Synthetic Generator - Baseline,,Baseline balanced scenario - healthy supply chain
1594,1,Mine Extraction_Entity,USA,2025-07-19,daily_state,ndc_balance,251.75,273.85,223.44,85.1,0.2007,index,simulated,Synthetic Generator - Baseline,,Baseline balanced scenario - healthy supply chain
1595,2,Ore Processing_Entity,USA,2025-07-19,daily_state,ndc_balance,303.1,315.7,285.6,92.33,0.5927,index,simulated,Synthetic Generator - Baseline,,Baseline balanced scenario - healthy supply chain
1596,3,Doré Production_Entity,USA,2025-07-19,daily_state,ndc_balance,243.56,255.58,227.09,91.02,0.6467,index,simulated,Synthetic Generator - Baseline,,Baseline balanced scenario - healthy supply chain
1597,4,Refining_Entity,USA,2025-07-19,daily_state,ndc_balance,313.93,256.64,197.06,69.42,0.0304,index,simulated,Synthetic Generator - Baseline,,Baseline balanced scenario - healthy supply chain
1598,5,Bar Casting & Assay_Entity,USA,2025-07-19,daily_state,ndc_balance,246.68,228.92,205.77,86.59,0.3075,index,simulated,Synthetic Generator - Baseline,,Baseline balanced scenario - healthy supply chain
1599,6,Logistics & Vaulting_Entity,USA,2025-07-19,daily_state,ndc_balance,220.39,168.87,120.86,62.65,0.0375,index,simulated,Synthetic Generator - Baseline,,Baseline balanced scenario - healthy supply chain
1600,7,Exchange Registration_Entity,USA,2025-07-19,daily_state,ndc_balance,284.12,290.63,274.76,95.62,1.9064,index,simulated,Synthetic Generator - Baseline,,Baseline balanced scenario - healthy supply chain
1601,0,Geological Prospecting_Entity,USA,2025-07-20,daily_state,ndc_balance,232.63,225.54,215.51,94.09,1.6595,index,simulated,Synthetic Generator - Baseline,,Baseline balanced scenario - healthy supply chain
1602,1,Mine Extraction_Entity,USA,2025-07-20,daily_state,ndc_balance,273.18,280.9,262.21,94.65,1.4382,index,simulated,Synthetic Generator - Baseline,,Baseline balanced scenario - healthy supply chain
1603,2,Ore Processing_Entity,USA,2025-07-20,daily_state,ndc_balance,275.56,270.69,263.63,96.53,2.9652,index,simulated,Synthetic Generator - Baseline,,Baseline balanced scenario - healthy supply chain
1604,3,Doré Production_Entity,USA,2025-07-20,daily_state,ndc_balance,238.26,257.82,212.95,85.92,0.2546,index,simulated,Synthetic Generator - Baseline,,Baseline balanced scenario - healthy supply chain
1605,4,Refining_Entity,USA,2025-07-20,daily_state,ndc_balance,293.35,276.0,252.8,88.84,0.3214,index,simulated,Synthetic Generator - Baseline,,Baseline balanced scenario - healthy supply chain
1606,5,Bar Casting & Assay_Entity,USA,2025-07-20,daily_state,ndc_balance,287.6,241.67,191.56,72.66,0.0472,index,simulated,Synthetic Generator - Baseline,,Baseline balanced scenario - healthy supply chain
1607,6,Logistics & Vaulting_Entity,USA,2025-07-20,daily_state,ndc_balance,234.86,230.3,223.71,96.19,3.2477,index,simulated,Synthetic Generator - Baseline,,Baseline balanced scenario - healthy supply chain
1608,7,Exchange Registration_Entity,USA,2025-07-20,daily_state,ndc_balance,300.88,314.95,281.53,91.45,0.481,index,simulated,Synthetic Generator - Baseline,,Baseline balanced scenario - healthy supply chain
1609,0,Geological Prospecting_Entity,USA,2025-07-21,daily_state,ndc_balance,205.1,208.52,200.12,96.77,4.6087,index,simulated,Synthetic Generator - Baseline,,Baseline balanced scenario - healthy supply chain
1610,1,Mine Extraction_Entity,USA,2025-07-21,daily_state,ndc_balance,258.92,270.94,242.36,91.5,0.6466,index,simulated,Synthetic Generator - Baseline,,Baseline balanced scenario - healthy supply chain
1611,2,Ore Processing_Entity,USA,2025-07-21,daily_state,ndc_balance,274.19,296.59,245.2,85.98,0.1954,index,simulated,Synthetic Generator - Baseline,,Baseline balanced scenario - healthy supply chain
1612,3,Doré Production_Entity,USA,2025-07-21,daily_state,ndc_balance,270.5,255.47,235.23,89.48,0.4237,index,simulated,Synthetic Generator - Baseline,,Baseline balanced scenario - healthy supply chain
1613,4,Refining_Entity,USA,2025-07-21,daily_state,ndc_balance,284.2,250.17,209.86,78.71,0.0856,index,simulated,Synthetic Generator - Baseline,,Baseline balanced scenario - healthy supply chain
1614,5,Bar Casting & Assay_Entity,USA,2025-07-21,daily_state,ndc_balance,257.24,285.45,222.39,82.07,0.1241,index,simulated,Synthetic Generator - Baseline,,Baseline balanced scenario - healthy supply chain
1615,6,Logistics & Vaulting_Entity,USA,2025-07-21,daily_state,ndc_balance,221.64,202.25,177.75,83.95,0.2593,index,simulated,Synthetic Generator - Baseline,,Baseline balanced scenario - healthy supply chain
1616,7,Exchange Registration_Entity,USA,2025-07-21,daily_state,ndc_balance,283.68,246.49,203.45,76.94,0.0718,index,simulated,Synthetic Generator - Baseline,,Baseline balanced scenario - healthy supply chain
1617,0,Geological Prospecting_Entity,USA,2025-07-22,daily_state,ndc_balance,213.93,252.4,171.32,73.72,0.0671,index,simulated,Synthetic Generator - Baseline,,Baseline balanced scenario - healthy supply chain
1618,1,Mine Extraction_Entity,USA,2025-07-22,daily_state,ndc_balance,250.79,261.41,236.06,92.2,0.8146,index,simulated,Synthetic Generator - Baseline,,Baseline balanced scenario - healthy supply chain
1619,2,Ore Processing_Entity,USA,2025-07-22,daily_state,ndc_balance,305.11,260.41,210.28,74.6,0.0498,index,simulated,Synthetic Generator - Baseline,,Baseline balanced scenario - healthy supply chain
1620,3,Doré Production_Entity,USA,2025-07-22,daily_state,ndc_balance,252.76,259.88,242.64,94.67,1.6503,index,simulated,Synthetic Generator - Baseline,,Baseline balanced scenario - healthy supply chain
1621,4,Refining_Entity,USA,2025-07-22,daily_state,ndc_balance,280.18,319.63,233.8,78.13,0.0639,index,simulated,Synthetic Generator - Baseline,,Baseline balanced scenario - healthy supply chain
1622,5,Bar Casting & Assay_Entity,USA,2025-07-22,daily_state,ndc_balance,244.96,282.05,202.07,76.88,0.0722,index,simulated,Synthetic Generator - Baseline,,Baseline balanced scenario - healthy supply chain
1623,6,Logistics & Vaulting_Entity,USA,2025-07-22,daily_state,ndc_balance,207.4,216.89,194.33,91.62,0.9998,index,simulated,Synthetic Generator - Baseline,,Baseline balanced scenario - healthy supply chain
1624,7,Exchange Registration_Entity,USA,2025-07-22,daily_state,ndc_balance,296.61,269.8,236.1,83.46,0.1372,index,simulated,Synthetic Generator - Baseline,,Baseline balanced scenario - healthy supply chain
1625,0,Geological Prospecting_Entity,USA,2025-07-23,daily_state,ndc_balance,233.43,184.55,136.54,65.79,0.0417,index,simulated,Synthetic Generator - Baseline,,Baseline balanced scenario - healthy supply chain
1626,1,Mine Extraction_Entity,USA,2025-07-23,daily_state,ndc_balance,279.04,263.36,242.27,89.37,0.3908,index,simulated,Synthetic Generator - Baseline,,Baseline balanced scenario - healthy supply chain
1627,2,Ore Processing_Entity,USA,2025-07-23,daily_state,ndc_balance,299.57,302.04,295.93,98.38,6.2157,index,simulated,Synthetic Generator - Baseline,,Baseline balanced scenario - healthy supply chain
1628,3,Doré Production_Entity,USA,2025-07-23,daily_state,ndc_balance,255.51,245.66,231.95,92.58,0.9348,index,simulated,Synthetic Generator - Baseline,,Baseline balanced scenario - healthy supply chain
1629,4,Refining_Entity,USA,2025-07-23,daily_state,ndc_balance,266.78,255.18,239.18,91.67,0.6915,index,simulated,Synthetic Generator - Baseline,,Baseline balanced scenario - healthy supply chain
1630,5,Bar Casting & Assay_Entity,USA,2025-07-23,daily_state,ndc_balance,287.79,288.85,286.22,99.27,8.9998,index,simulated,Synthetic Generator - Baseline,,Baseline balanced scenario - healthy supply chain
1631,6,Logistics & Vaulting_Entity,USA,2025-07-23,daily_state,ndc_balance,206.42,203.82,200.02,97.51,5.9683,index,simulated,Synthetic Generator - Baseline,,Baseline balanced scenario - healthy supply chain
1632,7,Exchange Registration_Entity,USA,2025-07-23,daily_state,ndc_balance,276.42,304.1,241.68,83.36,0.1288,index,simulated,Synthetic Generator - Baseline,,Baseline balanced scenario - healthy supply chain
1633,0,Geological Prospecting_Entity,USA,2025-07-24,daily_state,ndc_balance,239.93,252.9,222.31,90.25,0.561,index,simulated,Synthetic Generator - Baseline,,Baseline balanced scenario - healthy supply chain
1634,1,Mine Extraction_Entity,USA,2025-07-24,daily_state,ndc_balance,256.77,251.15,243.07,95.72,2.4058,index,simulated,Synthetic Generator - Baseline,,Baseline balanced scenario - healthy supply chain
1635,2,Ore Processing_Entity,USA,2025-07-24,daily_state,ndc_balance,293.42,294.59,291.67,99.2,8.7849,index,simulated,Synthetic Generator - Baseline,,Baseline balanced scenario - healthy supply chain
1636,3,Doré Production_Entity,USA,2025-07-24,daily_state,ndc_balance,246.71,227.24,202.21,85.4,0.2571,index,simulated,Synthetic Generator - Baseline,,Baseline balanced scenario - healthy supply chain
1637,4,Refining_Entity,USA,2025-07-24,daily_state,ndc_balance,293.17,280.94,264.01,92.0,0.6267,index,simulated,Synthetic Generator - Baseline,,Baseline balanced scenario - healthy supply chain
1638,5,Bar Casting & Assay_Entity,USA,2025-07-24,daily_state,ndc_balance,256.2,287.35,218.44,80.51,0.102,index,simulated,Synthetic Generator - Baseline,,Baseline balanced scenario - healthy supply chain
1639,6,Logistics & Vaulting_Entity,USA,2025-07-24,daily_state,ndc_balance,227.5,205.37,177.95,82.32,0.2002,index,simulated,Synthetic Generator - Baseline,,Baseline balanced scenario - healthy supply chain
1640,7,Exchange Registration_Entity,USA,2025-07-24,daily_state,ndc_balance,291.14,292.93,288.49,98.79,7.5733,index,simulated,Synthetic Generator - Baseline,,Baseline balanced scenario - healthy supply chain
1641,0,Geological Prospecting_Entity,USA,2025-07-25,daily_state,ndc_balance,216.92,218.42,214.71,98.64,8.1703,index,simulated,Synthetic Generator - Baseline,,Baseline balanced scenario - healthy supply chain
1642,1,Mine Extraction_Entity,USA,2025-07-25,daily_state,ndc_balance,237.56,273.65,195.85,76.81,0.0762,index,simulated,Synthetic Generator - Baseline,,Baseline balanced scenario - healthy supply chain
1643,2,Ore Processing_Entity,USA,2025-07-25,daily_state,ndc_balance,266.43,309.94,217.01,75.52,0.0525,index,simulated,Synthetic Generator - Baseline,,Baseline balanced scenario - healthy supply chain
1644,3,Doré Production_Entity,USA,2025-07-25,daily_state,ndc_balance,244.9,239.07,230.72,95.35,2.2746,index,simulated,Synthetic Generator - Baseline,,Baseline balanced scenario - healthy supply chain
1645,4,Refining_Entity,USA,2025-07-25,daily_state,ndc_balance,270.43,262.69,251.71,94.44,1.431,index,simulated,Synthetic Generator - Baseline,,Baseline balanced scenario - healthy supply chain
1646,5,Bar Casting & Assay_Entity,USA,2025-07-25,daily_state,ndc_balance,291.13,218.1,152.57,60.55,0.0187,index,simulated,Synthetic Generator - Baseline,,Baseline balanced scenario - healthy supply chain
1647,6,Logistics & Vaulting_Entity,USA,2025-07-25,daily_state,ndc_balance,229.0,208.96,183.63,83.94,0.243,index,simulated,Synthetic Generator - Baseline,,Baseline balanced scenario - healthy supply chain
1648,7,Exchange Registration_Entity,USA,2025-07-25,daily_state,ndc_balance,271.74,263.52,251.89,94.13,1.2892,index,simulated,Synthetic Generator - Baseline,,Baseline balanced scenario - healthy supply chain
1649,0,Geological Prospecting_Entity,USA,2025-07-26,daily_state,ndc_balance,254.85,200.74,147.93,65.4,0.034,index,simulated,Synthetic Generator - Baseline,,Baseline balanced scenario - healthy supply chain
1650,1,Mine Extraction_Entity,USA,2025-07-26,daily_state,ndc_balance,252.4,278.23,220.1,83.05,0.1477,index,simulated,Synthetic Generator - Baseline,,Baseline balanced scenario - healthy supply chain
1651,2,Ore Processing_Entity,USA,2025-07-26,daily_state,ndc_balance,294.78,265.88,230.11,82.19,0.1183,index,simulated,Synthetic Generator - Baseline,,Baseline balanced scenario - healthy supply chain
1652,3,Doré Production_Entity,USA,2025-07-26,daily_state,ndc_balance,252.95,224.3,189.91,79.73,0.1203,index,simulated,Synthetic Generator - Baseline,,Baseline balanced scenario - healthy supply chain
1653,4,Refining_Entity,USA,2025-07-26,daily_state,ndc_balance,296.22,286.87,273.67,93.88,1.0268,index,simulated,Synthetic Generator - Baseline,,Baseline balanced scenario - healthy supply chain
1654,5,Bar Casting & Assay_Entity,USA,2025-07-26,daily_state,ndc_balance,277.68,269.27,257.37,94.12,1.2385,index,simulated,Synthetic Generator - Baseline,,Baseline balanced scenario - healthy supply chain
1655,6,Logistics & Vaulting_Entity,USA,2025-07-26,daily_state,ndc_balance,236.12,202.76,164.94,75.38,0.089,index,simulated,Synthetic Generator - Baseline,,Baseline balanced scenario - healthy supply chain
1656,7,Exchange Registration_Entity,USA,2025-07-26,daily_state,ndc_balance,271.97,290.85,247.02,87.83,0.2729,index,simulated,Synthetic Generator - Baseline,,Baseline balanced scenario - healthy supply chain
1657,0,Geological Prospecting_Entity,USA,2025-07-27,daily_state,ndc_balance,260.8,199.34,142.32,62.42,0.0264,index,simulated,Synthetic Generator - Baseline,,Baseline balanced scenario - healthy supply chain
1658,1,Mine Extraction_Entity,USA,2025-07-27,daily_state,ndc_balance,264.09,265.1,262.58,99.24,9.0646,index,simulated,Synthetic Generator - Baseline,,Baseline balanced scenario - healthy supply chain
1659,2,Ore Processing_Entity,USA,2025-07-27,daily_state,ndc_balance,288.7,264.93,234.56,84.81,0.1738,index,simulated,Synthetic Generator - Baseline,,Baseline balanced scenario - healthy supply chain
1660,3,Doré Production_Entity,USA,2025-07-27,daily_state,ndc_balance,266.34,284.37,242.43,88.09,0.2984,index,simulated,Synthetic Generator - Baseline,,Baseline balanced scenario - healthy supply chain
1661,4,Refining_Entity,USA,2025-07-27,daily_state,ndc_balance,282.45,251.34,213.75,80.22,0.1022,index,simulated,Synthetic Generator - Baseline,,Baseline balanced scenario - healthy supply chain
1662,5,Bar Casting & Assay_Entity,USA,2025-07-27,daily_state,ndc_balance,246.28,267.25,219.28,85.47,0.2222,index,simulated,Synthetic Generator - Baseline,,Baseline balanced scenario - healthy supply chain
1663,6,Logistics & Vaulting_Entity,USA,2025-07-27,daily_state,ndc_balance,226.07,211.16,191.49,87.64,0.4306,index,simulated,Synthetic Generator - Baseline,,Baseline balanced scenario - healthy supply chain
1664,7,Exchange Registration_Entity,USA,2025-07-27,daily_state,ndc_balance,289.47,272.0,248.69,88.63,0.3172,index,simulated,Synthetic Generator - Baseline,,Baseline balanced scenario - healthy supply chain
1665,0,Geological Prospecting_Entity,USA,2025-07-28,daily_state,ndc_balance,212.89,232.44,188.0,84.51,0.2549,index,simulated,Synthetic Generator - Baseline,,Baseline balanced scenario - healthy supply chain
1666,1,Mine Extraction_Entity,USA,2025-07-28,daily_state,ndc_balance,282.98,229.59,174.78,68.57,0.035,index,simulated,Synthetic Generator - Baseline,,Baseline balanced scenario - healthy supply chain
1667,2,Ore Processing_Entity,USA,2025-07-28,daily_state,ndc_balance,313.12,292.75,265.83,87.8,0.2354,index,simulated,Synthetic Generator - Baseline,,Baseline balanced scenario - healthy supply chain
1668,3,Doré Production_Entity,USA,2025-07-28,daily_state,ndc_balance,270.27,218.26,165.29,68.05,0.0368,index,simulated,Synthetic Generator - Baseline,,Baseline balanced scenario - healthy supply chain
1669,4,Refining_Entity,USA,2025-07-28,daily_state,ndc_balance,258.78,264.74,250.24,95.6,2.2016,index,simulated,Synthetic Generator - Baseline,,Baseline balanced scenario - healthy supply chain
1670,5,Bar Casting & Assay_Entity,USA,2025-07-28,daily_state,ndc_balance,276.81,294.75,252.91,88.54,0.3014,index,simulated,Synthetic Generator - Baseline,,Baseline balanced scenario - healthy supply chain
1671,6,Logistics & Vaulting_Entity,USA,2025-07-28,daily_state,ndc_balance,219.86,198.05,171.11,82.0,0.2058,index,simulated,Synthetic Generator - Baseline,,Baseline balanced scenario - healthy supply chain
1672,7,Exchange Registration_Entity,USA,2025-07-28,daily_state,ndc_balance,273.88,304.56,236.11,81.75,0.1051,index,simulated,Synthetic Generator - Baseline,,Baseline balanced scenario - healthy supply chain
1673,0,Geological Prospecting_Entity,USA,2025-07-29,daily_state,ndc_balance,214.52,246.5,177.39,77.14,0.0968,index,simulated,Synthetic Generator - Baseline,,Baseline balanced scenario - healthy supply chain
1674,1,Mine Extraction_Entity,USA,2025-07-29,daily_state,ndc_balance,264.72,285.82,237.31,86.27,0.2197,index,simulated,Synthetic Generator - Baseline,,Baseline balanced scenario - healthy supply chain
1675,2,Ore Processing_Entity,USA,2025-07-29,daily_state,ndc_balance,299.17,279.72,254.02,87.81,0.2576,index,simulated,Synthetic Generator - Baseline,,Baseline balanced scenario - healthy supply chain
1676,3,Doré Production_Entity,USA,2025-07-29,daily_state,ndc_balance,241.2,236.05,228.65,95.83,2.7435,index,simulated,Synthetic Generator - Baseline,,Baseline balanced scenario - healthy supply chain
1677,4,Refining_Entity,USA,2025-07-29,daily_state,ndc_balance,285.41,268.58,246.06,88.87,0.3409,index,simulated,Synthetic Generator - Baseline,,Baseline balanced scenario - healthy supply chain
1678,5,Bar Casting & Assay_Entity,USA,2025-07-29,daily_state,ndc_balance,260.08,259.21,257.91,99.33,9.2937,index,simulated,Synthetic Generator - Baseline,,Baseline balanced scenario - healthy supply chain
1679,6,Logistics & Vaulting_Entity,USA,2025-07-29,daily_state,ndc_balance,210.17,163.87,119.46,64.37,0.0464,index,simulated,Synthetic Generator - Baseline,,Baseline balanced scenario - healthy supply chain
1680,7,Exchange Registration_Entity,USA,2025-07-29,daily_state,ndc_balance,295.86,264.56,226.41,80.93,0.101,index,simulated,Synthetic Generator - Baseline,,Baseline balanced scenario - healthy supply chain
1681,0,Geological Prospecting_Entity,USA,2025-07-30,daily_state,ndc_balance,211.36,186.56,157.03,79.08,0.1599,index,simulated,Synthetic Generator - Baseline,,Baseline balanced scenario - healthy supply chain
1682,1,Mine Extraction_Entity,USA,2025-07-30,daily_state,ndc_balance,241.75,232.53,219.68,92.65,1.0522,index,simulated,Synthetic Generator - Baseline,,Baseline balanced scenario - healthy supply chain
1683,2,Ore Processing_Entity,USA,2025-07-30,daily_state,ndc_balance,278.02,317.09,232.08,78.16,0.0651,index,simulated,Synthetic Generator - Baseline,,Baseline balanced scenario - healthy supply chain
1684,3,Doré Production_Entity,USA,2025-07-30,daily_state,ndc_balance,240.77,245.13,234.46,96.51,3.4516,index,simulated,Synthetic Generator - Baseline,,Baseline balanced scenario - healthy supply chain
1685,4,Refining_Entity,USA,2025-07-30,daily_state,ndc_balance,284.67,269.29,248.51,89.76,0.4056,index,simulated,Synthetic Generator - Baseline,,Baseline balanced scenario - healthy supply chain
1686,5,Bar Casting & Assay_Entity,USA,2025-07-30,daily_state,ndc_balance,267.5,240.41,207.1,81.67,0.1345,index,simulated,Synthetic Generator - Baseline,,Baseline balanced scenario - healthy supply chain
1687,6,Logistics & Vaulting_Entity,USA,2025-07-30,daily_state,ndc_balance,230.42,234.46,224.57,96.62,3.8067,index,simulated,Synthetic Generator - Baseline,,Baseline balanced scenario - healthy supply chain
1688,7,Exchange Registration_Entity,USA,2025-07-30,daily_state,ndc_balance,263.42,263.5,263.31,99.94,9.9943,index,simulated,Synthetic Generator - Baseline,,Baseline balanced scenario - healthy supply chain
1689,0,Geological Prospecting_Entity,USA,2025-07-31,daily_state,ndc_balance,224.09,199.27,169.33,80.13,0.1597,index,simulated,Synthetic Generator - Baseline,,Baseline balanced scenario - healthy supply chain
1690,1,Mine Extraction_Entity,USA,2025-07-31,daily_state,ndc_balance,275.88,243.52,205.0,79.09,0.0946,index,simulated,Synthetic Generator - Baseline,,Baseline balanced scenario - healthy supply chain
1691,2,Ore Processing_Entity,USA,2025-07-31,daily_state,ndc_balance,320.77,303.06,279.2,89.55,0.3092,index,simulated,Synthetic Generator - Baseline,,Baseline balanced scenario - healthy supply chain
1692,3,Doré Production_Entity,USA,2025-07-31,daily_state,ndc_balance,251.48,260.12,239.33,93.57,1.1816,index,simulated,Synthetic Generator - Baseline,,Baseline balanced scenario - healthy supply chain
1693,4,Refining_Entity,USA,2025-07-31,daily_state,ndc_balance,294.88,256.48,211.96,77.07,0.0674,index,simulated,Synthetic Generator - Baseline,,Baseline balanced scenario - healthy supply chain
1694,5,Bar Casting & Assay_Entity,USA,2025-07-31,daily_state,ndc_balance,256.05,263.04,246.08,94.82,1.6982,index,simulated,Synthetic Generator - Baseline,,Baseline balanced scenario - healthy supply chain
1695,6,Logistics & Vaulting_Entity,USA,2025-07-31,daily_state,ndc_balance,221.21,204.14,182.1,85.69,0.3314,index,simulated,Synthetic Generator - Baseline,,Baseline balanced scenario - healthy supply chain
1696,7,Exchange Registration_Entity,USA,2025-07-31,daily_state,ndc_balance,264.64,267.18,260.89,98.11,6.0671,index,simulated,Synthetic Generator - Baseline,,Baseline balanced scenario - healthy supply chain
1697,0,Geological Prospecting_Entity,USA,2025-08-01,daily_state,ndc_balance,226.77,214.94,198.91,90.09,0.6671,index,simulated,Synthetic Generator - Baseline,,Baseline balanced scenario - healthy supply chain
1698,1,Mine Extraction_Entity,USA,2025-08-01,daily_state,ndc_balance,297.47,231.36,168.2,64.11,0.0228,index,simulated,Synthetic Generator - Baseline,,Baseline balanced scenario - healthy supply chain
1699,2,Ore Processing_Entity,USA,2025-08-01,daily_state,ndc_balance,295.46,308.11,277.94,92.12,0.5887,index,simulated,Synthetic Generator - Baseline,,Baseline balanced scenario - healthy supply chain
1700,3,Doré Production_Entity,USA,2025-08-01,daily_state,ndc_balance,281.95,234.02,182.84,71.18,0.0433,index,simulated,Synthetic Generator - Baseline,,Baseline balanced scenario - healthy supply chain
1701,4,Refining_Entity,USA,2025-08-01,daily_state,ndc_balance,285.25,276.56,264.27,94.09,1.1689,index,simulated,Synthetic Generator - Baseline,,Baseline balanced scenario - healthy supply chain
1702,5,Bar Casting & Assay_Entity,USA,2025-08-01,daily_state,ndc_balance,270.81,259.52,243.91,92.0,0.7278,index,simulated,Synthetic Generator - Baseline,,Baseline balanced scenario - healthy supply chain
1703,6,Logistics & Vaulting_Entity,USA,2025-08-01,daily_state,ndc_balance,214.42,155.72,105.69,57.84,0.0289,index,simulated,Synthetic Generator - Baseline,,Baseline balanced scenario - healthy supply chain
1704,7,Exchange Registration_Entity,USA,2025-08-01,daily_state,ndc_balance,298.11,283.58,263.74,90.71,0.4519,index,simulated,Synthetic Generator - Baseline,,Baseline balanced scenario - healthy supply chain
1705,0,Geological Prospecting_Entity,USA,2025-08-02,daily_state,ndc_balance,224.09,252.79,189.67,79.69,0.12,index,simulated,Synthetic Generator - Baseline,,Baseline balanced scenario - healthy supply chain
1706,1,Mine Extraction_Entity,USA,2025-08-02,daily_state,ndc_balance,257.31,248.69,236.57,93.52,1.1867,index,simulated,Synthetic Generator - Baseline,,Baseline balanced scenario - healthy supply chain
1707,2,Ore Processing_Entity,USA,2025-08-02,daily_state,ndc_balance,317.3,265.97,210.2,72.36,0.0378,index,simulated,Synthetic Generator - Baseline,,Baseline balanced scenario - healthy supply chain
1708,3,Doré Production_Entity,USA,2025-08-02,daily_state,ndc_balance,239.18,238.3,236.99,99.27,9.2797,index,simulated,Synthetic Generator - Baseline,,Baseline balanced scenario - healthy supply chain
1709,4,Refining_Entity,USA,2025-08-02,daily_state,ndc_balance,290.04,269.69,243.05,86.9,0.2356,index,simulated,Synthetic Generator - Baseline,,Baseline balanced scenario - healthy supply chain
1710,5,Bar Casting & Assay_Entity,USA,2025-08-02,daily_state,ndc_balance,248.04,251.37,243.18,97.39,4.7507,index,simulated,Synthetic Generator - Baseline,,Baseline balanced scenario - healthy supply chain
1711,6,Logistics & Vaulting_Entity,USA,2025-08-02,daily_state,ndc_balance,198.32,199.56,196.49,98.77,8.6784,index,simulated,Synthetic Generator - Baseline,,Baseline balanced scenario - healthy supply chain
1712,7,Exchange Registration_Entity,USA,2025-08-02,daily_state,ndc_balance,293.82,288.47,280.73,96.43,2.5919,index,simulated,Synthetic Generator - Baseline,,Baseline balanced scenario - healthy supply chain
1713,0,Geological Prospecting_Entity,USA,2025-08-03,daily_state,ndc_balance,200.31,234.71,161.73,74.59,0.0838,index,simulated,Synthetic Generator - Baseline,,Baseline balanced scenario - healthy supply chain
1714,1,Mine Extraction_Entity,USA,2025-08-03,daily_state,ndc_balance,270.74,280.48,257.07,93.29,0.9529,index,simulated,Synthetic Generator - Baseline,,Baseline balanced scenario - healthy supply chain
1715,2,Ore Processing_Entity,USA,2025-08-03,daily_state,ndc_balance,293.61,300.38,283.88,95.59,1.7904,index,simulated,Synthetic Generator - Baseline,,Baseline balanced scenario - healthy supply chain
1716,3,Doré Production_Entity,USA,2025-08-03,daily_state,ndc_balance,253.94,264.79,238.92,92.14,0.7837,index,simulated,Synthetic Generator - Baseline,,Baseline balanced scenario - healthy supply chain
1717,4,Refining_Entity,USA,2025-08-03,daily_state,ndc_balance,284.78,263.79,236.53,86.3,0.222,index,simulated,Synthetic Generator - Baseline,,Baseline balanced scenario - healthy supply chain
1718,5,Bar Casting & Assay_Entity,USA,2025-08-03,daily_state,ndc_balance,301.03,276.56,245.24,84.99,0.1642,index,simulated,Synthetic Generator - Baseline,,Baseline balanced scenario - healthy supply chain
1719,6,Logistics & Vaulting_Entity,USA,2025-08-03,daily_state,ndc_balance,215.55,177.58,137.56,70.31,0.0689,index,simulated,Synthetic Generator - Baseline,,Baseline balanced scenario - healthy supply chain
1720,7,Exchange Registration_Entity,USA,2025-08-03,daily_state,ndc_balance,267.62,285.83,243.5,88.04,0.2929,index,simulated,Synthetic Generator - Baseline,,Baseline balanced scenario - healthy supply chain
1721,0,Geological Prospecting_Entity,USA,2025-08-04,daily_state,ndc_balance,228.61,204.09,174.3,80.69,0.1636,index,simulated,Synthetic Generator - Baseline,,Baseline balanced scenario - healthy supply chain
1722,1,Mine Extraction_Entity,USA,2025-08-04,daily_state,ndc_balance,268.54,283.74,248.0,89.84,0.4151,index,simulated,Synthetic Generator - Baseline,,Baseline balanced scenario - healthy supply chain
1723,2,Ore Processing_Entity,USA,2025-08-04,daily_state,ndc_balance,296.86,259.6,215.99,77.8,0.0715,index,simulated,Synthetic Generator - Baseline,,Baseline balanced scenario - healthy supply chain
1724,3,Doré Production_Entity,USA,2025-08-04,daily_state,ndc_balance,244.76,225.65,201.05,85.55,0.2667,index,simulated,Synthetic Generator - Baseline,,Baseline balanced scenario - healthy supply chain
1725,4,Refining_Entity,USA,2025-08-04,daily_state,ndc_balance,270.61,257.7,240.04,90.9,0.5656,index,simulated,Synthetic Generator - Baseline,,Baseline balanced scenario - healthy supply chain
1726,5,Bar Casting & Assay_Entity,USA,2025-08-04,daily_state,ndc_balance,259.26,237.55,209.9,84.58,0.2077,index,simulated,Synthetic Generator - Baseline,,Baseline balanced scenario - healthy supply chain
1727,6,Logistics & Vaulting_Entity,USA,2025-08-04,daily_state,ndc_balance,204.51,190.05,171.15,86.81,0.4563,index,simulated,Synthetic Generator - Baseline,,Baseline balanced scenario - healthy supply chain
1728,7,Exchange Registration_Entity,USA,2025-08-04,daily_state,ndc_balance,242.49,317.1,173.21,62.46,0.0179,index,simulated,Synthetic Generator - Baseline,,Baseline balanced scenario - healthy supply chain
1729,0,Geological Prospecting_Entity,USA,2025-08-05,daily_state,ndc_balance,242.21,207.93,169.09,75.35,0.0844,index,simulated,Synthetic Generator - Baseline,,Baseline balanced scenario - healthy supply chain
1730,1,Mine Extraction_Entity,USA,2025-08-05,daily_state,ndc_balance,266.16,233.61,195.26,78.3,0.0935,index,simulated,Synthetic Generator - Baseline,,Baseline balanced scenario - healthy supply chain
1731,2,Ore Processing_Entity,USA,2025-08-05,daily_state,ndc_balance,311.31,313.85,307.56,98.39,6.0788,index,simulated,Synthetic Generator - Baseline,,Baseline balanced scenario - healthy supply chain
1732,3,Doré Production_Entity,USA,2025-08-05,daily_state,ndc_balance,248.23,258.13,234.44,92.62,0.9263,index,simulated,Synthetic Generator - Baseline,,Baseline balanced scenario - healthy supply chain
1733,4,Refining_Entity,USA,2025-08-05,daily_state,ndc_balance,278.51,240.64,197.25,76.19,0.0693,index,simulated,Synthetic Generator - Baseline,,Baseline balanced scenario - healthy supply chain
1734,5,Bar Casting & Assay_Entity,USA,2025-08-05,daily_state,ndc_balance,259.7,262.08,256.2,98.2,6.3907,index,simulated,Synthetic Generator - Baseline,,Baseline balanced scenario - healthy supply chain
1735,6,Logistics & Vaulting_Entity,USA,2025-08-05,daily_state,ndc_balance,199.06,195.77,190.98,96.75,4.7974,index,simulated,Synthetic Generator - Baseline,,Baseline balanced scenario - healthy supply chain
1736,7,Exchange Registration_Entity,USA,2025-08-05,daily_state,ndc_balance,284.51,278.25,269.25,95.69,2.0328,index,simulated,Synthetic Generator - Baseline,,Baseline balanced scenario - healthy supply chain
1737,0,Geological Prospecting_Entity,USA,2025-08-06,daily_state,ndc_balance,226.08,195.15,159.76,76.06,0.1034,index,simulated,Synthetic Generator - Baseline,,Baseline balanced scenario - healthy supply chain
1738,1,Mine Extraction_Entity,USA,2025-08-06,daily_state,ndc_balance,254.54,231.12,201.77,83.19,0.1789,index,simulated,Synthetic Generator - Baseline,,Baseline balanced scenario - healthy supply chain
1739,2,Ore Processing_Entity,USA,2025-08-06,daily_state,ndc_balance,299.97,241.34,182.0,67.64,0.029,index,simulated,Synthetic Generator - Baseline,,Baseline balanced scenario - healthy supply chain
1740,3,Doré Production_Entity,USA,2025-08-06,daily_state,ndc_balance,262.6,264.19,260.24,98.8,7.9808,index,simulated,Synthetic Generator - Baseline,,Baseline balanced scenario - healthy supply chain
1741,4,Refining_Entity,USA,2025-08-06,daily_state,ndc_balance,270.77,217.38,163.55,67.41,0.035,index,simulated,Synthetic Generator - Baseline,,Baseline balanced scenario - healthy supply chain
1742,5,Bar Casting & Assay_Entity,USA,2025-08-06,daily_state,ndc_balance,259.88,258.08,255.43,98.63,7.5621,index,simulated,Synthetic Generator - Baseline,,Baseline balanced scenario - healthy supply chain
1743,6,Logistics & Vaulting_Entity,USA,2025-08-06,daily_state,ndc_balance,190.14,189.97,189.7,99.82,9.9695,index,simulated,Synthetic Generator - Baseline,,Baseline balanced scenario - healthy supply chain
1744,7,Exchange Registration_Entity,USA,2025-08-06,daily_state,ndc_balance,308.25,291.21,268.24,89.53,0.3328,index,simulated,Synthetic Generator - Baseline,,Baseline balanced scenario - healthy supply chain
1745,0,Geological Prospecting_Entity,USA,2025-08-07,daily_state,ndc_balance,210.83,185.0,154.58,78.27,0.1477,index,simulated,Synthetic Generator - Baseline,,Baseline balanced scenario - healthy supply chain
1746,1,Mine Extraction_Entity,USA,2025-08-07,daily_state,ndc_balance,259.79,249.91,236.15,92.68,0.9299,index,simulated,Synthetic Generator - Baseline,,Baseline balanced scenario - healthy supply chain
1747,2,Ore Processing_Entity,USA,2025-08-07,daily_state,ndc_balance,292.14,269.12,239.51,85.42,0.1852,index,simulated,Synthetic Generator - Baseline,,Baseline balanced scenario - healthy supply chain
1748,3,Doré Production_Entity,USA,2025-08-07,daily_state,ndc_balance,252.37,273.59,225.0,85.63,0.2172,index,simulated,Synthetic Generator - Baseline,,Baseline balanced scenario - healthy supply chain
1749,4,Refining_Entity,USA,2025-08-07,daily_state,ndc_balance,286.93,262.89,232.28,84.57,0.1701,index,simulated,Synthetic Generator - Baseline,,Baseline balanced scenario - healthy supply chain
1750,5,Bar Casting & Assay_Entity,USA,2025-08-07,daily_state,ndc_balance,261.95,252.34,238.9,92.92,0.9767,index,simulated,Synthetic Generator - Baseline,,Baseline balanced scenario - healthy supply chain
1751,6,Logistics & Vaulting_Entity,USA,2025-08-07,daily_state,ndc_balance,222.4,187.46,149.13,73.04,0.0812,index,simulated,Synthetic Generator - Baseline,,Baseline balanced scenario - healthy supply chain
1752,7,Exchange Registration_Entity,USA,2025-08-07,daily_state,ndc_balance,285.37,279.68,271.46,96.09,2.3562,index,simulated,Synthetic Generator - Baseline,,Baseline balanced scenario - healthy supply chain
1753,0,Geological Prospecting_Entity,USA,2025-08-08,daily_state,ndc_balance,216.54,188.55,156.03,77.22,0.126,index,simulated,Synthetic Generator - Baseline,,Baseline balanced scenario - healthy supply chain
1754,1,Mine Extraction_Entity,USA,2025-08-08,daily_state,ndc_balance,268.91,252.16,229.89,88.28,0.3439,index,simulated,Synthetic Generator - Baseline,,Baseline balanced scenario - healthy supply chain
1755,2,Ore Processing_Entity,USA,2025-08-08,daily_state,ndc_balance,291.57,268.65,239.16,85.45,0.1868,index,simulated,Synthetic Generator - Baseline,,Baseline balanced scenario - healthy supply chain
1756,3,Doré Production_Entity,USA,2025-08-08,daily_state,ndc_balance,262.38,222.47,178.23,73.77,0.0624,index,simulated,Synthetic Generator - Baseline,,Baseline balanced scenario - healthy supply chain
1757,4,Refining_Entity,USA,2025-08-08,daily_state,ndc_balance,299.75,231.8,167.5,63.55,0.0216,index,simulated,Synthetic Generator - Baseline,,Baseline balanced scenario - healthy supply chain
1758,5,Bar Casting & Assay_Entity,USA,2025-08-08,daily_state,ndc_balance,270.59,266.81,261.3,97.25,4.1207,index,simulated,Synthetic Generator - Baseline,,Baseline balanced scenario - healthy supply chain
1759,6,Logistics & Vaulting_Entity,USA,2025-08-08,daily_state,ndc_balance,192.13,205.89,174.01,87.49,0.5017,index,simulated,Synthetic Generator - Baseline,,Baseline balanced scenario - healthy supply chain
1760,7,Exchange Registration_Entity,USA,2025-08-08,daily_state,ndc_balance,303.26,238.35,175.23,65.18,0.0237,index,simulated,Synthetic Generator - Baseline,,Baseline balanced scenario - healthy supply chain
1761,0,Geological Prospecting_Entity,USA,2025-08-09,daily_state,ndc_balance,230.96,167.86,114.0,57.9,0.025,index,simulated,Synthetic Generator - Baseline,,Baseline balanced scenario - healthy supply chain
1762,1,Mine Extraction_Entity,USA,2025-08-09,daily_state,ndc_balance,248.94,282.06,209.51,79.07,0.0903,index,simulated,Synthetic Generator - Baseline,,Baseline balanced scenario - healthy supply chain
1763,2,Ore Processing_Entity,USA,2025-08-09,daily_state,ndc_balance,274.69,256.61,232.74,87.66,0.2966,index,simulated,Synthetic Generator - Baseline,,Baseline balanced scenario - healthy supply chain
1764,3,Doré Production_Entity,USA,2025-08-09,daily_state,ndc_balance,240.45,274.96,200.05,77.8,0.0833,index,simulated,Synthetic Generator - Baseline,,Baseline balanced scenario - healthy supply chain
1765,4,Refining_Entity,USA,2025-08-09,daily_state,ndc_balance,245.94,243.81,240.67,98.28,6.8742,index,simulated,Synthetic Generator - Baseline,,Baseline balanced scenario - healthy supply chain
1766,5,Bar Casting & Assay_Entity,USA,2025-08-09,daily_state,ndc_balance,285.88,291.17,278.21,96.43,2.6304,index,simulated,Synthetic Generator - Baseline,,Baseline balanced scenario - healthy supply chain
1767,6,Logistics & Vaulting_Entity,USA,2025-08-09,daily_state,ndc_balance,201.87,175.43,144.83,76.96,0.1411,index,simulated,Synthetic Generator - Baseline,,Baseline balanced scenario - healthy supply chain
1768,7,Exchange Registration_Entity,USA,2025-08-09,daily_state,ndc_balance,314.86,306.44,294.44,94.79,1.2357,index,simulated,Synthetic Generator - Baseline,,Baseline balanced scenario - healthy supply chain
1769,0,Geological Prospecting_Entity,USA,2025-08-10,daily_state,ndc_balance,232.94,197.58,158.36,73.82,0.0794,index,simulated,Synthetic Generator - Baseline,,Baseline balanced scenario - healthy supply chain
1770,1,Mine Extraction_Entity,USA,2025-08-10,daily_state,ndc_balance,262.02,249.32,231.97,90.76,0.5836,index,simulated,Synthetic Generator - Baseline,,Baseline balanced scenario - healthy supply chain
1771,2,Ore Processing_Entity,USA,2025-08-10,daily_state,ndc_balance,287.72,303.32,266.53,90.22,0.3945,index,simulated,Synthetic Generator - Baseline,,Baseline balanced scenario - healthy supply chain
1772,3,Doré Production_Entity,USA,2025-08-10,daily_state,ndc_balance,255.95,217.81,175.27,74.23,0.0683,index,simulated,Synthetic Generator - Baseline,,Baseline balanced scenario - healthy supply chain
1773,4,Refining_Entity,USA,2025-08-10,daily_state,ndc_balance,293.4,267.84,235.5,84.01,0.1507,index,simulated,Synthetic Generator - Baseline,,Baseline balanced scenario - healthy supply chain
1774,5,Bar Casting & Assay_Entity,USA,2025-08-10,daily_state,ndc_balance,273.06,283.6,258.35,92.84,0.8258,index,simulated,Synthetic Generator - Baseline,,Baseline balanced scenario - healthy supply chain
1775,6,Logistics & Vaulting_Entity,USA,2025-08-10,daily_state,ndc_balance,186.08,196.56,171.91,89.89,0.8349,index,simulated,Synthetic Generator - Baseline,,Baseline balanced scenario - healthy supply chain
1776,7,Exchange Registration_Entity,USA,2025-08-10,daily_state,ndc_balance,274.78,248.98,216.78,82.88,0.148,index,simulated,Synthetic Generator - Baseline,,Baseline balanced scenario - healthy supply chain
1777,0,Geological Prospecting_Entity,USA,2025-08-11,daily_state,ndc_balance,227.28,256.87,191.9,79.42,0.1129,index,simulated,Synthetic Generator - Baseline,,Baseline balanced scenario - healthy supply chain
1778,1,Mine Extraction_Entity,USA,2025-08-11,daily_state,ndc_balance,234.48,251.08,212.58,87.61,0.35,index,simulated,Synthetic Generator - Baseline,,Baseline balanced scenario - healthy supply chain
1779,2,Ore Processing_Entity,USA,2025-08-11,daily_state,ndc_balance,291.69,278.88,261.23,91.59,0.5745,index,simulated,Synthetic Generator - Baseline,,Baseline balanced scenario - healthy supply chain
1780,3,Doré Production_Entity,USA,2025-08-11,daily_state,ndc_balance,240.38,213.28,180.71,79.81,0.1343,index,simulated,Synthetic Generator - Baseline,,Baseline balanced scenario - healthy supply chain
1781,4,Refining_Entity,USA,2025-08-11,daily_state,ndc_balance,275.57,248.04,214.1,81.89,0.1302,index,simulated,Synthetic Generator - Baseline,,Baseline balanced scenario - healthy supply chain
1782,5,Bar Casting & Assay_Entity,USA,2025-08-11,daily_state,ndc_balance,229.23,278.17,177.62,70.34,0.0416,index,simulated,Synthetic Generator - Baseline,,Baseline balanced scenario - healthy supply chain
1783,6,Logistics & Vaulting_Entity,USA,2025-08-11,daily_state,ndc_balance,216.45,197.59,173.73,84.01,0.2734,index,simulated,Synthetic Generator - Baseline,,Baseline balanced scenario - healthy supply chain
1784,7,Exchange Registration_Entity,USA,2025-08-11,daily_state,ndc_balance,285.52,296.0,270.83,93.16,0.8337,index,simulated,Synthetic Generator - Baseline,,Baseline balanced scenario - healthy supply chain
1785,0,Geological Prospecting_Entity,USA,2025-08-12,daily_state,ndc_balance,224.76,227.39,220.9,97.71,5.9133,index,simulated,Synthetic Generator - Baseline,,Baseline balanced scenario - healthy supply chain
1786,1,Mine Extraction_Entity,USA,2025-08-12,daily_state,ndc_balance,256.93,274.73,233.39,87.85,0.306,index,simulated,Synthetic Generator - Baseline,,Baseline balanced scenario - healthy supply chain
1787,2,Ore Processing_Entity,USA,2025-08-12,daily_state,ndc_balance,286.2,279.61,270.14,95.49,1.8684,index,simulated,Synthetic Generator - Baseline,,Baseline balanced scenario - healthy supply chain
1788,3,Doré Production_Entity,USA,2025-08-12,daily_state,ndc_balance,222.34,241.28,197.97,85.47,0.2713,index,simulated,Synthetic Generator - Baseline,,Baseline balanced scenario - healthy supply chain
1789,4,Refining_Entity,USA,2025-08-12,daily_state,ndc_balance,258.91,249.62,236.62,93.08,1.0388,index,simulated,Synthetic Generator - Baseline,,Baseline balanced scenario - healthy supply chain
1790,5,Bar Casting & Assay_Entity,USA,2025-08-12,daily_state,ndc_balance,249.16,236.92,220.23,90.64,0.6257,index,simulated,Synthetic Generator - Baseline,,Baseline balanced scenario - healthy supply chain
1791,6,Logistics & Vaulting_Entity,USA,2025-08-12,daily_state,ndc_balance,233.26,220.08,202.35,89.31,0.5439,index,simulated,Synthetic Generator - Baseline,,Baseline balanced scenario - healthy supply chain
1792,7,Exchange Registration_Entity,USA,2025-08-12,daily_state,ndc_balance,310.2,254.1,195.55,69.65,0.0317,index,simulated,Synthetic Generator - Baseline,,Baseline balanced scenario - healthy supply chain
1793,0,Geological Prospecting_Entity,USA,2025-08-13,daily_state,ndc_balance,221.77,187.27,149.31,73.27,0.0834,index,simulated,Synthetic Generator - Baseline,,Baseline balanced scenario - healthy supply chain
1794,1,Mine Extraction_Entity,USA,2025-08-13,daily_state,ndc_balance,250.26,234.03,212.57,87.84,0.3657,index,simulated,Synthetic Generator - Baseline,,Baseline balanced scenario - healthy supply chain
1795,2,Ore Processing_Entity,USA,2025-08-13,daily_state,ndc_balance,299.29,268.43,230.61,81.36,0.1039,index,simulated,Synthetic Generator - Baseline,,Baseline balanced scenario - healthy supply chain
1796,3,Doré Production_Entity,USA,2025-08-13,daily_state,ndc_balance,256.72,246.43,232.15,92.3,0.8628,index,simulated,Synthetic Generator - Baseline,,Baseline balanced scenario - healthy supply chain
1797,4,Refining_Entity,USA,2025-08-13,daily_state,ndc_balance,305.25,233.93,167.46,62.67,0.0196,index,simulated,Synthetic Generator - Baseline,,Baseline balanced scenario - healthy supply chain
1798,5,Bar Casting & Assay_Entity,USA,2025-08-13,daily_state,ndc_balance,279.59,276.19,271.22,97.6,4.6498,index,simulated,Synthetic Generator - Baseline,,Baseline balanced scenario - healthy supply chain
1799,6,Logistics & Vaulting_Entity,USA,2025-08-13,daily_state,ndc_balance,186.1,213.69,154.03,77.24,0.1297,index,simulated,Synthetic Generator - Baseline,,Baseline balanced scenario - healthy supply chain
1800,7,Exchange Registration_Entity,USA,2025-08-13,daily_state,ndc_balance,285.74,271.46,252.03,90.49,0.4677,index,simulated,Synthetic Generator - Baseline,,Baseline balanced scenario - healthy supply chain
1801,0,Geological Prospecting_Entity,USA,2025-08-14,daily_state,ndc_balance,207.64,197.06,182.67,90.31,0.8194,index,simulated,Synthetic Generator - Baseline,,Baseline balanced scenario - healthy supply chain
1802,1,Mine Extraction_Entity,USA,2025-08-14,daily_state,ndc_balance,290.75,250.01,203.73,75.56,0.0599,index,simulated,Synthetic Generator - Baseline,,Baseline balanced scenario - healthy supply chain
1803,2,Ore Processing_Entity,USA,2025-08-14,daily_state,ndc_balance,291.73,260.76,223.06,80.87,0.1032,index,simulated,Synthetic Generator - Baseline,,Baseline balanced scenario - healthy supply chain
1804,3,Doré Production_Entity,USA,2025-08-14,daily_state,ndc_balance,228.3,254.48,196.22,81.41,0.1439,index,simulated,Synthetic Generator - Baseline,,Baseline balanced scenario - healthy supply chain
1805,4,Refining_Entity,USA,2025-08-14,daily_state,ndc_balance,249.76,252.53,245.69,97.83,5.6587,index,simulated,Synthetic Generator - Baseline,,Baseline balanced scenario - healthy supply chain
1806,5,Bar Casting & Assay_Entity,USA,2025-08-14,daily_state,ndc_balance,260.51,257.0,251.88,97.34,4.4863,index,simulated,Synthetic Generator - Baseline,,Baseline balanced scenario - healthy supply chain
1807,6,Logistics & Vaulting_Entity,USA,2025-08-14,daily_state,ndc_balance,197.31,202.12,190.42,95.35,3.0168,index,simulated,Synthetic Generator - Baseline,,Baseline balanced scenario - healthy supply chain
1808,7,Exchange Registration_Entity,USA,2025-08-14,daily_state,ndc_balance,290.39,288.22,285.02,98.52,6.7999,index,simulated,Synthetic Generator - Baseline,,Baseline balanced scenario - healthy supply chain
1809,0,Geological Prospecting_Entity,USA,2025-08-15,daily_state,ndc_balance,204.52,204.33,204.05,99.82,9.9647,index,simulated,Synthetic Generator - Baseline,,Baseline balanced scenario - healthy supply chain
1810,1,Mine Extraction_Entity,USA,2025-08-15,daily_state,ndc_balance,277.22,265.55,249.4,91.92,0.6831,index,simulated,Synthetic Generator - Baseline,,Baseline balanced scenario - healthy supply chain
1811,2,Ore Processing_Entity,USA,2025-08-15,daily_state,ndc_balance,258.71,280.77,230.32,85.46,0.2014,index,simulated,Synthetic Generator - Baseline,,Baseline balanced scenario - healthy supply chain
1812,3,Doré Production_Entity,USA,2025-08-15,daily_state,ndc_balance,209.63,235.29,178.57,80.4,0.1496,index,simulated,Synthetic Generator - Baseline,,Baseline balanced scenario - healthy supply chain
1813,4,Refining_Entity,USA,2025-08-15,daily_state,ndc_balance,297.77,242.38,185.19,68.93,0.0325,index,simulated,Synthetic Generator - Baseline,,Baseline balanced scenario - healthy supply chain
1814,5,Bar Casting & Assay_Entity,USA,2025-08-15,daily_state,ndc_balance,246.79,268.19,219.31,85.25,0.2136,index,simulated,Synthetic Generator - Baseline,,Baseline balanced scenario - healthy supply chain
1815,6,Logistics & Vaulting_Entity,USA,2025-08-15,daily_state,ndc_balance,176.16,183.05,166.55,92.75,1.7392,index,simulated,Synthetic Generator - Baseline,,Baseline balanced scenario - healthy supply chain
1816,7,Exchange Registration_Entity,USA,2025-08-15,daily_state,ndc_balance,288.25,263.02,231.14,83.94,0.1547,index,simulated,Synthetic Generator - Baseline,,Baseline balanced scenario - healthy supply chain
1817,0,Geological Prospecting_Entity,USA,2025-08-16,daily_state,ndc_balance,215.07,222.28,204.91,93.72,1.6121,index,simulated,Synthetic Generator - Baseline,,Baseline balanced scenario - healthy supply chain
1818,1,Mine Extraction_Entity,USA,2025-08-16,daily_state,ndc_balance,264.93,253.69,238.16,91.86,0.7332,index,simulated,Synthetic Generator - Baseline,,Baseline balanced scenario - healthy supply chain
1819,2,Ore Processing_Entity,USA,2025-08-16,daily_state,ndc_balance,273.52,280.55,263.48,95.11,1.6844,index,simulated,Synthetic Generator - Baseline,,Baseline balanced scenario - healthy supply chain
1820,3,Doré Production_Entity,USA,2025-08-16,daily_state,ndc_balance,236.75,242.13,229.03,95.66,2.5714,index,simulated,Synthetic Generator - Baseline,,Baseline balanced scenario - healthy supply chain
1821,4,Refining_Entity,USA,2025-08-16,daily_state,ndc_balance,261.15,255.6,247.6,95.84,2.4482,index,simulated,Synthetic Generator - Baseline,,Baseline balanced scenario - healthy supply chain
1822,5,Bar Casting & Assay_Entity,USA,2025-08-16,daily_state,ndc_balance,243.76,253.26,230.51,92.77,0.998,index,simulated,Synthetic Generator - Baseline,,Baseline balanced scenario - healthy supply chain
1823,6,Logistics & Vaulting_Entity,USA,2025-08-16,daily_state,ndc_balance,186.44,173.83,157.25,87.35,0.5917,index,simulated,Synthetic Generator - Baseline,,Baseline balanced scenario - healthy supply chain
1824,7,Exchange Registration_Entity,USA,2025-08-16,daily_state,ndc_balance,282.49,277.72,270.79,96.68,3.0512,index,simulated,Synthetic Generator - Baseline,,Baseline balanced scenario - healthy supply chain
1825,0,Geological Prospecting_Entity,USA,2025-08-17,daily_state,ndc_balance,229.66,200.58,166.6,77.62,0.1168,index,simulated,Synthetic Generator - Baseline,,Baseline balanced scenario - healthy supply chain
1826,1,Mine Extraction_Entity,USA,2025-08-17,daily_state,ndc_balance,264.04,258.25,249.92,95.71,2.2972,index,simulated,Synthetic Generator - Baseline,,Baseline balanced scenario - healthy supply chain
1827,2,Ore Processing_Entity,USA,2025-08-17,daily_state,ndc_balance,284.59,258.47,225.74,83.23,0.1445,index,simulated,Synthetic Generator - Baseline,,Baseline balanced scenario - healthy supply chain
1828,3,Doré Production_Entity,USA,2025-08-17,daily_state,ndc_balance,240.16,239.89,239.49,99.78,9.9276,index,simulated,Synthetic Generator - Baseline,,Baseline balanced scenario - healthy supply chain
1829,4,Refining_Entity,USA,2025-08-17,daily_state,ndc_balance,268.03,220.78,170.98,70.29,0.0446,index,simulated,Synthetic Generator - Baseline,,Baseline balanced scenario - healthy supply chain
1830,5,Bar Casting & Assay_Entity,USA,2025-08-17,daily_state,ndc_balance,260.33,293.16,220.82,79.93,0.0919,index,simulated,Synthetic Generator - Baseline,,Baseline balanced scenario - healthy supply chain
1831,6,Logistics & Vaulting_Entity,USA,2025-08-17,daily_state,ndc_balance,192.52,180.23,163.95,88.01,0.621,index,simulated,Synthetic Generator - Baseline,,Baseline balanced scenario - healthy supply chain
1832,7,Exchange Registration_Entity,USA,2025-08-17,daily_state,ndc_balance,283.52,278.96,272.33,96.83,3.2459,index,simulated,Synthetic Generator - Baseline,,Baseline balanced scenario - healthy supply chain
1833,0,Geological Prospecting_Entity,USA,2025-08-18,daily_state,ndc_balance,235.13,185.15,136.39,65.37,0.0399,index,simulated,Synthetic Generator - Baseline,,Baseline balanced scenario - healthy supply chain
1834,1,Mine Extraction_Entity,USA,2025-08-18,daily_state,ndc_balance,268.21,258.42,244.74,92.96,0.9445,index,simulated,Synthetic Generator - Baseline,,Baseline balanced scenario - healthy supply chain
1835,2,Ore Processing_Entity,USA,2025-08-18,daily_state,ndc_balance,275.11,278.89,269.59,97.33,4.1174,index,simulated,Synthetic Generator - Baseline,,Baseline balanced scenario - healthy supply chain
1836,3,Doré Production_Entity,USA,2025-08-18,daily_state,ndc_balance,252.69,248.5,242.41,96.74,3.6302,index,simulated,Synthetic Generator - Baseline,,Baseline balanced scenario - healthy supply chain
1837,4,Refining_Entity,USA,2025-08-18,daily_state,ndc_balance,250.1,272.56,221.42,84.81,0.1944,index,simulated,Synthetic Generator - Baseline,,Baseline balanced scenario - healthy supply chain
1838,5,Bar Casting & Assay_Entity,USA,2025-08-18,daily_state,ndc_balance,256.27,254.11,250.91,98.32,6.8053,index,simulated,Synthetic Generator - Baseline,,Baseline balanced scenario - healthy supply chain
1839,6,Logistics & Vaulting_Entity,USA,2025-08-18,daily_state,ndc_balance,198.34,190.09,178.67,92.02,1.2807,index,simulated,Synthetic Generator - Baseline,,Baseline balanced scenario - healthy supply chain
1840,7,Exchange Registration_Entity,USA,2025-08-18,daily_state,ndc_balance,295.12,271.29,240.75,85.09,0.173,index,simulated,Synthetic Generator - Baseline,,Baseline balanced scenario - healthy supply chain
1841,0,Geological Prospecting_Entity,USA,2025-08-19,daily_state,ndc_balance,199.79,200.18,199.2,99.61,9.8474,index,simulated,Synthetic Generator - Baseline,,Baseline balanced scenario - healthy supply chain
1842,1,Mine Extraction_Entity,USA,2025-08-19,daily_state,ndc_balance,259.26,269.39,245.13,92.76,0.888,index,simulated,Synthetic Generator - Baseline,,Baseline balanced scenario - healthy supply chain
1843,2,Ore Processing_Entity,USA,2025-08-19,daily_state,ndc_balance,285.63,256.95,221.63,81.81,0.1202,index,simulated,Synthetic Generator - Baseline,,Baseline balanced scenario - healthy supply chain
1844,3,Doré Production_Entity,USA,2025-08-19,daily_state,ndc_balance,273.86,237.03,194.7,76.42,0.0732,index,simulated,Synthetic Generator - Baseline,,Baseline balanced scenario - healthy supply chain
1845,4,Refining_Entity,USA,2025-08-19,daily_state,ndc_balance,285.71,254.53,216.8,80.39,0.1018,index,simulated,Synthetic Generator - Baseline,,Baseline balanced scenario - healthy supply chain
1846,5,Bar Casting & Assay_Entity,USA,2025-08-19,daily_state,ndc_balance,264.58,267.37,260.47,97.93,5.6158,index,simulated,Synthetic Generator - Baseline,,Baseline balanced scenario - healthy supply chain
1847,6,Logistics & Vaulting_Entity,USA,2025-08-19,daily_state,ndc_balance,214.85,211.3,206.13,96.74,4.4156,index,simulated,Synthetic Generator - Baseline,,Baseline balanced scenario - healthy supply chain
1848,7,Exchange Registration_Entity,USA,2025-08-19,daily_state,ndc_balance,289.66,266.59,236.97,85.27,0.1844,index,simulated,Synthetic Generator - Baseline,,Baseline balanced scenario - healthy supply chain
1849,0,Geological Prospecting_Entity,USA,2025-08-20,daily_state,ndc_balance,207.36,212.73,199.67,95.07,2.5702,index,simulated,Synthetic Generator - Baseline,,Baseline balanced scenario - healthy supply chain
1850,1,Mine Extraction_Entity,USA,2025-08-20,daily_state,ndc_balance,269.93,242.74,209.26,81.75,0.1334,index,simulated,Synthetic Generator - Baseline,,Baseline balanced scenario - healthy supply chain
1851,2,Ore Processing_Entity,USA,2025-08-20,daily_state,ndc_balance,291.91,297.89,283.28,96.06,2.1836,index,simulated,Synthetic Generator - Baseline,,Baseline balanced scenario - healthy supply chain
1852,3,Doré Production_Entity,USA,2025-08-20,daily_state,ndc_balance,222.19,216.68,208.81,95.16,2.4802,index,simulated,Synthetic Generator - Baseline,,Baseline balanced scenario - healthy supply chain
1853,4,Refining_Entity,USA,2025-08-20,daily_state,ndc_balance,263.83,262.28,259.99,98.84,8.0752,index,simulated,Synthetic Generator - Baseline,,Baseline balanced scenario - healthy supply chain
1854,5,Bar Casting & Assay_Entity,USA,2025-08-20,daily_state,ndc_balance,248.06,276.09,213.62,81.63,0.1258,index,simulated,Synthetic Generator - Baseline,,Baseline balanced scenario - healthy supply chain
1855,6,Logistics & Vaulting_Entity,USA,2025-08-20,daily_state,ndc_balance,202.29,192.46,179.03,90.73,0.9365,index,simulated,Synthetic Generator - Baseline,,Baseline balanced scenario - healthy supply chain
1856,7,Exchange Registration_Entity,USA,2025-08-20,daily_state,ndc_balance,254.39,248.06,239.01,95.14,1.996,index,simulated,Synthetic Generator - Baseline,,Baseline balanced scenario - healthy supply chain
1857,0,Geological Prospecting_Entity,USA,2025-08-21,daily_state,ndc_balance,219.52,167.86,119.89,62.46,0.0373,index,simulated,Synthetic Generator - Baseline,,Baseline balanced scenario - healthy supply chain
1858,1,Mine Extraction_Entity,USA,2025-08-21,daily_state,ndc_balance,270.49,243.4,210.0,81.84,0.1344,index,simulated,Synthetic Generator - Baseline,,Baseline balanced scenario - healthy supply chain
1859,2,Ore Processing_Entity,USA,2025-08-21,daily_state,ndc_balance,323.95,312.79,297.12,93.34,0.7426,index,simulated,Synthetic Generator - Baseline,,Baseline balanced scenario - healthy supply chain
1860,3,Doré Production_Entity,USA,2025-08-21,daily_state,ndc_balance,232.58,229.33,224.58,97.24,4.858,index,simulated,Synthetic Generator - Baseline,,Baseline balanced scenario - healthy supply chain
1861,4,Refining_Entity,USA,2025-08-21,daily_state,ndc_balance,280.24,286.9,270.68,95.46,1.8387,index,simulated,Synthetic Generator - Baseline,,Baseline balanced scenario - healthy supply chain
1862,5,Bar Casting & Assay_Entity,USA,2025-08-21,daily_state,ndc_balance,230.73,219.09,203.25,90.4,0.6867,index,simulated,Synthetic Generator - Baseline,,Baseline balanced scenario - healthy supply chain
1863,6,Logistics & Vaulting_Entity,USA,2025-08-21,daily_state,ndc_balance,185.97,201.73,165.68,85.54,0.3871,index,simulated,Synthetic Generator - Baseline,,Baseline balanced scenario - healthy supply chain
1864,7,Exchange Registration_Entity,USA,2025-08-21,daily_state,ndc_balance,282.76,290.5,271.73,94.81,1.4299,index,simulated,Synthetic Generator - Baseline,,Baseline balanced scenario - healthy supply chain
1865,0,Geological Prospecting_Entity,USA,2025-08-22,daily_state,ndc_balance,196.71,164.07,128.92,71.76,0.093,index,simulated,Synthetic Generator - Baseline,,Baseline balanced scenario - healthy supply chain
1866,1,Mine Extraction_Entity,USA,2025-08-22,daily_state,ndc_balance,267.57,230.85,188.88,76.0,0.0736,index,simulated,Synthetic Generator - Baseline,,Baseline balanced scenario - healthy supply chain
1867,2,Ore Processing_Entity,USA,2025-08-22,daily_state,ndc_balance,244.42,273.37,209.16,80.91,0.1179,index,simulated,Synthetic Generator - Baseline,,Baseline balanced scenario - healthy supply chain
1868,3,Doré Production_Entity,USA,2025-08-22,daily_state,ndc_balance,246.6,228.56,205.1,86.39,0.2983,index,simulated,Synthetic Generator - Baseline,,Baseline balanced scenario - healthy supply chain
1869,4,Refining_Entity,USA,2025-08-22,daily_state,ndc_balance,257.83,252.89,245.75,96.24,2.9059,index,simulated,Synthetic Generator - Baseline,,Baseline balanced scenario - healthy supply chain
1870,5,Bar Casting & Assay_Entity,USA,2025-08-22,daily_state,ndc_balance,249.14,226.5,198.06,83.38,0.1913,index,simulated,Synthetic Generator - Baseline,,Baseline balanced scenario - healthy supply chain
1871,6,Logistics & Vaulting_Entity,USA,2025-08-22,daily_state,ndc_balance,183.98,200.14,163.27,85.09,0.3687,index,simulated,Synthetic Generator - Baseline,,Baseline balanced scenario - healthy supply chain
1872,7,Exchange Registration_Entity,USA,2025-08-22,daily_state,ndc_balance,279.53,273.79,265.51,95.98,2.3283,index,simulated,Synthetic Generator - Baseline,,Baseline balanced scenario - healthy supply chain
1873,0,Geological Prospecting_Entity,USA,2025-08-23,daily_state,ndc_balance,199.19,202.03,195.05,97.23,5.5428,index,simulated,Synthetic Generator - Baseline,,Baseline balanced scenario - healthy supply chain
1874,1,Mine Extraction_Entity,USA,2025-08-23,daily_state,ndc_balance,221.47,248.51,188.71,80.44,0.1349,index,simulated,Synthetic Generator - Baseline,,Baseline balanced scenario - healthy supply chain
1875,2,Ore Processing_Entity,USA,2025-08-23,daily_state,ndc_balance,295.56,243.76,189.06,70.44,0.0371,index,simulated,Synthetic Generator - Baseline,,Baseline balanced scenario - healthy supply chain
1876,3,Doré Production_Entity,USA,2025-08-23,daily_state,ndc_balance,225.33,236.22,210.4,91.19,0.7779,index,simulated,Synthetic Generator - Baseline,,Baseline balanced scenario - healthy supply chain
1877,4,Refining_Entity,USA,2025-08-23,daily_state,ndc_balance,282.91,247.23,205.5,77.7,0.0779,index,simulated,Synthetic Generator - Baseline,,Baseline balanced scenario - healthy supply chain
1878,5,Bar Casting & Assay_Entity,USA,2025-08-23,daily_state,ndc_balance,243.74,214.86,180.56,78.9,0.1185,index,simulated,Synthetic Generator - Baseline,,Baseline balanced scenario - healthy supply chain
1879,6,Logistics & Vaulting_Entity,USA,2025-08-23,daily_state,ndc_balance,195.67,227.06,159.88,75.85,0.1005,index,simulated,Synthetic Generator - Baseline,,Baseline balanced scenario - healthy supply chain
1880,7,Exchange Registration_Entity,USA,2025-08-23,daily_state,ndc_balance,278.28,269.9,258.03,94.15,1.245,index,simulated,Synthetic Generator - Baseline,,Baseline balanced scenario - healthy supply chain
1881,0,Geological Prospecting_Entity,USA,2025-08-24,daily_state,ndc_balance,218.4,204.66,186.41,88.17,0.5027,index,simulated,Synthetic Generator - Baseline,,Baseline balanced scenario - healthy supply chain
1882,1,Mine Extraction_Entity,USA,2025-08-24,daily_state,ndc_balance,241.38,259.68,217.45,86.85,0.29,index,simulated,Synthetic Generator - Baseline,,Baseline balanced scenario - healthy supply chain
1883,2,Ore Processing_Entity,USA,2025-08-24,daily_state,ndc_balance,276.96,270.17,260.47,95.22,1.7851,index,simulated,Synthetic Generator - Baseline,,Baseline balanced scenario - healthy supply chain
1884,3,Doré Production_Entity,USA,2025-08-24,daily_state,ndc_balance,218.94,253.32,179.52,76.23,0.0839,index,simulated,Synthetic Generator - Baseline,,Baseline balanced scenario - healthy supply chain
1885,4,Refining_Entity,USA,2025-08-24,daily_state,ndc_balance,273.54,244.91,209.93,81.11,0.1205,index,simulated,Synthetic Generator - Baseline,,Baseline balanced scenario - healthy supply chain
1886,5,Bar Casting & Assay_Entity,USA,2025-08-24,daily_state,ndc_balance,268.6,240.9,206.97,81.36,0.1287,index,simulated,Synthetic Generator - Baseline,,Baseline balanced scenario - healthy supply chain
1887,6,Logistics & Vaulting_Entity,USA,2025-08-24,daily_state,ndc_balance,181.84,176.18,168.19,93.97,2.3796,index,simulated,Synthetic Generator - Baseline,,Baseline balanced scenario - healthy supply chain
1888,7,Exchange Registration_Entity,USA,2025-08-24,daily_state,ndc_balance,247.01,278.35,209.34,79.84,0.1008,index,simulated,Synthetic Generator - Baseline,,Baseline balanced scenario - healthy supply chain
1889,0,Geological Prospecting_Entity,USA,2025-08-25,daily_state,ndc_balance,185.59,182.33,177.61,96.55,4.8548,index,simulated,Synthetic Generator - Baseline,,Baseline balanced scenario - healthy supply chain
1890,1,Mine Extraction_Entity,USA,2025-08-25,daily_state,ndc_balance,221.92,242.89,195.35,84.14,0.2223,index,simulated,Synthetic Generator - Baseline,,Baseline balanced scenario - healthy supply chain
1891,2,Ore Processing_Entity,USA,2025-08-25,daily_state,ndc_balance,270.8,263.56,253.25,94.8,1.6034,index,simulated,Synthetic Generator - Baseline,,Baseline balanced scenario - healthy supply chain
1892,3,Doré Production_Entity,USA,2025-08-25,daily_state,ndc_balance,217.41,208.34,195.79,91.99,1.0834,index,simulated,Synthetic Generator - Baseline,,Baseline balanced scenario - healthy supply chain
1893,4,Refining_Entity,USA,2025-08-25,daily_state,ndc_balance,270.02,244.53,212.76,82.8,0.1516,index,simulated,Synthetic Generator - Baseline,,Baseline balanced scenario - healthy supply chain
1894,5,Bar Casting & Assay_Entity,USA,2025-08-25,daily_state,ndc_balance,257.8,233.51,203.21,82.82,0.1667,index,simulated,Synthetic Generator - Baseline,,Baseline balanced scenario - healthy supply chain
1895,6,Logistics & Vaulting_Entity,USA,2025-08-25,daily_state,ndc_balance,195.77,212.9,173.81,85.13,0.3295,index,simulated,Synthetic Generator - Baseline,,Baseline balanced scenario - healthy supply chain
1896,7,Exchange Registration_Entity,USA,2025-08-25,daily_state,ndc_balance,281.85,262.02,236.09,86.88,0.2481,index,simulated,Synthetic Generator - Baseline,,Baseline balanced scenario - healthy supply chain
1897,0,Geological Prospecting_Entity,USA,2025-08-26,daily_state,ndc_balance,216.43,199.72,178.17,85.7,0.346,index,simulated,Synthetic Generator - Baseline,,Baseline balanced scenario - healthy supply chain
1898,1,Mine Extraction_Entity,USA,2025-08-26,daily_state,ndc_balance,252.69,238.19,218.75,89.16,0.4545,index,simulated,Synthetic Generator - Baseline,,Baseline balanced scenario - healthy supply chain
1899,2,Ore Processing_Entity,USA,2025-08-26,daily_state,ndc_balance,270.1,272.87,266.03,97.99,5.6602,index,simulated,Synthetic Generator - Baseline,,Baseline balanced scenario - healthy supply chain
1900,3,Doré Production_Entity,USA,2025-08-26,daily_state,ndc_balance,217.67,210.77,201.03,93.86,1.7362,index,simulated,Synthetic Generator - Baseline,,Baseline balanced scenario - healthy supply chain
1901,4,Refining_Entity,USA,2025-08-26,daily_state,ndc_balance,241.74,225.25,203.59,87.25,0.3547,index,simulated,Synthetic Generator - Baseline,,Baseline balanced scenario - healthy supply chain
1902,5,Bar Casting & Assay_Entity,USA,2025-08-26,daily_state,ndc_balance,234.31,251.93,211.25,86.95,0.3122,index,simulated,Synthetic Generator - Baseline,,Baseline balanced scenario - healthy supply chain
1903,6,Logistics & Vaulting_Entity,USA,2025-08-26,daily_state,ndc_balance,179.18,198.3,155.43,82.46,0.2662,index,simulated,Synthetic Generator - Baseline,,Baseline balanced scenario - healthy supply chain
1904,7,Exchange Registration_Entity,USA,2025-08-26,daily_state,ndc_balance,273.09,233.62,189.18,74.9,0.0638,index,simulated,Synthetic Generator - Baseline,,Baseline balanced scenario - healthy supply chain
1905,0,Geological Prospecting_Entity,USA,2025-08-27,daily_state,ndc_balance,221.94,218.29,212.98,96.76,4.282,index,simulated,Synthetic Generator - Baseline,,Baseline balanced scenario - healthy supply chain
1906,1,Mine Extraction_Entity,USA,2025-08-27,daily_state,ndc_balance,237.21,251.26,218.31,89.42,0.4823,index,simulated,Synthetic Generator - Baseline,,Baseline balanced scenario - healthy supply chain
1907,2,Ore Processing_Entity,USA,2025-08-27,daily_state,ndc_balance,259.27,270.45,243.79,92.06,0.7406,index,simulated,Synthetic Generator - Baseline,,Baseline balanced scenario - healthy supply chain
1908,3,Doré Production_Entity,USA,2025-08-27,daily_state,ndc_balance,213.15,196.42,174.89,85.47,0.3449,index,simulated,Synthetic Generator - Baseline,,Baseline balanced scenario - healthy supply chain
1909,4,Refining_Entity,USA,2025-08-27,daily_state,ndc_balance,256.38,251.47,244.37,96.24,2.9328,index,simulated,Synthetic Generator - Baseline,,Baseline balanced scenario - healthy supply chain
1910,5,Bar Casting & Assay_Entity,USA,2025-08-27,daily_state,ndc_balance,246.15,227.38,203.12,85.85,0.276,index,simulated,Synthetic Generator - Baseline,,Baseline balanced scenario - healthy supply chain
1911,6,Logistics & Vaulting_Entity,USA,2025-08-27,daily_state,ndc_balance,186.12,193.54,175.78,92.62,1.5365,index,simulated,Synthetic Generator - Baseline,,Baseline balanced scenario - healthy supply chain
1912,7,Exchange Registration_Entity,USA,2025-08-27,daily_state,ndc_balance,271.45,271.98,270.65,99.61,9.7223,index,simulated,Synthetic Generator - Baseline,,Baseline balanced scenario - healthy supply chain
1913,0,Geological Prospecting_Entity,USA,2025-08-28,daily_state,ndc_balance,201.66,224.46,173.64,81.61,0.1887,index,simulated,Synthetic Generator - Baseline,,Baseline balanced scenario - healthy supply chain
1914,1,Mine Extraction_Entity,USA,2025-08-28,daily_state,ndc_balance,234.07,252.14,210.49,86.64,0.2969,index,simulated,Synthetic Generator - Baseline,,Baseline balanced scenario - healthy supply chain
1915,2,Ore Processing_Entity,USA,2025-08-28,daily_state,ndc_balance,289.44,277.02,259.89,91.78,0.6094,index,simulated,Synthetic Generator - Baseline,,Baseline balanced scenario - healthy supply chain
1916,3,Doré Production_Entity,USA,2025-08-28,daily_state,ndc_balance,228.67,218.86,205.31,91.78,0.9407,index,simulated,Synthetic Generator - Baseline,,Baseline balanced scenario - healthy supply chain
1917,4,Refining_Entity,USA,2025-08-28,daily_state,ndc_balance,277.25,227.75,175.83,69.97,0.0407,index,simulated,Synthetic Generator - Baseline,,Baseline balanced scenario - healthy supply chain
1918,5,Bar Casting & Assay_Entity,USA,2025-08-28,daily_state,ndc_balance,237.16,241.21,231.27,96.69,3.783,index,simulated,Synthetic Generator - Baseline,,Baseline balanced scenario - healthy supply chain
1919,6,Logistics & Vaulting_Entity,USA,2025-08-28,daily_state,ndc_balance,210.27,195.2,175.54,86.65,0.4217,index,simulated,Synthetic Generator - Baseline,,Baseline balanced scenario - healthy supply chain
1920,7,Exchange Registration_Entity,USA,2025-08-28,daily_state,ndc_balance,257.19,262.78,249.14,95.83,2.4222,index,simulated,Synthetic Generator - Baseline,,Baseline balanced scenario - healthy supply chain
1921,0,Geological Prospecting_Entity,USA,2025-08-29,daily_state,ndc_balance,202.12,190.3,174.46,88.95,0.667,index,simulated,Synthetic Generator - Baseline,,Baseline balanced scenario - healthy supply chain
1922,1,Mine Extraction_Entity,USA,2025-08-29,daily_state,ndc_balance,266.02,218.38,168.46,69.89,0.0439,index,simulated,Synthetic Generator - Baseline,,Baseline balanced scenario - healthy supply chain
1923,2,Ore Processing_Entity,USA,2025-08-29,daily_state,ndc_balance,295.47,282.98,265.71,91.89,0.6023,index,simulated,Synthetic Generator - Baseline,,Baseline balanced scenario - healthy supply chain
1924,3,Doré Production_Entity,USA,2025-08-29,daily_state,ndc_balance,247.7,219.74,186.15,79.79,0.1263,index,simulated,Synthetic Generator - Baseline,,Baseline balanced scenario - healthy supply chain
1925,4,Refining_Entity,USA,2025-08-29,daily_state,ndc_balance,259.09,227.28,189.82,78.22,0.0978,index,simulated,Synthetic Generator - Baseline,,Baseline balanced scenario - healthy supply chain
1926,5,Bar Casting & Assay_Entity,USA,2025-08-29,daily_state,ndc_balance,243.47,256.96,225.2,90.03,0.5211,index,simulated,Synthetic Generator - Baseline,,Baseline balanced scenario - healthy supply chain
1927,6,Logistics & Vaulting_Entity,USA,2025-08-29,daily_state,ndc_balance,210.78,168.14,125.62,66.73,0.0547,index,simulated,Synthetic Generator - Baseline,,Baseline balanced scenario - healthy supply chain
1928,7,Exchange Registration_Entity,USA,2025-08-29,daily_state,ndc_balance,265.86,265.35,264.59,99.62,9.7477,index,simulated,Synthetic Generator - Baseline,,Baseline balanced scenario - healthy supply chain
1929,0,Geological Prospecting_Entity,USA,2025-08-30,daily_state,ndc_balance,190.08,213.45,161.8,80.33,0.1797,index,simulated,Synthetic Generator - Baseline,,Baseline balanced scenario - healthy supply chain
1930,1,Mine Extraction_Entity,USA,2025-08-30,daily_state,ndc_balance,240.15,239.29,238.01,99.29,9.312,index,simulated,Synthetic Generator - Baseline,,Baseline balanced scenario - healthy supply chain
1931,2,Ore Processing_Entity,USA,2025-08-30,daily_state,ndc_balance,264.23,253.6,238.85,92.27,0.8129,index,simulated,Synthetic Generator - Baseline,,Baseline balanced scenario - healthy supply chain
1932,3,Doré Production_Entity,USA,2025-08-30,daily_state,ndc_balance,230.91,223.93,214.05,94.14,1.7039,index,simulated,Synthetic Generator - Baseline,,Baseline balanced scenario - healthy supply chain
1933,4,Refining_Entity,USA,2025-08-30,daily_state,ndc_balance,255.43,239.7,218.76,88.41,0.3881,index,simulated,Synthetic Generator - Baseline,,Baseline balanced scenario - healthy supply chain
1934,5,Bar Casting & Assay_Entity,USA,2025-08-30,daily_state,ndc_balance,255.8,277.57,227.78,85.48,0.2066,index,simulated,Synthetic Generator - Baseline,,Baseline balanced scenario - healthy supply chain
1935,6,Logistics & Vaulting_Entity,USA,2025-08-30,daily_state,ndc_balance,193.11,205.74,176.3,88.45,0.59,index,simulated,Synthetic Generator - Baseline,,Baseline balanced scenario - healthy supply chain
1936,7,Exchange Registration_Entity,USA,2025-08-30,daily_state,ndc_balance,250.16,270.65,223.64,85.95,0.2326,index,simulated,Synthetic Generator - Baseline,,Baseline balanced scenario - healthy supply chain
1937,0,Geological Prospecting_Entity,USA,2025-08-31,daily_state,ndc_balance,194.27,176.0,153.2,82.85,0.2909,index,simulated,Synthetic Generator - Baseline,,Baseline balanced scenario - healthy supply chain
1938,1,Mine Extraction_Entity,USA,2025-08-31,daily_state,ndc_balance,239.64,264.04,209.1,83.13,0.1652,index,simulated,Synthetic Generator - Baseline,,Baseline balanced scenario - healthy supply chain
1939,2,Ore Processing_Entity,USA,2025-08-31,daily_state,ndc_balance,284.98,271.96,254.08,91.27,0.5569,index,simulated,Synthetic Generator - Baseline,,Baseline balanced scenario - healthy supply chain
1940,3,Doré Production_Entity,USA,2025-08-31,daily_state,ndc_balance,207.74,224.05,186.51,86.45,0.3622,index,simulated,Synthetic Generator - Baseline,,Baseline balanced scenario - healthy supply chain
1941,4,Refining_Entity,USA,2025-08-31,daily_state,ndc_balance,265.25,255.74,242.43,93.08,0.9953,index,simulated,Synthetic Generator - Baseline,,Baseline balanced scenario - healthy supply chain
1942,5,Bar Casting & Assay_Entity,USA,2025-08-31,daily_state,ndc_balance,223.07,231.56,211.21,92.93,1.2194,index,simulated,Synthetic Generator - Baseline,,Baseline balanced scenario - healthy supply chain
1943,6,Logistics & Vaulting_Entity,USA,2025-08-31,daily_state,ndc_balance,189.77,197.24,179.35,92.71,1.5202,index,simulated,Synthetic Generator - Baseline,,Baseline balanced scenario - healthy supply chain
1944,7,Exchange Registration_Entity,USA,2025-08-31,daily_state,ndc_balance,237.79,264.66,204.75,81.62,0.1365,index,simulated,Synthetic Generator - Baseline,,Baseline balanced scenario - healthy supply chain
1945,0,Geological Prospecting_Entity,USA,2025-09-01,daily_state,ndc_balance,212.64,217.68,205.39,95.47,2.8172,index,simulated,Synthetic Generator - Baseline,,Baseline balanced scenario - healthy supply chain
1946,1,Mine Extraction_Entity,USA,2025-09-01,daily_state,ndc_balance,260.88,252.88,241.56,94.05,1.35,index,simulated,Synthetic Generator - Baseline,,Baseline balanced scenario - healthy supply chain
1947,2,Ore Processing_Entity,USA,2025-09-01,daily_state,ndc_balance,258.49,233.05,201.58,82.13,0.1521,index,simulated,Synthetic Generator - Baseline,,Baseline balanced scenario - healthy supply chain
1948,3,Doré Production_Entity,USA,2025-09-01,daily_state,ndc_balance,224.59,245.42,198.13,84.39,0.2253,index,simulated,Synthetic Generator - Baseline,,Baseline balanced scenario - healthy supply chain
1949,4,Refining_Entity,USA,2025-09-01,daily_state,ndc_balance,281.39,265.18,243.44,89.12,0.3666,index,simulated,Synthetic Generator - Baseline,,Baseline balanced scenario - healthy supply chain
1950,5,Bar Casting & Assay_Entity,USA,2025-09-01,daily_state,ndc_balance,256.93,254.23,250.25,97.92,5.7756,index,simulated,Synthetic Generator - Baseline,,Baseline balanced scenario - healthy supply chain
1951,6,Logistics & Vaulting_Entity,USA,2025-09-01,daily_state,ndc_balance,182.15,185.05,177.92,96.91,5.427,index,simulated,Synthetic Generator - Baseline,,Baseline balanced scenario - healthy supply chain
1952,7,Exchange Registration_Entity,USA,2025-09-01,daily_state,ndc_balance,295.53,250.43,200.48,73.7,0.0489,index,simulated,Synthetic Generator - Baseline,,Baseline balanced scenario - healthy supply chain
1953,0,Geological Prospecting_Entity,USA,2025-09-02,daily_state,ndc_balance,234.52,196.44,155.12,72.27,0.0685,index,simulated,Synthetic Generator - Baseline,,Baseline balanced scenario - healthy supply chain
1954,1,Mine Extraction_Entity,USA,2025-09-02,daily_state,ndc_balance,270.18,216.91,163.21,67.42,0.0351,index,simulated,Synthetic Generator - Baseline,,Baseline balanced scenario - healthy supply chain
1955,2,Ore Processing_Entity,USA,2025-09-02,daily_state,ndc_balance,279.09,253.98,222.39,83.53,0.1561,index,simulated,Synthetic Generator - Baseline,,Baseline balanced scenario - healthy supply chain
1956,3,Doré Production_Entity,USA,2025-09-02,daily_state,ndc_balance,209.07,231.17,181.58,82.59,0.2006,index,simulated,Synthetic Generator - Baseline,,Baseline balanced scenario - healthy supply chain
1957,4,Refining_Entity,USA,2025-09-02,daily_state,ndc_balance,275.44,237.03,193.32,75.66,0.0673,index,simulated,Synthetic Generator - Baseline,,Baseline balanced scenario - healthy supply chain
1958,5,Bar Casting & Assay_Entity,USA,2025-09-02,daily_state,ndc_balance,227.81,245.58,204.66,86.52,0.3069,index,simulated,Synthetic Generator - Baseline,,Baseline balanced scenario - healthy supply chain
1959,6,Logistics & Vaulting_Entity,USA,2025-09-02,daily_state,ndc_balance,188.99,197.11,177.74,92.09,1.3164,index,simulated,Synthetic Generator - Baseline,,Baseline balanced scenario - healthy supply chain
1960,7,Exchange Registration_Entity,USA,2025-09-02,daily_state,ndc_balance,284.54,266.17,241.86,87.89,0.2877,index,simulated,Synthetic Generator - Baseline,,Baseline balanced scenario - healthy supply chain
1961,0,Geological Prospecting_Entity,USA,2025-09-03,daily_state,ndc_balance,237.98,206.16,169.52,76.53,0.0978,index,simulated,Synthetic Generator - Baseline,,Baseline balanced scenario - healthy supply chain
1962,1,Mine Extraction_Entity,USA,2025-09-03,daily_state,ndc_balance,244.96,213.11,176.17,77.11,0.0977,index,simulated,Synthetic Generator - Baseline,,Baseline balanced scenario - healthy supply chain
1963,2,Ore Processing_Entity,USA,2025-09-03,daily_state,ndc_balance,266.21,261.07,253.63,96.21,2.7415,index,simulated,Synthetic Generator - Baseline,,Baseline balanced scenario - healthy supply chain
1964,3,Doré Production_Entity,USA,2025-09-03,daily_state,ndc_balance,244.56,235.45,222.73,92.82,1.0753,index,simulated,Synthetic Generator - Baseline,,Baseline balanced scenario - healthy supply chain
1965,4,Refining_Entity,USA,2025-09-03,daily_state,ndc_balance,242.46,255.22,225.09,90.48,0.5786,index,simulated,Synthetic Generator - Baseline,,Baseline balanced scenario - healthy supply chain
1966,5,Bar Casting & Assay_Entity,USA,2025-09-03,daily_state,ndc_balance,260.22,274.63,240.71,90.04,0.46,index,simulated,Synthetic Generator - Baseline,,Baseline balanced scenario - healthy supply chain
1967,6,Logistics & Vaulting_Entity,USA,2025-09-03,daily_state,ndc_balance,203.46,200.82,196.94,97.43,5.8788,index,simulated,Synthetic Generator - Baseline,,Baseline balanced scenario - healthy supply chain
1968,7,Exchange Registration_Entity,USA,2025-09-03,daily_state,ndc_balance,271.05,274.11,266.56,97.79,5.1677,index,simulated,Synthetic Generator - Baseline,,Baseline balanced scenario - healthy supply chain
1969,0,Geological Prospecting_Entity,USA,2025-09-04,daily_state,ndc_balance,228.8,178.05,129.53,64.17,0.0387,index,simulated,Synthetic Generator - Baseline,,Baseline balanced scenario - healthy supply chain
1970,1,Mine Extraction_Entity,USA,2025-09-04,daily_state,ndc_balance,244.81,228.14,206.23,87.26,0.3471,index,simulated,Synthetic Generator - Baseline,,Baseline balanced scenario - healthy supply chain
1971,2,Ore Processing_Entity,USA,2025-09-04,daily_state,ndc_balance,275.74,289.19,257.31,91.12,0.5241,index,simulated,Synthetic Generator - Baseline,,Baseline balanced scenario - healthy supply chain
1972,3,Doré Production_Entity,USA,2025-09-04,daily_state,ndc_balance,221.1,184.02,144.23,71.5,0.0722,index,simulated,Synthetic Generator - Baseline,,Baseline balanced scenario - healthy supply chain
1973,4,Refining_Entity,USA,2025-09-04,daily_state,ndc_balance,253.87,268.49,234.15,89.68,0.4472,index,simulated,Synthetic Generator - Baseline,,Baseline balanced scenario - healthy supply chain
1974,5,Bar Casting & Assay_Entity,USA,2025-09-04,daily_state,ndc_balance,258.12,254.75,249.82,97.42,4.6852,index,simulated,Synthetic Generator - Baseline,,Baseline balanced scenario - healthy supply chain
1975,6,Logistics & Vaulting_Entity,USA,2025-09-04,daily_state,ndc_balance,185.85,164.02,138.04,79.06,0.2055,index,simulated,Synthetic Generator - Baseline,,Baseline balanced scenario - healthy supply chain
1976,7,Exchange Registration_Entity,USA,2025-09-04,daily_state,ndc_balance,277.78,252.03,219.8,83.07,0.1485,index,simulated,Synthetic Generator - Baseline,,Baseline balanced scenario - healthy supply chain
1977,0,Geological Prospecting_Entity,USA,2025-09-05,daily_state,ndc_balance,242.77,212.27,176.58,77.79,0.1064,index,simulated,Synthetic Generator - Baseline,,Baseline balanced scenario - healthy supply chain
1978,1,Mine Extraction_Entity,USA,2025-09-05,daily_state,ndc_balance,241.3,231.0,216.78,91.82,0.8619,index,simulated,Synthetic Generator - Baseline,,Baseline balanced scenario - healthy supply chain
1979,2,Ore Processing_Entity,USA,2025-09-05,daily_state,ndc_balance,268.61,262.69,254.19,95.69,2.221,index,simulated,Synthetic Generator - Baseline,,Baseline balanced scenario - healthy supply chain
1980,3,Doré Production_Entity,USA,2025-09-05,daily_state,ndc_balance,246.76,230.36,208.75,87.55,0.3585,index,simulated,Synthetic Generator - Baseline,,Baseline balanced scenario - healthy supply chain
1981,4,Refining_Entity,USA,2025-09-05,daily_state,ndc_balance,249.03,286.03,206.05,77.2,0.0725,index,simulated,Synthetic Generator - Baseline,,Baseline balanced scenario - healthy supply chain
1982,5,Bar Casting & Assay_Entity,USA,2025-09-05,daily_state,ndc_balance,250.75,260.84,236.69,92.55,0.8931,index,simulated,Synthetic Generator - Baseline,,Baseline balanced scenario - healthy supply chain
1983,6,Logistics & Vaulting_Entity,USA,2025-09-05,daily_state,ndc_balance,180.88,193.54,164.16,87.74,0.5874,index,simulated,Synthetic Generator - Baseline,,Baseline balanced scenario - healthy supply chain
1984,7,Exchange Registration_Entity,USA,2025-09-05,daily_state,ndc_balance,274.67,232.99,186.75,73.82,0.0572,index,simulated,Synthetic Generator - Baseline,,Baseline balanced scenario - healthy supply chain
1985,0,Geological Prospecting_Entity,USA,2025-09-06,daily_state,ndc_balance,240.24,225.24,205.31,88.26,0.4256,index,simulated,Synthetic Generator - Baseline,,Baseline balanced scenario - healthy supply chain
1986,1,Mine Extraction_Entity,USA,2025-09-06,daily_state,ndc_balance,244.05,222.16,194.62,83.58,0.2045,index,simulated,Synthetic Generator - Baseline,,Baseline balanced scenario - healthy supply chain
1987,2,Ore Processing_Entity,USA,2025-09-06,daily_state,ndc_balance,275.22,268.57,259.04,95.28,1.8424,index,simulated,Synthetic Generator - Baseline,,Baseline balanced scenario - healthy supply chain
1988,3,Doré Production_Entity,USA,2025-09-06,daily_state,ndc_balance,235.34,230.45,223.41,95.93,2.9506,index,simulated,Synthetic Generator - Baseline,,Baseline balanced scenario - healthy supply chain
1989,4,Refining_Entity,USA,2025-09-06,daily_state,ndc_balance,267.6,278.06,253.01,92.75,0.8379,index,simulated,Synthetic Generator - Baseline,,Baseline balanced scenario - healthy supply chain
1990,5,Bar Casting & Assay_Entity,USA,2025-09-06,daily_state,ndc_balance,258.53,228.11,191.93,79.03,0.1069,index,simulated,Synthetic Generator - Baseline,,Baseline balanced scenario - healthy supply chain
1991,6,Logistics & Vaulting_Entity,USA,2025-09-06,daily_state,ndc_balance,210.44,216.54,201.79,94.53,2.1229,index,simulated,Synthetic Generator - Baseline,,Baseline balanced scenario - healthy supply chain
1992,7,Exchange Registration_Entity,USA,2025-09-06,daily_state,ndc_balance,317.29,246.78,179.42,64.12,0.0201,index,simulated,Synthetic Generator - Baseline,,Baseline balanced scenario - healthy supply chain
1993,0,Geological Prospecting_Entity,USA,2025-09-07,daily_state,ndc_balance,213.7,164.57,118.41,63.14,0.0413,index,simulated,Synthetic Generator - Baseline,,Baseline balanced scenario - healthy supply chain
1994,1,Mine Extraction_Entity,USA,2025-09-07,daily_state,ndc_balance,258.35,232.18,199.99,81.66,0.1438,index,simulated,Synthetic Generator - Baseline,,Baseline balanced scenario - healthy supply chain
1995,2,Ore Processing_Entity,USA,2025-09-07,daily_state,ndc_balance,298.91,253.1,202.45,73.6,0.0474,index,simulated,Synthetic Generator - Baseline,,Baseline balanced scenario - healthy supply chain
1996,3,Doré Production_Entity,USA,2025-09-07,daily_state,ndc_balance,204.72,218.56,186.36,88.1,0.4959,index,simulated,Synthetic Generator - Baseline,,Baseline balanced scenario - healthy supply chain
1997,4,Refining_Entity,USA,2025-09-07,daily_state,ndc_balance,230.42,265.56,189.85,76.75,0.0803,index,simulated,Synthetic Generator - Baseline,,Baseline balanced scenario - healthy supply chain
1998,5,Bar Casting & Assay_Entity,USA,2025-09-07,daily_state,ndc_balance,219.08,247.56,185.02,79.45,0.1218,index,simulated,Synthetic Generator - Baseline,,Baseline balanced scenario - healthy supply chain
1999,6,Logistics & Vaulting_Entity,USA,2025-09-07,daily_state,ndc_balance,158.89,181.28,132.57,78.11,0.1956,index,simulated,Synthetic Generator - Baseline,,Baseline balanced scenario - healthy supply chain
2000,7,Exchange Registration_Entity,USA,2025-09-07,daily_state,ndc_balance,294.71,273.54,245.93,86.62,0.2183,index,simulated,Synthetic Generator - Baseline,,Baseline balanced scenario - healthy supply chain
2001,0,Geological Prospecting_Entity,USA,2025-09-08,daily_state,ndc_balance,197.2,201.56,190.93,95.77,3.4468,index,simulated,Synthetic Generator - Baseline,,Baseline balanced scenario - healthy supply chain
2002,1,Mine Extraction_Entity,USA,2025-09-08,daily_state,ndc_balance,250.42,250.63,250.11,99.84,9.9575,index,simulated,Synthetic Generator - Baseline,,Baseline balanced scenario - healthy supply chain
2003,2,Ore Processing_Entity,USA,2025-09-08,daily_state,ndc_balance,249.65,277.79,215.05,81.66,0.1247,index,simulated,Synthetic Generator - Baseline,,Baseline balanced scenario - healthy supply chain
2004,3,Doré Production_Entity,USA,2025-09-08,daily_state,ndc_balance,189.59,215.78,158.66,78.44,0.1436,index,simulated,Synthetic Generator - Baseline,,Baseline balanced scenario - healthy supply chain
2005,4,Refining_Entity,USA,2025-09-08,daily_state,ndc_balance,252.83,263.52,238.0,92.2,0.8042,index,simulated,Synthetic Generator - Baseline,,Baseline balanced scenario - healthy supply chain
2006,5,Bar Casting & Assay_Entity,USA,2025-09-08,daily_state,ndc_balance,250.49,221.82,187.49,79.54,0.1202,index,simulated,Synthetic Generator - Baseline,,Baseline balanced scenario - healthy supply chain
2007,6,Logistics & Vaulting_Entity,USA,2025-09-08,daily_state,ndc_balance,175.38,190.7,155.73,85.16,0.4086,index,simulated,Synthetic Generator - Baseline,,Baseline balanced scenario - healthy supply chain
2008,7,Exchange Registration_Entity,USA,2025-09-08,daily_state,ndc_balance,268.97,256.7,239.85,91.28,0.623,index,simulated,Synthetic Generator - Baseline,,Baseline balanced scenario - healthy supply chain
2009,0,Geological Prospecting_Entity,USA,2025-09-09,daily_state,ndc_balance,203.08,214.77,187.31,89.69,0.6825,index,simulated,Synthetic Generator - Baseline,,Baseline balanced scenario - healthy supply chain
2010,1,Mine Extraction_Entity,USA,2025-09-09,daily_state,ndc_balance,242.53,240.65,237.87,98.46,7.3893,index,simulated,Synthetic Generator - Baseline,,Baseline balanced scenario - healthy supply chain
2011,2,Ore Processing_Entity,USA,2025-09-09,daily_state,ndc_balance,302.85,241.61,180.53,66.74,0.0266,index,simulated,Synthetic Generator - Baseline,,Baseline balanced scenario - healthy supply chain
2012,3,Doré Production_Entity,USA,2025-09-09,daily_state,ndc_balance,202.52,241.34,160.26,72.49,0.0659,index,simulated,Synthetic Generator - Baseline,,Baseline balanced scenario - healthy supply chain
2013,4,Refining_Entity,USA,2025-09-09,daily_state,ndc_balance,250.12,246.51,241.25,97.16,4.3444,index,simulated,Synthetic Generator - Baseline,,Baseline balanced scenario - healthy supply chain
2014,5,Bar Casting & Assay_Entity,USA,2025-09-09,daily_state,ndc_balance,238.58,242.56,232.79,96.77,3.8681,index,simulated,Synthetic Generator - Baseline,,Baseline balanced scenario - healthy supply chain
2015,6,Logistics & Vaulting_Entity,USA,2025-09-09,daily_state,ndc_balance,214.28,201.68,184.82,88.91,0.5926,index,simulated,Synthetic Generator - Baseline,,Baseline balanced scenario - healthy supply chain
2016,7,Exchange Registration_Entity,USA,2025-09-09,daily_state,ndc_balance,283.23,241.75,195.22,74.61,0.0578,index,simulated,Synthetic Generator - Baseline,,Baseline balanced scenario - healthy supply chain
2017,0,Geological Prospecting_Entity,USA,2025-09-10,daily_state,ndc_balance,193.22,151.29,110.77,64.79,0.0565,index,simulated,Synthetic Generator - Baseline,,Baseline balanced scenario - healthy supply chain
2018,1,Mine Extraction_Entity,USA,2025-09-10,daily_state,ndc_balance,238.35,259.61,211.17,84.89,0.2164,index,simulated,Synthetic Generator - Baseline,,Baseline balanced scenario - healthy supply chain
2019,2,Ore Processing_Entity,USA,2025-09-10,daily_state,ndc_balance,278.24,263.4,243.33,89.88,0.4344,index,simulated,Synthetic Generator - Baseline,,Baseline balanced scenario - healthy supply chain
2020,3,Doré Production_Entity,USA,2025-09-10,daily_state,ndc_balance,230.15,214.99,194.98,87.65,0.4168,index,simulated,Synthetic Generator - Baseline,,Baseline balanced scenario - healthy supply chain
2021,4,Refining_Entity,USA,2025-09-10,daily_state,ndc_balance,263.56,266.18,259.71,98.05,5.936,index,simulated,Synthetic Generator - Baseline,,Baseline balanced scenario - healthy supply chain
2022,5,Bar Casting & Assay_Entity,USA,2025-09-10,daily_state,ndc_balance,226.25,252.79,193.86,81.06,0.14,index,simulated,Synthetic Generator - Baseline,,Baseline balanced scenario - healthy supply chain
2023,6,Logistics & Vaulting_Entity,USA,2025-09-10,daily_state,ndc_balance,204.48,179.92,150.85,78.65,0.1631,index,simulated,Synthetic Generator - Baseline,,Baseline balanced scenario - healthy supply chain
2024,7,Exchange Registration_Entity,USA,2025-09-10,daily_state,ndc_balance,281.0,318.06,236.81,79.21,0.0723,index,simulated,Synthetic Generator - Baseline,,Baseline balanced scenario - healthy supply chain
2025,0,Geological Prospecting_Entity,USA,2025-09-11,daily_state,ndc_balance,209.16,209.66,208.42,99.53,9.757,index,simulated,Synthetic Generator - Baseline,,Baseline balanced scenario - healthy supply chain
2026,1,Mine Extraction_Entity,USA,2025-09-11,daily_state,ndc_balance,239.66,245.85,230.82,95.09,2.0709,index,simulated,Synthetic Generator - Baseline,,Baseline balanced scenario - healthy supply chain
2027,2,Ore Processing_Entity,USA,2025-09-11,daily_state,ndc_balance,277.63,271.09,261.71,95.4,1.8938,index,simulated,Synthetic Generator - Baseline,,Baseline balanced scenario - healthy supply chain
2028,3,Doré Production_Entity,USA,2025-09-11,daily_state,ndc_balance,215.43,231.3,194.61,87.18,0.3822,index,simulated,Synthetic Generator - Baseline,,Baseline balanced scenario - healthy supply chain
2029,4,Refining_Entity,USA,2025-09-11,daily_state,ndc_balance,282.66,260.66,232.3,85.58,0.2024,index,simulated,Synthetic Generator - Baseline,,Baseline balanced scenario - healthy supply chain
2030,5,Bar Casting & Assay_Entity,USA,2025-09-11,daily_state,ndc_balance,265.16,243.32,215.42,84.81,0.2053,index,simulated,Synthetic Generator - Baseline,,Baseline balanced scenario - healthy supply chain
2031,6,Logistics & Vaulting_Entity,USA,2025-09-11,daily_state,ndc_balance,201.98,192.61,179.77,91.14,1.0231,index,simulated,Synthetic Generator - Baseline,,Baseline balanced scenario - healthy supply chain
2032,7,Exchange Registration_Entity,USA,2025-09-11,daily_state,ndc_balance,256.46,273.32,234.04,88.4,0.3402,index,simulated,Synthetic Generator - Baseline,,Baseline balanced scenario - healthy supply chain
2033,0,Geological Prospecting_Entity,USA,2025-09-12,daily_state,ndc_balance,196.14,191.42,184.66,95.3,3.0991,index,simulated,Synthetic Generator - Baseline,,Baseline balanced scenario - healthy supply chain
2034,1,Mine Extraction_Entity,USA,2025-09-12,daily_state,ndc_balance,253.85,248.16,239.98,95.61,2.3586,index,simulated,Synthetic Generator - Baseline,,Baseline balanced scenario - healthy supply chain
2035,2,Ore Processing_Entity,USA,2025-09-12,daily_state,ndc_balance,253.17,286.78,213.15,79.11,0.0878,index,simulated,Synthetic Generator - Baseline,,Baseline balanced scenario - healthy supply chain
2036,3,Doré Production_Entity,USA,2025-09-12,daily_state,ndc_balance,239.59,215.12,185.09,81.53,0.1643,index,simulated,Synthetic Generator - Baseline,,Baseline balanced scenario - healthy supply chain
2037,4,Refining_Entity,USA,2025-09-12,daily_state,ndc_balance,237.95,250.2,221.23,90.67,0.6245,index,simulated,Synthetic Generator - Baseline,,Baseline balanced scenario - healthy supply chain
2038,5,Bar Casting & Assay_Entity,USA,2025-09-12,daily_state,ndc_balance,244.32,249.85,236.38,95.67,2.4687,index,simulated,Synthetic Generator - Baseline,,Baseline balanced scenario - healthy supply chain
2039,6,Logistics & Vaulting_Entity,USA,2025-09-12,daily_state,ndc_balance,185.57,151.68,116.43,69.4,0.0863,index,simulated,Synthetic Generator - Baseline,,Baseline balanced scenario - healthy supply chain
2040,7,Exchange Registration_Entity,USA,2025-09-12,daily_state,ndc_balance,265.19,262.31,258.08,97.85,5.469,index,simulated,Synthetic Generator - Baseline,,Baseline balanced scenario - healthy supply chain
2041,0,Geological Prospecting_Entity,USA,2025-09-13,daily_state,ndc_balance,220.84,190.5,155.84,75.97,0.1075,index,simulated,Synthetic Generator - Baseline,,Baseline balanced scenario - healthy supply chain
2042,1,Mine Extraction_Entity,USA,2025-09-13,daily_state,ndc_balance,276.52,208.66,147.04,61.21,0.0217,index,simulated,Synthetic Generator - Baseline,,Baseline balanced scenario - healthy supply chain
2043,2,Ore Processing_Entity,USA,2025-09-13,daily_state,ndc_balance,291.01,264.03,230.29,83.08,0.1356,index,simulated,Synthetic Generator - Baseline,,Baseline balanced scenario - healthy supply chain
2044,3,Doré Production_Entity,USA,2025-09-13,daily_state,ndc_balance,244.23,229.51,209.86,88.64,0.4409,index,simulated,Synthetic Generator - Baseline,,Baseline balanced scenario - healthy supply chain
2045,4,Refining_Entity,USA,2025-09-13,daily_state,ndc_balance,278.43,246.1,207.51,79.27,0.0947,index,simulated,Synthetic Generator - Baseline,,Baseline balanced scenario - healthy supply chain
2046,5,Bar Casting & Assay_Entity,USA,2025-09-13,daily_state,ndc_balance,234.86,273.64,190.94,75.32,0.0661,index,simulated,Synthetic Generator - Baseline,,Baseline balanced scenario - healthy supply chain
2047,6,Logistics & Vaulting_Entity,USA,2025-09-13,daily_state,ndc_balance,189.64,192.06,186.09,97.51,6.3022,index,simulated,Synthetic Generator - Baseline,,Baseline balanced scenario - healthy supply chain
2048,7,Exchange Registration_Entity,USA,2025-09-13,daily_state,ndc_balance,289.86,249.5,203.55,75.69,0.061,index,simulated,Synthetic Generator - Baseline,,Baseline balanced scenario - healthy supply chain
2049,0,Geological Prospecting_Entity,USA,2025-09-14,daily_state,ndc_balance,220.64,192.75,160.15,77.66,0.1269,index,simulated,Synthetic Generator - Baseline,,Baseline balanced scenario - healthy supply chain
2050,1,Mine Extraction_Entity,USA,2025-09-14,daily_state,ndc_balance,249.73,244.67,237.37,96.03,2.81,index,simulated,Synthetic Generator - Baseline,,Baseline balanced scenario - healthy supply chain
2051,2,Ore Processing_Entity,USA,2025-09-14,daily_state,ndc_balance,249.21,254.35,241.79,96.04,2.744,index,simulated,Synthetic Generator - Baseline,,Baseline balanced scenario - healthy supply chain
2052,3,Doré Production_Entity,USA,2025-09-14,daily_state,ndc_balance,251.98,244.32,233.49,94.1,1.4572,index,simulated,Synthetic Generator - Baseline,,Baseline balanced scenario - healthy supply chain
2053,4,Refining_Entity,USA,2025-09-14,daily_state,ndc_balance,260.77,257.74,253.3,97.71,5.2199,index,simulated,Synthetic Generator - Baseline,,Baseline balanced scenario - healthy supply chain
2054,5,Bar Casting & Assay_Entity,USA,2025-09-14,daily_state,ndc_balance,247.3,272.79,215.45,82.95,0.1516,index,simulated,Synthetic Generator - Baseline,,Baseline balanced scenario - healthy supply chain
2055,6,Logistics & Vaulting_Entity,USA,2025-09-14,daily_state,ndc_balance,188.7,192.54,183.17,96.09,4.0455,index,simulated,Synthetic Generator - Baseline,,Baseline balanced scenario - healthy supply chain
2056,7,Exchange Registration_Entity,USA,2025-09-14,daily_state,ndc_balance,288.9,254.38,213.46,78.74,0.0832,index,simulated,Synthetic Generator - Baseline,,Baseline balanced scenario - healthy supply chain
2057,0,Geological Prospecting_Entity,USA,2025-09-15,daily_state,ndc_balance,235.5,176.15,123.03,60.41,0.0283,index,simulated,Synthetic Generator - Baseline,,Baseline balanced scenario - healthy supply chain
2058,1,Mine Extraction_Entity,USA,2025-09-15,daily_state,ndc_balance,276.56,236.99,192.29,75.11,0.0634,index,simulated,Synthetic Generator - Baseline,,Baseline balanced scenario - healthy supply chain
2059,2,Ore Processing_Entity,USA,2025-09-15,daily_state,ndc_balance,268.48,234.68,195.13,77.74,0.0868,index,simulated,Synthetic Generator - Baseline,,Baseline balanced scenario - healthy supply chain
2060,3,Doré Production_Entity,USA,2025-09-15,daily_state,ndc_balance,225.3,209.98,189.85,87.29,0.4087,index,simulated,Synthetic Generator - Baseline,,Baseline balanced scenario - healthy supply chain
2061,4,Refining_Entity,USA,2025-09-15,daily_state,ndc_balance,253.01,251.22,248.59,98.6,7.5921,index,simulated,Synthetic Generator - Baseline,,Baseline balanced scenario - healthy supply chain
2062,5,Bar Casting & Assay_Entity,USA,2025-09-15,daily_state,ndc_balance,266.49,252.43,233.4,89.99,0.4819,index,simulated,Synthetic Generator - Baseline,,Baseline balanced scenario - healthy supply chain
2063,6,Logistics & Vaulting_Entity,USA,2025-09-15,daily_state,ndc_balance,196.74,168.98,137.5,75.41,0.1281,index,simulated,Synthetic Generator - Baseline,,Baseline balanced scenario - healthy supply chain
2064,7,Exchange Registration_Entity,USA,2025-09-15,daily_state,ndc_balance,258.91,301.07,210.99,75.57,0.0559,index,simulated,Synthetic Generator - Baseline,,Baseline balanced scenario - healthy supply chain
2065,0,Geological Prospecting_Entity,USA,2025-09-16,daily_state,ndc_balance,201.54,233.87,164.67,75.85,0.0948,index,simulated,Synthetic Generator - Baseline,,Baseline balanced scenario - healthy supply chain
2066,1,Mine Extraction_Entity,USA,2025-09-16,daily_state,ndc_balance,248.92,244.1,237.12,96.2,3.0033,index,simulated,Synthetic Generator - Baseline,,Baseline balanced scenario - healthy supply chain
2067,2,Ore Processing_Entity,USA,2025-09-16,daily_state,ndc_balance,288.62,291.95,283.74,97.75,4.7495,index,simulated,Synthetic Generator - Baseline,,Baseline balanced scenario - healthy supply chain
2068,3,Doré Production_Entity,USA,2025-09-16,daily_state,ndc_balance,230.91,222.07,209.75,92.63,1.1345,index,simulated,Synthetic Generator - Baseline,,Baseline balanced scenario - healthy supply chain
2069,4,Refining_Entity,USA,2025-09-16,daily_state,ndc_balance,261.73,260.14,257.78,98.79,7.9787,index,simulated,Synthetic Generator - Baseline,,Baseline balanced scenario - healthy supply chain
2070,5,Bar Casting & Assay_Entity,USA,2025-09-16,daily_state,ndc_balance,265.94,249.13,226.83,88.13,0.3419,index,simulated,Synthetic Generator - Baseline,,Baseline balanced scenario - healthy supply chain
2071,6,Logistics & Vaulting_Entity,USA,2025-09-16,daily_state,ndc_balance,201.85,218.55,180.28,85.83,0.3464,index,simulated,Synthetic Generator - Baseline,,Baseline balanced scenario - healthy supply chain
2072,7,Exchange Registration_Entity,USA,2025-09-16,daily_state,ndc_balance,278.29,274.66,269.36,97.43,4.3233,index,simulated,Synthetic Generator - Baseline,,Baseline balanced scenario - healthy supply chain
2073,0,Geological Prospecting_Entity,USA,2025-09-17,daily_state,ndc_balance,190.27,157.09,121.98,70.56,0.09,index,simulated,Synthetic Generator - Baseline,,Baseline balanced scenario - healthy supply chain
2074,1,Mine Extraction_Entity,USA,2025-09-17,daily_state,ndc_balance,258.88,242.74,221.29,88.27,0.3695,index,simulated,Synthetic Generator - Baseline,,Baseline balanced scenario - healthy supply chain
2075,2,Ore Processing_Entity,USA,2025-09-17,daily_state,ndc_balance,265.33,273.83,253.33,93.98,1.2172,index,simulated,Synthetic Generator - Baseline,,Baseline balanced scenario - healthy supply chain
2076,3,Doré Production_Entity,USA,2025-09-17,daily_state,ndc_balance,232.15,249.74,209.14,86.86,0.3129,index,simulated,Synthetic Generator - Baseline,,Baseline balanced scenario - healthy supply chain
2077,4,Refining_Entity,USA,2025-09-17,daily_state,ndc_balance,264.35,241.0,211.53,83.81,0.1802,index,simulated,Synthetic Generator - Baseline,,Baseline balanced scenario - healthy supply chain
2078,5,Bar Casting & Assay_Entity,USA,2025-09-17,daily_state,ndc_balance,267.91,245.53,217.03,84.62,0.1959,index,simulated,Synthetic Generator - Baseline,,Baseline balanced scenario - healthy supply chain
2079,6,Logistics & Vaulting_Entity,USA,2025-09-17,daily_state,ndc_balance,200.95,180.85,156.07,81.87,0.2415,index,simulated,Synthetic Generator - Baseline,,Baseline balanced scenario - healthy supply chain
2080,7,Exchange Registration_Entity,USA,2025-09-17,daily_state,ndc_balance,263.31,270.96,252.44,94.51,1.4588,index,simulated,Synthetic Generator - Baseline,,Baseline balanced scenario - healthy supply chain
2081,0,Geological Prospecting_Entity,USA,2025-09-18,daily_state,ndc_balance,213.76,213.49,213.09,99.75,9.9276,index,simulated,Synthetic Generator - Baseline,,Baseline balanced scenario - healthy supply chain
2082,1,Mine Extraction_Entity,USA,2025-09-18,daily_state,ndc_balance,249.54,211.8,169.89,73.9,0.0697,index,simulated,Synthetic Generator - Baseline,,Baseline balanced scenario - healthy supply chain
2083,2,Ore Processing_Entity,USA,2025-09-18,daily_state,ndc_balance,267.08,284.15,244.3,88.68,0.332,index,simulated,Synthetic Generator - Baseline,,Baseline balanced scenario - healthy supply chain
2084,3,Doré Production_Entity,USA,2025-09-18,daily_state,ndc_balance,229.11,225.42,220.06,96.83,4.2361,index,simulated,Synthetic Generator - Baseline,,Baseline balanced scenario - healthy supply chain
2085,4,Refining_Entity,USA,2025-09-18,daily_state,ndc_balance,278.37,242.04,199.94,77.03,0.0752,index,simulated,Synthetic Generator - Baseline,,Baseline balanced scenario - healthy supply chain
2086,5,Bar Casting & Assay_Entity,USA,2025-09-18,daily_state,ndc_balance,230.43,246.97,208.66,87.47,0.3528,index,simulated,Synthetic Generator - Baseline,,Baseline balanced scenario - healthy supply chain
2087,6,Logistics & Vaulting_Entity,USA,2025-09-18,daily_state,ndc_balance,186.31,172.47,154.5,86.19,0.4959,index,simulated,Synthetic Generator - Baseline,,Baseline balanced scenario - healthy supply chain
2088,7,Exchange Registration_Entity,USA,2025-09-18,daily_state,ndc_balance,270.94,278.7,259.91,94.58,1.4231,index,simulated,Synthetic Generator - Baseline,,Baseline balanced scenario - healthy supply chain
2089,0,Geological Prospecting_Entity,USA,2025-09-19,daily_state,ndc_balance,213.98,210.82,206.22,97.09,5.0045,index,simulated,Synthetic Generator - Baseline,,Baseline balanced scenario - healthy supply chain
2090,1,Mine Extraction_Entity,USA,2025-09-19,daily_state,ndc_balance,281.32,239.13,192.15,74.08,0.0558,index,simulated,Synthetic Generator - Baseline,,Baseline balanced scenario - healthy supply chain
2091,2,Ore Processing_Entity,USA,2025-09-19,daily_state,ndc_balance,278.3,261.13,238.29,88.39,0.3282,index,simulated,Synthetic Generator - Baseline,,Baseline balanced scenario - healthy supply chain
2092,3,Doré Production_Entity,USA,2025-09-19,daily_state,ndc_balance,221.43,219.77,217.32,98.51,7.8451,index,simulated,Synthetic Generator - Baseline,,Baseline balanced scenario - healthy supply chain
2093,4,Refining_Entity,USA,2025-09-19,daily_state,ndc_balance,256.94,261.77,249.95,96.38,3.0026,index,simulated,Synthetic Generator - Baseline,,Baseline balanced scenario - healthy supply chain
2094,5,Bar Casting & Assay_Entity,USA,2025-09-19,daily_state,ndc_balance,289.36,237.41,183.03,69.83,0.0369,index,simulated,Synthetic Generator - Baseline,,Baseline balanced scenario - healthy supply chain
2095,6,Logistics & Vaulting_Entity,USA,2025-09-19,daily_state,ndc_balance,187.87,189.16,185.96,98.65,8.5757,index,simulated,Synthetic Generator - Baseline,,Baseline balanced scenario - healthy supply chain
2096,7,Exchange Registration_Entity,USA,2025-09-19,daily_state,ndc_balance,280.06,275.04,267.77,96.48,2.8429,index,simulated,Synthetic Generator - Baseline,,Baseline balanced scenario - healthy supply chain
2097,0,Geological Prospecting_Entity,USA,2025-09-20,daily_state,ndc_balance,233.96,162.09,105.34,54.09,0.0193,index,simulated,Synthetic Generator - Baseline,,Baseline balanced scenario - healthy supply chain
2098,1,Mine Extraction_Entity,USA,2025-09-20,daily_state,ndc_balance,218.9,236.83,195.68,85.94,0.3014,index,simulated,Synthetic Generator - Baseline,,Baseline balanced scenario - healthy supply chain
2099,2,Ore Processing_Entity,USA,2025-09-20,daily_state,ndc_balance,291.16,242.58,190.36,71.63,0.0422,index,simulated,Synthetic Generator - Baseline,,Baseline balanced scenario - healthy supply chain
2100,3,Doré Production_Entity,USA,2025-09-20,daily_state,ndc_balance,189.59,241.04,139.49,65.25,0.0376,index,simulated,Synthetic Generator - Baseline,,Baseline balanced scenario - healthy supply chain
2101,4,Refining_Entity,USA,2025-09-20,daily_state,ndc_balance,268.36,236.14,198.0,78.65,0.0954,index,simulated,Synthetic Generator - Baseline,,Baseline balanced scenario - healthy supply chain
2102,5,Bar Casting & Assay_Entity,USA,2025-09-20,daily_state,ndc_balance,239.92,233.31,223.9,94.64,1.8613,index,simulated,Synthetic Generator - Baseline,,Baseline balanced scenario - healthy supply chain
2103,6,Logistics & Vaulting_Entity,USA,2025-09-20,daily_state,ndc_balance,196.36,179.49,158.09,84.21,0.3394,index,simulated,Synthetic Generator - Baseline,,Baseline balanced scenario - healthy supply chain
2104,7,Exchange Registration_Entity,USA,2025-09-20,daily_state,ndc_balance,282.11,219.38,159.46,64.1,0.0253,index,simulated,Synthetic Generator - Baseline,,Baseline balanced scenario - healthy supply chain
2105,0,Geological Prospecting_Entity,USA,2025-09-21,daily_state,ndc_balance,202.45,185.98,164.89,84.98,0.3552,index,simulated,Synthetic Generator - Baseline,,Baseline balanced scenario - healthy supply chain
2106,1,Mine Extraction_Entity,USA,2025-09-21,daily_state,ndc_balance,251.46,236.56,216.64,88.82,0.431,index,simulated,Synthetic Generator - Baseline,,Baseline balanced scenario - healthy supply chain
2107,2,Ore Processing_Entity,USA,2025-09-21,daily_state,ndc_balance,287.27,237.78,185.17,70.85,0.0407,index,simulated,Synthetic Generator - Baseline,,Baseline balanced scenario - healthy supply chain
2108,3,Doré Production_Entity,USA,2025-09-21,daily_state,ndc_balance,235.99,241.29,228.36,95.7,2.6205,index,simulated,Synthetic Generator - Baseline,,Baseline balanced scenario - healthy supply chain
2109,4,Refining_Entity,USA,2025-09-21,daily_state,ndc_balance,293.15,247.57,197.4,73.27,0.0479,index,simulated,Synthetic Generator - Baseline,,Baseline balanced scenario - healthy supply chain
2110,5,Bar Casting & Assay_Entity,USA,2025-09-21,daily_state,ndc_balance,260.17,218.77,173.55,72.74,0.058,index,simulated,Synthetic Generator - Baseline,,Baseline balanced scenario - healthy supply chain
2111,6,Logistics & Vaulting_Entity,USA,2025-09-21,daily_state,ndc_balance,159.43,206.45,115.04,63.41,0.045,index,simulated,Synthetic Generator - Baseline,,Baseline balanced scenario - healthy supply chain
2112,7,Exchange Registration_Entity,USA,2025-09-21,daily_state,ndc_balance,275.22,292.46,252.16,88.88,0.3257,index,simulated,Synthetic Generator - Baseline,,Baseline balanced scenario - healthy supply chain
2113,0,Geological Prospecting_Entity,USA,2025-09-22,daily_state,ndc_balance,195.33,216.1,169.52,82.51,0.2265,index,simulated,Synthetic Generator - Baseline,,Baseline balanced scenario - healthy supply chain
2114,1,Mine Extraction_Entity,USA,2025-09-22,daily_state,ndc_balance,283.96,254.3,218.06,81.15,0.1124,index,simulated,Synthetic Generator - Baseline,,Baseline balanced scenario - healthy supply chain
2115,2,Ore Processing_Entity,USA,2025-09-22,daily_state,ndc_balance,280.08,271.9,260.3,94.33,1.2998,index,simulated,Synthetic Generator - Baseline,,Baseline balanced scenario - healthy supply chain
2116,3,Doré Production_Entity,USA,2025-09-22,daily_state,ndc_balance,212.37,256.15,165.71,71.05,0.0519,index,simulated,Synthetic Generator - Baseline,,Baseline balanced scenario - healthy supply chain
2117,4,Refining_Entity,USA,2025-09-22,daily_state,ndc_balance,256.77,265.83,244.05,93.41,1.0866,index,simulated,Synthetic Generator - Baseline,,Baseline balanced scenario - healthy supply chain
2118,5,Bar Casting & Assay_Entity,USA,2025-09-22,daily_state,ndc_balance,232.49,230.52,227.61,98.32,7.2015,index,simulated,Synthetic Generator - Baseline,,Baseline balanced scenario - healthy supply chain
2119,6,Logistics & Vaulting_Entity,USA,2025-09-22,daily_state,ndc_balance,217.46,185.49,149.69,74.53,0.0969,index,simulated,Synthetic Generator - Baseline,,Baseline balanced scenario - healthy supply chain
2120,7,Exchange Registration_Entity,USA,2025-09-22,daily_state,ndc_balance,297.73,270.34,236.02,83.19,0.1315,index,simulated,Synthetic Generator - Baseline,,Baseline balanced scenario - healthy supply chain
2121,0,Geological Prospecting_Entity,USA,2025-09-23,daily_state,ndc_balance,188.95,223.32,150.99,73.51,0.0839,index,simulated,Synthetic Generator - Baseline,,Baseline balanced scenario - healthy supply chain
2122,1,Mine Extraction_Entity,USA,2025-09-23,daily_state,ndc_balance,247.73,259.84,231.14,91.1,0.6385,index,simulated,Synthetic Generator - Baseline,,Baseline balanced scenario - healthy supply chain
2123,2,Ore Processing_Entity,USA,2025-09-23,daily_state,ndc_balance,276.96,244.49,205.83,79.1,0.094,index,simulated,Synthetic Generator - Baseline,,Baseline balanced scenario - healthy supply chain
2124,3,Doré Production_Entity,USA,2025-09-23,daily_state,ndc_balance,239.04,271.8,200.31,78.58,0.0924,index,simulated,Synthetic Generator - Baseline,,Baseline balanced scenario - healthy supply chain
2125,4,Refining_Entity,USA,2025-09-23,daily_state,ndc_balance,273.97,256.23,232.76,87.85,0.3078,index,simulated,Synthetic Generator - Baseline,,Baseline balanced scenario - healthy supply chain
2126,5,Bar Casting & Assay_Entity,USA,2025-09-23,daily_state,ndc_balance,272.71,256.06,233.87,88.5,0.348,index,simulated,Synthetic Generator - Baseline,,Baseline balanced scenario - healthy supply chain
2127,6,Logistics & Vaulting_Entity,USA,2025-09-23,daily_state,ndc_balance,199.72,172.61,141.53,76.23,0.1343,index,simulated,Synthetic Generator - Baseline,,Baseline balanced scenario - healthy supply chain
2128,7,Exchange Registration_Entity,USA,2025-09-23,daily_state,ndc_balance,280.09,290.9,264.99,92.83,0.7877,index,simulated,Synthetic Generator - Baseline,,Baseline balanced scenario - healthy supply chain
2129,0,Geological Prospecting_Entity,USA,2025-09-24,daily_state,ndc_balance,204.7,233.44,170.9,78.18,0.1197,index,simulated,Synthetic Generator - Baseline,,Baseline balanced scenario - healthy supply chain
2130,1,Mine Extraction_Entity,USA,2025-09-24,daily_state,ndc_balance,255.87,231.82,201.8,82.86,0.1699,index,simulated,Synthetic Generator - Baseline,,Baseline balanced scenario - healthy supply chain
2131,2,Ore Processing_Entity,USA,2025-09-24,daily_state,ndc_balance,292.21,267.63,236.36,84.52,0.1629,index,simulated,Synthetic Generator - Baseline,,Baseline balanced scenario - healthy supply chain
2132,3,Doré Production_Entity,USA,2025-09-24,daily_state,ndc_balance,248.64,227.54,200.74,84.39,0.2198,index,simulated,Synthetic Generator - Baseline,,Baseline balanced scenario - healthy supply chain
2133,4,Refining_Entity,USA,2025-09-24,daily_state,ndc_balance,266.35,266.68,265.85,99.75,9.8905,index,simulated,Synthetic Generator - Baseline,,Baseline balanced scenario - healthy supply chain
2134,5,Bar Casting & Assay_Entity,USA,2025-09-24,daily_state,ndc_balance,261.61,216.88,169.2,71.04,0.0497,index,simulated,Synthetic Generator - Baseline,,Baseline balanced scenario - healthy supply chain
2135,6,Logistics & Vaulting_Entity,USA,2025-09-24,daily_state,ndc_balance,180.42,209.52,147.28,75.75,0.1167,index,simulated,Synthetic Generator - Baseline,,Baseline balanced scenario - healthy supply chain
2136,7,Exchange Registration_Entity,USA,2025-09-24,daily_state,ndc_balance,275.26,263.37,246.96,91.72,0.6602,index,simulated,Synthetic Generator - Baseline,,Baseline balanced scenario - healthy supply chain
2137,0,Geological Prospecting_Entity,USA,2025-09-25,daily_state,ndc_balance,197.54,188.9,176.99,91.62,1.1811,index,simulated,Synthetic Generator - Baseline,,Baseline balanced scenario - healthy supply chain
2138,1,Mine Extraction_Entity,USA,2025-09-25,daily_state,ndc_balance,227.59,246.51,203.16,85.77,0.2718,index,simulated,Synthetic Generator - Baseline,,Baseline balanced scenario - healthy supply chain
2139,2,Ore Processing_Entity,USA,2025-09-25,daily_state,ndc_balance,268.94,255.94,238.17,90.78,0.5582,index,simulated,Synthetic Generator - Baseline,,Baseline balanced scenario - healthy supply chain
2140,3,Doré Production_Entity,USA,2025-09-25,daily_state,ndc_balance,236.9,239.89,232.52,97.54,5.2812,index,simulated,Synthetic Generator - Baseline,,Baseline balanced scenario - healthy supply chain
2141,4,Refining_Entity,USA,2025-09-25,daily_state,ndc_balance,299.32,231.12,166.76,63.4,0.0215,index,simulated,Synthetic Generator - Baseline,,Baseline balanced scenario - healthy supply chain
2142,5,Bar Casting & Assay_Entity,USA,2025-09-25,daily_state,ndc_balance,275.31,270.85,264.37,96.81,3.3464,index,simulated,Synthetic Generator - Baseline,,Baseline balanced scenario - healthy supply chain
2143,6,Logistics & Vaulting_Entity,USA,2025-09-25,daily_state,ndc_balance,186.23,196.99,171.72,89.65,0.795,index,simulated,Synthetic Generator - Baseline,,Baseline balanced scenario - healthy supply chain
2144,7,Exchange Registration_Entity,USA,2025-09-25,daily_state,ndc_balance,271.06,276.68,262.95,96.02,2.403,index,simulated,Synthetic Generator - Baseline,,Baseline balanced scenario - healthy supply chain
2145,0,Geological Prospecting_Entity,USA,2025-09-26,daily_state,ndc_balance,241.25,219.79,192.74,83.7,0.2126,index,simulated,Synthetic Generator - Baseline,,Baseline balanced scenario - healthy supply chain
2146,1,Mine Extraction_Entity,USA,2025-09-26,daily_state,ndc_balance,266.24,241.14,209.84,82.82,0.1563,index,simulated,Synthetic Generator - Baseline,,Baseline balanced scenario - healthy supply chain
2147,2,Ore Processing_Entity,USA,2025-09-26,daily_state,ndc_balance,256.35,270.13,237.62,90.3,0.4998,index,simulated,Synthetic Generator - Baseline,,Baseline balanced scenario - healthy supply chain
2148,3,Doré Production_Entity,USA,2025-09-26,daily_state,ndc_balance,256.71,206.4,155.54,67.57,0.0394,index,simulated,Synthetic Generator - Baseline,,Baseline balanced scenario - healthy supply chain
2149,4,Refining_Entity,USA,2025-09-26,daily_state,ndc_balance,252.78,261.16,240.97,93.79,1.2472,index,simulated,Synthetic Generator - Baseline,,Baseline balanced scenario - healthy supply chain
2150,5,Bar Casting & Assay_Entity,USA,2025-09-26,daily_state,ndc_balance,243.84,239.62,233.5,96.6,3.599,index,simulated,Synthetic Generator - Baseline,,Baseline balanced scenario - healthy supply chain
2151,6,Logistics & Vaulting_Entity,USA,2025-09-26,daily_state,ndc_balance,192.25,169.31,142.1,78.76,0.1863,index,simulated,Synthetic Generator - Baseline,,Baseline balanced scenario - healthy supply chain
2152,7,Exchange Registration_Entity,USA,2025-09-26,daily_state,ndc_balance,264.0,286.55,234.98,85.44,0.1928,index,simulated,Synthetic Generator - Baseline,,Baseline balanced scenario - healthy supply chain
2153,0,Geological Prospecting_Entity,USA,2025-09-27,daily_state,ndc_balance,199.69,180.68,157.02,82.66,0.2692,index,simulated,Synthetic Generator - Baseline,,Baseline balanced scenario - healthy supply chain
2154,1,Mine Extraction_Entity,USA,2025-09-27,daily_state,ndc_balance,249.85,262.62,232.43,90.74,0.5782,index,simulated,Synthetic Generator - Baseline,,Baseline balanced scenario - healthy supply chain
2155,2,Ore Processing_Entity,USA,2025-09-27,daily_state,ndc_balance,276.35,266.08,251.74,92.84,0.8661,index,simulated,Synthetic Generator - Baseline,,Baseline balanced scenario - healthy supply chain
2156,3,Doré Production_Entity,USA,2025-09-27,daily_state,ndc_balance,239.97,203.02,162.22,73.5,0.0727,index,simulated,Synthetic Generator - Baseline,,Baseline balanced scenario - healthy supply chain
2157,4,Refining_Entity,USA,2025-09-27,daily_state,ndc_balance,276.72,266.34,251.86,92.77,0.8494,index,simulated,Synthetic Generator - Baseline,,Baseline balanced scenario - healthy supply chain
2158,5,Bar Casting & Assay_Entity,USA,2025-09-27,daily_state,ndc_balance,253.16,272.55,227.85,86.74,0.2592,index,simulated,Synthetic Generator - Baseline,,Baseline balanced scenario - healthy supply chain
2159,6,Logistics & Vaulting_Entity,USA,2025-09-27,daily_state,ndc_balance,182.39,214.74,146.42,73.98,0.0946,index,simulated,Synthetic Generator - Baseline,,Baseline balanced scenario - healthy supply chain
2160,7,Exchange Registration_Entity,USA,2025-09-27,daily_state,ndc_balance,281.62,268.38,250.26,91.03,0.54,index,simulated,Synthetic Generator - Baseline,,Baseline balanced scenario - healthy supply chain
2161,0,Geological Prospecting_Entity,USA,2025-09-28,daily_state,ndc_balance,219.7,208.07,192.32,89.95,0.6881,index,simulated,Synthetic Generator - Baseline,,Baseline balanced scenario - healthy supply chain
2162,1,Mine Extraction_Entity,USA,2025-09-28,daily_state,ndc_balance,278.3,230.62,179.84,70.99,0.0438,index,simulated,Synthetic Generator - Baseline,,Baseline balanced scenario - healthy supply chain
2163,2,Ore Processing_Entity,USA,2025-09-28,daily_state,ndc_balance,268.56,293.65,236.71,84.29,0.1564,index,simulated,Synthetic Generator - Baseline,,Baseline balanced scenario - healthy supply chain
2164,3,Doré Production_Entity,USA,2025-09-28,daily_state,ndc_balance,231.07,251.21,205.23,85.18,0.2405,index,simulated,Synthetic Generator - Baseline,,Baseline balanced scenario - healthy supply chain
2165,4,Refining_Entity,USA,2025-09-28,daily_state,ndc_balance,295.49,252.77,204.67,74.89,0.0545,index,simulated,Synthetic Generator - Baseline,,Baseline balanced scenario - healthy supply chain
2166,5,Bar Casting & Assay_Entity,USA,2025-09-28,daily_state,ndc_balance,270.22,234.23,192.76,76.62,0.0766,index,simulated,Synthetic Generator - Baseline,,Baseline balanced scenario - healthy supply chain
2167,6,Logistics & Vaulting_Entity,USA,2025-09-28,daily_state,ndc_balance,211.32,198.59,181.6,88.65,0.5811,index,simulated,Synthetic Generator - Baseline,,Baseline balanced scenario - healthy supply chain
2168,7,Exchange Registration_Entity,USA,2025-09-28,daily_state,ndc_balance,287.1,263.38,233.11,84.77,0.1747,index,simulated,Synthetic Generator - Baseline,,Baseline balanced scenario - healthy supply chain
2169,0,Geological Prospecting_Entity,USA,2025-09-29,daily_state,ndc_balance,195.78,219.62,166.9,80.49,0.173,index,simulated,Synthetic Generator - Baseline,,Baseline balanced scenario - healthy supply chain
2170,1,Mine Extraction_Entity,USA,2025-09-29,daily_state,ndc_balance,229.75,244.85,209.66,88.4,0.4202,index,simulated,Synthetic Generator - Baseline,,Baseline balanced scenario - healthy supply chain
2171,2,Ore Processing_Entity,USA,2025-09-29,daily_state,ndc_balance,294.82,279.01,257.65,89.83,0.385,index,simulated,Synthetic Generator - Baseline,,Baseline balanced scenario - healthy supply chain
2172,3,Doré Production_Entity,USA,2025-09-29,daily_state,ndc_balance,269.92,254.01,232.72,88.88,0.3799,index,simulated,Synthetic Generator - Baseline,,Baseline balanced scenario - healthy supply chain
2173,4,Refining_Entity,USA,2025-09-29,daily_state,ndc_balance,260.89,261.05,260.65,99.88,9.9743,index,simulated,Synthetic Generator - Baseline,,Baseline balanced scenario - healthy supply chain
2174,5,Bar Casting & Assay_Entity,USA,2025-09-29,daily_state,ndc_balance,259.99,227.08,188.63,77.63,0.0915,index,simulated,Synthetic Generator - Baseline,,Baseline balanced scenario - healthy supply chain
2175,6,Logistics & Vaulting_Entity,USA,2025-09-29,daily_state,ndc_balance,186.59,185.46,183.79,98.8,8.8726,index,simulated,Synthetic Generator - Baseline,,Baseline balanced scenario - healthy supply chain
2176,7,Exchange Registration_Entity,USA,2025-09-29,daily_state,ndc_balance,250.15,276.41,217.45,82.7,0.143,index,simulated,Synthetic Generator - Baseline,,Baseline balanced scenario - healthy supply chain
2177,0,Geological Prospecting_Entity,USA,2025-09-30,daily_state,ndc_balance,217.66,181.0,141.73,71.4,0.0739,index,simulated,Synthetic Generator - Baseline,,Baseline balanced scenario - healthy supply chain
2178,1,Mine Extraction_Entity,USA,2025-09-30,daily_state,ndc_balance,267.45,264.0,258.94,97.45,4.5573,index,simulated,Synthetic Generator - Baseline,,Baseline balanced scenario - healthy supply chain
2179,2,Ore Processing_Entity,USA,2025-09-30,daily_state,ndc_balance,284.8,270.28,250.55,90.31,0.453,index,simulated,Synthetic Generator - Baseline,,Baseline balanced scenario - healthy supply chain
2180,3,Doré Production_Entity,USA,2025-09-30,daily_state,ndc_balance,250.26,248.36,245.54,98.49,7.3352,index,simulated,Synthetic Generator - Baseline,,Baseline balanced scenario - healthy supply chain
2181,4,Refining_Entity,USA,2025-09-30,daily_state,ndc_balance,276.0,246.27,210.18,80.62,0.1119,index,simulated,Synthetic Generator - Baseline,,Baseline balanced scenario - healthy supply chain
2182,5,Bar Casting & Assay_Entity,USA,2025-09-30,daily_state,ndc_balance,265.54,277.63,248.87,91.66,0.6402,index,simulated,Synthetic Generator - Baseline,,Baseline balanced scenario - healthy supply chain
2183,6,Logistics & Vaulting_Entity,USA,2025-09-30,daily_state,ndc_balance,192.44,233.88,148.85,70.16,0.0579,index,simulated,Synthetic Generator - Baseline,,Baseline balanced scenario - healthy supply chain
2184,7,Exchange Registration_Entity,USA,2025-09-30,daily_state,ndc_balance,273.51,276.7,268.83,97.72,4.9572,index,simulated,Synthetic Generator - Baseline,,Baseline balanced scenario - healthy supply chain
2185,0,Geological Prospecting_Entity,USA,2025-10-01,daily_state,ndc_balance,211.99,215.68,206.64,96.64,4.234,index,simulated,Synthetic Generator - Baseline,,Baseline balanced scenario - healthy supply chain
2186,1,Mine Extraction_Entity,USA,2025-10-01,daily_state,ndc_balance,235.95,241.83,227.52,95.25,2.2383,index,simulated,Synthetic Generator - Baseline,,Baseline balanced scenario - healthy supply chain
2187,2,Ore Processing_Entity,USA,2025-10-01,daily_state,ndc_balance,265.7,279.1,247.38,90.84,0.5274,index,simulated,Synthetic Generator - Baseline,,Baseline balanced scenario - healthy supply chain
2188,3,Doré Production_Entity,USA,2025-10-01,daily_state,ndc_balance,257.0,248.29,236.06,93.45,1.1659,index,simulated,Synthetic Generator - Baseline,,Baseline balanced scenario - healthy supply chain
2189,4,Refining_Entity,USA,2025-10-01,daily_state,ndc_balance,236.5,298.42,175.44,66.04,0.026,index,simulated,Synthetic Generator - Baseline,,Baseline balanced scenario - healthy supply chain
2190,5,Bar Casting & Assay_Entity,USA,2025-10-01,daily_state,ndc_balance,266.51,242.69,212.69,83.63,0.1732,index,simulated,Synthetic Generator - Baseline,,Baseline balanced scenario - healthy supply chain
2191,6,Logistics & Vaulting_Entity,USA,2025-10-01,daily_state,ndc_balance,204.44,199.83,193.23,95.6,3.208,index,simulated,Synthetic Generator - Baseline,,Baseline balanced scenario - healthy supply chain
2192,7,Exchange Registration_Entity,USA,2025-10-01,daily_state,ndc_balance,272.08,280.23,260.52,94.35,1.3087,index,simulated,Synthetic Generator - Baseline,,Baseline balanced scenario - healthy supply chain
2193,0,Geological Prospecting_Entity,USA,2025-10-02,daily_state,ndc_balance,213.64,204.93,192.84,92.16,1.1628,index,simulated,Synthetic Generator - Baseline,,Baseline balanced scenario - healthy supply chain
2194,1,Mine Extraction_Entity,USA,2025-10-02,daily_state,ndc_balance,252.46,226.42,194.51,81.36,0.1453,index,simulated,Synthetic Generator - Baseline,,Baseline balanced scenario - healthy supply chain
2195,2,Ore Processing_Entity,USA,2025-10-02,daily_state,ndc_balance,284.94,287.74,280.83,98.07,5.6114,index,simulated,Synthetic Generator - Baseline,,Baseline balanced scenario - healthy supply chain
2196,3,Doré Production_Entity,USA,2025-10-02,daily_state,ndc_balance,250.48,251.96,248.28,98.83,8.195,index,simulated,Synthetic Generator - Baseline,,Baseline balanced scenario - healthy supply chain
2197,4,Refining_Entity,USA,2025-10-02,daily_state,ndc_balance,277.62,252.62,221.17,83.52,0.1574,index,simulated,Synthetic Generator - Baseline,,Baseline balanced scenario - healthy supply chain
2198,5,Bar Casting & Assay_Entity,USA,2025-10-02,daily_state,ndc_balance,275.35,232.77,185.82,73.4,0.0548,index,simulated,Synthetic Generator - Baseline,,Baseline balanced scenario - healthy supply chain
2199,6,Logistics & Vaulting_Entity,USA,2025-10-02,daily_state,ndc_balance,189.25,179.85,167.05,90.55,1.0173,index,simulated,Synthetic Generator - Baseline,,Baseline balanced scenario - healthy supply chain
2200,7,Exchange Registration_Entity,USA,2025-10-02,daily_state,ndc_balance,298.96,294.18,287.22,96.85,3.0426,index,simulated,Synthetic Generator - Baseline,,Baseline balanced scenario - healthy supply chain
2201,0,Geological Prospecting_Entity,USA,2025-10-03,daily_state,ndc_balance,230.73,232.03,228.8,98.88,8.5522,index,simulated,Synthetic Generator - Baseline,,Baseline balanced scenario - healthy supply chain
2202,1,Mine Extraction_Entity,USA,2025-10-03,daily_state,ndc_balance,250.23,259.01,237.9,93.45,1.1483,index,simulated,Synthetic Generator - Baseline,,Baseline balanced scenario - healthy supply chain
2203,2,Ore Processing_Entity,USA,2025-10-03,daily_state,ndc_balance,281.54,292.98,265.63,92.49,0.7101,index,simulated,Synthetic Generator - Baseline,,Baseline balanced scenario - healthy supply chain
2204,3,Doré Production_Entity,USA,2025-10-03,daily_state,ndc_balance,241.69,230.81,215.84,91.39,0.7784,index,simulated,Synthetic Generator - Baseline,,Baseline balanced scenario - healthy supply chain
2205,4,Refining_Entity,USA,2025-10-03,daily_state,ndc_balance,281.53,278.51,274.06,97.87,5.2191,index,simulated,Synthetic Generator - Baseline,,Baseline balanced scenario - healthy supply chain
2206,5,Bar Casting & Assay_Entity,USA,2025-10-03,daily_state,ndc_balance,253.4,256.64,248.65,97.51,4.8759,index,simulated,Synthetic Generator - Baseline,,Baseline balanced scenario - healthy supply chain
2207,6,Logistics & Vaulting_Entity,USA,2025-10-03,daily_state,ndc_balance,187.54,152.77,116.82,69.02,0.082,index,simulated,Synthetic Generator - Baseline,,Baseline balanced scenario - healthy supply chain
2208,7,Exchange Registration_Entity,USA,2025-10-03,daily_state,ndc_balance,286.43,288.7,283.07,98.44,6.6007,index,simulated,Synthetic Generator - Baseline,,Baseline balanced scenario - healthy supply chain
2209,0,Geological Prospecting_Entity,USA,2025-10-04,daily_state,ndc_balance,228.0,178.16,130.17,64.59,0.0401,index,simulated,Synthetic Generator - Baseline,,Baseline balanced scenario - healthy supply chain
2210,1,Mine Extraction_Entity,USA,2025-10-04,daily_state,ndc_balance,258.8,213.32,165.33,70.37,0.0481,index,simulated,Synthetic Generator - Baseline,,Baseline balanced scenario - healthy supply chain
2211,2,Ore Processing_Entity,USA,2025-10-04,daily_state,ndc_balance,304.61,258.7,207.67,73.98,0.0472,index,simulated,Synthetic Generator - Baseline,,Baseline balanced scenario - healthy supply chain
2212,3,Doré Production_Entity,USA,2025-10-04,daily_state,ndc_balance,262.9,255.28,244.47,94.37,1.4696,index,simulated,Synthetic Generator - Baseline,,Baseline balanced scenario - healthy supply chain
2213,4,Refining_Entity,USA,2025-10-04,daily_state,ndc_balance,260.56,242.86,219.61,87.3,0.3095,index,simulated,Synthetic Generator - Baseline,,Baseline balanced scenario - healthy supply chain
2214,5,Bar Casting & Assay_Entity,USA,2025-10-04,daily_state,ndc_balance,269.32,243.06,210.51,82.28,0.1429,index,simulated,Synthetic Generator - Baseline,,Baseline balanced scenario - healthy supply chain
2215,6,Logistics & Vaulting_Entity,USA,2025-10-04,daily_state,ndc_balance,205.6,189.56,168.9,85.55,0.3741,index,simulated,Synthetic Generator - Baseline,,Baseline balanced scenario - healthy supply chain
2216,7,Exchange Registration_Entity,USA,2025-10-04,daily_state,ndc_balance,257.35,238.11,213.15,86.11,0.2629,index,simulated,Synthetic Generator - Baseline,,Baseline balanced scenario - healthy supply chain
2217,0,Geological Prospecting_Entity,USA,2025-10-05,daily_state,ndc_balance,228.09,203.65,173.94,80.71,0.1646,index,simulated,Synthetic Generator - Baseline,,Baseline balanced scenario - healthy supply chain
2218,1,Mine Extraction_Entity,USA,2025-10-05,daily_state,ndc_balance,256.4,266.28,242.6,92.85,0.9287,index,simulated,Synthetic Generator - Baseline,,Baseline balanced scenario - healthy supply chain
2219,2,Ore Processing_Entity,USA,2025-10-05,daily_state,ndc_balance,302.3,273.85,238.36,82.84,0.1221,index,simulated,Synthetic Generator - Baseline,,Baseline balanced scenario - healthy supply chain
2220,3,Doré Production_Entity,USA,2025-10-05,daily_state,ndc_balance,239.59,247.76,228.08,93.62,1.3022,index,simulated,Synthetic Generator - Baseline,,Baseline balanced scenario - healthy supply chain
2221,4,Refining_Entity,USA,2025-10-05,daily_state,ndc_balance,254.34,267.77,236.06,90.45,0.5252,index,simulated,Synthetic Generator - Baseline,,Baseline balanced scenario - healthy supply chain
2222,5,Bar Casting & Assay_Entity,USA,2025-10-05,daily_state,ndc_balance,272.97,271.0,268.08,98.56,7.1978,index,simulated,Synthetic Generator - Baseline,,Baseline balanced scenario - healthy supply chain
2223,6,Logistics & Vaulting_Entity,USA,2025-10-05,daily_state,ndc_balance,175.64,185.05,162.86,90.33,1.0151,index,simulated,Synthetic Generator - Baseline,,Baseline balanced scenario - healthy supply chain
2224,7,Exchange Registration_Entity,USA,2025-10-05,daily_state,ndc_balance,271.52,280.55,258.79,93.76,1.0918,index,simulated,Synthetic Generator - Baseline,,Baseline balanced scenario - healthy supply chain
2225,0,Geological Prospecting_Entity,USA,2025-10-06,daily_state,ndc_balance,232.51,241.18,220.38,93.06,1.1742,index,simulated,Synthetic Generator - Baseline,,Baseline balanced scenario - healthy supply chain
2226,1,Mine Extraction_Entity,USA,2025-10-06,daily_state,ndc_balance,257.87,245.28,228.1,90.7,0.5933,index,simulated,Synthetic Generator - Baseline,,Baseline balanced scenario - healthy supply chain
2227,2,Ore Processing_Entity,USA,2025-10-06,daily_state,ndc_balance,302.54,284.58,260.56,88.8,0.3005,index,simulated,Synthetic Generator - Baseline,,Baseline balanced scenario - healthy supply chain
2228,3,Doré Production_Entity,USA,2025-10-06,daily_state,ndc_balance,264.31,244.44,218.69,86.04,0.2468,index,simulated,Synthetic Generator - Baseline,,Baseline balanced scenario - healthy supply chain
2229,4,Refining_Entity,USA,2025-10-06,daily_state,ndc_balance,257.94,240.24,217.01,87.18,0.3093,index,simulated,Synthetic Generator - Baseline,,Baseline balanced scenario - healthy supply chain
2230,5,Bar Casting & Assay_Entity,USA,2025-10-06,daily_state,ndc_balance,242.03,271.16,206.65,80.67,0.1165,index,simulated,Synthetic Generator - Baseline,,Baseline balanced scenario - healthy supply chain
2231,6,Logistics & Vaulting_Entity,USA,2025-10-06,daily_state,ndc_balance,223.13,232.53,210.09,92.23,1.0167,index,simulated,Synthetic Generator - Baseline,,Baseline balanced scenario - healthy supply chain
2232,7,Exchange Registration_Entity,USA,2025-10-06,daily_state,ndc_balance,297.95,300.17,294.66,98.53,6.6893,index,simulated,Synthetic Generator - Baseline,,Baseline balanced scenario - healthy supply chain
2233,0,Geological Prospecting_Entity,USA,2025-10-07,daily_state,ndc_balance,217.18,193.89,165.59,80.7,0.181,index,simulated,Synthetic Generator - Baseline,,Baseline balanced scenario - healthy supply chain
2234,1,Mine Extraction_Entity,USA,2025-10-07,daily_state,ndc_balance,278.63,262.22,240.27,88.89,0.3581,index,simulated,Synthetic Generator - Baseline,,Baseline balanced scenario - healthy supply chain
2235,2,Ore Processing_Entity,USA,2025-10-07,daily_state,ndc_balance,287.49,286.67,285.46,99.43,9.3778,index,simulated,Synthetic Generator - Baseline,,Baseline balanced scenario - healthy supply chain
2236,3,Doré Production_Entity,USA,2025-10-07,daily_state,ndc_balance,250.73,262.81,234.14,91.21,0.6408,index,simulated,Synthetic Generator - Baseline,,Baseline balanced scenario - healthy supply chain
2237,4,Refining_Entity,USA,2025-10-07,daily_state,ndc_balance,295.3,274.5,247.29,86.86,0.2258,index,simulated,Synthetic Generator - Baseline,,Baseline balanced scenario - healthy supply chain
2238,5,Bar Casting & Assay_Entity,USA,2025-10-07,daily_state,ndc_balance,278.56,268.96,255.47,93.33,0.9771,index,simulated,Synthetic Generator - Baseline,,Baseline balanced scenario - healthy supply chain
2239,6,Logistics & Vaulting_Entity,USA,2025-10-07,daily_state,ndc_balance,198.96,213.32,180.06,87.4,0.4625,index,simulated,Synthetic Generator - Baseline,,Baseline balanced scenario - healthy supply chain
2240,7,Exchange Registration_Entity,USA,2025-10-07,daily_state,ndc_balance,264.96,298.67,224.46,79.79,0.0872,index,simulated,Synthetic Generator - Baseline,,Baseline balanced scenario - healthy supply chain
2241,0,Geological Prospecting_Entity,USA,2025-10-08,daily_state,ndc_balance,208.51,220.29,192.58,89.86,0.6725,index,simulated,Synthetic Generator - Baseline,,Baseline balanced scenario - healthy supply chain
2242,1,Mine Extraction_Entity,USA,2025-10-08,daily_state,ndc_balance,253.75,265.1,238.08,91.79,0.72,index,simulated,Synthetic Generator - Baseline,,Baseline balanced scenario - healthy supply chain
2243,2,Ore Processing_Entity,USA,2025-10-08,daily_state,ndc_balance,285.92,251.44,210.66,78.57,0.0834,index,simulated,Synthetic Generator - Baseline,,Baseline balanced scenario - healthy supply chain
2244,3,Doré Production_Entity,USA,2025-10-08,daily_state,ndc_balance,252.74,229.74,200.87,83.36,0.1856,index,simulated,Synthetic Generator - Baseline,,Baseline balanced scenario - healthy supply chain
2245,4,Refining_Entity,USA,2025-10-08,daily_state,ndc_balance,289.65,265.17,234.04,84.45,0.1641,index,simulated,Synthetic Generator - Baseline,,Baseline balanced scenario - healthy supply chain
2246,5,Bar Casting & Assay_Entity,USA,2025-10-08,daily_state,ndc_balance,272.36,242.91,207.19,80.55,0.114,index,simulated,Synthetic Generator - Baseline,,Baseline balanced scenario - healthy supply chain
2247,6,Logistics & Vaulting_Entity,USA,2025-10-08,daily_state,ndc_balance,197.59,191.89,183.8,94.39,2.3528,index,simulated,Synthetic Generator - Baseline,,Baseline balanced scenario - healthy supply chain
2248,7,Exchange Registration_Entity,USA,2025-10-08,daily_state,ndc_balance,299.28,310.34,283.8,93.12,0.7561,index,simulated,Synthetic Generator - Baseline,,Baseline balanced scenario - healthy supply chain
2249,0,Geological Prospecting_Entity,USA,2025-10-09,daily_state,ndc_balance,214.87,234.94,189.39,84.29,0.2422,index,simulated,Synthetic Generator - Baseline,,Baseline balanced scenario - healthy supply chain
2250,1,Mine Extraction_Entity,USA,2025-10-09,daily_state,ndc_balance,234.4,234.06,233.55,99.71,9.886,index,simulated,Synthetic Generator - Baseline,,Baseline balanced scenario - healthy supply chain
2251,2,Ore Processing_Entity,USA,2025-10-09,daily_state,ndc_balance,272.56,256.21,234.38,88.69,0.3605,index,simulated,Synthetic Generator - Baseline,,Baseline balanced scenario - healthy supply chain
2252,3,Doré Production_Entity,USA,2025-10-09,daily_state,ndc_balance,223.19,247.99,192.62,81.87,0.16,index,simulated,Synthetic Generator - Baseline,,Baseline balanced scenario - healthy supply chain
2253,4,Refining_Entity,USA,2025-10-09,daily_state,ndc_balance,273.74,272.39,270.38,99.02,8.4604,index,simulated,Synthetic Generator - Baseline,,Baseline balanced scenario - healthy supply chain
2254,5,Bar Casting & Assay_Entity,USA,2025-10-09,daily_state,ndc_balance,277.3,265.34,248.83,91.73,0.6529,index,simulated,Synthetic Generator - Baseline,,Baseline balanced scenario - healthy supply chain
2255,6,Logistics & Vaulting_Entity,USA,2025-10-09,daily_state,ndc_balance,216.81,199.31,176.87,85.09,0.3159,index,simulated,Synthetic Generator - Baseline,,Baseline balanced scenario - healthy supply chain
2256,7,Exchange Registration_Entity,USA,2025-10-09,daily_state,ndc_balance,269.14,299.6,231.72,81.6,0.1067,index,simulated,Synthetic Generator - Baseline,,Baseline balanced scenario - healthy supply chain
2257,0,Geological Prospecting_Entity,USA,2025-10-10,daily_state,ndc_balance,218.59,199.1,174.55,83.67,0.2565,index,simulated,Synthetic Generator - Baseline,,Baseline balanced scenario - healthy supply chain
2258,1,Mine Extraction_Entity,USA,2025-10-10,daily_state,ndc_balance,264.76,239.51,208.1,82.64,0.1544,index,simulated,Synthetic Generator - Baseline,,Baseline balanced scenario - healthy supply chain
2259,2,Ore Processing_Entity,USA,2025-10-10,daily_state,ndc_balance,281.17,287.14,272.57,95.93,2.1921,index,simulated,Synthetic Generator - Baseline,,Baseline balanced scenario - healthy supply chain
2260,3,Doré Production_Entity,USA,2025-10-10,daily_state,ndc_balance,252.66,224.78,191.13,80.2,0.1271,index,simulated,Synthetic Generator - Baseline,,Baseline balanced scenario - healthy supply chain
2261,4,Refining_Entity,USA,2025-10-10,daily_state,ndc_balance,270.12,285.28,249.59,89.91,0.4166,index,simulated,Synthetic Generator - Baseline,,Baseline balanced scenario - healthy supply chain
2262,5,Bar Casting & Assay_Entity,USA,2025-10-10,daily_state,ndc_balance,274.88,298.3,244.74,85.47,0.1791,index,simulated,Synthetic Generator - Baseline,,Baseline balanced scenario - healthy supply chain
2263,6,Logistics & Vaulting_Entity,USA,2025-10-10,daily_state,ndc_balance,225.13,221.54,216.32,96.86,4.3678,index,simulated,Synthetic Generator - Baseline,,Baseline balanced scenario - healthy supply chain
2264,7,Exchange Registration_Entity,USA,2025-10-10,daily_state,ndc_balance,266.61,294.69,231.66,82.65,0.1252,index,simulated,Synthetic Generator - Baseline,,Baseline balanced scenario - healthy supply chain
2265,0,Geological Prospecting_Entity,USA,2025-10-11,daily_state,ndc_balance,227.08,206.39,180.41,83.34,0.2281,index,simulated,Synthetic Generator - Baseline,,Baseline balanced scenario - healthy supply chain
2266,1,Mine Extraction_Entity,USA,2025-10-11,daily_state,ndc_balance,270.4,273.32,266.11,97.89,5.4019,index,simulated,Synthetic Generator - Baseline,,Baseline balanced scenario - healthy supply chain
2267,2,Ore Processing_Entity,USA,2025-10-11,daily_state,ndc_balance,295.39,265.49,228.72,81.67,0.1106,index,simulated,Synthetic Generator - Baseline,,Baseline balanced scenario - healthy supply chain
2268,3,Doré Production_Entity,USA,2025-10-11,daily_state,ndc_balance,259.02,229.83,194.75,79.82,0.116,index,simulated,Synthetic Generator - Baseline,,Baseline balanced scenario - healthy supply chain
2269,4,Refining_Entity,USA,2025-10-11,daily_state,ndc_balance,281.13,260.84,234.4,86.56,0.2372,index,simulated,Synthetic Generator - Baseline,,Baseline balanced scenario - healthy supply chain
2270,5,Bar Casting & Assay_Entity,USA,2025-10-11,daily_state,ndc_balance,264.6,275.1,249.97,92.65,0.8317,index,simulated,Synthetic Generator - Baseline,,Baseline balanced scenario - healthy supply chain
2271,6,Logistics & Vaulting_Entity,USA,2025-10-11,daily_state,ndc_balance,192.28,236.32,146.84,68.89,0.0513,index,simulated,Synthetic Generator - Baseline,,Baseline balanced scenario - healthy supply chain
2272,7,Exchange Registration_Entity,USA,2025-10-11,daily_state,ndc_balance,260.56,270.55,246.62,92.89,0.912,index,simulated,Synthetic Generator - Baseline,,Baseline balanced scenario - healthy supply chain
2273,0,Geological Prospecting_Entity,USA,2025-10-12,daily_state,ndc_balance,233.84,227.15,217.65,94.44,1.8247,index,simulated,Synthetic Generator - Baseline,,Baseline balanced scenario - healthy supply chain
2274,1,Mine Extraction_Entity,USA,2025-10-12,daily_state,ndc_balance,266.78,255.6,240.13,91.96,0.7403,index,simulated,Synthetic Generator - Baseline,,Baseline balanced scenario - healthy supply chain
2275,2,Ore Processing_Entity,USA,2025-10-12,daily_state,ndc_balance,294.45,277.47,254.71,89.11,0.3354,index,simulated,Synthetic Generator - Baseline,,Baseline balanced scenario - healthy supply chain
2276,3,Doré Production_Entity,USA,2025-10-12,daily_state,ndc_balance,269.19,256.74,239.67,91.17,0.6063,index,simulated,Synthetic Generator - Baseline,,Baseline balanced scenario - healthy supply chain
2277,4,Refining_Entity,USA,2025-10-12,daily_state,ndc_balance,291.38,249.24,201.8,74.88,0.056,index,simulated,Synthetic Generator - Baseline,,Baseline balanced scenario - healthy supply chain
2278,5,Bar Casting & Assay_Entity,USA,2025-10-12,daily_state,ndc_balance,267.1,256.22,241.15,92.18,0.7795,index,simulated,Synthetic Generator - Baseline,,Baseline balanced scenario - healthy supply chain
2279,6,Logistics & Vaulting_Entity,USA,2025-10-12,daily_state,ndc_balance,193.21,208.12,173.76,86.65,0.4305,index,simulated,Synthetic Generator - Baseline,,Baseline balanced scenario - healthy supply chain
2280,7,Exchange Registration_Entity,USA,2025-10-12,daily_state,ndc_balance,280.23,293.43,262.07,91.39,0.5425,index,simulated,Synthetic Generator - Baseline,,Baseline balanced scenario - healthy supply chain
2281,0,Geological Prospecting_Entity,USA,2025-10-13,daily_state,ndc_balance,212.61,247.87,172.72,75.24,0.0798,index,simulated,Synthetic Generator - Baseline,,Baseline balanced scenario - healthy supply chain
2282,1,Mine Extraction_Entity,USA,2025-10-13,daily_state,ndc_balance,255.22,260.88,247.07,95.75,2.3787,index,simulated,Synthetic Generator - Baseline,,Baseline balanced scenario - healthy supply chain
2283,2,Ore Processing_Entity,USA,2025-10-13,daily_state,ndc_balance,300.54,271.66,235.77,82.51,0.1185,index,simulated,Synthetic Generator - Baseline,,Baseline balanced scenario - healthy supply chain
2284,3,Doré Production_Entity,USA,2025-10-13,daily_state,ndc_balance,261.45,219.8,174.32,72.72,0.0573,index,simulated,Synthetic Generator - Baseline,,Baseline balanced scenario - healthy supply chain
2285,4,Refining_Entity,USA,2025-10-13,daily_state,ndc_balance,300.44,267.18,227.06,80.14,0.0896,index,simulated,Synthetic Generator - Baseline,,Baseline balanced scenario - healthy supply chain
2286,5,Bar Casting & Assay_Entity,USA,2025-10-13,daily_state,ndc_balance,259.71,256.54,251.9,97.59,4.986,index,simulated,Synthetic Generator - Baseline,,Baseline balanced scenario - healthy supply chain
2287,6,Logistics & Vaulting_Entity,USA,2025-10-13,daily_state,ndc_balance,220.79,191.41,157.53,76.63,0.1145,index,simulated,Synthetic Generator - Baseline,,Baseline balanced scenario - healthy supply chain
2288,7,Exchange Registration_Entity,USA,2025-10-13,daily_state,ndc_balance,277.42,277.94,276.64,99.63,9.7361,index,simulated,Synthetic Generator - Baseline,,Baseline balanced scenario - healthy supply chain
2289,0,Geological Prospecting_Entity,USA,2025-10-14,daily_state,ndc_balance,211.33,249.96,168.73,73.41,0.0666,index,simulated,Synthetic Generator - Baseline,,Baseline balanced scenario - healthy supply chain
2290,1,Mine Extraction_Entity,USA,2025-10-14,daily_state,ndc_balance,260.49,272.16,244.38,91.78,0.6843,index,simulated,Synthetic Generator - Baseline,,Baseline balanced scenario - healthy supply chain
2291,2,Ore Processing_Entity,USA,2025-10-14,daily_state,ndc_balance,292.13,264.47,230.0,82.75,0.129,index,simulated,Synthetic Generator - Baseline,,Baseline balanced scenario - healthy supply chain
2292,3,Doré Production_Entity,USA,2025-10-14,daily_state,ndc_balance,248.9,256.3,238.39,94.39,1.5428,index,simulated,Synthetic Generator - Baseline,,Baseline balanced scenario - healthy supply chain
2293,4,Refining_Entity,USA,2025-10-14,daily_state,ndc_balance,276.16,288.67,258.92,91.7,0.6013,index,simulated,Synthetic Generator - Baseline,,Baseline balanced scenario - healthy supply chain
2294,5,Bar Casting & Assay_Entity,USA,2025-10-14,daily_state,ndc_balance,284.31,278.73,270.67,96.15,2.431,index,simulated,Synthetic Generator - Baseline,,Baseline balanced scenario - healthy supply chain
2295,6,Logistics & Vaulting_Entity,USA,2025-10-14,daily_state,ndc_balance,202.09,182.75,158.7,82.58,0.2604,index,simulated,Synthetic Generator - Baseline,,Baseline balanced scenario - healthy supply chain
2296,7,Exchange Registration_Entity,USA,2025-10-14,daily_state,ndc_balance,279.78,285.72,271.23,95.93,2.2091,index,simulated,Synthetic Generator - Baseline,,Baseline balanced scenario - healthy supply chain
2297,0,Geological Prospecting_Entity,USA,2025-10-15,daily_state,ndc_balance,237.46,178.33,125.06,60.77,0.0285,index,simulated,Synthetic Generator - Baseline,,Baseline balanced scenario - healthy supply chain
2298,1,Mine Extraction_Entity,USA,2025-10-15,daily_state,ndc_balance,269.15,260.26,247.76,93.61,1.1238,index,simulated,Synthetic Generator - Baseline,,Baseline balanced scenario - healthy supply chain
2299,2,Ore Processing_Entity,USA,2025-10-15,daily_state,ndc_balance,285.11,305.66,258.06,87.42,0.2313,index,simulated,Synthetic Generator - Baseline,,Baseline balanced scenario - healthy supply chain
2300,3,Doré Production_Entity,USA,2025-10-15,daily_state,ndc_balance,255.6,266.0,241.13,92.48,0.846,index,simulated,Synthetic Generator - Baseline,,Baseline balanced scenario - healthy supply chain
2301,4,Refining_Entity,USA,2025-10-15,daily_state,ndc_balance,276.03,284.29,264.32,94.35,1.2784,index,simulated,Synthetic Generator - Baseline,,Baseline balanced scenario - healthy supply chain
2302,5,Bar Casting & Assay_Entity,USA,2025-10-15,daily_state,ndc_balance,293.8,286.03,274.95,94.85,1.421,index,simulated,Synthetic Generator - Baseline,,Baseline balanced scenario - healthy supply chain
2303,6,Logistics & Vaulting_Entity,USA,2025-10-15,daily_state,ndc_balance,192.89,197.85,185.8,95.11,2.8887,index,simulated,Synthetic Generator - Baseline,,Baseline balanced scenario - healthy supply chain
2304,7,Exchange Registration_Entity,USA,2025-10-15,daily_state,ndc_balance,284.09,291.22,273.89,95.22,1.6439,index,simulated,Synthetic Generator - Baseline,,Baseline balanced scenario - healthy supply chain
2305,0,Geological Prospecting_Entity,USA,2025-10-16,daily_state,ndc_balance,239.81,202.51,161.46,73.27,0.0714,index,simulated,Synthetic Generator - Baseline,,Baseline balanced scenario - healthy supply chain
2306,1,Mine Extraction_Entity,USA,2025-10-16,daily_state,ndc_balance,270.53,221.25,169.95,69.47,0.041,index,simulated,Synthetic Generator - Baseline,,Baseline balanced scenario - healthy supply chain
2307,2,Ore Processing_Entity,USA,2025-10-16,daily_state,ndc_balance,311.14,273.39,228.81,78.45,0.0697,index,simulated,Synthetic Generator - Baseline,,Baseline balanced scenario - healthy supply chain
2308,3,Doré Production_Entity,USA,2025-10-16,daily_state,ndc_balance,250.35,237.03,219.02,89.91,0.534,index,simulated,Synthetic Generator - Baseline,,Baseline balanced scenario - healthy supply chain
2309,4,Refining_Entity,USA,2025-10-16,daily_state,ndc_balance,296.7,216.53,147.65,58.25,0.0155,index,simulated,Synthetic Generator - Baseline,,Baseline balanced scenario - healthy supply chain
2310,5,Bar Casting & Assay_Entity,USA,2025-10-16,daily_state,ndc_balance,269.26,260.7,248.63,93.84,1.2014,index,simulated,Synthetic Generator - Baseline,,Baseline balanced scenario - healthy supply chain
2311,6,Logistics & Vaulting_Entity,USA,2025-10-16,daily_state,ndc_balance,202.71,233.68,166.96,76.71,0.1032,index,simulated,Synthetic Generator - Baseline,,Baseline balanced scenario - healthy supply chain
2312,7,Exchange Registration_Entity,USA,2025-10-16,daily_state,ndc_balance,276.2,296.5,249.55,87.2,0.2369,index,simulated,Synthetic Generator - Baseline,,Baseline balanced scenario - healthy supply chain
2313,0,Geological Prospecting_Entity,USA,2025-10-17,daily_state,ndc_balance,235.05,240.47,227.26,95.59,2.5375,index,simulated,Synthetic Generator - Baseline,,Baseline balanced scenario - healthy supply chain
2314,1,Mine Extraction_Entity,USA,2025-10-17,daily_state,ndc_balance,259.7,244.57,224.31,89.0,0.4188,index,simulated,Synthetic Generator - Baseline,,Baseline balanced scenario - healthy supply chain
2315,2,Ore Processing_Entity,USA,2025-10-17,daily_state,ndc_balance,306.14,290.42,269.07,90.24,0.3886,index,simulated,Synthetic Generator - Baseline,,Baseline balanced scenario - healthy supply chain
2316,3,Doré Production_Entity,USA,2025-10-17,daily_state,ndc_balance,226.53,233.05,217.25,94.55,1.9016,index,simulated,Synthetic Generator - Baseline,,Baseline balanced scenario - healthy supply chain
2317,4,Refining_Entity,USA,2025-10-17,daily_state,ndc_balance,285.5,282.84,278.93,98.16,5.8626,index,simulated,Synthetic Generator - Baseline,,Baseline balanced scenario - healthy supply chain
2318,5,Bar Casting & Assay_Entity,USA,2025-10-17,daily_state,ndc_balance,259.51,210.31,159.88,68.44,0.0411,index,simulated,Synthetic Generator - Baseline,,Baseline balanced scenario - healthy supply chain
2319,6,Logistics & Vaulting_Entity,USA,2025-10-17,daily_state,ndc_balance,217.55,180.8,141.46,71.33,0.0735,index,simulated,Synthetic Generator - Baseline,,Baseline balanced scenario - healthy supply chain
2320,7,Exchange Registration_Entity,USA,2025-10-17,daily_state,ndc_balance,259.44,231.78,198.13,80.8,0.129,index,simulated,Synthetic Generator - Baseline,,Baseline balanced scenario - healthy supply chain
2321,0,Geological Prospecting_Entity,USA,2025-10-18,daily_state,ndc_balance,242.06,220.19,192.71,83.47,0.2049,index,simulated,Synthetic Generator - Baseline,,Baseline balanced scenario - healthy supply chain
2322,1,Mine Extraction_Entity,USA,2025-10-18,daily_state,ndc_balance,266.46,282.88,244.46,89.04,0.3577,index,simulated,Synthetic Generator - Baseline,,Baseline balanced scenario - healthy supply chain
2323,2,Ore Processing_Entity,USA,2025-10-18,daily_state,ndc_balance,299.41,311.97,281.97,92.26,0.5958,index,simulated,Synthetic Generator - Baseline,,Baseline balanced scenario - healthy supply chain
2324,3,Doré Production_Entity,USA,2025-10-18,daily_state,ndc_balance,228.96,242.26,211.02,89.6,0.5351,index,simulated,Synthetic Generator - Baseline,,Baseline balanced scenario - healthy supply chain
2325,4,Refining_Entity,USA,2025-10-18,daily_state,ndc_balance,255.6,263.75,244.08,94.01,1.3079,index,simulated,Synthetic Generator - Baseline,,Baseline balanced scenario - healthy supply chain
2326,5,Bar Casting & Assay_Entity,USA,2025-10-18,daily_state,ndc_balance,266.12,274.16,254.72,94.3,1.3401,index,simulated,Synthetic Generator - Baseline,,Baseline balanced scenario - healthy supply chain
2327,6,Logistics & Vaulting_Entity,USA,2025-10-18,daily_state,ndc_balance,210.53,214.1,205.35,96.72,4.399,index,simulated,Synthetic Generator - Baseline,,Baseline balanced scenario - healthy supply chain
2328,7,Exchange Registration_Entity,USA,2025-10-18,daily_state,ndc_balance,300.4,321.67,272.35,87.61,0.2163,index,simulated,Synthetic Generator - Baseline,,Baseline balanced scenario - healthy supply chain
2329,0,Geological Prospecting_Entity,USA,2025-10-19,daily_state,ndc_balance,225.22,201.02,171.63,80.66,0.1679,index,simulated,Synthetic Generator - Baseline,,Baseline balanced scenario - healthy supply chain
2330,1,Mine Extraction_Entity,USA,2025-10-19,daily_state,ndc_balance,273.64,243.52,207.13,80.24,0.109,index,simulated,Synthetic Generator - Baseline,,Baseline balanced scenario - healthy supply chain
2331,2,Ore Processing_Entity,USA,2025-10-19,daily_state,ndc_balance,312.17,277.86,236.39,80.26,0.0842,index,simulated,Synthetic Generator - Baseline,,Baseline balanced scenario - healthy supply chain
2332,3,Doré Production_Entity,USA,2025-10-19,daily_state,ndc_balance,241.46,234.47,224.56,94.38,1.6993,index,simulated,Synthetic Generator - Baseline,,Baseline balanced scenario - healthy supply chain
2333,4,Refining_Entity,USA,2025-10-19,daily_state,ndc_balance,290.72,265.12,232.79,83.85,0.1502,index,simulated,Synthetic Generator - Baseline,,Baseline balanced scenario - healthy supply chain
2334,5,Bar Casting & Assay_Entity,USA,2025-10-19,daily_state,ndc_balance,260.32,292.93,221.02,80.04,0.0931,index,simulated,Synthetic Generator - Baseline,,Baseline balanced scenario - healthy supply chain
2335,6,Logistics & Vaulting_Entity,USA,2025-10-19,daily_state,ndc_balance,197.1,203.6,187.94,93.82,1.9169,index,simulated,Synthetic Generator - Baseline,,Baseline balanced scenario - healthy supply chain
2336,7,Exchange Registration_Entity,USA,2025-10-19,daily_state,ndc_balance,299.73,253.59,202.64,73.5,0.0468,index,simulated,Synthetic Generator - Baseline,,Baseline balanced scenario - healthy supply chain
2337,0,Geological Prospecting_Entity,USA,2025-10-20,daily_state,ndc_balance,237.2,199.0,157.44,72.47,0.0681,index,simulated,Synthetic Generator - Baseline,,Baseline balanced scenario - healthy supply chain
2338,1,Mine Extraction_Entity,USA,2025-10-20,daily_state,ndc_balance,282.34,240.67,194.04,74.44,0.0573,index,simulated,Synthetic Generator - Baseline,,Baseline balanced scenario - healthy supply chain
2339,2,Ore Processing_Entity,USA,2025-10-20,daily_state,ndc_balance,300.39,302.9,296.67,98.35,6.1261,index,simulated,Synthetic Generator - Baseline,,Baseline balanced scenario - healthy supply chain
2340,3,Doré Production_Entity,USA,2025-10-20,daily_state,ndc_balance,262.92,247.52,226.91,88.95,0.4048,index,simulated,Synthetic Generator - Baseline,,Baseline balanced scenario - healthy supply chain
2341,4,Refining_Entity,USA,2025-10-20,daily_state,ndc_balance,276.52,257.62,232.8,87.22,0.2722,index,simulated,Synthetic Generator - Baseline,,Baseline balanced scenario - healthy supply chain
2342,5,Bar Casting & Assay_Entity,USA,2025-10-20,daily_state,ndc_balance,292.06,250.4,203.32,75.18,0.0573,index,simulated,Synthetic Generator - Baseline,,Baseline balanced scenario - healthy supply chain
2343,6,Logistics & Vaulting_Entity,USA,2025-10-20,daily_state,ndc_balance,194.44,214.97,168.89,82.61,0.2317,index,simulated,Synthetic Generator - Baseline,,Baseline balanced scenario - healthy supply chain
2344,7,Exchange Registration_Entity,USA,2025-10-20,daily_state,ndc_balance,278.05,265.89,249.14,91.63,0.6337,index,simulated,Synthetic Generator - Baseline,,Baseline balanced scenario - healthy supply chain
2345,0,Geological Prospecting_Entity,USA,2025-10-21,daily_state,ndc_balance,208.34,209.3,206.91,99.08,9.1515,index,simulated,Synthetic Generator - Baseline,,Baseline balanced scenario - healthy supply chain
2346,1,Mine Extraction_Entity,USA,2025-10-21,daily_state,ndc_balance,268.75,262.37,253.23,95.36,1.971,index,simulated,Synthetic Generator - Baseline,,Baseline balanced scenario - healthy supply chain
2347,2,Ore Processing_Entity,USA,2025-10-21,daily_state,ndc_balance,304.26,292.48,276.08,92.55,0.6717,index,simulated,Synthetic Generator - Baseline,,Baseline balanced scenario - healthy supply chain
2348,3,Doré Production_Entity,USA,2025-10-21,daily_state,ndc_balance,247.13,239.43,228.55,93.96,1.4422,index,simulated,Synthetic Generator - Baseline,,Baseline balanced scenario - healthy supply chain
2349,4,Refining_Entity,USA,2025-10-21,daily_state,ndc_balance,287.65,290.9,282.87,97.79,4.8554,index,simulated,Synthetic Generator - Baseline,,Baseline balanced scenario - healthy supply chain
2350,5,Bar Casting & Assay_Entity,USA,2025-10-21,daily_state,ndc_balance,271.89,254.55,231.58,88.03,0.322,index,simulated,Synthetic Generator - Baseline,,Baseline balanced scenario - healthy supply chain
2351,6,Logistics & Vaulting_Entity,USA,2025-10-21,daily_state,ndc_balance,195.1,176.98,154.32,83.05,0.2956,index,simulated,Synthetic Generator - Baseline,,Baseline balanced scenario - healthy supply chain
2352,7,Exchange Registration_Entity,USA,2025-10-21,daily_state,ndc_balance,299.99,293.4,283.92,95.7,1.872,index,simulated,Synthetic Generator - Baseline,,Baseline balanced scenario - healthy supply chain
2353,0,Geological Prospecting_Entity,USA,2025-10-22,daily_state,ndc_balance,238.61,215.64,187.11,82.49,0.1861,index,simulated,Synthetic Generator - Baseline,,Baseline balanced scenario - healthy supply chain
2354,1,Mine Extraction_Entity,USA,2025-10-22,daily_state,ndc_balance,291.05,249.24,202.08,75.03,0.0569,index,simulated,Synthetic Generator - Baseline,,Baseline balanced scenario - healthy supply chain
2355,2,Ore Processing_Entity,USA,2025-10-22,daily_state,ndc_balance,304.27,282.26,253.58,86.53,0.2022,index,simulated,Synthetic Generator - Baseline,,Baseline balanced scenario - healthy supply chain
2356,3,Doré Production_Entity,USA,2025-10-22,daily_state,ndc_balance,240.82,253.62,223.41,90.4,0.5751,index,simulated,Synthetic Generator - Baseline,,Baseline balanced scenario - healthy supply chain
2357,4,Refining_Entity,USA,2025-10-22,daily_state,ndc_balance,286.09,274.38,258.16,92.14,0.6799,index,simulated,Synthetic Generator - Baseline,,Baseline balanced scenario - healthy supply chain
2358,5,Bar Casting & Assay_Entity,USA,2025-10-22,daily_state,ndc_balance,271.16,262.27,249.76,93.65,1.1231,index,simulated,Synthetic Generator - Baseline,,Baseline balanced scenario - healthy supply chain
2359,6,Logistics & Vaulting_Entity,USA,2025-10-22,daily_state,ndc_balance,245.77,224.27,197.1,83.95,0.2118,index,simulated,Synthetic Generator - Baseline,,Baseline balanced scenario - healthy supply chain
2360,7,Exchange Registration_Entity,USA,2025-10-22,daily_state,ndc_balance,300.79,284.97,263.54,90.02,0.3843,index,simulated,Synthetic Generator - Baseline,,Baseline balanced scenario - healthy supply chain
2361,0,Geological Prospecting_Entity,USA,2025-10-23,daily_state,ndc_balance,244.96,227.2,204.08,86.51,0.3075,index,simulated,Synthetic Generator - Baseline,,Baseline balanced scenario - healthy supply chain
2362,1,Mine Extraction_Entity,USA,2025-10-23,daily_state,ndc_balance,270.24,252.41,228.89,87.64,0.3051,index,simulated,Synthetic Generator - Baseline,,Baseline balanced scenario - healthy supply chain
2363,2,Ore Processing_Entity,USA,2025-10-23,daily_state,ndc_balance,288.63,225.81,165.19,64.71,0.0253,index,simulated,Synthetic Generator - Baseline,,Baseline balanced scenario - healthy supply chain
2364,3,Doré Production_Entity,USA,2025-10-23,daily_state,ndc_balance,253.01,234.09,209.55,86.11,0.2717,index,simulated,Synthetic Generator - Baseline,,Baseline balanced scenario - healthy supply chain
2365,4,Refining_Entity,USA,2025-10-23,daily_state,ndc_balance,303.74,268.23,225.92,79.15,0.0787,index,simulated,Synthetic Generator - Baseline,,Baseline balanced scenario - healthy supply chain
2366,5,Bar Casting & Assay_Entity,USA,2025-10-23,daily_state,ndc_balance,252.01,261.98,238.12,92.67,0.9146,index,simulated,Synthetic Generator - Baseline,,Baseline balanced scenario - healthy supply chain
2367,6,Logistics & Vaulting_Entity,USA,2025-10-23,daily_state,ndc_balance,194.16,211.4,172.1,84.95,0.3254,index,simulated,Synthetic Generator - Baseline,,Baseline balanced scenario - healthy supply chain
2368,7,Exchange Registration_Entity,USA,2025-10-23,daily_state,ndc_balance,294.21,300.12,285.68,96.14,2.2274,index,simulated,Synthetic Generator - Baseline,,Baseline balanced scenario - healthy supply chain
2369,0,Geological Prospecting_Entity,USA,2025-10-24,daily_state,ndc_balance,217.84,218.37,217.04,99.51,9.722,index,simulated,Synthetic Generator - Baseline,,Baseline balanced scenario - healthy supply chain
2370,1,Mine Extraction_Entity,USA,2025-10-24,daily_state,ndc_balance,249.23,270.39,221.98,85.51,0.2184,index,simulated,Synthetic Generator - Baseline,,Baseline balanced scenario - healthy supply chain
2371,2,Ore Processing_Entity,USA,2025-10-24,daily_state,ndc_balance,297.49,291.69,283.31,96.18,2.292,index,simulated,Synthetic Generator - Baseline,,Baseline balanced scenario - healthy supply chain
2372,3,Doré Production_Entity,USA,2025-10-24,daily_state,ndc_balance,249.73,250.23,248.98,99.6,9.7551,index,simulated,Synthetic Generator - Baseline,,Baseline balanced scenario - healthy supply chain
2373,4,Refining_Entity,USA,2025-10-24,daily_state,ndc_balance,303.77,262.63,215.44,76.27,0.0587,index,simulated,Synthetic Generator - Baseline,,Baseline balanced scenario - healthy supply chain
2374,5,Bar Casting & Assay_Entity,USA,2025-10-24,daily_state,ndc_balance,271.78,243.21,208.35,81.04,0.121,index,simulated,Synthetic Generator - Baseline,,Baseline balanced scenario - healthy supply chain
2375,6,Logistics & Vaulting_Entity,USA,2025-10-24,daily_state,ndc_balance,196.68,204.52,185.75,92.62,1.3981,index,simulated,Synthetic Generator - Baseline,,Baseline balanced scenario - healthy supply chain
2376,7,Exchange Registration_Entity,USA,2025-10-24,daily_state,ndc_balance,306.26,278.15,242.92,83.23,0.1249,index,simulated,Synthetic Generator - Baseline,,Baseline balanced scenario - healthy supply chain
2377,0,Geological Prospecting_Entity,USA,2025-10-25,daily_state,ndc_balance,225.97,210.28,189.73,87.04,0.3905,index,simulated,Synthetic Generator - Baseline,,Baseline balanced scenario - healthy supply chain
2378,1,Mine Extraction_Entity,USA,2025-10-25,daily_state,ndc_balance,261.49,262.92,259.37,98.92,8.3048,index,simulated,Synthetic Generator - Baseline,,Baseline balanced scenario - healthy supply chain
2379,2,Ore Processing_Entity,USA,2025-10-25,daily_state,ndc_balance,267.05,305.67,221.92,77.67,0.0666,index,simulated,Synthetic Generator - Baseline,,Baseline balanced scenario - healthy supply chain
2380,3,Doré Production_Entity,USA,2025-10-25,daily_state,ndc_balance,239.53,255.6,218.19,88.18,0.3726,index,simulated,Synthetic Generator - Baseline,,Baseline balanced scenario - healthy supply chain
2381,4,Refining_Entity,USA,2025-10-25,daily_state,ndc_balance,260.46,279.65,235.28,87.18,0.2645,index,simulated,Synthetic Generator - Baseline,,Baseline balanced scenario - healthy supply chain
2382,5,Bar Casting & Assay_Entity,USA,2025-10-25,daily_state,ndc_balance,279.59,269.52,255.44,93.05,0.8983,index,simulated,Synthetic Generator - Baseline,,Baseline balanced scenario - healthy supply chain
2383,6,Logistics & Vaulting_Entity,USA,2025-10-25,daily_state,ndc_balance,194.59,207.1,177.91,88.62,0.6009,index,simulated,Synthetic Generator - Baseline,,Baseline balanced scenario - healthy supply chain
2384,7,Exchange Registration_Entity,USA,2025-10-25,daily_state,ndc_balance,271.76,278.06,262.73,95.57,2.0155,index,simulated,Synthetic Generator - Baseline,,Baseline balanced scenario - healthy supply chain
2385,0,Geological Prospecting_Entity,USA,2025-10-26,daily_state,ndc_balance,244.71,231.76,214.22,89.95,0.5623,index,simulated,Synthetic Generator - Baseline,,Baseline balanced scenario - healthy supply chain
2386,1,Mine Extraction_Entity,USA,2025-10-26,daily_state,ndc_balance,269.5,239.87,204.07,80.26,0.1126,index,simulated,Synthetic Generator - Baseline,,Baseline balanced scenario - healthy supply chain
2387,2,Ore Processing_Entity,USA,2025-10-26,daily_state,ndc_balance,298.96,282.77,260.9,89.74,0.3675,index,simulated,Synthetic Generator - Baseline,,Baseline balanced scenario - healthy supply chain
2388,3,Doré Production_Entity,USA,2025-10-26,daily_state,ndc_balance,214.47,256.5,169.0,72.05,0.0563,index,simulated,Synthetic Generator - Baseline,,Baseline balanced scenario - healthy supply chain
2389,4,Refining_Entity,USA,2025-10-26,daily_state,ndc_balance,278.91,289.06,264.68,93.22,0.8843,index,simulated,Synthetic Generator - Baseline,,Baseline balanced scenario - healthy supply chain
2390,5,Bar Casting & Assay_Entity,USA,2025-10-26,daily_state,ndc_balance,252.84,205.24,156.32,68.62,0.0439,index,simulated,Synthetic Generator - Baseline,,Baseline balanced scenario - healthy supply chain
2391,6,Logistics & Vaulting_Entity,USA,2025-10-26,daily_state,ndc_balance,213.46,207.67,199.42,94.72,2.2961,index,simulated,Synthetic Generator - Baseline,,Baseline balanced scenario - healthy supply chain
2392,7,Exchange Registration_Entity,USA,2025-10-26,daily_state,ndc_balance,263.91,264.8,262.58,99.33,9.2619,index,simulated,Synthetic Generator - Baseline,,Baseline balanced scenario - healthy supply chain
2393,0,Geological Prospecting_Entity,USA,2025-10-27,daily_state,ndc_balance,270.32,211.69,155.03,64.81,0.029,index,simulated,Synthetic Generator - Baseline,,Baseline balanced scenario - healthy supply chain
2394,1,Mine Extraction_Entity,USA,2025-10-27,daily_state,ndc_balance,279.95,245.48,204.92,78.17,0.0834,index,simulated,Synthetic Generator - Baseline,,Baseline balanced scenario - healthy supply chain
2395,2,Ore Processing_Entity,USA,2025-10-27,daily_state,ndc_balance,257.63,279.13,229.89,85.73,0.2119,index,simulated,Synthetic Generator - Baseline,,Baseline balanced scenario - healthy supply chain
2396,3,Doré Production_Entity,USA,2025-10-27,daily_state,ndc_balance,245.0,234.99,221.12,92.15,0.9072,index,simulated,Synthetic Generator - Baseline,,Baseline balanced scenario - healthy supply chain
2397,4,Refining_Entity,USA,2025-10-27,daily_state,ndc_balance,277.27,271.95,264.25,96.23,2.61,index,simulated,Synthetic Generator - Baseline,,Baseline balanced scenario - healthy supply chain
2398,5,Bar Casting & Assay_Entity,USA,2025-10-27,daily_state,ndc_balance,266.74,239.44,205.94,81.49,0.1324,index,simulated,Synthetic Generator - Baseline,,Baseline balanced scenario - healthy supply chain
2399,6,Logistics & Vaulting_Entity,USA,2025-10-27,daily_state,ndc_balance,216.28,167.1,120.64,63.46,0.0412,index,simulated,Synthetic Generator - Baseline,,Baseline balanced scenario - healthy supply chain
2400,7,Exchange Registration_Entity,USA,2025-10-27,daily_state,ndc_balance,258.23,295.5,214.66,77.71,0.0715,index,simulated,Synthetic Generator - Baseline,,Baseline balanced scenario - healthy supply chain
2401,0,Geological Prospecting_Entity,USA,2025-10-28,daily_state,ndc_balance,236.27,215.9,190.08,84.16,0.2353,index,simulated,Synthetic Generator - Baseline,,Baseline balanced scenario - healthy supply chain
2402,1,Mine Extraction_Entity,USA,2025-10-28,daily_state,ndc_balance,247.73,244.19,239.02,97.18,4.4344,index,simulated,Synthetic Generator - Baseline,,Baseline balanced scenario - healthy supply chain
2403,2,Ore Processing_Entity,USA,2025-10-28,daily_state,ndc_balance,284.72,253.2,215.18,80.14,0.0997,index,simulated,Synthetic Generator - Baseline,,Baseline balanced scenario - healthy supply chain
2404,3,Doré Production_Entity,USA,2025-10-28,daily_state,ndc_balance,237.57,253.67,216.23,88.08,0.3717,index,simulated,Synthetic Generator - Baseline,,Baseline balanced scenario - healthy supply chain
2405,4,Refining_Entity,USA,2025-10-28,daily_state,ndc_balance,300.07,259.38,212.71,76.25,0.06,index,simulated,Synthetic Generator - Baseline,,Baseline balanced scenario - healthy supply chain
2406,5,Bar Casting & Assay_Entity,USA,2025-10-28,daily_state,ndc_balance,280.01,227.48,173.42,68.71,0.0361,index,simulated,Synthetic Generator - Baseline,,Baseline balanced scenario - healthy supply chain
2407,6,Logistics & Vaulting_Entity,USA,2025-10-28,daily_state,ndc_balance,218.55,187.46,152.28,75.23,0.1024,index,simulated,Synthetic Generator - Baseline,,Baseline balanced scenario - healthy supply chain
2408,7,Exchange Registration_Entity,USA,2025-10-28,daily_state,ndc_balance,293.27,277.47,256.12,89.78,0.3851,index,simulated,Synthetic Generator - Baseline,,Baseline balanced scenario - healthy supply chain
2409,0,Geological Prospecting_Entity,USA,2025-10-29,daily_state,ndc_balance,248.1,200.89,152.59,68.35,0.0447,index,simulated,Synthetic Generator - Baseline,,Baseline balanced scenario - healthy supply chain
2410,1,Mine Extraction_Entity,USA,2025-10-29,daily_state,ndc_balance,277.7,251.6,219.03,82.86,0.1446,index,simulated,Synthetic Generator - Baseline,,Baseline balanced scenario - healthy supply chain
2411,2,Ore Processing_Entity,USA,2025-10-29,daily_state,ndc_balance,285.92,278.32,267.5,94.83,1.4782,index,simulated,Synthetic Generator - Baseline,,Baseline balanced scenario - healthy supply chain
2412,3,Doré Production_Entity,USA,2025-10-29,daily_state,ndc_balance,235.61,241.38,227.34,95.33,2.3079,index,simulated,Synthetic Generator - Baseline,,Baseline balanced scenario - healthy supply chain
2413,4,Refining_Entity,USA,2025-10-29,daily_state,ndc_balance,277.35,270.97,261.82,95.51,1.9742,index,simulated,Synthetic Generator - Baseline,,Baseline balanced scenario - healthy supply chain
2414,5,Bar Casting & Assay_Entity,USA,2025-10-29,daily_state,ndc_balance,269.56,276.0,260.32,95.44,1.9436,index,simulated,Synthetic Generator - Baseline,,Baseline balanced scenario - healthy supply chain
2415,6,Logistics & Vaulting_Entity,USA,2025-10-29,daily_state,ndc_balance,222.14,182.72,141.28,70.12,0.0639,index,simulated,Synthetic Generator - Baseline,,Baseline balanced scenario - healthy supply chain
2416,7,Exchange Registration_Entity,USA,2025-10-29,daily_state,ndc_balance,301.32,260.28,213.27,76.15,0.059,index,simulated,Synthetic Generator - Baseline,,Baseline balanced scenario - healthy supply chain
2417,0,Geological Prospecting_Entity,USA,2025-10-30,daily_state,ndc_balance,236.7,227.46,214.61,92.49,1.0488,index,simulated,Synthetic Generator - Baseline,,Baseline balanced scenario - healthy supply chain
2418,1,Mine Extraction_Entity,USA,2025-10-30,daily_state,ndc_balance,239.21,257.98,214.78,86.46,0.2761,index,simulated,Synthetic Generator - Baseline,,Baseline balanced scenario - healthy supply chain
2419,2,Ore Processing_Entity,USA,2025-10-30,daily_state,ndc_balance,280.85,267.65,249.56,91.02,0.5423,index,simulated,Synthetic Generator - Baseline,,Baseline balanced scenario - healthy supply chain
2420,3,Doré Production_Entity,USA,2025-10-30,daily_state,ndc_balance,268.14,229.54,186.02,74.98,0.0667,index,simulated,Synthetic Generator - Baseline,,Baseline balanced scenario - healthy supply chain
2421,4,Refining_Entity,USA,2025-10-30,daily_state,ndc_balance,265.78,267.67,263.0,98.6,7.3842,index,simulated,Synthetic Generator - Baseline,,Baseline balanced scenario - healthy supply chain
2422,5,Bar Casting & Assay_Entity,USA,2025-10-30,daily_state,ndc_balance,278.16,258.75,233.34,86.97,0.2586,index,simulated,Synthetic Generator - Baseline,,Baseline balanced scenario - healthy supply chain
2423,6,Logistics & Vaulting_Entity,USA,2025-10-30,daily_state,ndc_balance,225.38,210.86,191.65,87.92,0.4532,index,simulated,Synthetic Generator - Baseline,,Baseline balanced scenario - healthy supply chain
2424,7,Exchange Registration_Entity,USA,2025-10-30,daily_state,ndc_balance,255.21,271.77,233.13,88.52,0.3515,index,simulated,Synthetic Generator - Baseline,,Baseline balanced scenario - healthy supply chain
2425,0,Geological Prospecting_Entity,USA,2025-10-31,daily_state,ndc_balance,219.0,224.57,211.04,95.16,2.4377,index,simulated,Synthetic Generator - Baseline,,Baseline balanced scenario - healthy supply chain
2426,1,Mine Extraction_Entity,USA,2025-10-31,daily_state,ndc_balance,228.06,301.83,160.92,61.34,0.0183,index,simulated,Synthetic Generator - Baseline,,Baseline balanced scenario - healthy supply chain
2427,2,Ore Processing_Entity,USA,2025-10-31,daily_state,ndc_balance,295.4,283.62,267.28,92.34,0.673,index,simulated,Synthetic Generator - Baseline,,Baseline balanced scenario - healthy supply chain
2428,3,Doré Production_Entity,USA,2025-10-31,daily_state,ndc_balance,265.15,283.13,241.32,88.08,0.3002,index,simulated,Synthetic Generator - Baseline,,Baseline balanced scenario - healthy supply chain
2429,4,Refining_Entity,USA,2025-10-31,daily_state,ndc_balance,290.49,283.02,272.36,94.99,1.5201,index,simulated,Synthetic Generator - Baseline,,Baseline balanced scenario - healthy supply chain
2430,5,Bar Casting & Assay_Entity,USA,2025-10-31,daily_state,ndc_balance,269.39,258.4,243.16,92.16,0.7641,index,simulated,Synthetic Generator - Baseline,,Baseline balanced scenario - healthy supply chain
2431,6,Logistics & Vaulting_Entity,USA,2025-10-31,daily_state,ndc_balance,200.29,186.08,167.5,86.76,0.4713,index,simulated,Synthetic Generator - Baseline,,Baseline balanced scenario - healthy supply chain
2432,7,Exchange Registration_Entity,USA,2025-10-31,daily_state,ndc_balance,277.13,256.64,230.02,86.25,0.2326,index,simulated,Synthetic Generator - Baseline,,Baseline balanced scenario - healthy supply chain
2433,0,Geological Prospecting_Entity,USA,2025-11-01,daily_state,ndc_balance,225.81,185.23,142.78,69.81,0.0604,index,simulated,Synthetic Generator - Baseline,,Baseline balanced scenario - healthy supply chain
2434,1,Mine Extraction_Entity,USA,2025-11-01,daily_state,ndc_balance,269.81,254.9,234.82,89.54,0.4306,index,simulated,Synthetic Generator - Baseline,,Baseline balanced scenario - healthy supply chain
2435,2,Ore Processing_Entity,USA,2025-11-01,daily_state,ndc_balance,289.15,271.16,247.25,88.3,0.2997,index,simulated,Synthetic Generator - Baseline,,Baseline balanced scenario - healthy supply chain
2436,3,Doré Production_Entity,USA,2025-11-01,daily_state,ndc_balance,293.1,265.04,230.15,82.57,0.1254,index,simulated,Synthetic Generator - Baseline,,Baseline balanced scenario - healthy supply chain
2437,4,Refining_Entity,USA,2025-11-01,daily_state,ndc_balance,258.28,269.75,242.43,91.85,0.7064,index,simulated,Synthetic Generator - Baseline,,Baseline balanced scenario - healthy supply chain
2438,5,Bar Casting & Assay_Entity,USA,2025-11-01,daily_state,ndc_balance,257.83,242.3,221.57,88.65,0.3981,index,simulated,Synthetic Generator - Baseline,,Baseline balanced scenario - healthy supply chain
2439,6,Logistics & Vaulting_Entity,USA,2025-11-01,daily_state,ndc_balance,186.85,208.34,160.52,81.36,0.2119,index,simulated,Synthetic Generator - Baseline,,Baseline balanced scenario - healthy supply chain
2440,7,Exchange Registration_Entity,USA,2025-11-01,daily_state,ndc_balance,276.73,297.98,248.98,86.71,0.2166,index,simulated,Synthetic Generator - Baseline,,Baseline balanced scenario - healthy supply chain
2441,0,Geological Prospecting_Entity,USA,2025-11-02,daily_state,ndc_balance,241.33,239.87,237.71,98.8,8.2393,index,simulated,Synthetic Generator - Baseline,,Baseline balanced scenario - healthy supply chain
2442,1,Mine Extraction_Entity,USA,2025-11-02,daily_state,ndc_balance,253.64,263.7,239.63,92.66,0.8998,index,simulated,Synthetic Generator - Baseline,,Baseline balanced scenario - healthy supply chain
2443,2,Ore Processing_Entity,USA,2025-11-02,daily_state,ndc_balance,295.91,271.61,240.55,84.85,0.1664,index,simulated,Synthetic Generator - Baseline,,Baseline balanced scenario - healthy supply chain
2444,3,Doré Production_Entity,USA,2025-11-02,daily_state,ndc_balance,234.85,269.11,194.89,77.52,0.0845,index,simulated,Synthetic Generator - Baseline,,Baseline balanced scenario - healthy supply chain
2445,4,Refining_Entity,USA,2025-11-02,daily_state,ndc_balance,279.84,276.59,271.82,97.7,4.8623,index,simulated,Synthetic Generator - Baseline,,Baseline balanced scenario - healthy supply chain
2446,5,Bar Casting & Assay_Entity,USA,2025-11-02,daily_state,ndc_balance,254.1,238.2,217.07,88.24,0.3804,index,simulated,Synthetic Generator - Baseline,,Baseline balanced scenario - healthy supply chain
2447,6,Logistics & Vaulting_Entity,USA,2025-11-02,daily_state,ndc_balance,197.89,197.91,197.85,99.98,9.9994,index,simulated,Synthetic Generator - Baseline,,Baseline balanced scenario - healthy supply chain
2448,7,Exchange Registration_Entity,USA,2025-11-02,daily_state,ndc_balance,270.46,279.97,257.12,93.44,0.9974,index,simulated,Synthetic Generator - Baseline,,Baseline balanced scenario - healthy supply chain
2449,0,Geological Prospecting_Entity,USA,2025-11-03,daily_state,ndc_balance,200.55,194.54,186.03,94.18,2.1689,index,simulated,Synthetic Generator - Baseline,,Baseline balanced scenario - healthy supply chain
2450,1,Mine Extraction_Entity,USA,2025-11-03,daily_state,ndc_balance,275.94,265.57,251.1,92.76,0.8506,index,simulated,Synthetic Generator - Baseline,,Baseline balanced scenario - healthy supply chain
2451,2,Ore Processing_Entity,USA,2025-11-03,daily_state,ndc_balance,280.0,261.38,236.85,87.55,0.2804,index,simulated,Synthetic Generator - Baseline,,Baseline balanced scenario - healthy supply chain
2452,3,Doré Production_Entity,USA,2025-11-03,daily_state,ndc_balance,230.47,232.98,226.77,97.86,6.1224,index,simulated,Synthetic Generator - Baseline,,Baseline balanced scenario - healthy supply chain
2453,4,Refining_Entity,USA,2025-11-03,daily_state,ndc_balance,285.55,281.41,275.38,97.15,3.6904,index,simulated,Synthetic Generator - Baseline,,Baseline balanced scenario - healthy supply chain
2454,5,Bar Casting & Assay_Entity,USA,2025-11-03,daily_state,ndc_balance,258.43,238.94,213.7,86.0,0.2565,index,simulated,Synthetic Generator - Baseline,,Baseline balanced scenario - healthy supply chain
2455,6,Logistics & Vaulting_Entity,USA,2025-11-03,daily_state,ndc_balance,209.9,184.88,155.21,78.79,0.1573,index,simulated,Synthetic Generator - Baseline,,Baseline balanced scenario - healthy supply chain
2456,7,Exchange Registration_Entity,USA,2025-11-03,daily_state,ndc_balance,278.1,303.56,245.69,84.56,0.152,index,simulated,Synthetic Generator - Baseline,,Baseline balanced scenario - healthy supply chain
2457,0,Geological Prospecting_Entity,USA,2025-11-04,daily_state,ndc_balance,237.71,217.08,190.97,84.07,0.2297,index,simulated,Synthetic Generator - Baseline,,Baseline balanced scenario - healthy supply chain
2458,1,Mine Extraction_Entity,USA,2025-11-04,daily_state,ndc_balance,246.22,258.04,229.99,91.24,0.6675,index,simulated,Synthetic Generator - Baseline,,Baseline balanced scenario - healthy supply chain
2459,2,Ore Processing_Entity,USA,2025-11-04,daily_state,ndc_balance,301.24,272.48,236.7,82.62,0.1194,index,simulated,Synthetic Generator - Baseline,,Baseline balanced scenario - healthy supply chain
2460,3,Doré Production_Entity,USA,2025-11-04,daily_state,ndc_balance,265.57,262.51,258.02,97.72,5.169,index,simulated,Synthetic Generator - Baseline,,Baseline balanced scenario - healthy supply chain
2461,4,Refining_Entity,USA,2025-11-04,daily_state,ndc_balance,300.26,269.73,232.23,81.6,0.1062,index,simulated,Synthetic Generator - Baseline,,Baseline balanced scenario - healthy supply chain
2462,5,Bar Casting & Assay_Entity,USA,2025-11-04,daily_state,ndc_balance,274.11,284.69,259.33,92.83,0.8194,index,simulated,Synthetic Generator - Baseline,,Baseline balanced scenario - healthy supply chain
2463,6,Logistics & Vaulting_Entity,USA,2025-11-04,daily_state,ndc_balance,212.01,190.22,163.5,81.42,0.2062,index,simulated,Synthetic Generator - Baseline,,Baseline balanced scenario - healthy supply chain
2464,7,Exchange Registration_Entity,USA,2025-11-04,daily_state,ndc_balance,278.57,283.53,271.37,96.56,2.8881,index,simulated,Synthetic Generator - Baseline,,Baseline balanced scenario - healthy supply chain
2465,0,Geological Prospecting_Entity,USA,2025-11-05,daily_state,ndc_balance,205.34,211.18,197.03,94.62,2.2668,index,simulated,Synthetic Generator - Baseline,,Baseline balanced scenario - healthy supply chain
2466,1,Mine Extraction_Entity,USA,2025-11-05,daily_state,ndc_balance,281.14,214.31,152.59,62.16,0.0223,index,simulated,Synthetic Generator - Baseline,,Baseline balanced scenario - healthy supply chain
2467,2,Ore Processing_Entity,USA,2025-11-05,daily_state,ndc_balance,307.71,298.96,286.53,94.47,1.1544,index,simulated,Synthetic Generator - Baseline,,Baseline balanced scenario - healthy supply chain
2468,3,Doré Production_Entity,USA,2025-11-05,daily_state,ndc_balance,237.8,248.54,222.98,91.72,0.798,index,simulated,Synthetic Generator - Baseline,,Baseline balanced scenario - healthy supply chain
2469,4,Refining_Entity,USA,2025-11-05,daily_state,ndc_balance,274.74,285.9,259.23,92.49,0.744,index,simulated,Synthetic Generator - Baseline,,Baseline balanced scenario - healthy supply chain
2470,5,Bar Casting & Assay_Entity,USA,2025-11-05,daily_state,ndc_balance,279.43,233.55,183.96,72.01,0.0473,index,simulated,Synthetic Generator - Baseline,,Baseline balanced scenario - healthy supply chain
2471,6,Logistics & Vaulting_Entity,USA,2025-11-05,daily_state,ndc_balance,213.5,195.05,171.68,84.13,0.2854,index,simulated,Synthetic Generator - Baseline,,Baseline balanced scenario - healthy supply chain
2472,7,Exchange Registration_Entity,USA,2025-11-05,daily_state,ndc_balance,285.94,265.65,239.14,86.77,0.2372,index,simulated,Synthetic Generator - Baseline,,Baseline balanced scenario - healthy supply chain
2473,0,Geological Prospecting_Entity,USA,2025-11-06,daily_state,ndc_balance,250.29,231.98,208.15,86.39,0.2895,index,simulated,Synthetic Generator - Baseline,,Baseline balanced scenario - healthy supply chain
2474,1,Mine Extraction_Entity,USA,2025-11-06,daily_state,ndc_balance,252.97,229.23,199.6,82.89,0.1743,index,simulated,Synthetic Generator - Baseline,,Baseline balanced scenario - healthy supply chain
2475,2,Ore Processing_Entity,USA,2025-11-06,daily_state,ndc_balance,278.28,286.07,267.19,94.7,1.4139,index,simulated,Synthetic Generator - Baseline,,Baseline balanced scenario - healthy supply chain
2476,3,Doré Production_Entity,USA,2025-11-06,daily_state,ndc_balance,247.67,260.81,229.79,90.41,0.5475,index,simulated,Synthetic Generator - Baseline,,Baseline balanced scenario - healthy supply chain
2477,4,Refining_Entity,USA,2025-11-06,daily_state,ndc_balance,285.92,280.71,273.16,96.42,2.6922,index,simulated,Synthetic Generator - Baseline,,Baseline balanced scenario - healthy supply chain
2478,5,Bar Casting & Assay_Entity,USA,2025-11-06,daily_state,ndc_balance,268.97,233.25,192.04,76.67,0.0777,index,simulated,Synthetic Generator - Baseline,,Baseline balanced scenario - healthy supply chain
2479,6,Logistics & Vaulting_Entity,USA,2025-11-06,daily_state,ndc_balance,201.13,217.34,180.11,86.15,0.3669,index,simulated,Synthetic Generator - Baseline,,Baseline balanced scenario - healthy supply chain
2480,7,Exchange Registration_Entity,USA,2025-11-06,daily_state,ndc_balance,283.29,287.31,277.43,97.24,3.8285,index,simulated,Synthetic Generator - Baseline,,Baseline balanced scenario - healthy supply chain
2481,0,Geological Prospecting_Entity,USA,2025-11-07,daily_state,ndc_balance,218.64,194.2,164.78,79.97,0.1647,index,simulated,Synthetic Generator - Baseline,,Baseline balanced scenario - healthy supply chain
2482,1,Mine Extraction_Entity,USA,2025-11-07,daily_state,ndc_balance,261.57,258.3,253.51,97.53,4.831,index,simulated,Synthetic Generator - Baseline,,Baseline balanced scenario - healthy supply chain
2483,2,Ore Processing_Entity,USA,2025-11-07,daily_state,ndc_balance,273.58,273.49,273.36,99.93,9.9916,index,simulated,Synthetic Generator - Baseline,,Baseline balanced scenario - healthy supply chain
2484,3,Doré Production_Entity,USA,2025-11-07,daily_state,ndc_balance,229.33,257.88,194.88,80.14,0.1212,index,simulated,Synthetic Generator - Baseline,,Baseline balanced scenario - healthy supply chain
2485,4,Refining_Entity,USA,2025-11-07,daily_state,ndc_balance,269.0,288.89,242.92,87.14,0.2467,index,simulated,Synthetic Generator - Baseline,,Baseline balanced scenario - healthy supply chain
2486,5,Bar Casting & Assay_Entity,USA,2025-11-07,daily_state,ndc_balance,286.35,256.28,219.57,81.05,0.1094,index,simulated,Synthetic Generator - Baseline,,Baseline balanced scenario - healthy supply chain
2487,6,Logistics & Vaulting_Entity,USA,2025-11-07,daily_state,ndc_balance,188.29,160.19,128.85,74.19,0.125,index,simulated,Synthetic Generator - Baseline,,Baseline balanced scenario - healthy supply chain
2488,7,Exchange Registration_Entity,USA,2025-11-07,daily_state,ndc_balance,261.34,253.01,241.25,93.82,1.259,index,simulated,Synthetic Generator - Baseline,,Baseline balanced scenario - healthy supply chain
2489,0,Geological Prospecting_Entity,USA,2025-11-08,daily_state,ndc_balance,243.43,214.29,179.76,78.71,0.1164,index,simulated,Synthetic Generator - Baseline,,Baseline balanced scenario - healthy supply chain
2490,1,Mine Extraction_Entity,USA,2025-11-08,daily_state,ndc_balance,268.6,212.24,156.93,65.73,0.0314,index,simulated,Synthetic Generator - Baseline,,Baseline balanced scenario - healthy supply chain
2491,2,Ore Processing_Entity,USA,2025-11-08,daily_state,ndc_balance,264.79,293.17,229.57,82.4,0.1226,index,simulated,Synthetic Generator - Baseline,,Baseline balanced scenario - healthy supply chain
2492,3,Doré Production_Entity,USA,2025-11-08,daily_state,ndc_balance,247.06,234.56,217.55,90.37,0.6013,index,simulated,Synthetic Generator - Baseline,,Baseline balanced scenario - healthy supply chain
2493,4,Refining_Entity,USA,2025-11-08,daily_state,ndc_balance,281.23,291.65,266.64,93.1,0.8433,index,simulated,Synthetic Generator - Baseline,,Baseline balanced scenario - healthy supply chain
2494,5,Bar Casting & Assay_Entity,USA,2025-11-08,daily_state,ndc_balance,259.44,258.45,256.98,99.24,9.1123,index,simulated,Synthetic Generator - Baseline,,Baseline balanced scenario - healthy supply chain
2495,6,Logistics & Vaulting_Entity,USA,2025-11-08,daily_state,ndc_balance,205.65,240.26,166.63,74.96,0.0828,index,simulated,Synthetic Generator - Baseline,,Baseline balanced scenario - healthy supply chain
2496,7,Exchange Registration_Entity,USA,2025-11-08,daily_state,ndc_balance,251.27,289.5,207.1,76.79,0.0679,index,simulated,Synthetic Generator - Baseline,,Baseline balanced scenario - healthy supply chain
2497,0,Geological Prospecting_Entity,USA,2025-11-09,daily_state,ndc_balance,220.36,221.87,218.12,98.65,8.1471,index,simulated,Synthetic Generator - Baseline,,Baseline balanced scenario - healthy supply chain
2498,1,Mine Extraction_Entity,USA,2025-11-09,daily_state,ndc_balance,252.22,250.78,248.65,98.87,8.2892,index,simulated,Synthetic Generator - Baseline,,Baseline balanced scenario - healthy supply chain
2499,2,Ore Processing_Entity,USA,2025-11-09,daily_state,ndc_balance,292.75,332.7,245.46,78.65,0.0623,index,simulated,Synthetic Generator - Baseline,,Baseline balanced scenario - healthy supply chain
2500,3,Doré Production_Entity,USA,2025-11-09,daily_state,ndc_balance,254.2,221.4,183.27,77.25,0.0921,index,simulated,Synthetic Generator - Baseline,,Baseline balanced scenario - healthy supply chain
2501,4,Refining_Entity,USA,2025-11-09,daily_state,ndc_balance,265.72,253.5,236.73,91.21,0.6275,index,simulated,Synthetic Generator - Baseline,,Baseline balanced scenario - healthy supply chain
2502,5,Bar Casting & Assay_Entity,USA,2025-11-09,daily_state,ndc_balance,235.14,250.72,214.44,88.32,0.3958,index,simulated,Synthetic Generator - Baseline,,Baseline balanced scenario - healthy supply chain
2503,6,Logistics & Vaulting_Entity,USA,2025-11-09,daily_state,ndc_balance,213.07,173.73,132.99,69.12,0.0642,index,simulated,Synthetic Generator - Baseline,,Baseline balanced scenario - healthy supply chain
2504,7,Exchange Registration_Entity,USA,2025-11-09,daily_state,ndc_balance,297.81,285.44,268.33,92.03,0.6141,index,simulated,Synthetic Generator - Baseline,,Baseline balanced scenario - healthy supply chain
2505,0,Geological Prospecting_Entity,USA,2025-11-10,daily_state,ndc_balance,210.38,208.57,205.89,98.29,7.5274,index,simulated,Synthetic Generator - Baseline,,Baseline balanced scenario - healthy supply chain
2506,1,Mine Extraction_Entity,USA,2025-11-10,daily_state,ndc_balance,285.37,264.32,236.97,86.28,0.2207,index,simulated,Synthetic Generator - Baseline,,Baseline balanced scenario - healthy supply chain
2507,2,Ore Processing_Entity,USA,2025-11-10,daily_state,ndc_balance,281.52,271.84,258.24,93.35,0.9628,index,simulated,Synthetic Generator - Baseline,,Baseline balanced scenario - healthy supply chain
2508,3,Doré Production_Entity,USA,2025-11-10,daily_state,ndc_balance,242.54,226.9,206.21,87.9,0.3928,index,simulated,Synthetic Generator - Baseline,,Baseline balanced scenario - healthy supply chain
2509,4,Refining_Entity,USA,2025-11-10,daily_state,ndc_balance,239.82,297.87,181.0,67.72,0.0296,index,simulated,Synthetic Generator - Baseline,,Baseline balanced scenario - healthy supply chain
2510,5,Bar Casting & Assay_Entity,USA,2025-11-10,daily_state,ndc_balance,263.72,263.28,262.62,99.67,9.8087,index,simulated,Synthetic Generator - Baseline,,Baseline balanced scenario - healthy supply chain
2511,6,Logistics & Vaulting_Entity,USA,2025-11-10,daily_state,ndc_balance,200.52,182.88,160.6,83.87,0.3113,index,simulated,Synthetic Generator - Baseline,,Baseline balanced scenario - healthy supply chain
2512,7,Exchange Registration_Entity,USA,2025-11-10,daily_state,ndc_balance,278.6,247.32,209.71,79.89,0.1012,index,simulated,Synthetic Generator - Baseline,,Baseline balanced scenario - healthy supply chain
2513,0,Geological Prospecting_Entity,USA,2025-11-11,daily_state,ndc_balance,254.85,188.34,129.99,59.33,0.0226,index,simulated,Synthetic Generator - Baseline,,Baseline balanced scenario - healthy supply chain
2514,1,Mine Extraction_Entity,USA,2025-11-11,daily_state,ndc_balance,245.22,242.63,238.83,97.91,5.995,index,simulated,Synthetic Generator - Baseline,,Baseline balanced scenario - healthy supply chain
2515,2,Ore Processing_Entity,USA,2025-11-11,daily_state,ndc_balance,300.02,275.82,244.81,85.1,0.1679,index,simulated,Synthetic Generator - Baseline,,Baseline balanced scenario - healthy supply chain
2516,3,Doré Production_Entity,USA,2025-11-11,daily_state,ndc_balance,222.16,258.14,181.21,75.67,0.0767,index,simulated,Synthetic Generator - Baseline,,Baseline balanced scenario - healthy supply chain
2517,4,Refining_Entity,USA,2025-11-11,daily_state,ndc_balance,281.66,270.25,254.42,92.22,0.713,index,simulated,Synthetic Generator - Baseline,,Baseline balanced scenario - healthy supply chain
2518,5,Bar Casting & Assay_Entity,USA,2025-11-11,daily_state,ndc_balance,271.43,298.66,237.27,83.33,0.1331,index,simulated,Synthetic Generator - Baseline,,Baseline balanced scenario - healthy supply chain
2519,6,Logistics & Vaulting_Entity,USA,2025-11-11,daily_state,ndc_balance,233.47,183.2,134.44,65.01,0.0394,index,simulated,Synthetic Generator - Baseline,,Baseline balanced scenario - healthy supply chain
2520,7,Exchange Registration_Entity,USA,2025-11-11,daily_state,ndc_balance,305.06,282.46,253.11,86.23,0.192,index,simulated,Synthetic Generator - Baseline,,Baseline balanced scenario - healthy supply chain
2521,0,Geological Prospecting_Entity,USA,2025-11-12,daily_state,ndc_balance,227.49,179.54,132.58,65.6,0.0433,index,simulated,Synthetic Generator - Baseline,,Baseline balanced scenario - healthy supply chain
2522,1,Mine Extraction_Entity,USA,2025-11-12,daily_state,ndc_balance,257.44,235.37,207.37,84.24,0.2011,index,simulated,Synthetic Generator - Baseline,,Baseline balanced scenario - healthy supply chain
2523,2,Ore Processing_Entity,USA,2025-11-12,daily_state,ndc_balance,292.42,294.28,289.67,98.74,7.4326,index,simulated,Synthetic Generator - Baseline,,Baseline balanced scenario - healthy supply chain
2524,3,Doré Production_Entity,USA,2025-11-12,daily_state,ndc_balance,208.88,234.6,177.78,80.31,0.1489,index,simulated,Synthetic Generator - Baseline,,Baseline balanced scenario - healthy supply chain
2525,4,Refining_Entity,USA,2025-11-12,daily_state,ndc_balance,286.83,256.64,219.81,81.02,0.1085,index,simulated,Synthetic Generator - Baseline,,Baseline balanced scenario - healthy supply chain
2526,5,Bar Casting & Assay_Entity,USA,2025-11-12,daily_state,ndc_balance,270.94,261.32,247.85,93.15,0.9761,index,simulated,Synthetic Generator - Baseline,,Baseline balanced scenario - healthy supply chain
2527,6,Logistics & Vaulting_Entity,USA,2025-11-12,daily_state,ndc_balance,205.12,190.12,170.59,86.39,0.4251,index,simulated,Synthetic Generator - Baseline,,Baseline balanced scenario - healthy supply chain
2528,7,Exchange Registration_Entity,USA,2025-11-12,daily_state,ndc_balance,261.75,254.81,244.92,94.84,1.7198,index,simulated,Synthetic Generator - Baseline,,Baseline balanced scenario - healthy supply chain
2529,0,Geological Prospecting_Entity,USA,2025-11-13,daily_state,ndc_balance,229.94,209.79,184.33,83.92,0.2404,index,simulated,Synthetic Generator - Baseline,,Baseline balanced scenario - healthy supply chain
2530,1,Mine Extraction_Entity,USA,2025-11-13,daily_state,ndc_balance,257.22,241.81,221.23,88.71,0.404,index,simulated,Synthetic Generator - Baseline,,Baseline balanced scenario - healthy supply chain
2531,2,Ore Processing_Entity,USA,2025-11-13,daily_state,ndc_balance,274.72,293.29,250.11,88.11,0.2821,index,simulated,Synthetic Generator - Baseline,,Baseline balanced scenario - healthy supply chain
2532,3,Doré Production_Entity,USA,2025-11-13,daily_state,ndc_balance,234.27,210.3,180.89,81.49,0.1711,index,simulated,Synthetic Generator - Baseline,,Baseline balanced scenario - healthy supply chain
2533,4,Refining_Entity,USA,2025-11-13,daily_state,ndc_balance,280.46,255.75,224.56,83.85,0.1612,index,simulated,Synthetic Generator - Baseline,,Baseline balanced scenario - healthy supply chain
2534,5,Bar Casting & Assay_Entity,USA,2025-11-13,daily_state,ndc_balance,259.77,283.38,229.68,84.65,0.1763,index,simulated,Synthetic Generator - Baseline,,Baseline balanced scenario - healthy supply chain
2535,6,Logistics & Vaulting_Entity,USA,2025-11-13,daily_state,ndc_balance,198.99,199.65,198.02,99.35,9.5908,index,simulated,Synthetic Generator - Baseline,,Baseline balanced scenario - healthy supply chain
2536,7,Exchange Registration_Entity,USA,2025-11-13,daily_state,ndc_balance,261.62,270.49,249.13,93.65,1.1278,index,simulated,Synthetic Generator - Baseline,,Baseline balanced scenario - healthy supply chain
2537,0,Geological Prospecting_Entity,USA,2025-11-14,daily_state,ndc_balance,227.75,180.89,134.5,66.26,0.0453,index,simulated,Synthetic Generator - Baseline,,Baseline balanced scenario - healthy supply chain
2538,1,Mine Extraction_Entity,USA,2025-11-14,daily_state,ndc_balance,261.62,250.7,235.59,91.99,0.7737,index,simulated,Synthetic Generator - Baseline,,Baseline balanced scenario - healthy supply chain
2539,2,Ore Processing_Entity,USA,2025-11-14,daily_state,ndc_balance,279.23,292.56,260.92,91.29,0.533,index,simulated,Synthetic Generator - Baseline,,Baseline balanced scenario - healthy supply chain
2540,3,Doré Production_Entity,USA,2025-11-14,daily_state,ndc_balance,243.62,260.49,221.32,87.85,0.3396,index,simulated,Synthetic Generator - Baseline,,Baseline balanced scenario - healthy supply chain
2541,4,Refining_Entity,USA,2025-11-14,daily_state,ndc_balance,253.7,261.33,242.89,94.33,1.4663,index,simulated,Synthetic Generator - Baseline,,Baseline balanced scenario - healthy supply chain
2542,5,Bar Casting & Assay_Entity,USA,2025-11-14,daily_state,ndc_balance,259.88,234.64,203.35,82.35,0.1546,index,simulated,Synthetic Generator - Baseline,,Baseline balanced scenario - healthy supply chain
2543,6,Logistics & Vaulting_Entity,USA,2025-11-14,daily_state,ndc_balance,212.95,235.73,184.68,82.43,0.1891,index,simulated,Synthetic Generator - Baseline,,Baseline balanced scenario - healthy supply chain
2544,7,Exchange Registration_Entity,USA,2025-11-14,daily_state,ndc_balance,278.35,282.98,271.63,96.78,3.1868,index,simulated,Synthetic Generator - Baseline,,Baseline balanced scenario - healthy supply chain
2545,0,Geological Prospecting_Entity,USA,2025-11-15,daily_state,ndc_balance,219.19,195.49,166.75,80.56,0.175,index,simulated,Synthetic Generator - Baseline,,Baseline balanced scenario - healthy supply chain
2546,1,Mine Extraction_Entity,USA,2025-11-15,daily_state,ndc_balance,230.61,235.63,223.38,95.83,2.8382,index,simulated,Synthetic Generator - Baseline,,Baseline balanced scenario - healthy supply chain
2547,2,Ore Processing_Entity,USA,2025-11-15,daily_state,ndc_balance,257.04,304.01,205.23,73.42,0.0451,index,simulated,Synthetic Generator - Baseline,,Baseline balanced scenario - healthy supply chain
2548,3,Doré Production_Entity,USA,2025-11-15,daily_state,ndc_balance,236.19,227.11,214.46,92.6,1.0808,index,simulated,Synthetic Generator - Baseline,,Baseline balanced scenario - healthy supply chain
2549,4,Refining_Entity,USA,2025-11-15,daily_state,ndc_balance,281.26,238.15,190.47,73.6,0.0535,index,simulated,Synthetic Generator - Baseline,,Baseline balanced scenario - healthy supply chain
2550,5,Bar Casting & Assay_Entity,USA,2025-11-15,daily_state,ndc_balance,246.42,254.56,234.93,93.8,1.3102,index,simulated,Synthetic Generator - Baseline,,Baseline balanced scenario - healthy supply chain
2551,6,Logistics & Vaulting_Entity,USA,2025-11-15,daily_state,ndc_balance,213.35,202.37,187.45,90.21,0.7652,index,simulated,Synthetic Generator - Baseline,,Baseline balanced scenario - healthy supply chain
2552,7,Exchange Registration_Entity,USA,2025-11-15,daily_state,ndc_balance,281.65,274.74,264.87,95.22,1.7346,index,simulated,Synthetic Generator - Baseline,,Baseline balanced scenario - healthy supply chain
2553,0,Geological Prospecting_Entity,USA,2025-11-16,daily_state,ndc_balance,223.25,211.42,195.42,89.95,0.6677,index,simulated,Synthetic Generator - Baseline,,Baseline balanced scenario - healthy supply chain
2554,1,Mine Extraction_Entity,USA,2025-11-16,daily_state,ndc_balance,241.79,248.62,232.08,94.65,1.7651,index,simulated,Synthetic Generator - Baseline,,Baseline balanced scenario - healthy supply chain
2555,2,Ore Processing_Entity,USA,2025-11-16,daily_state,ndc_balance,261.14,274.25,243.2,90.88,0.5494,index,simulated,Synthetic Generator - Baseline,,Baseline balanced scenario - healthy supply chain
2556,3,Doré Production_Entity,USA,2025-11-16,daily_state,ndc_balance,230.03,278.5,178.71,70.6,0.0424,index,simulated,Synthetic Generator - Baseline,,Baseline balanced scenario - healthy supply chain
2557,4,Refining_Entity,USA,2025-11-16,daily_state,ndc_balance,266.65,232.52,192.77,77.42,0.0851,index,simulated,Synthetic Generator - Baseline,,Baseline balanced scenario - healthy supply chain
2558,5,Bar Casting & Assay_Entity,USA,2025-11-16,daily_state,ndc_balance,255.23,262.14,245.38,94.86,1.7306,index,simulated,Synthetic Generator - Baseline,,Baseline balanced scenario - healthy supply chain
2559,6,Logistics & Vaulting_Entity,USA,2025-11-16,daily_state,ndc_balance,222.34,182.18,140.24,69.68,0.0616,index,simulated,Synthetic Generator - Baseline,,Baseline balanced scenario - healthy supply chain
2560,7,Exchange Registration_Entity,USA,2025-11-16,daily_state,ndc_balance,253.51,287.5,213.12,78.94,0.0858,index,simulated,Synthetic Generator - Baseline,,Baseline balanced scenario - healthy supply chain
2561,0,Geological Prospecting_Entity,USA,2025-11-17,daily_state,ndc_balance,195.87,199.41,190.74,96.51,4.4351,index,simulated,Synthetic Generator - Baseline,,Baseline balanced scenario - healthy supply chain
2562,1,Mine Extraction_Entity,USA,2025-11-17,daily_state,ndc_balance,252.72,246.01,236.45,94.83,1.8196,index,simulated,Synthetic Generator - Baseline,,Baseline balanced scenario - healthy supply chain
2563,2,Ore Processing_Entity,USA,2025-11-17,daily_state,ndc_balance,286.92,259.96,226.32,82.87,0.1357,index,simulated,Synthetic Generator - Baseline,,Baseline balanced scenario - healthy supply chain
2564,3,Doré Production_Entity,USA,2025-11-17,daily_state,ndc_balance,232.47,232.01,231.31,99.6,9.7867,index,simulated,Synthetic Generator - Baseline,,Baseline balanced scenario - healthy supply chain
2565,4,Refining_Entity,USA,2025-11-17,daily_state,ndc_balance,268.82,259.02,245.33,92.97,0.9432,index,simulated,Synthetic Generator - Baseline,,Baseline balanced scenario - healthy supply chain
2566,5,Bar Casting & Assay_Entity,USA,2025-11-17,daily_state,ndc_balance,263.12,267.45,256.82,96.81,3.4752,index,simulated,Synthetic Generator - Baseline,,Baseline balanced scenario - healthy supply chain
2567,6,Logistics & Vaulting_Entity,USA,2025-11-17,daily_state,ndc_balance,202.47,200.43,197.43,98.0,7.0595,index,simulated,Synthetic Generator - Baseline,,Baseline balanced scenario - healthy supply chain
2568,7,Exchange Registration_Entity,USA,2025-11-17,daily_state,ndc_balance,252.85,273.17,226.48,86.18,0.2364,index,simulated,Synthetic Generator - Baseline,,Baseline balanced scenario - healthy supply chain
2569,0,Geological Prospecting_Entity,USA,2025-11-18,daily_state,ndc_balance,223.13,219.87,215.12,97.12,4.8506,index,simulated,Synthetic Generator - Baseline,,Baseline balanced scenario - healthy supply chain
2570,1,Mine Extraction_Entity,USA,2025-11-18,daily_state,ndc_balance,245.55,234.88,220.18,91.68,0.8083,index,simulated,Synthetic Generator - Baseline,,Baseline balanced scenario - healthy supply chain
2571,2,Ore Processing_Entity,USA,2025-11-18,daily_state,ndc_balance,267.32,281.4,248.15,90.48,0.4802,index,simulated,Synthetic Generator - Baseline,,Baseline balanced scenario - healthy supply chain
2572,3,Doré Production_Entity,USA,2025-11-18,daily_state,ndc_balance,251.44,224.41,191.59,80.65,0.135,index,simulated,Synthetic Generator - Baseline,,Baseline balanced scenario - healthy supply chain
2573,4,Refining_Entity,USA,2025-11-18,daily_state,ndc_balance,279.55,258.97,232.22,86.31,0.2306,index,simulated,Synthetic Generator - Baseline,,Baseline balanced scenario - healthy supply chain
2574,5,Bar Casting & Assay_Entity,USA,2025-11-18,daily_state,ndc_balance,254.07,247.94,239.17,95.29,2.1034,index,simulated,Synthetic Generator - Baseline,,Baseline balanced scenario - healthy supply chain
2575,6,Logistics & Vaulting_Entity,USA,2025-11-18,daily_state,ndc_balance,207.13,197.61,184.54,91.21,0.9927,index,simulated,Synthetic Generator - Baseline,,Baseline balanced scenario - healthy supply chain
2576,7,Exchange Registration_Entity,USA,2025-11-18,daily_state,ndc_balance,310.07,256.41,199.47,70.74,0.0346,index,simulated,Synthetic Generator - Baseline,,Baseline balanced scenario - healthy supply chain
2577,0,Geological Prospecting_Entity,USA,2025-11-19,daily_state,ndc_balance,223.08,196.72,165.39,78.95,0.1419,index,simulated,Synthetic Generator - Baseline,,Baseline balanced scenario - healthy supply chain
2578,1,Mine Extraction_Entity,USA,2025-11-19,daily_state,ndc_balance,242.27,246.05,236.76,96.97,4.1138,index,simulated,Synthetic Generator - Baseline,,Baseline balanced scenario - healthy supply chain
2579,2,Ore Processing_Entity,USA,2025-11-19,daily_state,ndc_balance,277.37,323.77,224.98,75.08,0.0462,index,simulated,Synthetic Generator - Baseline,,Baseline balanced scenario - healthy supply chain
2580,3,Doré Production_Entity,USA,2025-11-19,daily_state,ndc_balance,232.54,210.9,183.85,83.02,0.209,index,simulated,Synthetic Generator - Baseline,,Baseline balanced scenario - healthy supply chain
2581,4,Refining_Entity,USA,2025-11-19,daily_state,ndc_balance,269.4,218.9,166.92,68.74,0.0391,index,simulated,Synthetic Generator - Baseline,,Baseline balanced scenario - healthy supply chain
2582,5,Bar Casting & Assay_Entity,USA,2025-11-19,daily_state,ndc_balance,253.93,251.53,248.01,98.13,6.3582,index,simulated,Synthetic Generator - Baseline,,Baseline balanced scenario - healthy supply chain
2583,6,Logistics & Vaulting_Entity,USA,2025-11-19,daily_state,ndc_balance,207.22,208.77,204.94,98.53,8.0727,index,simulated,Synthetic Generator - Baseline,,Baseline balanced scenario - healthy supply chain
2584,7,Exchange Registration_Entity,USA,2025-11-19,daily_state,ndc_balance,267.75,268.53,266.59,99.42,9.4245,index,simulated,Synthetic Generator - Baseline,,Baseline balanced scenario - healthy supply chain
2585,0,Geological Prospecting_Entity,USA,2025-11-20,daily_state,ndc_balance,203.21,185.46,163.01,83.97,0.3075,index,simulated,Synthetic Generator - Baseline,,Baseline balanced scenario - healthy supply chain
2586,1,Mine Extraction_Entity,USA,2025-11-20,daily_state,ndc_balance,259.35,222.84,181.4,75.46,0.0744,index,simulated,Synthetic Generator - Baseline,,Baseline balanced scenario - healthy supply chain
2587,2,Ore Processing_Entity,USA,2025-11-20,daily_state,ndc_balance,268.48,252.85,231.9,89.01,0.3931,index,simulated,Synthetic Generator - Baseline,,Baseline balanced scenario - healthy supply chain
2588,3,Doré Production_Entity,USA,2025-11-20,daily_state,ndc_balance,242.95,263.19,216.81,85.74,0.2383,index,simulated,Synthetic Generator - Baseline,,Baseline balanced scenario - healthy supply chain
2589,4,Refining_Entity,USA,2025-11-20,daily_state,ndc_balance,245.18,222.41,193.93,83.05,0.1892,index,simulated,Synthetic Generator - Baseline,,Baseline balanced scenario - healthy supply chain
2590,5,Bar Casting & Assay_Entity,USA,2025-11-20,daily_state,ndc_balance,252.83,251.04,248.4,98.6,7.5851,index,simulated,Synthetic Generator - Baseline,,Baseline balanced scenario - healthy supply chain
2591,6,Logistics & Vaulting_Entity,USA,2025-11-20,daily_state,ndc_balance,197.98,182.73,163.04,85.72,0.4121,index,simulated,Synthetic Generator - Baseline,,Baseline balanced scenario - healthy supply chain
2592,7,Exchange Registration_Entity,USA,2025-11-20,daily_state,ndc_balance,271.69,277.38,263.49,95.98,2.3632,index,simulated,Synthetic Generator - Baseline,,Baseline balanced scenario - healthy supply chain
2593,0,Geological Prospecting_Entity,USA,2025-11-21,daily_state,ndc_balance,229.73,170.11,117.64,59.51,0.0281,index,simulated,Synthetic Generator - Baseline,,Baseline balanced scenario - healthy supply chain
2594,1,Mine Extraction_Entity,USA,2025-11-21,daily_state,ndc_balance,248.59,249.15,247.75,99.55,9.6978,index,simulated,Synthetic Generator - Baseline,,Baseline balanced scenario - healthy supply chain
2595,2,Ore Processing_Entity,USA,2025-11-21,daily_state,ndc_balance,260.35,301.46,213.28,76.13,0.0588,index,simulated,Synthetic Generator - Baseline,,Baseline balanced scenario - healthy supply chain
2596,3,Doré Production_Entity,USA,2025-11-21,daily_state,ndc_balance,224.59,229.55,217.45,95.77,2.8872,index,simulated,Synthetic Generator - Baseline,,Baseline balanced scenario - healthy supply chain
2597,4,Refining_Entity,USA,2025-11-21,daily_state,ndc_balance,272.46,244.65,210.51,81.54,0.1277,index,simulated,Synthetic Generator - Baseline,,Baseline balanced scenario - healthy supply chain
2598,5,Bar Casting & Assay_Entity,USA,2025-11-21,daily_state,ndc_balance,226.42,242.58,205.13,87.53,0.3689,index,simulated,Synthetic Generator - Baseline,,Baseline balanced scenario - healthy supply chain
2599,6,Logistics & Vaulting_Entity,USA,2025-11-21,daily_state,ndc_balance,209.56,184.23,154.3,78.53,0.1535,index,simulated,Synthetic Generator - Baseline,,Baseline balanced scenario - healthy supply chain
2600,7,Exchange Registration_Entity,USA,2025-11-21,daily_state,ndc_balance,261.43,286.96,229.24,83.7,0.1511,index,simulated,Synthetic Generator - Baseline,,Baseline balanced scenario - healthy supply chain
2601,0,Geological Prospecting_Entity,USA,2025-11-22,daily_state,ndc_balance,208.61,195.67,178.47,88.34,0.5639,index,simulated,Synthetic Generator - Baseline,,Baseline balanced scenario - healthy supply chain
2602,1,Mine Extraction_Entity,USA,2025-11-22,daily_state,ndc_balance,255.81,258.73,251.53,97.77,5.4024,index,simulated,Synthetic Generator - Baseline,,Baseline balanced scenario - healthy supply chain
2603,2,Ore Processing_Entity,USA,2025-11-22,daily_state,ndc_balance,309.3,284.75,253.21,85.32,0.1632,index,simulated,Synthetic Generator - Baseline,,Baseline balanced scenario - healthy supply chain
2604,3,Doré Production_Entity,USA,2025-11-22,daily_state,ndc_balance,250.97,220.75,185.0,78.6,0.1083,index,simulated,Synthetic Generator - Baseline,,Baseline balanced scenario - healthy supply chain
2605,4,Refining_Entity,USA,2025-11-22,daily_state,ndc_balance,248.18,255.98,237.16,94.09,1.413,index,simulated,Synthetic Generator - Baseline,,Baseline balanced scenario - healthy supply chain
2606,5,Bar Casting & Assay_Entity,USA,2025-11-22,daily_state,ndc_balance,255.18,230.44,199.76,82.38,0.1608,index,simulated,Synthetic Generator - Baseline,,Baseline balanced scenario - healthy supply chain
2607,6,Logistics & Vaulting_Entity,USA,2025-11-22,daily_state,ndc_balance,190.94,197.05,182.32,93.99,2.1167,index,simulated,Synthetic Generator - Baseline,,Baseline balanced scenario - healthy supply chain
2608,7,Exchange Registration_Entity,USA,2025-11-22,daily_state,ndc_balance,278.98,278.93,278.87,99.97,9.9981,index,simulated,Synthetic Generator - Baseline,,Baseline balanced scenario - healthy supply chain
2609,0,Geological Prospecting_Entity,USA,2025-11-23,daily_state,ndc_balance,217.42,195.32,168.16,81.6,0.2006,index,simulated,Synthetic Generator - Baseline,,Baseline balanced scenario - healthy supply chain
2610,1,Mine Extraction_Entity,USA,2025-11-23,daily_state,ndc_balance,245.34,222.86,194.67,83.25,0.194,index,simulated,Synthetic Generator - Baseline,,Baseline balanced scenario - healthy supply chain
2611,2,Ore Processing_Entity,USA,2025-11-23,daily_state,ndc_balance,299.83,269.68,232.57,81.79,0.1089,index,simulated,Synthetic Generator - Baseline,,Baseline balanced scenario - healthy supply chain
2612,3,Doré Production_Entity,USA,2025-11-23,daily_state,ndc_balance,229.68,212.72,190.7,86.27,0.3361,index,simulated,Synthetic Generator - Baseline,,Baseline balanced scenario - healthy supply chain
2613,4,Refining_Entity,USA,2025-11-23,daily_state,ndc_balance,307.09,235.12,168.16,62.58,0.0193,index,simulated,Synthetic Generator - Baseline,,Baseline balanced scenario - healthy supply chain
2614,5,Bar Casting & Assay_Entity,USA,2025-11-23,daily_state,ndc_balance,246.62,256.93,232.31,92.29,0.8603,index,simulated,Synthetic Generator - Baseline,,Baseline balanced scenario - healthy supply chain
2615,6,Logistics & Vaulting_Entity,USA,2025-11-23,daily_state,ndc_balance,202.06,206.69,195.41,95.62,3.182,index,simulated,Synthetic Generator - Baseline,,Baseline balanced scenario - healthy supply chain
2616,7,Exchange Registration_Entity,USA,2025-11-23,daily_state,ndc_balance,300.17,278.55,250.38,86.59,0.2096,index,simulated,Synthetic Generator - Baseline,,Baseline balanced scenario - healthy supply chain
2617,0,Geological Prospecting_Entity,USA,2025-11-24,daily_state,ndc_balance,196.73,199.43,192.78,97.33,5.7805,index,simulated,Synthetic Generator - Baseline,,Baseline balanced scenario - healthy supply chain
2618,1,Mine Extraction_Entity,USA,2025-11-24,daily_state,ndc_balance,257.19,281.28,226.61,84.25,0.1693,index,simulated,Synthetic Generator - Baseline,,Baseline balanced scenario - healthy supply chain
2619,2,Ore Processing_Entity,USA,2025-11-24,daily_state,ndc_balance,251.6,290.7,206.66,76.41,0.065,index,simulated,Synthetic Generator - Baseline,,Baseline balanced scenario - healthy supply chain
2620,3,Doré Production_Entity,USA,2025-11-24,daily_state,ndc_balance,235.27,244.14,222.87,92.99,1.128,index,simulated,Synthetic Generator - Baseline,,Baseline balanced scenario - healthy supply chain
2621,4,Refining_Entity,USA,2025-11-24,daily_state,ndc_balance,261.04,238.89,210.75,84.39,0.1998,index,simulated,Synthetic Generator - Baseline,,Baseline balanced scenario - healthy supply chain
2622,5,Bar Casting & Assay_Entity,USA,2025-11-24,daily_state,ndc_balance,263.83,260.83,256.44,97.75,5.2681,index,simulated,Synthetic Generator - Baseline,,Baseline balanced scenario - healthy supply chain
2623,6,Logistics & Vaulting_Entity,USA,2025-11-24,daily_state,ndc_balance,207.15,188.82,165.69,83.78,0.2889,index,simulated,Synthetic Generator - Baseline,,Baseline balanced scenario - healthy supply chain
2624,7,Exchange Registration_Entity,USA,2025-11-24,daily_state,ndc_balance,263.57,241.0,212.35,84.26,0.1925,index,simulated,Synthetic Generator - Baseline,,Baseline balanced scenario - healthy supply chain
2625,0,Geological Prospecting_Entity,USA,2025-11-25,daily_state,ndc_balance,224.41,211.33,193.8,88.99,0.5519,index,simulated,Synthetic Generator - Baseline,,Baseline balanced scenario - healthy supply chain
2626,1,Mine Extraction_Entity,USA,2025-11-25,daily_state,ndc_balance,237.63,234.0,228.71,96.99,4.3125,index,simulated,Synthetic Generator - Baseline,,Baseline balanced scenario - healthy supply chain
2627,2,Ore Processing_Entity,USA,2025-11-25,daily_state,ndc_balance,265.12,242.0,212.76,84.0,0.1837,index,simulated,Synthetic Generator - Baseline,,Baseline balanced scenario - healthy supply chain
2628,3,Doré Production_Entity,USA,2025-11-25,daily_state,ndc_balance,219.85,208.29,192.62,90.01,0.6954,index,simulated,Synthetic Generator - Baseline,,Baseline balanced scenario - healthy supply chain
2629,4,Refining_Entity,USA,2025-11-25,daily_state,ndc_balance,255.93,240.4,219.69,88.57,0.398,index,simulated,Synthetic Generator - Baseline,,Baseline balanced scenario - healthy supply chain
2630,5,Bar Casting & Assay_Entity,USA,2025-11-25,daily_state,ndc_balance,227.71,285.1,170.36,66.86,0.0303,index,simulated,Synthetic Generator - Baseline,,Baseline balanced scenario - healthy supply chain
2631,6,Logistics & Vaulting_Entity,USA,2025-11-25,daily_state,ndc_balance,210.91,174.67,136.12,70.92,0.0756,index,simulated,Synthetic Generator - Baseline,,Baseline balanced scenario - healthy supply chain
2632,7,Exchange Registration_Entity,USA,2025-11-25,daily_state,ndc_balance,276.21,276.21,276.2,100.0,10.0,index,simulated,Synthetic Generator - Baseline,,Baseline balanced scenario - healthy supply chain
2633,0,Geological Prospecting_Entity,USA,2025-11-26,daily_state,ndc_balance,229.58,188.63,145.67,70.0,0.0593,index,simulated,Synthetic Generator - Baseline,,Baseline balanced scenario - healthy supply chain
2634,1,Mine Extraction_Entity,USA,2025-11-26,daily_state,ndc_balance,268.09,233.51,193.3,77.26,0.0829,index,simulated,Synthetic Generator - Baseline,,Baseline balanced scenario - healthy supply chain
2635,2,Ore Processing_Entity,USA,2025-11-26,daily_state,ndc_balance,251.67,281.4,215.43,80.95,0.1119,index,simulated,Synthetic Generator - Baseline,,Baseline balanced scenario - healthy supply chain
2636,3,Doré Production_Entity,USA,2025-11-26,daily_state,ndc_balance,251.07,274.95,220.85,84.06,0.1724,index,simulated,Synthetic Generator - Baseline,,Baseline balanced scenario - healthy supply chain
2637,4,Refining_Entity,USA,2025-11-26,daily_state,ndc_balance,243.71,265.95,215.39,84.6,0.1983,index,simulated,Synthetic Generator - Baseline,,Baseline balanced scenario - healthy supply chain
2638,5,Bar Casting & Assay_Entity,USA,2025-11-26,daily_state,ndc_balance,245.56,262.47,223.19,87.91,0.3381,index,simulated,Synthetic Generator - Baseline,,Baseline balanced scenario - healthy supply chain
2639,6,Logistics & Vaulting_Entity,USA,2025-11-26,daily_state,ndc_balance,169.65,165.64,159.88,95.38,3.8291,index,simulated,Synthetic Generator - Baseline,,Baseline balanced scenario - healthy supply chain
2640,7,Exchange Registration_Entity,USA,2025-11-26,daily_state,ndc_balance,260.07,269.79,246.47,93.05,0.9576,index,simulated,Synthetic Generator - Baseline,,Baseline balanced scenario - healthy supply chain
2641,0,Geological Prospecting_Entity,USA,2025-11-27,daily_state,ndc_balance,201.72,214.93,184.14,88.43,0.5419,index,simulated,Synthetic Generator - Baseline,,Baseline balanced scenario - healthy supply chain
2642,1,Mine Extraction_Entity,USA,2025-11-27,daily_state,ndc_balance,266.74,253.86,236.27,90.8,0.5686,index,simulated,Synthetic Generator - Baseline,,Baseline balanced scenario - healthy supply chain
2643,2,Ore Processing_Entity,USA,2025-11-27,daily_state,ndc_balance,295.62,275.56,249.18,87.31,0.2424,index,simulated,Synthetic Generator - Baseline,,Baseline balanced scenario - healthy supply chain
2644,3,Doré Production_Entity,USA,2025-11-27,daily_state,ndc_balance,213.09,252.61,169.67,73.13,0.0636,index,simulated,Synthetic Generator - Baseline,,Baseline balanced scenario - healthy supply chain
2645,4,Refining_Entity,USA,2025-11-27,daily_state,ndc_balance,252.26,269.46,229.48,88.02,0.3271,index,simulated,Synthetic Generator - Baseline,,Baseline balanced scenario - healthy supply chain
2646,5,Bar Casting & Assay_Entity,USA,2025-11-27,daily_state,ndc_balance,274.95,256.29,231.77,87.31,0.2794,index,simulated,Synthetic Generator - Baseline,,Baseline balanced scenario - healthy supply chain
2647,6,Logistics & Vaulting_Entity,USA,2025-11-27,daily_state,ndc_balance,168.9,171.54,165.04,96.96,5.8808,index,simulated,Synthetic Generator - Baseline,,Baseline balanced scenario - healthy supply chain
2648,7,Exchange Registration_Entity,USA,2025-11-27,daily_state,ndc_balance,291.18,265.03,232.12,83.56,0.1441,index,simulated,Synthetic Generator - Baseline,,Baseline balanced scenario - healthy supply chain
2649,0,Geological Prospecting_Entity,USA,2025-11-28,daily_state,ndc_balance,212.21,216.47,206.05,96.14,3.5497,index,simulated,Synthetic Generator - Baseline,,Baseline balanced scenario - healthy supply chain
2650,1,Mine Extraction_Entity,USA,2025-11-28,daily_state,ndc_balance,261.46,247.83,229.35,90.1,0.5109,index,simulated,Synthetic Generator - Baseline,,Baseline balanced scenario - healthy supply chain
2651,2,Ore Processing_Entity,USA,2025-11-28,daily_state,ndc_balance,267.88,262.18,253.97,95.83,2.3532,index,simulated,Synthetic Generator - Baseline,,Baseline balanced scenario - healthy supply chain
2652,3,Doré Production_Entity,USA,2025-11-28,daily_state,ndc_balance,243.88,237.77,229.05,95.12,2.1146,index,simulated,Synthetic Generator - Baseline,,Baseline balanced scenario - healthy supply chain
2653,4,Refining_Entity,USA,2025-11-28,daily_state,ndc_balance,257.15,272.29,236.77,89.48,0.4183,index,simulated,Synthetic Generator - Baseline,,Baseline balanced scenario - healthy supply chain
2654,5,Bar Casting & Assay_Entity,USA,2025-11-28,daily_state,ndc_balance,249.08,232.48,210.61,87.52,0.3503,index,simulated,Synthetic Generator - Baseline,,Baseline balanced scenario - healthy supply chain
2655,6,Logistics & Vaulting_Entity,USA,2025-11-28,daily_state,ndc_balance,179.63,170.19,157.41,90.03,1.0099,index,simulated,Synthetic Generator - Baseline,,Baseline balanced scenario - healthy supply chain
2656,7,Exchange Registration_Entity,USA,2025-11-28,daily_state,ndc_balance,266.93,290.02,237.27,85.28,0.1841,index,simulated,Synthetic Generator - Baseline,,Baseline balanced scenario - healthy supply chain
2657,0,Geological Prospecting_Entity,USA,2025-11-29,daily_state,ndc_balance,198.65,205.98,188.4,93.14,1.5715,index,simulated,Synthetic Generator - Baseline,,Baseline balanced scenario - healthy supply chain
2658,1,Mine Extraction_Entity,USA,2025-11-29,daily_state,ndc_balance,240.88,237.9,233.53,97.56,5.2951,index,simulated,Synthetic Generator - Baseline,,Baseline balanced scenario - healthy supply chain
2659,2,Ore Processing_Entity,USA,2025-11-29,daily_state,ndc_balance,248.08,263.61,227.29,88.88,0.3979,index,simulated,Synthetic Generator - Baseline,,Baseline balanced scenario - healthy supply chain
2660,3,Doré Production_Entity,USA,2025-11-29,daily_state,ndc_balance,227.82,237.31,214.65,92.32,1.0003,index,simulated,Synthetic Generator - Baseline,,Baseline balanced scenario - healthy supply chain
2661,4,Refining_Entity,USA,2025-11-29,daily_state,ndc_balance,264.08,231.01,192.28,77.85,0.0906,index,simulated,Synthetic Generator - Baseline,,Baseline balanced scenario - healthy supply chain
2662,5,Bar Casting & Assay_Entity,USA,2025-11-29,daily_state,ndc_balance,266.99,251.37,230.45,88.96,0.3936,index,simulated,Synthetic Generator - Baseline,,Baseline balanced scenario - healthy supply chain
2663,6,Logistics & Vaulting_Entity,USA,2025-11-29,daily_state,ndc_balance,193.7,187.42,178.56,93.72,2.0192,index,simulated,Synthetic Generator - Baseline,,Baseline balanced scenario - healthy supply chain
2664,7,Exchange Registration_Entity,USA,2025-11-29,daily_state,ndc_balance,262.96,271.5,250.9,93.9,1.2055,index,simulated,Synthetic Generator - Baseline,,Baseline balanced scenario - healthy supply chain
2665,0,Geological Prospecting_Entity,USA,2025-11-30,daily_state,ndc_balance,217.62,170.95,125.6,65.12,0.0457,index,simulated,Synthetic Generator - Baseline,,Baseline balanced scenario - healthy supply chain
2666,1,Mine Extraction_Entity,USA,2025-11-30,daily_state,ndc_balance,242.41,237.8,231.14,96.27,3.204,index,simulated,Synthetic Generator - Baseline,,Baseline balanced scenario - healthy supply chain
2667,2,Ore Processing_Entity,USA,2025-11-30,daily_state,ndc_balance,274.33,288.87,254.55,90.42,0.4517,index,simulated,Synthetic Generator - Baseline,,Baseline balanced scenario - healthy supply chain
2668,3,Doré Production_Entity,USA,2025-11-30,daily_state,ndc_balance,218.91,218.43,217.7,99.56,9.7701,index,simulated,Synthetic Generator - Baseline,,Baseline balanced scenario - healthy supply chain
2669,4,Refining_Entity,USA,2025-11-30,daily_state,ndc_balance,252.8,237.96,218.11,88.92,0.4345,index,simulated,Synthetic Generator - Baseline,,Baseline balanced scenario - healthy supply chain
2670,5,Bar Casting & Assay_Entity,USA,2025-11-30,daily_state,ndc_balance,245.28,261.27,223.99,88.48,0.3766,index,simulated,Synthetic Generator - Baseline,,Baseline balanced scenario - healthy supply chain
2671,6,Logistics & Vaulting_Entity,USA,2025-11-30,daily_state,ndc_balance,174.68,195.09,149.75,81.12,0.2344,index,simulated,Synthetic Generator - Baseline,,Baseline balanced scenario - healthy supply chain
2672,7,Exchange Registration_Entity,USA,2025-11-30,daily_state,ndc_balance,244.96,257.29,228.11,90.86,0.6175,index,simulated,Synthetic Generator - Baseline,,Baseline balanced scenario - healthy supply chain
2673,0,Geological Prospecting_Entity,USA,2025-12-01,daily_state,ndc_balance,205.35,232.39,173.11,79.24,0.135,index,simulated,Synthetic Generator - Baseline,,Baseline balanced scenario - healthy supply chain
2674,1,Mine Extraction_Entity,USA,2025-12-01,daily_state,ndc_balance,246.18,202.62,156.77,70.2,0.0524,index,simulated,Synthetic Generator - Baseline,,Baseline balanced scenario - healthy supply chain
2675,2,Ore Processing_Entity,USA,2025-12-01,daily_state,ndc_balance,240.31,267.85,206.56,81.41,0.1302,index,simulated,Synthetic Generator - Baseline,,Baseline balanced scenario - healthy supply chain
2676,3,Doré Production_Entity,USA,2025-12-01,daily_state,ndc_balance,239.5,234.0,226.09,95.5,2.4792,index,simulated,Synthetic Generator - Baseline,,Baseline balanced scenario - healthy supply chain
2677,4,Refining_Entity,USA,2025-12-01,daily_state,ndc_balance,262.81,273.16,248.38,92.7,0.8542,index,simulated,Synthetic Generator - Baseline,,Baseline balanced scenario - healthy supply chain
2678,5,Bar Casting & Assay_Entity,USA,2025-12-01,daily_state,ndc_balance,242.2,263.35,215.09,85.17,0.2188,index,simulated,Synthetic Generator - Baseline,,Baseline balanced scenario - healthy supply chain
2679,6,Logistics & Vaulting_Entity,USA,2025-12-01,daily_state,ndc_balance,165.82,170.95,158.55,94.17,2.7522,index,simulated,Synthetic Generator - Baseline,,Baseline balanced scenario - healthy supply chain
2680,7,Exchange Registration_Entity,USA,2025-12-01,daily_state,ndc_balance,243.19,262.29,218.33,86.45,0.2668,index,simulated,Synthetic Generator - Baseline,,Baseline balanced scenario - healthy supply chain
2681,0,Geological Prospecting_Entity,USA,2025-12-02,daily_state,ndc_balance,209.46,204.18,196.63,95.08,2.6381,index,simulated,Synthetic Generator - Baseline,,Baseline balanced scenario - healthy supply chain
2682,1,Mine Extraction_Entity,USA,2025-12-02,daily_state,ndc_balance,251.08,225.43,193.94,81.52,0.1497,index,simulated,Synthetic Generator - Baseline,,Baseline balanced scenario - healthy supply chain
2683,2,Ore Processing_Entity,USA,2025-12-02,daily_state,ndc_balance,267.3,240.17,206.82,81.63,0.134,index,simulated,Synthetic Generator - Baseline,,Baseline balanced scenario - healthy supply chain
2684,3,Doré Production_Entity,USA,2025-12-02,daily_state,ndc_balance,250.6,221.66,187.07,79.37,0.118,index,simulated,Synthetic Generator - Baseline,,Baseline balanced scenario - healthy supply chain
2685,4,Refining_Entity,USA,2025-12-02,daily_state,ndc_balance,252.82,280.72,218.38,81.97,0.1268,index,simulated,Synthetic Generator - Baseline,,Baseline balanced scenario - healthy supply chain
2686,5,Bar Casting & Assay_Entity,USA,2025-12-02,daily_state,ndc_balance,231.52,226.86,220.14,96.06,3.1556,index,simulated,Synthetic Generator - Baseline,,Baseline balanced scenario - healthy supply chain
2687,6,Logistics & Vaulting_Entity,USA,2025-12-02,daily_state,ndc_balance,173.71,185.9,157.61,87.71,0.6304,index,simulated,Synthetic Generator - Baseline,,Baseline balanced scenario - healthy supply chain
2688,7,Exchange Registration_Entity,USA,2025-12-02,daily_state,ndc_balance,276.63,280.44,271.06,97.32,4.0798,index,simulated,Synthetic Generator - Baseline,,Baseline balanced scenario - healthy supply chain
2689,0,Geological Prospecting_Entity,USA,2025-12-03,daily_state,ndc_balance,248.63,161.55,99.48,49.64,0.0132,index,simulated,Synthetic Generator - Baseline,,Baseline balanced scenario - healthy supply chain
2690,1,Mine Extraction_Entity,USA,2025-12-03,daily_state,ndc_balance,259.19,232.02,198.84,81.09,0.1336,index,simulated,Synthetic Generator - Baseline,,Baseline balanced scenario - healthy supply chain
2691,2,Ore Processing_Entity,USA,2025-12-03,daily_state,ndc_balance,261.26,255.89,248.14,95.97,2.5744,index,simulated,Synthetic Generator - Baseline,,Baseline balanced scenario - healthy supply chain
2692,3,Doré Production_Entity,USA,2025-12-03,daily_state,ndc_balance,216.42,257.37,171.69,72.75,0.0593,index,simulated,Synthetic Generator - Baseline,,Baseline balanced scenario - healthy supply chain
2693,4,Refining_Entity,USA,2025-12-03,daily_state,ndc_balance,272.69,252.46,226.2,86.21,0.2386,index,simulated,Synthetic Generator - Baseline,,Baseline balanced scenario - healthy supply chain
2694,5,Bar Casting & Assay_Entity,USA,2025-12-03,daily_state,ndc_balance,270.32,219.82,167.76,68.82,0.0391,index,simulated,Synthetic Generator - Baseline,,Baseline balanced scenario - healthy supply chain
2695,6,Logistics & Vaulting_Entity,USA,2025-12-03,daily_state,ndc_balance,170.09,147.84,122.07,76.98,0.1979,index,simulated,Synthetic Generator - Baseline,,Baseline balanced scenario - healthy supply chain
2696,7,Exchange Registration_Entity,USA,2025-12-03,daily_state,ndc_balance,259.56,269.95,245.09,92.59,0.8477,index,simulated,Synthetic Generator - Baseline,,Baseline balanced scenario - healthy supply chain
2697,0,Geological Prospecting_Entity,USA,2025-12-04,daily_state,ndc_balance,211.55,204.69,195.03,93.72,1.7543,index,simulated,Synthetic Generator - Baseline,,Baseline balanced scenario - healthy supply chain
2698,1,Mine Extraction_Entity,USA,2025-12-04,daily_state,ndc_balance,228.84,256.46,195.31,80.62,0.1294,index,simulated,Synthetic Generator - Baseline,,Baseline balanced scenario - healthy supply chain
2699,2,Ore Processing_Entity,USA,2025-12-04,daily_state,ndc_balance,273.6,280.2,264.14,95.4,1.8674,index,simulated,Synthetic Generator - Baseline,,Baseline balanced scenario - healthy supply chain
2700,3,Doré Production_Entity,USA,2025-12-04,daily_state,ndc_balance,201.61,232.61,165.89,76.6,0.103,index,simulated,Synthetic Generator - Baseline,,Baseline balanced scenario - healthy supply chain
2701,4,Refining_Entity,USA,2025-12-04,daily_state,ndc_balance,242.19,244.85,238.28,97.85,5.85,index,simulated,Synthetic Generator - Baseline,,Baseline balanced scenario - healthy supply chain
2702,5,Bar Casting & Assay_Entity,USA,2025-12-04,daily_state,ndc_balance,258.02,248.64,235.53,92.99,1.0212,index,simulated,Synthetic Generator - Baseline,,Baseline balanced scenario - healthy supply chain
2703,6,Logistics & Vaulting_Entity,USA,2025-12-04,daily_state,ndc_balance,177.23,187.12,163.85,89.97,0.9284,index,simulated,Synthetic Generator - Baseline,,Baseline balanced scenario - healthy supply chain
2704,7,Exchange Registration_Entity,USA,2025-12-04,daily_state,ndc_balance,247.03,287.71,200.93,75.37,0.0601,index,simulated,Synthetic Generator - Baseline,,Baseline balanced scenario - healthy supply chain
2705,0,Geological Prospecting_Entity,USA,2025-12-05,daily_state,ndc_balance,206.93,222.14,186.96,87.2,0.4142,index,simulated,Synthetic Generator - Baseline,,Baseline balanced scenario - healthy supply chain
2706,1,Mine Extraction_Entity,USA,2025-12-05,daily_state,ndc_balance,242.11,232.58,219.34,92.43,0.9923,index,simulated,Synthetic Generator - Baseline,,Baseline balanced scenario - healthy supply chain
2707,2,Ore Processing_Entity,USA,2025-12-05,daily_state,ndc_balance,258.54,282.78,227.8,84.25,0.1674,index,simulated,Synthetic Generator - Baseline,,Baseline balanced scenario - healthy supply chain
2708,3,Doré Production_Entity,USA,2025-12-05,daily_state,ndc_balance,219.36,238.61,194.7,85.1,0.263,index,simulated,Synthetic Generator - Baseline,,Baseline balanced scenario - healthy supply chain
2709,4,Refining_Entity,USA,2025-12-05,daily_state,ndc_balance,254.27,216.44,174.21,74.26,0.0694,index,simulated,Synthetic Generator - Baseline,,Baseline balanced scenario - healthy supply chain
2710,5,Bar Casting & Assay_Entity,USA,2025-12-05,daily_state,ndc_balance,241.45,225.78,205.06,87.83,0.3913,index,simulated,Synthetic Generator - Baseline,,Baseline balanced scenario - healthy supply chain
2711,6,Logistics & Vaulting_Entity,USA,2025-12-05,daily_state,ndc_balance,190.51,165.58,136.7,76.97,0.1583,index,simulated,Synthetic Generator - Baseline,,Baseline balanced scenario - healthy supply chain
2712,7,Exchange Registration_Entity,USA,2025-12-05,daily_state,ndc_balance,283.9,265.37,240.88,87.76,0.283,index,simulated,Synthetic Generator - Baseline,,Baseline balanced scenario - healthy supply chain
2713,0,Geological Prospecting_Entity,USA,2025-12-06,daily_state,ndc_balance,207.39,213.85,198.25,94.14,1.9335,index,simulated,Synthetic Generator - Baseline,,Baseline balanced scenario - healthy supply chain
2714,1,Mine Extraction_Entity,USA,2025-12-06,daily_state,ndc_balance,264.51,241.68,212.75,84.14,0.1882,index,simulated,Synthetic Generator - Baseline,,Baseline balanced scenario - healthy supply chain
2715,2,Ore Processing_Entity,USA,2025-12-06,daily_state,ndc_balance,258.49,235.11,205.74,83.46,0.1797,index,simulated,Synthetic Generator - Baseline,,Baseline balanced scenario - healthy supply chain
2716,3,Doré Production_Entity,USA,2025-12-06,daily_state,ndc_balance,219.76,215.93,210.38,96.57,4.0536,index,simulated,Synthetic Generator - Baseline,,Baseline balanced scenario - healthy supply chain
2717,4,Refining_Entity,USA,2025-12-06,daily_state,ndc_balance,261.66,245.83,224.72,88.6,0.3838,index,simulated,Synthetic Generator - Baseline,,Baseline balanced scenario - healthy supply chain
2718,5,Bar Casting & Assay_Entity,USA,2025-12-06,daily_state,ndc_balance,260.37,236.01,205.58,82.93,0.1657,index,simulated,Synthetic Generator - Baseline,,Baseline balanced scenario - healthy supply chain
2719,6,Logistics & Vaulting_Entity,USA,2025-12-06,daily_state,ndc_balance,189.2,208.36,165.2,83.2,0.2653,index,simulated,Synthetic Generator - Baseline,,Baseline balanced scenario - healthy supply chain
2720,7,Exchange Registration_Entity,USA,2025-12-06,daily_state,ndc_balance,275.18,265.96,253.0,93.52,1.0527,index,simulated,Synthetic Generator - Baseline,,Baseline balanced scenario - healthy supply chain
2721,0,Geological Prospecting_Entity,USA,2025-12-07,daily_state,ndc_balance,201.12,190.72,176.61,90.18,0.8464,index,simulated,Synthetic Generator - Baseline,,Baseline balanced scenario - healthy supply chain
2722,1,Mine Extraction_Entity,USA,2025-12-07,daily_state,ndc_balance,237.39,232.38,225.17,95.87,2.8496,index,simulated,Synthetic Generator - Baseline,,Baseline balanced scenario - healthy supply chain
2723,2,Ore Processing_Entity,USA,2025-12-07,daily_state,ndc_balance,281.49,263.13,238.87,87.77,0.2881,index,simulated,Synthetic Generator - Baseline,,Baseline balanced scenario - healthy supply chain
2724,3,Doré Production_Entity,USA,2025-12-07,daily_state,ndc_balance,209.91,258.95,159.63,68.47,0.0414,index,simulated,Synthetic Generator - Baseline,,Baseline balanced scenario - healthy supply chain
2725,4,Refining_Entity,USA,2025-12-07,daily_state,ndc_balance,264.95,226.8,183.79,74.98,0.0682,index,simulated,Synthetic Generator - Baseline,,Baseline balanced scenario - healthy supply chain
2726,5,Bar Casting & Assay_Entity,USA,2025-12-07,daily_state,ndc_balance,243.52,249.12,235.49,95.61,2.4222,index,simulated,Synthetic Generator - Baseline,,Baseline balanced scenario - healthy supply chain
2727,6,Logistics & Vaulting_Entity,USA,2025-12-07,daily_state,ndc_balance,215.72,167.18,121.08,63.76,0.0423,index,simulated,Synthetic Generator - Baseline,,Baseline balanced scenario - healthy supply chain
2728,7,Exchange Registration_Entity,USA,2025-12-07,daily_state,ndc_balance,284.79,292.31,274.06,94.99,1.5027,index,simulated,Synthetic Generator - Baseline,,Baseline balanced scenario - healthy supply chain
2729,0,Geological Prospecting_Entity,USA,2025-12-08,daily_state,ndc_balance,200.87,197.24,191.99,96.46,4.3216,index,simulated,Synthetic Generator - Baseline,,Baseline balanced scenario - healthy supply chain
2730,1,Mine Extraction_Entity,USA,2025-12-08,daily_state,ndc_balance,234.75,238.58,229.19,96.85,4.0626,index,simulated,Synthetic Generator - Baseline,,Baseline balanced scenario - healthy supply chain
2731,2,Ore Processing_Entity,USA,2025-12-08,daily_state,ndc_balance,269.75,279.11,256.58,93.51,1.0239,index,simulated,Synthetic Generator - Baseline,,Baseline balanced scenario - healthy supply chain
2732,3,Doré Production_Entity,USA,2025-12-08,daily_state,ndc_balance,246.65,213.77,175.89,76.6,0.0917,index,simulated,Synthetic Generator - Baseline,,Baseline balanced scenario - healthy supply chain
2733,4,Refining_Entity,USA,2025-12-08,daily_state,ndc_balance,230.79,251.86,203.95,84.59,0.2203,index,simulated,Synthetic Generator - Baseline,,Baseline balanced scenario - healthy supply chain
2734,5,Bar Casting & Assay_Entity,USA,2025-12-08,daily_state,ndc_balance,254.7,251.73,247.37,97.69,5.3083,index,simulated,Synthetic Generator - Baseline,,Baseline balanced scenario - healthy supply chain
2735,6,Logistics & Vaulting_Entity,USA,2025-12-08,daily_state,ndc_balance,185.4,189.48,179.52,95.78,3.7457,index,simulated,Synthetic Generator - Baseline,,Baseline balanced scenario - healthy supply chain
2736,7,Exchange Registration_Entity,USA,2025-12-08,daily_state,ndc_balance,293.03,274.11,249.08,87.89,0.2718,index,simulated,Synthetic Generator - Baseline,,Baseline balanced scenario - healthy supply chain
2737,0,Geological Prospecting_Entity,USA,2025-12-09,daily_state,ndc_balance,204.89,193.39,177.92,89.38,0.7029,index,simulated,Synthetic Generator - Baseline,,Baseline balanced scenario - healthy supply chain
2738,1,Mine Extraction_Entity,USA,2025-12-09,daily_state,ndc_balance,247.94,271.85,217.74,83.87,0.1719,index,simulated,Synthetic Generator - Baseline,,Baseline balanced scenario - healthy supply chain
2739,2,Ore Processing_Entity,USA,2025-12-09,daily_state,ndc_balance,267.74,267.04,265.98,99.47,9.5269,index,simulated,Synthetic Generator - Baseline,,Baseline balanced scenario - healthy supply chain
2740,3,Doré Production_Entity,USA,2025-12-09,daily_state,ndc_balance,223.25,247.17,193.57,82.4,0.1718,index,simulated,Synthetic Generator - Baseline,,Baseline balanced scenario - healthy supply chain
2741,4,Refining_Entity,USA,2025-12-09,daily_state,ndc_balance,289.89,260.5,224.38,81.65,0.1145,index,simulated,Synthetic Generator - Baseline,,Baseline balanced scenario - healthy supply chain
2742,5,Bar Casting & Assay_Entity,USA,2025-12-09,daily_state,ndc_balance,251.73,248.05,242.69,97.12,4.2511,index,simulated,Synthetic Generator - Baseline,,Baseline balanced scenario - healthy supply chain
2743,6,Logistics & Vaulting_Entity,USA,2025-12-09,daily_state,ndc_balance,154.72,200.8,111.39,63.19,0.0469,index,simulated,Synthetic Generator - Baseline,,Baseline balanced scenario - healthy supply chain
2744,7,Exchange Registration_Entity,USA,2025-12-09,daily_state,ndc_balance,272.5,275.1,268.67,98.13,5.967,index,simulated,Synthetic Generator - Baseline,,Baseline balanced scenario - healthy supply chain
2745,0,Geological Prospecting_Entity,USA,2025-12-10,daily_state,ndc_balance,200.06,195.66,189.34,95.7,3.4122,index,simulated,Synthetic Generator - Baseline,,Baseline balanced scenario - healthy supply chain
2746,1,Mine Extraction_Entity,USA,2025-12-10,daily_state,ndc_balance,244.56,260.97,222.78,88.18,0.3581,index,simulated,Synthetic Generator - Baseline,,Baseline balanced scenario - healthy supply chain
2747,2,Ore Processing_Entity,USA,2025-12-10,daily_state,ndc_balance,265.05,305.07,218.73,76.92,0.062,index,simulated,Synthetic Generator - Baseline,,Baseline balanced scenario - healthy supply chain
2748,3,Doré Production_Entity,USA,2025-12-10,daily_state,ndc_balance,237.19,204.62,167.4,75.98,0.0934,index,simulated,Synthetic Generator - Baseline,,Baseline balanced scenario - healthy supply chain
2749,4,Refining_Entity,USA,2025-12-10,daily_state,ndc_balance,258.8,240.85,217.33,87.05,0.3011,index,simulated,Synthetic Generator - Baseline,,Baseline balanced scenario - healthy supply chain
2750,5,Bar Casting & Assay_Entity,USA,2025-12-10,daily_state,ndc_balance,217.81,276.37,160.6,65.46,0.0291,index,simulated,Synthetic Generator - Baseline,,Baseline balanced scenario - healthy supply chain
2751,6,Logistics & Vaulting_Entity,USA,2025-12-10,daily_state,ndc_balance,201.28,197.18,191.27,96.01,3.7356,index,simulated,Synthetic Generator - Baseline,,Baseline balanced scenario - healthy supply chain
2752,7,Exchange Registration_Entity,USA,2025-12-10,daily_state,ndc_balance,273.21,242.71,205.97,79.99,0.1063,index,simulated,Synthetic Generator - Baseline,,Baseline balanced scenario - healthy supply chain
2753,0,Geological Prospecting_Entity,USA,2025-12-11,daily_state,ndc_balance,203.76,217.96,184.99,87.78,0.4723,index,simulated,Synthetic Generator - Baseline,,Baseline balanced scenario - healthy supply chain
2754,1,Mine Extraction_Entity,USA,2025-12-11,daily_state,ndc_balance,235.24,197.24,155.93,72.39,0.0688,index,simulated,Synthetic Generator - Baseline,,Baseline balanced scenario - healthy supply chain
2755,2,Ore Processing_Entity,USA,2025-12-11,daily_state,ndc_balance,267.61,265.26,261.8,98.26,6.4472,index,simulated,Synthetic Generator - Baseline,,Baseline balanced scenario - healthy supply chain
2756,3,Doré Production_Entity,USA,2025-12-11,daily_state,ndc_balance,233.05,240.92,221.95,93.67,1.3878,index,simulated,Synthetic Generator - Baseline,,Baseline balanced scenario - healthy supply chain
2757,4,Refining_Entity,USA,2025-12-11,daily_state,ndc_balance,270.58,257.47,239.57,90.77,0.5499,index,simulated,Synthetic Generator - Baseline,,Baseline balanced scenario - healthy supply chain
2758,5,Bar Casting & Assay_Entity,USA,2025-12-11,daily_state,ndc_balance,268.95,220.47,169.8,69.73,0.0424,index,simulated,Synthetic Generator - Baseline,,Baseline balanced scenario - healthy supply chain
2759,6,Logistics & Vaulting_Entity,USA,2025-12-11,daily_state,ndc_balance,198.58,199.09,197.82,99.49,9.7498,index,simulated,Synthetic Generator - Baseline,,Baseline balanced scenario - healthy supply chain
2760,7,Exchange Registration_Entity,USA,2025-12-11,daily_state,ndc_balance,252.42,240.76,224.76,91.17,0.6851,index,simulated,Synthetic Generator - Baseline,,Baseline balanced scenario - healthy supply chain
2761,0,Geological Prospecting_Entity,USA,2025-12-12,daily_state,ndc_balance,200.15,191.16,178.81,91.41,1.1018,index,simulated,Synthetic Generator - Baseline,,Baseline balanced scenario - healthy supply chain
2762,1,Mine Extraction_Entity,USA,2025-12-12,daily_state,ndc_balance,262.64,232.01,195.49,79.2,0.1055,index,simulated,Synthetic Generator - Baseline,,Baseline balanced scenario - healthy supply chain
2763,2,Ore Processing_Entity,USA,2025-12-12,daily_state,ndc_balance,258.49,257.06,254.94,98.9,8.2981,index,simulated,Synthetic Generator - Baseline,,Baseline balanced scenario - healthy supply chain
2764,3,Doré Production_Entity,USA,2025-12-12,daily_state,ndc_balance,248.12,228.31,202.88,85.24,0.2484,index,simulated,Synthetic Generator - Baseline,,Baseline balanced scenario - healthy supply chain
2765,4,Refining_Entity,USA,2025-12-12,daily_state,ndc_balance,258.65,251.09,240.37,94.32,1.4894,index,simulated,Synthetic Generator - Baseline,,Baseline balanced scenario - healthy supply chain
2766,5,Bar Casting & Assay_Entity,USA,2025-12-12,daily_state,ndc_balance,270.72,234.59,192.97,76.57,0.076,index,simulated,Synthetic Generator - Baseline,,Baseline balanced scenario - healthy supply chain
2767,6,Logistics & Vaulting_Entity,USA,2025-12-12,daily_state,ndc_balance,211.07,191.86,167.75,83.36,0.2638,index,simulated,Synthetic Generator - Baseline,,Baseline balanced scenario - healthy supply chain
2768,7,Exchange Registration_Entity,USA,2025-12-12,daily_state,ndc_balance,268.93,313.09,218.86,75.42,0.051,index,simulated,Synthetic Generator - Baseline,,Baseline balanced scenario - healthy supply chain
2769,0,Geological Prospecting_Entity,USA,2025-12-13,daily_state,ndc_balance,195.88,197.0,194.2,98.86,8.8742,index,simulated,Synthetic Generator - Baseline,,Baseline balanced scenario - healthy supply chain
2770,1,Mine Extraction_Entity,USA,2025-12-13,daily_state,ndc_balance,233.22,260.51,199.9,81.1,0.1325,index,simulated,Synthetic Generator - Baseline,,Baseline balanced scenario - healthy supply chain
2771,2,Ore Processing_Entity,USA,2025-12-13,daily_state,ndc_balance,297.05,298.43,295.0,99.08,8.4025,index,simulated,Synthetic Generator - Baseline,,Baseline balanced scenario - healthy supply chain
2772,3,Doré Production_Entity,USA,2025-12-13,daily_state,ndc_balance,250.07,224.81,193.73,81.71,0.1543,index,simulated,Synthetic Generator - Baseline,,Baseline balanced scenario - healthy supply chain
2773,4,Refining_Entity,USA,2025-12-13,daily_state,ndc_balance,256.23,223.29,184.96,77.33,0.0913,index,simulated,Synthetic Generator - Baseline,,Baseline balanced scenario - healthy supply chain
2774,5,Bar Casting & Assay_Entity,USA,2025-12-13,daily_state,ndc_balance,282.25,256.81,224.82,83.51,0.1522,index,simulated,Synthetic Generator - Baseline,,Baseline balanced scenario - healthy supply chain
2775,6,Logistics & Vaulting_Entity,USA,2025-12-13,daily_state,ndc_balance,184.33,212.27,152.02,76.85,0.1265,index,simulated,Synthetic Generator - Baseline,,Baseline balanced scenario - healthy supply chain
2776,7,Exchange Registration_Entity,USA,2025-12-13,daily_state,ndc_balance,257.12,275.69,232.69,87.4,0.2819,index,simulated,Synthetic Generator - Baseline,,Baseline balanced scenario - healthy supply chain
2777,0,Geological Prospecting_Entity,USA,2025-12-14,daily_state,ndc_balance,209.53,215.19,201.46,94.87,2.3779,index,simulated,Synthetic Generator - Baseline,,Baseline balanced scenario - healthy supply chain
2778,1,Mine Extraction_Entity,USA,2025-12-14,daily_state,ndc_balance,251.17,217.58,178.91,76.53,0.0879,index,simulated,Synthetic Generator - Baseline,,Baseline balanced scenario - healthy supply chain
2779,2,Ore Processing_Entity,USA,2025-12-14,daily_state,ndc_balance,273.25,287.58,253.75,90.52,0.4649,index,simulated,Synthetic Generator - Baseline,,Baseline balanced scenario - healthy supply chain
2780,3,Doré Production_Entity,USA,2025-12-14,daily_state,ndc_balance,231.68,242.65,216.61,91.36,0.7677,index,simulated,Synthetic Generator - Baseline,,Baseline balanced scenario - healthy supply chain
2781,4,Refining_Entity,USA,2025-12-14,daily_state,ndc_balance,246.44,253.22,236.77,94.78,1.784,index,simulated,Synthetic Generator - Baseline,,Baseline balanced scenario - healthy supply chain
2782,5,Bar Casting & Assay_Entity,USA,2025-12-14,daily_state,ndc_balance,242.75,262.14,217.57,86.25,0.2591,index,simulated,Synthetic Generator - Baseline,,Baseline balanced scenario - healthy supply chain
2783,6,Logistics & Vaulting_Entity,USA,2025-12-14,daily_state,ndc_balance,192.59,201.12,180.81,91.87,1.2096,index,simulated,Synthetic Generator - Baseline,,Baseline balanced scenario - healthy supply chain
2784,7,Exchange Registration_Entity,USA,2025-12-14,daily_state,ndc_balance,288.44,281.15,270.73,95.07,1.5835,index,simulated,Synthetic Generator - Baseline,,Baseline balanced scenario - healthy supply chain
2785,0,Geological Prospecting_Entity,USA,2025-12-15,daily_state,ndc_balance,216.67,186.09,151.41,75.41,0.1058,index,simulated,Synthetic Generator - Baseline,,Baseline balanced scenario - healthy supply chain
2786,1,Mine Extraction_Entity,USA,2025-12-15,daily_state,ndc_balance,252.53,234.46,210.88,86.67,0.2972,index,simulated,Synthetic Generator - Baseline,,Baseline balanced scenario - healthy supply chain
2787,2,Ore Processing_Entity,USA,2025-12-15,daily_state,ndc_balance,267.41,262.31,254.95,96.26,2.7814,index,simulated,Synthetic Generator - Baseline,,Baseline balanced scenario - healthy supply chain
2788,3,Doré Production_Entity,USA,2025-12-15,daily_state,ndc_balance,217.87,193.82,164.79,80.19,0.17,index,simulated,Synthetic Generator - Baseline,,Baseline balanced scenario - healthy supply chain
2789,4,Refining_Entity,USA,2025-12-15,daily_state,ndc_balance,252.55,257.54,245.34,96.2,2.8659,index,simulated,Synthetic Generator - Baseline,,Baseline balanced scenario - healthy supply chain
2790,5,Bar Casting & Assay_Entity,USA,2025-12-15,daily_state,ndc_balance,232.35,249.34,210.02,87.26,0.3348,index,simulated,Synthetic Generator - Baseline,,Baseline balanced scenario - healthy supply chain
2791,6,Logistics & Vaulting_Entity,USA,2025-12-15,daily_state,ndc_balance,221.07,207.47,189.37,88.42,0.5127,index,simulated,Synthetic Generator - Baseline,,Baseline balanced scenario - healthy supply chain
2792,7,Exchange Registration_Entity,USA,2025-12-15,daily_state,ndc_balance,297.22,276.1,248.5,86.75,0.2191,index,simulated,Synthetic Generator - Baseline,,Baseline balanced scenario - healthy supply chain
2793,0,Geological Prospecting_Entity,USA,2025-12-16,daily_state,ndc_balance,230.57,191.41,149.58,71.2,0.0648,index,simulated,Synthetic Generator - Baseline,,Baseline balanced scenario - healthy supply chain
2794,1,Mine Extraction_Entity,USA,2025-12-16,daily_state,ndc_balance,243.39,195.14,146.6,67.27,0.0428,index,simulated,Synthetic Generator - Baseline,,Baseline balanced scenario - healthy supply chain
2795,2,Ore Processing_Entity,USA,2025-12-16,daily_state,ndc_balance,290.85,297.17,281.74,95.83,2.0008,index,simulated,Synthetic Generator - Baseline,,Baseline balanced scenario - healthy supply chain
2796,3,Doré Production_Entity,USA,2025-12-16,daily_state,ndc_balance,224.76,224.87,224.58,99.9,9.9866,index,simulated,Synthetic Generator - Baseline,,Baseline balanced scenario - healthy supply chain
2797,4,Refining_Entity,USA,2025-12-16,daily_state,ndc_balance,251.75,261.33,238.35,92.93,0.9816,index,simulated,Synthetic Generator - Baseline,,Baseline balanced scenario - healthy supply chain
2798,5,Bar Casting & Assay_Entity,USA,2025-12-16,daily_state,ndc_balance,269.93,218.07,165.22,68.1,0.0371,index,simulated,Synthetic Generator - Baseline,,Baseline balanced scenario - healthy supply chain
2799,6,Logistics & Vaulting_Entity,USA,2025-12-16,daily_state,ndc_balance,199.19,184.46,165.33,86.25,0.4404,index,simulated,Synthetic Generator - Baseline,,Baseline balanced scenario - healthy supply chain
2800,7,Exchange Registration_Entity,USA,2025-12-16,daily_state,ndc_balance,274.75,277.7,270.42,97.9,5.3464,index,simulated,Synthetic Generator - Baseline,,Baseline balanced scenario - healthy supply chain
2801,0,Geological Prospecting_Entity,USA,2025-12-17,daily_state,ndc_balance,210.75,202.99,192.16,92.9,1.4254,index,simulated,Synthetic Generator - Baseline,,Baseline balanced scenario - healthy supply chain
2802,1,Mine Extraction_Entity,USA,2025-12-17,daily_state,ndc_balance,250.36,262.32,233.94,91.29,0.6535,index,simulated,Synthetic Generator - Baseline,,Baseline balanced scenario - healthy supply chain
2803,2,Ore Processing_Entity,USA,2025-12-17,daily_state,ndc_balance,279.85,273.83,265.16,95.79,2.1596,index,simulated,Synthetic Generator - Baseline,,Baseline balanced scenario - healthy supply chain
2804,3,Doré Production_Entity,USA,2025-12-17,daily_state,ndc_balance,214.51,223.04,202.62,92.63,1.207,index,simulated,Synthetic Generator - Baseline,,Baseline balanced scenario - healthy supply chain
2805,4,Refining_Entity,USA,2025-12-17,daily_state,ndc_balance,277.05,255.54,227.8,85.61,0.2114,index,simulated,Synthetic Generator - Baseline,,Baseline balanced scenario - healthy supply chain
2806,5,Bar Casting & Assay_Entity,USA,2025-12-17,daily_state,ndc_balance,263.47,281.65,239.4,87.88,0.2934,index,simulated,Synthetic Generator - Baseline,,Baseline balanced scenario - healthy supply chain
2807,6,Logistics & Vaulting_Entity,USA,2025-12-17,daily_state,ndc_balance,209.15,191.53,169.12,84.5,0.3122,index,simulated,Synthetic Generator - Baseline,,Baseline balanced scenario - healthy supply chain
2808,7,Exchange Registration_Entity,USA,2025-12-17,daily_state,ndc_balance,265.91,223.89,177.89,72.91,0.0563,index,simulated,Synthetic Generator - Baseline,,Baseline balanced scenario - healthy supply chain
2809,0,Geological Prospecting_Entity,USA,2025-12-18,daily_state,ndc_balance,211.6,199.43,183.11,89.14,0.6328,index,simulated,Synthetic Generator - Baseline,,Baseline balanced scenario - healthy supply chain
2810,1,Mine Extraction_Entity,USA,2025-12-18,daily_state,ndc_balance,259.98,242.53,219.56,87.44,0.318,index,simulated,Synthetic Generator - Baseline,,Baseline balanced scenario - healthy supply chain
2811,2,Ore Processing_Entity,USA,2025-12-18,daily_state,ndc_balance,269.32,238.27,201.15,79.41,0.1027,index,simulated,Synthetic Generator - Baseline,,Baseline balanced scenario - healthy supply chain
2812,3,Doré Production_Entity,USA,2025-12-18,daily_state,ndc_balance,220.02,238.88,195.78,85.4,0.2736,index,simulated,Synthetic Generator - Baseline,,Baseline balanced scenario - healthy supply chain
2813,4,Refining_Entity,USA,2025-12-18,daily_state,ndc_balance,289.86,253.54,211.0,77.83,0.0752,index,simulated,Synthetic Generator - Baseline,,Baseline balanced scenario - healthy supply chain
2814,5,Bar Casting & Assay_Entity,USA,2025-12-18,daily_state,ndc_balance,259.04,267.44,247.18,93.91,1.2405,index,simulated,Synthetic Generator - Baseline,,Baseline balanced scenario - healthy supply chain
2815,6,Logistics & Vaulting_Entity,USA,2025-12-18,daily_state,ndc_balance,181.96,196.9,162.63,85.92,0.4287,index,simulated,Synthetic Generator - Baseline,,Baseline balanced scenario - healthy supply chain
2816,7,Exchange Registration_Entity,USA,2025-12-18,daily_state,ndc_balance,263.01,285.86,233.69,85.23,0.1879,index,simulated,Synthetic Generator - Baseline,,Baseline balanced scenario - healthy supply chain
2817,0,Geological Prospecting_Entity,USA,2025-12-19,daily_state,ndc_balance,216.97,211.13,202.82,94.76,2.2678,index,simulated,Synthetic Generator - Baseline,,Baseline balanced scenario - healthy supply chain
2818,1,Mine Extraction_Entity,USA,2025-12-19,daily_state,ndc_balance,242.96,258.49,222.24,88.68,0.3983,index,simulated,Synthetic Generator - Baseline,,Baseline balanced scenario - healthy supply chain
2819,2,Ore Processing_Entity,USA,2025-12-19,daily_state,ndc_balance,305.97,252.62,196.16,70.56,0.035,index,simulated,Synthetic Generator - Baseline,,Baseline balanced scenario - healthy supply chain
2820,3,Doré Production_Entity,USA,2025-12-19,daily_state,ndc_balance,229.6,234.93,221.96,95.57,2.6071,index,simulated,Synthetic Generator - Baseline,,Baseline balanced scenario - healthy supply chain
2821,4,Refining_Entity,USA,2025-12-19,daily_state,ndc_balance,276.5,245.69,208.57,80.02,0.1043,index,simulated,Synthetic Generator - Baseline,,Baseline balanced scenario - healthy supply chain
2822,5,Bar Casting & Assay_Entity,USA,2025-12-19,daily_state,ndc_balance,212.21,275.23,152.87,63.26,0.0251,index,simulated,Synthetic Generator - Baseline,,Baseline balanced scenario - healthy supply chain
2823,6,Logistics & Vaulting_Entity,USA,2025-12-19,daily_state,ndc_balance,206.11,159.39,115.18,63.55,0.0456,index,simulated,Synthetic Generator - Baseline,,Baseline balanced scenario - healthy supply chain
2824,7,Exchange Registration_Entity,USA,2025-12-19,daily_state,ndc_balance,265.59,298.99,225.37,79.98,0.0888,index,simulated,Synthetic Generator - Baseline,,Baseline balanced scenario - healthy supply chain
2825,0,Geological Prospecting_Entity,USA,2025-12-20,daily_state,ndc_balance,237.02,223.14,204.55,88.95,0.4933,index,simulated,Synthetic Generator - Baseline,,Baseline balanced scenario - healthy supply chain
2826,1,Mine Extraction_Entity,USA,2025-12-20,daily_state,ndc_balance,252.66,247.74,240.62,96.18,2.9187,index,simulated,Synthetic Generator - Baseline,,Baseline balanced scenario - healthy supply chain
2827,2,Ore Processing_Entity,USA,2025-12-20,daily_state,ndc_balance,273.34,291.55,249.15,88.26,0.2927,index,simulated,Synthetic Generator - Baseline,,Baseline balanced scenario - healthy supply chain
2828,3,Doré Production_Entity,USA,2025-12-20,daily_state,ndc_balance,222.17,216.74,208.97,95.23,2.5341,index,simulated,Synthetic Generator - Baseline,,Baseline balanced scenario - healthy supply chain
2829,4,Refining_Entity,USA,2025-12-20,daily_state,ndc_balance,280.46,255.45,223.93,83.66,0.1573,index,simulated,Synthetic Generator - Baseline,,Baseline balanced scenario - healthy supply chain
2830,5,Bar Casting & Assay_Entity,USA,2025-12-20,daily_state,ndc_balance,275.98,239.16,196.74,76.58,0.0732,index,simulated,Synthetic Generator - Baseline,,Baseline balanced scenario - healthy supply chain
2831,6,Logistics & Vaulting_Entity,USA,2025-12-20,daily_state,ndc_balance,194.48,174.64,150.28,81.54,0.2477,index,simulated,Synthetic Generator - Baseline,,Baseline balanced scenario - healthy supply chain
2832,7,Exchange Registration_Entity,USA,2025-12-20,daily_state,ndc_balance,275.42,244.63,207.57,79.97,0.1044,index,simulated,Synthetic Generator - Baseline,,Baseline balanced scenario - healthy supply chain
2833,0,Geological Prospecting_Entity,USA,2025-12-21,daily_state,ndc_balance,208.62,180.89,148.92,76.66,0.1284,index,simulated,Synthetic Generator - Baseline,,Baseline balanced scenario - healthy supply chain
2834,1,Mine Extraction_Entity,USA,2025-12-21,daily_state,ndc_balance,266.34,259.64,250.07,95.1,1.8233,index,simulated,Synthetic Generator - Baseline,,Baseline balanced scenario - healthy supply chain
2835,2,Ore Processing_Entity,USA,2025-12-21,daily_state,ndc_balance,249.98,295.76,199.52,73.38,0.0475,index,simulated,Synthetic Generator - Baseline,,Baseline balanced scenario - healthy supply chain
2836,3,Doré Production_Entity,USA,2025-12-21,daily_state,ndc_balance,273.39,232.57,187.06,74.18,0.0597,index,simulated,Synthetic Generator - Baseline,,Baseline balanced scenario - healthy supply chain
2837,4,Refining_Entity,USA,2025-12-21,daily_state,ndc_balance,256.32,307.58,201.18,71.65,0.0379,index,simulated,Synthetic Generator - Baseline,,Baseline balanced scenario - healthy supply chain
2838,5,Bar Casting & Assay_Entity,USA,2025-12-21,daily_state,ndc_balance,236.15,252.11,214.98,88.11,0.3778,index,simulated,Synthetic Generator - Baseline,,Baseline balanced scenario - healthy supply chain
2839,6,Logistics & Vaulting_Entity,USA,2025-12-21,daily_state,ndc_balance,198.63,215.96,176.4,85.17,0.3222,index,simulated,Synthetic Generator - Baseline,,Baseline balanced scenario - healthy supply chain
2840,7,Exchange Registration_Entity,USA,2025-12-21,daily_state,ndc_balance,281.33,262.77,238.29,87.64,0.2822,index,simulated,Synthetic Generator - Baseline,,Baseline balanced scenario - healthy supply chain
2841,0,Geological Prospecting_Entity,USA,2025-12-22,daily_state,ndc_balance,202.31,201.11,199.33,98.82,8.7394,index,simulated,Synthetic Generator - Baseline,,Baseline balanced scenario - healthy supply chain
2842,1,Mine Extraction_Entity,USA,2025-12-22,daily_state,ndc_balance,241.48,248.12,232.0,94.78,1.8448,index,simulated,Synthetic Generator - Baseline,,Baseline balanced scenario - healthy supply chain
2843,2,Ore Processing_Entity,USA,2025-12-22,daily_state,ndc_balance,268.12,245.37,216.46,84.39,0.1896,index,simulated,Synthetic Generator - Baseline,,Baseline balanced scenario - healthy supply chain
2844,3,Doré Production_Entity,USA,2025-12-22,daily_state,ndc_balance,255.41,223.31,185.74,77.77,0.0961,index,simulated,Synthetic Generator - Baseline,,Baseline balanced scenario - healthy supply chain
2845,4,Refining_Entity,USA,2025-12-22,daily_state,ndc_balance,247.56,254.24,238.04,94.88,1.8319,index,simulated,Synthetic Generator - Baseline,,Baseline balanced scenario - healthy supply chain
2846,5,Bar Casting & Assay_Entity,USA,2025-12-22,daily_state,ndc_balance,257.61,220.83,179.27,75.16,0.0734,index,simulated,Synthetic Generator - Baseline,,Baseline balanced scenario - healthy supply chain
2847,6,Logistics & Vaulting_Entity,USA,2025-12-22,daily_state,ndc_balance,201.55,173.42,141.41,75.64,0.1247,index,simulated,Synthetic Generator - Baseline,,Baseline balanced scenario - healthy supply chain
2848,7,Exchange Registration_Entity,USA,2025-12-22,daily_state,ndc_balance,302.25,281.7,254.69,87.29,0.2313,index,simulated,Synthetic Generator - Baseline,,Baseline balanced scenario - healthy supply chain
2849,0,Geological Prospecting_Entity,USA,2025-12-23,daily_state,ndc_balance,211.25,194.38,172.74,85.24,0.3397,index,simulated,Synthetic Generator - Baseline,,Baseline balanced scenario - healthy supply chain
2850,1,Mine Extraction_Entity,USA,2025-12-23,daily_state,ndc_balance,255.67,258.83,251.04,97.59,5.0099,index,simulated,Synthetic Generator - Baseline,,Baseline balanced scenario - healthy supply chain
2851,2,Ore Processing_Entity,USA,2025-12-23,daily_state,ndc_balance,276.86,268.89,257.57,94.4,1.3586,index,simulated,Synthetic Generator - Baseline,,Baseline balanced scenario - healthy supply chain
2852,3,Doré Production_Entity,USA,2025-12-23,daily_state,ndc_balance,238.12,221.93,200.65,87.28,0.3673,index,simulated,Synthetic Generator - Baseline,,Baseline balanced scenario - healthy supply chain
2853,4,Refining_Entity,USA,2025-12-23,daily_state,ndc_balance,262.1,220.25,174.59,72.67,0.0568,index,simulated,Synthetic Generator - Baseline,,Baseline balanced scenario - healthy supply chain
2854,5,Bar Casting & Assay_Entity,USA,2025-12-23,daily_state,ndc_balance,271.85,258.17,239.56,90.43,0.5075,index,simulated,Synthetic Generator - Baseline,,Baseline balanced scenario - healthy supply chain
2855,6,Logistics & Vaulting_Entity,USA,2025-12-23,daily_state,ndc_balance,185.64,226.97,142.61,69.48,0.0582,index,simulated,Synthetic Generator - Baseline,,Baseline balanced scenario - healthy supply chain
2856,7,Exchange Registration_Entity,USA,2025-12-23,daily_state,ndc_balance,278.55,254.14,223.3,83.93,0.1651,index,simulated,Synthetic Generator - Baseline,,Baseline balanced scenario - healthy supply chain
2857,0,Geological Prospecting_Entity,USA,2025-12-24,daily_state,ndc_balance,230.77,215.5,195.36,87.6,0.4112,index,simulated,Synthetic Generator - Baseline,,Baseline balanced scenario - healthy supply chain
2858,1,Mine Extraction_Entity,USA,2025-12-24,daily_state,ndc_balance,263.84,240.67,211.41,83.89,0.1829,index,simulated,Synthetic Generator - Baseline,,Baseline balanced scenario - healthy supply chain
2859,2,Ore Processing_Entity,USA,2025-12-24,daily_state,ndc_balance,284.68,268.63,247.04,89.33,0.3735,index,simulated,Synthetic Generator - Baseline,,Baseline balanced scenario - healthy supply chain
2860,3,Doré Production_Entity,USA,2025-12-24,daily_state,ndc_balance,246.26,199.05,150.89,68.15,0.0447,index,simulated,Synthetic Generator - Baseline,,Baseline balanced scenario - healthy supply chain
2861,4,Refining_Entity,USA,2025-12-24,daily_state,ndc_balance,261.41,289.34,226.75,82.45,0.1266,index,simulated,Synthetic Generator - Baseline,,Baseline balanced scenario - healthy supply chain
2862,5,Bar Casting & Assay_Entity,USA,2025-12-24,daily_state,ndc_balance,246.41,242.47,236.73,96.85,3.9092,index,simulated,Synthetic Generator - Baseline,,Baseline balanced scenario - healthy supply chain
2863,6,Logistics & Vaulting_Entity,USA,2025-12-24,daily_state,ndc_balance,191.2,171.47,147.3,81.35,0.2504,index,simulated,Synthetic Generator - Baseline,,Baseline balanced scenario - healthy supply chain
2864,7,Exchange Registration_Entity,USA,2025-12-24,daily_state,ndc_balance,244.8,269.19,214.16,83.43,0.1653,index,simulated,Synthetic Generator - Baseline,,Baseline balanced scenario - healthy supply chain
2865,0,Geological Prospecting_Entity,USA,2025-12-25,daily_state,ndc_balance,220.65,207.94,190.9,89.12,0.5834,index,simulated,Synthetic Generator - Baseline,,Baseline balanced scenario - healthy supply chain
2866,1,Mine Extraction_Entity,USA,2025-12-25,daily_state,ndc_balance,256.44,249.66,240.01,94.85,1.7894,index,simulated,Synthetic Generator - Baseline,,Baseline balanced scenario - healthy supply chain
2867,2,Ore Processing_Entity,USA,2025-12-25,daily_state,ndc_balance,293.95,270.46,240.31,85.23,0.178,index,simulated,Synthetic Generator - Baseline,,Baseline balanced scenario - healthy supply chain
2868,3,Doré Production_Entity,USA,2025-12-25,daily_state,ndc_balance,230.0,228.83,227.09,98.99,8.7947,index,simulated,Synthetic Generator - Baseline,,Baseline balanced scenario - healthy supply chain
2869,4,Refining_Entity,USA,2025-12-25,daily_state,ndc_balance,277.3,284.3,267.28,95.19,1.6931,index,simulated,Synthetic Generator - Baseline,,Baseline balanced scenario - healthy supply chain
2870,5,Bar Casting & Assay_Entity,USA,2025-12-25,daily_state,ndc_balance,249.19,255.67,239.93,95.06,1.9228,index,simulated,Synthetic Generator - Baseline,,Baseline balanced scenario - healthy supply chain
2871,6,Logistics & Vaulting_Entity,USA,2025-12-25,daily_state,ndc_balance,203.68,176.02,144.31,76.21,0.129,index,simulated,Synthetic Generator - Baseline,,Baseline balanced scenario - healthy supply chain
2872,7,Exchange Registration_Entity,USA,2025-12-25,daily_state,ndc_balance,278.91,247.5,209.75,79.83,0.1003,index,simulated,Synthetic Generator - Baseline,,Baseline balanced scenario - healthy supply chain
2873,0,Geological Prospecting_Entity,USA,2025-12-26,daily_state,ndc_balance,192.77,216.04,164.51,80.62,0.1812,index,simulated,Synthetic Generator - Baseline,,Baseline balanced scenario - healthy supply chain
2874,1,Mine Extraction_Entity,USA,2025-12-26,daily_state,ndc_balance,253.54,253.08,252.39,99.64,9.7916,index,simulated,Synthetic Generator - Baseline,,Baseline balanced scenario - healthy supply chain
2875,2,Ore Processing_Entity,USA,2025-12-26,daily_state,ndc_balance,279.03,256.87,228.39,85.31,0.1994,index,simulated,Synthetic Generator - Baseline,,Baseline balanced scenario - healthy supply chain
2876,3,Doré Production_Entity,USA,2025-12-26,daily_state,ndc_balance,238.62,212.25,180.41,80.17,0.1417,index,simulated,Synthetic Generator - Baseline,,Baseline balanced scenario - healthy supply chain
2877,4,Refining_Entity,USA,2025-12-26,daily_state,ndc_balance,290.17,235.03,178.59,68.39,0.0328,index,simulated,Synthetic Generator - Baseline,,Baseline balanced scenario - healthy supply chain
2878,5,Bar Casting & Assay_Entity,USA,2025-12-26,daily_state,ndc_balance,256.37,235.68,209.18,85.1,0.2284,index,simulated,Synthetic Generator - Baseline,,Baseline balanced scenario - healthy supply chain
2879,6,Logistics & Vaulting_Entity,USA,2025-12-26,daily_state,ndc_balance,207.86,188.48,164.25,82.99,0.2593,index,simulated,Synthetic Generator - Baseline,,Baseline balanced scenario - healthy supply chain
2880,7,Exchange Registration_Entity,USA,2025-12-26,daily_state,ndc_balance,271.52,289.8,247.27,88.15,0.2907,index,simulated,Synthetic Generator - Baseline,,Baseline balanced scenario - healthy supply chain
2881,0,Geological Prospecting_Entity,USA,2025-12-27,daily_state,ndc_balance,220.44,219.3,217.6,98.97,8.8465,index,simulated,Synthetic Generator - Baseline,,Baseline balanced scenario - healthy supply chain
2882,1,Mine Extraction_Entity,USA,2025-12-27,daily_state,ndc_balance,245.28,224.71,198.52,84.56,0.231,index,simulated,Synthetic Generator - Baseline,,Baseline balanced scenario - healthy supply chain
2883,2,Ore Processing_Entity,USA,2025-12-27,daily_state,ndc_balance,281.61,269.26,252.25,91.6,0.6155,index,simulated,Synthetic Generator - Baseline,,Baseline balanced scenario - healthy supply chain
2884,3,Doré Production_Entity,USA,2025-12-27,daily_state,ndc_balance,249.4,233.56,212.57,88.07,0.3835,index,simulated,Synthetic Generator - Baseline,,Baseline balanced scenario - healthy supply chain
2885,4,Refining_Entity,USA,2025-12-27,daily_state,ndc_balance,273.08,230.78,184.16,73.36,0.0556,index,simulated,Synthetic Generator - Baseline,,Baseline balanced scenario - healthy supply chain
2886,5,Bar Casting & Assay_Entity,USA,2025-12-27,daily_state,ndc_balance,288.33,252.04,209.59,77.75,0.0754,index,simulated,Synthetic Generator - Baseline,,Baseline balanced scenario - healthy supply chain
2887,6,Logistics & Vaulting_Entity,USA,2025-12-27,daily_state,ndc_balance,210.46,179.95,145.62,74.83,0.1063,index,simulated,Synthetic Generator - Baseline,,Baseline balanced scenario - healthy supply chain
2888,7,Exchange Registration_Entity,USA,2025-12-27,daily_state,ndc_balance,284.62,251.55,212.09,79.26,0.0906,index,simulated,Synthetic Generator - Baseline,,Baseline balanced scenario - healthy supply chain
2889,0,Geological Prospecting_Entity,USA,2025-12-28,daily_state,ndc_balance,227.48,204.15,175.54,81.46,0.1804,index,simulated,Synthetic Generator - Baseline,,Baseline balanced scenario - healthy supply chain
2890,1,Mine Extraction_Entity,USA,2025-12-28,daily_state,ndc_balance,261.14,263.12,258.2,98.5,7.1711,index,simulated,Synthetic Generator - Baseline,,Baseline balanced scenario - healthy supply chain
2891,2,Ore Processing_Entity,USA,2025-12-28,daily_state,ndc_balance,262.21,263.24,260.68,99.22,9.0447,index,simulated,Synthetic Generator - Baseline,,Baseline balanced scenario - healthy supply chain
2892,3,Doré Production_Entity,USA,2025-12-28,daily_state,ndc_balance,247.56,273.33,215.42,82.82,0.1484,index,simulated,Synthetic Generator - Baseline,,Baseline balanced scenario - healthy supply chain
2893,4,Refining_Entity,USA,2025-12-28,daily_state,ndc_balance,268.63,271.2,264.84,98.12,6.0183,index,simulated,Synthetic Generator - Baseline,,Baseline balanced scenario - healthy supply chain
2894,5,Bar Casting & Assay_Entity,USA,2025-12-28,daily_state,ndc_balance,259.09,290.52,220.98,80.55,0.1002,index,simulated,Synthetic Generator - Baseline,,Baseline balanced scenario - healthy supply chain
2895,6,Logistics & Vaulting_Entity,USA,2025-12-28,daily_state,ndc_balance,174.49,197.26,147.28,79.38,0.1892,index,simulated,Synthetic Generator - Baseline,,Baseline balanced scenario - healthy supply chain
2896,7,Exchange Registration_Entity,USA,2025-12-28,daily_state,ndc_balance,256.31,230.44,198.6,81.72,0.1472,index,simulated,Synthetic Generator - Baseline,,Baseline balanced scenario - healthy supply chain
2897,0,Geological Prospecting_Entity,USA,2025-12-29,daily_state,ndc_balance,225.85,213.62,197.11,89.74,0.6267,index,simulated,Synthetic Generator - Baseline,,Baseline balanced scenario - healthy supply chain
2898,1,Mine Extraction_Entity,USA,2025-12-29,daily_state,ndc_balance,257.12,249.2,238.01,94.03,1.3758,index,simulated,Synthetic Generator - Baseline,,Baseline balanced scenario - healthy supply chain
2899,2,Ore Processing_Entity,USA,2025-12-29,daily_state,ndc_balance,327.87,271.47,211.49,70.89,0.0313,index,simulated,Synthetic Generator - Baseline,,Baseline balanced scenario - healthy supply chain
2900,3,Doré Production_Entity,USA,2025-12-29,daily_state,ndc_balance,249.04,224.42,194.0,82.06,0.1623,index,simulated,Synthetic Generator - Baseline,,Baseline balanced scenario - healthy supply chain
2901,4,Refining_Entity,USA,2025-12-29,daily_state,ndc_balance,275.82,256.83,231.91,87.13,0.2697,index,simulated,Synthetic Generator - Baseline,,Baseline balanced scenario - healthy supply chain
2902,5,Bar Casting & Assay_Entity,USA,2025-12-29,daily_state,ndc_balance,255.23,288.85,215.14,79.23,0.0877,index,simulated,Synthetic Generator - Baseline,,Baseline balanced scenario - healthy supply chain
2903,6,Logistics & Vaulting_Entity,USA,2025-12-29,daily_state,ndc_balance,219.05,198.57,173.0,82.95,0.233,index,simulated,Synthetic Generator - Baseline,,Baseline balanced scenario - healthy supply chain
2904,7,Exchange Registration_Entity,USA,2025-12-29,daily_state,ndc_balance,246.83,269.62,217.85,84.45,0.189,index,simulated,Synthetic Generator - Baseline,,Baseline balanced scenario - healthy supply chain
2905,0,Geological Prospecting_Entity,USA,2025-12-30,daily_state,ndc_balance,262.62,207.51,153.43,65.72,0.0328,index,simulated,Synthetic Generator - Baseline,,Baseline balanced scenario - healthy supply chain
2906,1,Mine Extraction_Entity,USA,2025-12-30,daily_state,ndc_balance,278.63,277.62,276.12,99.28,9.0758,index,simulated,Synthetic Generator - Baseline,,Baseline balanced scenario - healthy supply chain
2907,2,Ore Processing_Entity,USA,2025-12-30,daily_state,ndc_balance,285.36,261.51,231.12,84.61,0.1727,index,simulated,Synthetic Generator - Baseline,,Baseline balanced scenario - healthy supply chain
2908,3,Doré Production_Entity,USA,2025-12-30,daily_state,ndc_balance,205.55,248.98,159.6,70.55,0.0527,index,simulated,Synthetic Generator - Baseline,,Baseline balanced scenario - healthy supply chain
2909,4,Refining_Entity,USA,2025-12-30,daily_state,ndc_balance,259.86,264.83,252.66,96.31,2.8766,index,simulated,Synthetic Generator - Baseline,,Baseline balanced scenario - healthy supply chain
2910,5,Bar Casting & Assay_Entity,USA,2025-12-30,daily_state,ndc_balance,243.33,251.89,231.31,93.43,1.2016,index,simulated,Synthetic Generator - Baseline,,Baseline balanced scenario - healthy supply chain
2911,6,Logistics & Vaulting_Entity,USA,2025-12-30,daily_state,ndc_balance,202.58,201.5,199.88,98.93,8.9434,index,simulated,Synthetic Generator - Baseline,,Baseline balanced scenario - healthy supply chain
2912,7,Exchange Registration_Entity,USA,2025-12-30,daily_state,ndc_balance,265.36,298.21,225.68,80.23,0.0918,index,simulated,Synthetic Generator - Baseline,,Baseline balanced scenario - healthy supply chain
2913,0,Geological Prospecting_Entity,USA,2025-12-31,daily_state,ndc_balance,213.8,182.06,146.62,74.31,0.0983,index,simulated,Synthetic Generator - Baseline,,Baseline balanced scenario - healthy supply chain
2914,1,Mine Extraction_Entity,USA,2025-12-31,daily_state,ndc_balance,261.12,252.82,241.12,93.84,1.2683,index,simulated,Synthetic Generator - Baseline,,Baseline balanced scenario - healthy supply chain
2915,2,Ore Processing_Entity,USA,2025-12-31,daily_state,ndc_balance,285.17,301.72,262.84,89.61,0.3519,index,simulated,Synthetic Generator - Baseline,,Baseline balanced scenario - healthy supply chain
2916,3,Doré Production_Entity,USA,2025-12-31,daily_state,ndc_balance,239.21,235.05,229.02,96.58,3.6648,index,simulated,Synthetic Generator - Baseline,,Baseline balanced scenario - healthy supply chain
2917,4,Refining_Entity,USA,2025-12-31,daily_state,ndc_balance,256.21,276.98,229.29,86.07,0.2266,index,simulated,Synthetic Generator - Baseline,,Baseline balanced scenario - healthy supply chain
2918,5,Bar Casting & Assay_Entity,USA,2025-12-31,daily_state,ndc_balance,265.52,249.64,228.44,88.73,0.3816,index,simulated,Synthetic Generator - Baseline,,Baseline balanced scenario - healthy supply chain
2919,6,Logistics & Vaulting_Entity,USA,2025-12-31,daily_state,ndc_balance,174.19,223.2,127.09,64.45,0.0414,index,simulated,Synthetic Generator - Baseline,,Baseline balanced scenario - healthy supply chain
2920,7,Exchange Registration_Entity,USA,2025-12-31,daily_state,ndc_balance,264.34,266.56,261.06,98.35,6.6968,index,simulated,Synthetic Generator - Baseline,,Baseline balanced scenario - healthy supply chain
