record_id,phase_id,entity,country,date,metric_type,metric_category,d_value,c_value,n_value,balance_score,sustainability_index,unit,source_type,source_name,url,notes
1,0,Geological Prospecting_Entity,USA,2025-01-01,daily_state,ndc_balance,245.36,248.46,240.82,97.54,5.1015,index,simulated,Synthetic Generator - Shock,,Supply shock at Phase 2 on day 40 - cascade propagation
2,1,Mine Extraction_Entity,USA,2025-01-01,daily_state,ndc_balance,254.16,250.76,245.79,97.36,4.6392,index,simulated,Synthetic Generator - Shock,,Supply shock at Phase 2 on day 40 - cascade propagation
3,2,Ore Processing_Entity,USA,2025-01-01,daily_state,ndc_balance,247.92,238.21,224.69,92.46,0.9574,index,simulated,Synthetic Generator - Shock,,Supply shock at Phase 2 on day 40 - cascade propagation
4,3,Doré Production_Entity,USA,2025-01-01,daily_state,ndc_balance,297.37,261.32,218.75,78.47,0.0764,index,simulated,Synthetic Generator - Shock,,Supply shock at Phase 2 on day 40 - cascade propagation
5,4,Refining_Entity,USA,2025-01-01,daily_state,ndc_balance,256.2,240.8,220.25,88.68,0.4049,index,simulated,Synthetic Generator - Shock,,Supply shock at Phase 2 on day 40 - cascade propagation
6,5,Bar Casting & Assay_Entity,USA,2025-01-01,daily_state,ndc_balance,243.23,242.65,241.77,99.52,9.6679,index,simulated,Synthetic Generator - Shock,,Supply shock at Phase 2 on day 40 - cascade propagation
7,6,Logistics & Vaulting_Entity,USA,2025-01-01,daily_state,ndc_balance,254.39,211.15,164.97,71.18,0.0532,index,simulated,Synthetic Generator - Shock,,Supply shock at Phase 2 on day 40 - cascade propagation
8,7,Exchange Registration_Entity,USA,2025-01-01,daily_state,ndc_balance,226.46,233.54,216.45,94.12,1.6644,index,simulated,Synthetic Generator - Shock,,Supply shock at Phase 2 on day 40 - cascade propagation
9,0,Geological Prospecting_Entity,USA,2025-01-02,daily_state,ndc_balance,253.11,240.69,223.76,90.66,0.6094,index,simulated,Synthetic Generator - Shock,,Supply shock at Phase 2 on day 40 - cascade propagation
10,1,Mine Extraction_Entity,USA,2025-01-02,daily_state,ndc_balance,272.17,218.32,164.1,67.32,0.0344,index,simulated,Synthetic Generator - Shock,,Supply shock at Phase 2 on day 40 - cascade propagation
11,2,Ore Processing_Entity,USA,2025-01-02,daily_state,ndc_balance,238.73,272.36,199.19,78.12,0.0876,index,simulated,Synthetic Generator - Shock,,Supply shock at Phase 2 on day 40 - cascade propagation
12,3,Doré Production_Entity,USA,2025-01-02,daily_state,ndc_balance,251.97,260.93,239.39,93.36,1.1076,index,simulated,Synthetic Generator - Shock,,Supply shock at Phase 2 on day 40 - cascade propagation
13,4,Refining_Entity,USA,2025-01-02,daily_state,ndc_balance,280.77,232.51,181.18,70.91,0.0428,index,simulated,Synthetic Generator - Shock,,Supply shock at Phase 2 on day 40 - cascade propagation
14,5,Bar Casting & Assay_Entity,USA,2025-01-02,daily_state,ndc_balance,248.51,240.1,228.27,93.45,1.2377,index,simulated,Synthetic Generator - Shock,,Supply shock at Phase 2 on day 40 - cascade propagation
15,6,Logistics & Vaulting_Entity,USA,2025-01-02,daily_state,ndc_balance,220.68,239.41,196.56,85.51,0.2771,index,simulated,Synthetic Generator - Shock,,Supply shock at Phase 2 on day 40 - cascade propagation
16,7,Exchange Registration_Entity,USA,2025-01-02,daily_state,ndc_balance,263.22,254.73,242.77,93.76,1.2195,index,simulated,Synthetic Generator - Shock,,Supply shock at Phase 2 on day 40 - cascade propagation
17,0,Geological Prospecting_Entity,USA,2025-01-03,daily_state,ndc_balance,259.29,238.24,211.3,85.02,0.2208,index,simulated,Synthetic Generator - Shock,,Supply shock at Phase 2 on day 40 - cascade propagation
18,1,Mine Extraction_Entity,USA,2025-01-03,daily_state,ndc_balance,240.16,267.85,206.25,81.32,0.1288,index,simulated,Synthetic Generator - Shock,,Supply shock at Phase 2 on day 40 - cascade propagation
19,2,Ore Processing_Entity,USA,2025-01-03,daily_state,ndc_balance,242.54,250.29,231.59,93.99,1.4263,index,simulated,Synthetic Generator - Shock,,Supply shock at Phase 2 on day 40 - cascade propagation
20,3,Doré Production_Entity,USA,2025-01-03,daily_state,ndc_balance,252.45,271.31,227.74,87.02,0.2734,index,simulated,Synthetic Generator - Shock,,Supply shock at Phase 2 on day 40 - cascade propagation
21,4,Refining_Entity,USA,2025-01-03,daily_state,ndc_balance,264.57,221.69,175.12,72.31,0.0541,index,simulated,Synthetic Generator - Shock,,Supply shock at Phase 2 on day 40 - cascade propagation
22,5,Bar Casting & Assay_Entity,USA,2025-01-03,daily_state,ndc_balance,232.19,255.42,203.02,83.37,0.1819,index,simulated,Synthetic Generator - Shock,,Supply shock at Phase 2 on day 40 - cascade propagation
23,6,Logistics & Vaulting_Entity,USA,2025-01-03,daily_state,ndc_balance,249.03,236.81,220.13,90.65,0.6269,index,simulated,Synthetic Generator - Shock,,Supply shock at Phase 2 on day 40 - cascade propagation
24,7,Exchange Registration_Entity,USA,2025-01-03,daily_state,ndc_balance,265.23,248.37,226.02,88.06,0.3398,index,simulated,Synthetic Generator - Shock,,Supply shock at Phase 2 on day 40 - cascade propagation
25,0,Geological Prospecting_Entity,USA,2025-01-04,daily_state,ndc_balance,250.79,259.04,239.15,93.83,1.281,index,simulated,Synthetic Generator - Shock,,Supply shock at Phase 2 on day 40 - cascade propagation
26,1,Mine Extraction_Entity,USA,2025-01-04,daily_state,ndc_balance,244.37,273.23,209.19,80.96,0.1186,index,simulated,Synthetic Generator - Shock,,Supply shock at Phase 2 on day 40 - cascade propagation
27,2,Ore Processing_Entity,USA,2025-01-04,daily_state,ndc_balance,238.18,256.82,213.9,86.48,0.2796,index,simulated,Synthetic Generator - Shock,,Supply shock at Phase 2 on day 40 - cascade propagation
28,3,Doré Production_Entity,USA,2025-01-04,daily_state,ndc_balance,271.51,220.21,167.57,68.53,0.0379,index,simulated,Synthetic Generator - Shock,,Supply shock at Phase 2 on day 40 - cascade propagation
29,4,Refining_Entity,USA,2025-01-04,daily_state,ndc_balance,244.85,265.56,218.17,85.56,0.2278,index,simulated,Synthetic Generator - Shock,,Supply shock at Phase 2 on day 40 - cascade propagation
30,5,Bar Casting & Assay_Entity,USA,2025-01-04,daily_state,ndc_balance,267.36,241.91,210.24,82.67,0.1521,index,simulated,Synthetic Generator - Shock,,Supply shock at Phase 2 on day 40 - cascade propagation
31,6,Logistics & Vaulting_Entity,USA,2025-01-04,daily_state,ndc_balance,238.98,262.21,209.68,83.76,0.182,index,simulated,Synthetic Generator - Shock,,Supply shock at Phase 2 on day 40 - cascade propagation
32,7,Exchange Registration_Entity,USA,2025-01-04,daily_state,ndc_balance,267.75,224.04,176.69,72.14,0.0521,index,simulated,Synthetic Generator - Shock,,Supply shock at Phase 2 on day 40 - cascade propagation
33,0,Geological Prospecting_Entity,USA,2025-01-05,daily_state,ndc_balance,231.94,249.05,209.48,87.16,0.3302,index,simulated,Synthetic Generator - Shock,,Supply shock at Phase 2 on day 40 - cascade propagation
34,1,Mine Extraction_Entity,USA,2025-01-05,daily_state,ndc_balance,259.44,239.62,214.0,85.83,0.2482,index,simulated,Synthetic Generator - Shock,,Supply shock at Phase 2 on day 40 - cascade propagation
35,2,Ore Processing_Entity,USA,2025-01-05,daily_state,ndc_balance,260.19,232.22,198.25,80.65,0.1262,index,simulated,Synthetic Generator - Shock,,Supply shock at Phase 2 on day 40 - cascade propagation
36,3,Doré Production_Entity,USA,2025-01-05,daily_state,ndc_balance,218.28,237.37,193.8,85.14,0.2671,index,simulated,Synthetic Generator - Shock,,Supply shock at Phase 2 on day 40 - cascade propagation
37,4,Refining_Entity,USA,2025-01-05,daily_state,ndc_balance,250.95,240.03,224.99,91.67,0.7746,index,simulated,Synthetic Generator - Shock,,Supply shock at Phase 2 on day 40 - cascade propagation
38,5,Bar Casting & Assay_Entity,USA,2025-01-05,daily_state,ndc_balance,232.62,212.32,186.64,83.98,0.2369,index,simulated,Synthetic Generator - Shock,,Supply shock at Phase 2 on day 40 - cascade propagation
39,6,Logistics & Vaulting_Entity,USA,2025-01-05,daily_state,ndc_balance,242.29,261.16,217.7,86.55,0.2732,index,simulated,Synthetic Generator - Shock,,Supply shock at Phase 2 on day 40 - cascade propagation
40,7,Exchange Registration_Entity,USA,2025-01-05,daily_state,ndc_balance,268.84,266.38,262.75,98.18,6.222,index,simulated,Synthetic Generator - Shock,,Supply shock at Phase 2 on day 40 - cascade propagation
41,0,Geological Prospecting_Entity,USA,2025-01-06,daily_state,ndc_balance,237.76,224.23,206.06,89.24,0.5181,index,simulated,Synthetic Generator - Shock,,Supply shock at Phase 2 on day 40 - cascade propagation
42,1,Mine Extraction_Entity,USA,2025-01-06,daily_state,ndc_balance,257.45,256.43,254.92,99.21,9.0615,index,simulated,Synthetic Generator - Shock,,Supply shock at Phase 2 on day 40 - cascade propagation
43,2,Ore Processing_Entity,USA,2025-01-06,daily_state,ndc_balance,256.0,208.75,159.81,69.13,0.0446,index,simulated,Synthetic Generator - Shock,,Supply shock at Phase 2 on day 40 - cascade propagation
44,3,Doré Production_Entity,USA,2025-01-06,daily_state,ndc_balance,237.0,244.47,226.43,94.07,1.5201,index,simulated,Synthetic Generator - Shock,,Supply shock at Phase 2 on day 40 - cascade propagation
45,4,Refining_Entity,USA,2025-01-06,daily_state,ndc_balance,257.31,258.81,255.08,98.85,8.1567,index,simulated,Synthetic Generator - Shock,,Supply shock at Phase 2 on day 40 - cascade propagation
46,5,Bar Casting & Assay_Entity,USA,2025-01-06,daily_state,ndc_balance,252.16,250.95,249.16,99.05,8.7234,index,simulated,Synthetic Generator - Shock,,Supply shock at Phase 2 on day 40 - cascade propagation
47,6,Logistics & Vaulting_Entity,USA,2025-01-06,daily_state,ndc_balance,251.27,257.34,242.57,95.39,2.1357,index,simulated,Synthetic Generator - Shock,,Supply shock at Phase 2 on day 40 - cascade propagation
48,7,Exchange Registration_Entity,USA,2025-01-06,daily_state,ndc_balance,254.69,246.18,234.22,93.54,1.2134,index,simulated,Synthetic Generator - Shock,,Supply shock at Phase 2 on day 40 - cascade propagation
49,0,Geological Prospecting_Entity,USA,2025-01-07,daily_state,ndc_balance,245.97,246.46,245.24,99.6,9.7667,index,simulated,Synthetic Generator - Shock,,Supply shock at Phase 2 on day 40 - cascade propagation
50,1,Mine Extraction_Entity,USA,2025-01-07,daily_state,ndc_balance,257.27,249.81,239.24,94.37,1.5252,index,simulated,Synthetic Generator - Shock,,Supply shock at Phase 2 on day 40 - cascade propagation
51,2,Ore Processing_Entity,USA,2025-01-07,daily_state,ndc_balance,255.71,269.17,237.39,90.48,0.5233,index,simulated,Synthetic Generator - Shock,,Supply shock at Phase 2 on day 40 - cascade propagation
52,3,Doré Production_Entity,USA,2025-01-07,daily_state,ndc_balance,253.98,233.32,206.88,84.99,0.2289,index,simulated,Synthetic Generator - Shock,,Supply shock at Phase 2 on day 40 - cascade propagation
53,4,Refining_Entity,USA,2025-01-07,daily_state,ndc_balance,263.25,220.41,173.95,72.22,0.0542,index,simulated,Synthetic Generator - Shock,,Supply shock at Phase 2 on day 40 - cascade propagation
54,5,Bar Casting & Assay_Entity,USA,2025-01-07,daily_state,ndc_balance,233.78,251.05,211.12,87.15,0.3245,index,simulated,Synthetic Generator - Shock,,Supply shock at Phase 2 on day 40 - cascade propagation
55,6,Logistics & Vaulting_Entity,USA,2025-01-07,daily_state,ndc_balance,257.75,222.59,182.34,76.12,0.0803,index,simulated,Synthetic Generator - Shock,,Supply shock at Phase 2 on day 40 - cascade propagation
56,7,Exchange Registration_Entity,USA,2025-01-07,daily_state,ndc_balance,244.26,234.09,220.02,92.01,0.882,index,simulated,Synthetic Generator - Shock,,Supply shock at Phase 2 on day 40 - cascade propagation
57,0,Geological Prospecting_Entity,USA,2025-01-08,daily_state,ndc_balance,242.7,261.98,217.64,86.31,0.2618,index,simulated,Synthetic Generator - Shock,,Supply shock at Phase 2 on day 40 - cascade propagation
58,1,Mine Extraction_Entity,USA,2025-01-08,daily_state,ndc_balance,260.6,244.66,223.42,88.48,0.3786,index,simulated,Synthetic Generator - Shock,,Supply shock at Phase 2 on day 40 - cascade propagation
59,2,Ore Processing_Entity,USA,2025-01-08,daily_state,ndc_balance,241.81,220.71,194.02,83.98,0.2196,index,simulated,Synthetic Generator - Shock,,Supply shock at Phase 2 on day 40 - cascade propagation
60,3,Doré Production_Entity,USA,2025-01-08,daily_state,ndc_balance,271.3,255.66,234.68,89.11,0.3925,index,simulated,Synthetic Generator - Shock,,Supply shock at Phase 2 on day 40 - cascade propagation
61,4,Refining_Entity,USA,2025-01-08,daily_state,ndc_balance,239.4,257.95,215.21,86.6,0.2823,index,simulated,Synthetic Generator - Shock,,Supply shock at Phase 2 on day 40 - cascade propagation
62,5,Bar Casting & Assay_Entity,USA,2025-01-08,daily_state,ndc_balance,248.95,239.83,227.09,92.94,1.0744,index,simulated,Synthetic Generator - Shock,,Supply shock at Phase 2 on day 40 - cascade propagation
63,6,Logistics & Vaulting_Entity,USA,2025-01-08,daily_state,ndc_balance,256.53,231.65,200.8,82.37,0.159,index,simulated,Synthetic Generator - Shock,,Supply shock at Phase 2 on day 40 - cascade propagation
64,7,Exchange Registration_Entity,USA,2025-01-08,daily_state,ndc_balance,244.84,247.19,241.39,98.12,6.4566,index,simulated,Synthetic Generator - Shock,,Supply shock at Phase 2 on day 40 - cascade propagation
65,0,Geological Prospecting_Entity,USA,2025-01-09,daily_state,ndc_balance,242.51,257.04,222.97,89.31,0.4519,index,simulated,Synthetic Generator - Shock,,Supply shock at Phase 2 on day 40 - cascade propagation
66,1,Mine Extraction_Entity,USA,2025-01-09,daily_state,ndc_balance,278.04,231.42,181.4,71.51,0.0458,index,simulated,Synthetic Generator - Shock,,Supply shock at Phase 2 on day 40 - cascade propagation
67,2,Ore Processing_Entity,USA,2025-01-09,daily_state,ndc_balance,225.02,208.97,188.01,86.7,0.3735,index,simulated,Synthetic Generator - Shock,,Supply shock at Phase 2 on day 40 - cascade propagation
68,3,Doré Production_Entity,USA,2025-01-09,daily_state,ndc_balance,247.74,233.06,213.44,88.82,0.4435,index,simulated,Synthetic Generator - Shock,,Supply shock at Phase 2 on day 40 - cascade propagation
69,4,Refining_Entity,USA,2025-01-09,daily_state,ndc_balance,253.12,247.39,239.16,95.57,2.3339,index,simulated,Synthetic Generator - Shock,,Supply shock at Phase 2 on day 40 - cascade propagation
70,5,Bar Casting & Assay_Entity,USA,2025-01-09,daily_state,ndc_balance,225.95,212.33,194.16,88.64,0.5115,index,simulated,Synthetic Generator - Shock,,Supply shock at Phase 2 on day 40 - cascade propagation
71,6,Logistics & Vaulting_Entity,USA,2025-01-09,daily_state,ndc_balance,254.44,247.44,237.48,94.65,1.6944,index,simulated,Synthetic Generator - Shock,,Supply shock at Phase 2 on day 40 - cascade propagation
72,7,Exchange Registration_Entity,USA,2025-01-09,daily_state,ndc_balance,243.61,215.17,181.27,79.18,0.1221,index,simulated,Synthetic Generator - Shock,,Supply shock at Phase 2 on day 40 - cascade propagation
73,0,Geological Prospecting_Entity,USA,2025-01-10,daily_state,ndc_balance,257.07,267.89,242.06,92.24,0.7865,index,simulated,Synthetic Generator - Shock,,Supply shock at Phase 2 on day 40 - cascade propagation
74,1,Mine Extraction_Entity,USA,2025-01-10,daily_state,ndc_balance,254.17,229.75,199.4,82.52,0.1649,index,simulated,Synthetic Generator - Shock,,Supply shock at Phase 2 on day 40 - cascade propagation
75,2,Ore Processing_Entity,USA,2025-01-10,daily_state,ndc_balance,250.67,220.41,184.64,78.55,0.108,index,simulated,Synthetic Generator - Shock,,Supply shock at Phase 2 on day 40 - cascade propagation
76,3,Doré Production_Entity,USA,2025-01-10,daily_state,ndc_balance,265.87,246.47,221.23,86.42,0.2589,index,simulated,Synthetic Generator - Shock,,Supply shock at Phase 2 on day 40 - cascade propagation
77,4,Refining_Entity,USA,2025-01-10,daily_state,ndc_balance,223.48,239.59,202.28,87.42,0.371,index,simulated,Synthetic Generator - Shock,,Supply shock at Phase 2 on day 40 - cascade propagation
78,5,Bar Casting & Assay_Entity,USA,2025-01-10,daily_state,ndc_balance,256.95,239.01,215.51,86.96,0.3012,index,simulated,Synthetic Generator - Shock,,Supply shock at Phase 2 on day 40 - cascade propagation
79,6,Logistics & Vaulting_Entity,USA,2025-01-10,daily_state,ndc_balance,245.86,222.96,194.34,83.0,0.1871,index,simulated,Synthetic Generator - Shock,,Supply shock at Phase 2 on day 40 - cascade propagation
80,7,Exchange Registration_Entity,USA,2025-01-10,daily_state,ndc_balance,258.5,233.33,202.13,82.3,0.1554,index,simulated,Synthetic Generator - Shock,,Supply shock at Phase 2 on day 40 - cascade propagation
81,0,Geological Prospecting_Entity,USA,2025-01-11,daily_state,ndc_balance,217.65,238.32,191.49,84.08,0.2288,index,simulated,Synthetic Generator - Shock,,Supply shock at Phase 2 on day 40 - cascade propagation
82,1,Mine Extraction_Entity,USA,2025-01-11,daily_state,ndc_balance,264.72,238.04,205.19,81.74,0.1385,index,simulated,Synthetic Generator - Shock,,Supply shock at Phase 2 on day 40 - cascade propagation
83,2,Ore Processing_Entity,USA,2025-01-11,daily_state,ndc_balance,276.07,252.72,223.03,84.44,0.1801,index,simulated,Synthetic Generator - Shock,,Supply shock at Phase 2 on day 40 - cascade propagation
84,3,Doré Production_Entity,USA,2025-01-11,daily_state,ndc_balance,255.08,242.69,225.77,90.74,0.6113,index,simulated,Synthetic Generator - Shock,,Supply shock at Phase 2 on day 40 - cascade propagation
85,4,Refining_Entity,USA,2025-01-11,daily_state,ndc_balance,248.98,240.26,228.04,93.24,1.1629,index,simulated,Synthetic Generator - Shock,,Supply shock at Phase 2 on day 40 - cascade propagation
86,5,Bar Casting & Assay_Entity,USA,2025-01-11,daily_state,ndc_balance,245.47,254.56,232.74,93.11,1.0797,index,simulated,Synthetic Generator - Shock,,Supply shock at Phase 2 on day 40 - cascade propagation
87,6,Logistics & Vaulting_Entity,USA,2025-01-11,daily_state,ndc_balance,235.96,225.63,211.4,91.62,0.857,index,simulated,Synthetic Generator - Shock,,Supply shock at Phase 2 on day 40 - cascade propagation
88,7,Exchange Registration_Entity,USA,2025-01-11,daily_state,ndc_balance,233.15,281.82,181.47,70.79,0.042,index,simulated,Synthetic Generator - Shock,,Supply shock at Phase 2 on day 40 - cascade propagation
89,0,Geological Prospecting_Entity,USA,2025-01-12,daily_state,ndc_balance,257.96,250.48,239.88,94.37,1.5183,index,simulated,Synthetic Generator - Shock,,Supply shock at Phase 2 on day 40 - cascade propagation
90,1,Mine Extraction_Entity,USA,2025-01-12,daily_state,ndc_balance,234.14,256.22,206.15,84.17,0.2009,index,simulated,Synthetic Generator - Shock,,Supply shock at Phase 2 on day 40 - cascade propagation
91,2,Ore Processing_Entity,USA,2025-01-12,daily_state,ndc_balance,248.25,248.86,247.35,99.52,9.6485,index,simulated,Synthetic Generator - Shock,,Supply shock at Phase 2 on day 40 - cascade propagation
92,3,Doré Production_Entity,USA,2025-01-12,daily_state,ndc_balance,235.35,247.88,218.3,90.38,0.5984,index,simulated,Synthetic Generator - Shock,,Supply shock at Phase 2 on day 40 - cascade propagation
93,4,Refining_Entity,USA,2025-01-12,daily_state,ndc_balance,243.64,231.22,214.34,90.3,0.6085,index,simulated,Synthetic Generator - Shock,,Supply shock at Phase 2 on day 40 - cascade propagation
94,5,Bar Casting & Assay_Entity,USA,2025-01-12,daily_state,ndc_balance,261.01,217.32,170.41,71.55,0.0521,index,simulated,Synthetic Generator - Shock,,Supply shock at Phase 2 on day 40 - cascade propagation
95,6,Logistics & Vaulting_Entity,USA,2025-01-12,daily_state,ndc_balance,258.47,257.32,255.61,99.11,8.8304,index,simulated,Synthetic Generator - Shock,,Supply shock at Phase 2 on day 40 - cascade propagation
96,7,Exchange Registration_Entity,USA,2025-01-12,daily_state,ndc_balance,236.81,230.23,220.89,94.6,1.8804,index,simulated,Synthetic Generator - Shock,,Supply shock at Phase 2 on day 40 - cascade propagation
97,0,Geological Prospecting_Entity,USA,2025-01-13,daily_state,ndc_balance,246.65,250.08,241.65,97.3,4.6061,index,simulated,Synthetic Generator - Shock,,Supply shock at Phase 2 on day 40 - cascade propagation
98,1,Mine Extraction_Entity,USA,2025-01-13,daily_state,ndc_balance,247.71,252.8,240.35,96.05,2.7794,index,simulated,Synthetic Generator - Shock,,Supply shock at Phase 2 on day 40 - cascade propagation
99,2,Ore Processing_Entity,USA,2025-01-13,daily_state,ndc_balance,276.44,235.86,190.38,74.56,0.0603,index,simulated,Synthetic Generator - Shock,,Supply shock at Phase 2 on day 40 - cascade propagation
100,3,Doré Production_Entity,USA,2025-01-13,daily_state,ndc_balance,224.27,259.87,183.57,76.04,0.0783,index,simulated,Synthetic Generator - Shock,,Supply shock at Phase 2 on day 40 - cascade propagation
101,4,Refining_Entity,USA,2025-01-13,daily_state,ndc_balance,275.25,252.07,222.58,84.5,0.1827,index,simulated,Synthetic Generator - Shock,,Supply shock at Phase 2 on day 40 - cascade propagation
102,5,Bar Casting & Assay_Entity,USA,2025-01-13,daily_state,ndc_balance,233.68,242.77,221.01,92.79,1.0804,index,simulated,Synthetic Generator - Shock,,Supply shock at Phase 2 on day 40 - cascade propagation
103,6,Logistics & Vaulting_Entity,USA,2025-01-13,daily_state,ndc_balance,233.22,256.57,203.91,83.36,0.1801,index,simulated,Synthetic Generator - Shock,,Supply shock at Phase 2 on day 40 - cascade propagation
104,7,Exchange Registration_Entity,USA,2025-01-13,daily_state,ndc_balance,229.73,239.6,216.06,92.09,0.9315,index,simulated,Synthetic Generator - Shock,,Supply shock at Phase 2 on day 40 - cascade propagation
105,0,Geological Prospecting_Entity,USA,2025-01-14,daily_state,ndc_balance,234.93,247.28,218.12,90.5,0.6155,index,simulated,Synthetic Generator - Shock,,Supply shock at Phase 2 on day 40 - cascade propagation
106,1,Mine Extraction_Entity,USA,2025-01-14,daily_state,ndc_balance,244.5,248.18,239.14,97.08,4.2518,index,simulated,Synthetic Generator - Shock,,Supply shock at Phase 2 on day 40 - cascade propagation
107,2,Ore Processing_Entity,USA,2025-01-14,daily_state,ndc_balance,250.34,227.24,198.32,83.15,0.184,index,simulated,Synthetic Generator - Shock,,Supply shock at Phase 2 on day 40 - cascade propagation
108,3,Doré Production_Entity,USA,2025-01-14,daily_state,ndc_balance,259.4,244.12,223.68,88.89,0.4107,index,simulated,Synthetic Generator - Shock,,Supply shock at Phase 2 on day 40 - cascade propagation
109,4,Refining_Entity,USA,2025-01-14,daily_state,ndc_balance,235.17,285.34,182.25,70.35,0.0396,index,simulated,Synthetic Generator - Shock,,Supply shock at Phase 2 on day 40 - cascade propagation
110,5,Bar Casting & Assay_Entity,USA,2025-01-14,daily_state,ndc_balance,257.15,242.24,222.26,89.05,0.4307,index,simulated,Synthetic Generator - Shock,,Supply shock at Phase 2 on day 40 - cascade propagation
111,6,Logistics & Vaulting_Entity,USA,2025-01-14,daily_state,ndc_balance,271.23,278.15,261.33,95.14,1.7256,index,simulated,Synthetic Generator - Shock,,Supply shock at Phase 2 on day 40 - cascade propagation
112,7,Exchange Registration_Entity,USA,2025-01-14,daily_state,ndc_balance,247.82,251.25,242.8,97.3,4.5896,index,simulated,Synthetic Generator - Shock,,Supply shock at Phase 2 on day 40 - cascade propagation
113,0,Geological Prospecting_Entity,USA,2025-01-15,daily_state,ndc_balance,235.18,242.35,225.02,94.25,1.6282,index,simulated,Synthetic Generator - Shock,,Supply shock at Phase 2 on day 40 - cascade propagation
114,1,Mine Extraction_Entity,USA,2025-01-15,daily_state,ndc_balance,247.01,248.33,245.06,98.95,8.5299,index,simulated,Synthetic Generator - Shock,,Supply shock at Phase 2 on day 40 - cascade propagation
115,2,Ore Processing_Entity,USA,2025-01-15,daily_state,ndc_balance,254.99,255.08,254.86,99.93,9.9927,index,simulated,Synthetic Generator - Shock,,Supply shock at Phase 2 on day 40 - cascade propagation
116,3,Doré Production_Entity,USA,2025-01-15,daily_state,ndc_balance,253.56,223.21,187.24,78.71,0.1073,index,simulated,Synthetic Generator - Shock,,Supply shock at Phase 2 on day 40 - cascade propagation
117,4,Refining_Entity,USA,2025-01-15,daily_state,ndc_balance,235.92,235.16,234.03,99.36,9.4562,index,simulated,Synthetic Generator - Shock,,Supply shock at Phase 2 on day 40 - cascade propagation
118,5,Bar Casting & Assay_Entity,USA,2025-01-15,daily_state,ndc_balance,245.77,263.91,221.96,87.15,0.2947,index,simulated,Synthetic Generator - Shock,,Supply shock at Phase 2 on day 40 - cascade propagation
119,6,Logistics & Vaulting_Entity,USA,2025-01-15,daily_state,ndc_balance,232.56,238.57,223.97,95.09,2.1679,index,simulated,Synthetic Generator - Shock,,Supply shock at Phase 2 on day 40 - cascade propagation
120,7,Exchange Registration_Entity,USA,2025-01-15,daily_state,ndc_balance,264.3,239.6,208.76,82.96,0.1614,index,simulated,Synthetic Generator - Shock,,Supply shock at Phase 2 on day 40 - cascade propagation
121,0,Geological Prospecting_Entity,USA,2025-01-16,daily_state,ndc_balance,256.91,242.49,223.09,89.38,0.459,index,simulated,Synthetic Generator - Shock,,Supply shock at Phase 2 on day 40 - cascade propagation
122,1,Mine Extraction_Entity,USA,2025-01-16,daily_state,ndc_balance,253.85,240.89,223.27,90.29,0.5616,index,simulated,Synthetic Generator - Shock,,Supply shock at Phase 2 on day 40 - cascade propagation
123,2,Ore Processing_Entity,USA,2025-01-16,daily_state,ndc_balance,260.01,217.19,170.95,71.94,0.0543,index,simulated,Synthetic Generator - Shock,,Supply shock at Phase 2 on day 40 - cascade propagation
124,3,Doré Production_Entity,USA,2025-01-16,daily_state,ndc_balance,244.55,250.34,236.25,95.48,2.2988,index,simulated,Synthetic Generator - Shock,,Supply shock at Phase 2 on day 40 - cascade propagation
125,4,Refining_Entity,USA,2025-01-16,daily_state,ndc_balance,258.01,271.87,239.16,90.3,0.4943,index,simulated,Synthetic Generator - Shock,,Supply shock at Phase 2 on day 40 - cascade propagation
126,5,Bar Casting & Assay_Entity,USA,2025-01-16,daily_state,ndc_balance,244.13,271.63,210.32,81.67,0.1305,index,simulated,Synthetic Generator - Shock,,Supply shock at Phase 2 on day 40 - cascade propagation
127,6,Logistics & Vaulting_Entity,USA,2025-01-16,daily_state,ndc_balance,240.11,268.92,205.11,80.72,0.1191,index,simulated,Synthetic Generator - Shock,,Supply shock at Phase 2 on day 40 - cascade propagation
128,7,Exchange Registration_Entity,USA,2025-01-16,daily_state,ndc_balance,262.26,228.56,189.34,77.33,0.0873,index,simulated,Synthetic Generator - Shock,,Supply shock at Phase 2 on day 40 - cascade propagation
129,0,Geological Prospecting_Entity,USA,2025-01-17,daily_state,ndc_balance,254.61,244.08,229.5,92.06,0.8276,index,simulated,Synthetic Generator - Shock,,Supply shock at Phase 2 on day 40 - cascade propagation
130,1,Mine Extraction_Entity,USA,2025-01-17,daily_state,ndc_balance,259.38,240.98,216.94,86.77,0.2868,index,simulated,Synthetic Generator - Shock,,Supply shock at Phase 2 on day 40 - cascade propagation
131,2,Ore Processing_Entity,USA,2025-01-17,daily_state,ndc_balance,245.39,269.64,214.88,83.54,0.1672,index,simulated,Synthetic Generator - Shock,,Supply shock at Phase 2 on day 40 - cascade propagation
132,3,Doré Production_Entity,USA,2025-01-17,daily_state,ndc_balance,248.52,259.88,232.87,91.63,0.7196,index,simulated,Synthetic Generator - Shock,,Supply shock at Phase 2 on day 40 - cascade propagation
133,4,Refining_Entity,USA,2025-01-17,daily_state,ndc_balance,246.62,275.0,211.86,81.35,0.1226,index,simulated,Synthetic Generator - Shock,,Supply shock at Phase 2 on day 40 - cascade propagation
134,5,Bar Casting & Assay_Entity,USA,2025-01-17,daily_state,ndc_balance,239.82,233.95,225.53,95.22,2.2437,index,simulated,Synthetic Generator - Shock,,Supply shock at Phase 2 on day 40 - cascade propagation
135,6,Logistics & Vaulting_Entity,USA,2025-01-17,daily_state,ndc_balance,272.87,236.99,195.5,76.88,0.0771,index,simulated,Synthetic Generator - Shock,,Supply shock at Phase 2 on day 40 - cascade propagation
136,7,Exchange Registration_Entity,USA,2025-01-17,daily_state,ndc_balance,274.02,261.05,243.31,90.97,0.5617,index,simulated,Synthetic Generator - Shock,,Supply shock at Phase 2 on day 40 - cascade propagation
137,0,Geological Prospecting_Entity,USA,2025-01-18,daily_state,ndc_balance,247.68,212.36,172.43,75.19,0.0795,index,simulated,Synthetic Generator - Shock,,Supply shock at Phase 2 on day 40 - cascade propagation
138,1,Mine Extraction_Entity,USA,2025-01-18,daily_state,ndc_balance,249.71,246.83,242.6,97.72,5.4646,index,simulated,Synthetic Generator - Shock,,Supply shock at Phase 2 on day 40 - cascade propagation
139,2,Ore Processing_Entity,USA,2025-01-18,daily_state,ndc_balance,267.51,273.59,258.77,95.65,2.1271,index,simulated,Synthetic Generator - Shock,,Supply shock at Phase 2 on day 40 - cascade propagation
140,3,Doré Production_Entity,USA,2025-01-18,daily_state,ndc_balance,239.73,259.42,214.25,85.91,0.2513,index,simulated,Synthetic Generator - Shock,,Supply shock at Phase 2 on day 40 - cascade propagation
141,4,Refining_Entity,USA,2025-01-18,daily_state,ndc_balance,261.48,264.32,257.31,97.87,5.5347,index,simulated,Synthetic Generator - Shock,,Supply shock at Phase 2 on day 40 - cascade propagation
142,5,Bar Casting & Assay_Entity,USA,2025-01-18,daily_state,ndc_balance,257.48,210.04,160.87,69.17,0.0442,index,simulated,Synthetic Generator - Shock,,Supply shock at Phase 2 on day 40 - cascade propagation
143,6,Logistics & Vaulting_Entity,USA,2025-01-18,daily_state,ndc_balance,247.67,224.2,194.96,82.73,0.1783,index,simulated,Synthetic Generator - Shock,,Supply shock at Phase 2 on day 40 - cascade propagation
144,7,Exchange Registration_Entity,USA,2025-01-18,daily_state,ndc_balance,246.96,262.64,226.02,88.75,0.3909,index,simulated,Synthetic Generator - Shock,,Supply shock at Phase 2 on day 40 - cascade propagation
145,0,Geological Prospecting_Entity,USA,2025-01-19,daily_state,ndc_balance,254.58,265.67,239.23,91.99,0.7522,index,simulated,Synthetic Generator - Shock,,Supply shock at Phase 2 on day 40 - cascade propagation
146,1,Mine Extraction_Entity,USA,2025-01-19,daily_state,ndc_balance,255.13,221.63,182.87,76.91,0.0883,index,simulated,Synthetic Generator - Shock,,Supply shock at Phase 2 on day 40 - cascade propagation
147,2,Ore Processing_Entity,USA,2025-01-19,daily_state,ndc_balance,212.19,247.68,172.12,75.08,0.0788,index,simulated,Synthetic Generator - Shock,,Supply shock at Phase 2 on day 40 - cascade propagation
148,3,Doré Production_Entity,USA,2025-01-19,daily_state,ndc_balance,246.79,227.41,202.48,85.47,0.2594,index,simulated,Synthetic Generator - Shock,,Supply shock at Phase 2 on day 40 - cascade propagation
149,4,Refining_Entity,USA,2025-01-19,daily_state,ndc_balance,224.49,231.77,214.21,93.91,1.5859,index,simulated,Synthetic Generator - Shock,,Supply shock at Phase 2 on day 40 - cascade propagation
150,5,Bar Casting & Assay_Entity,USA,2025-01-19,daily_state,ndc_balance,247.08,256.99,233.29,92.58,0.9253,index,simulated,Synthetic Generator - Shock,,Supply shock at Phase 2 on day 40 - cascade propagation
151,6,Logistics & Vaulting_Entity,USA,2025-01-19,daily_state,ndc_balance,252.83,273.95,225.58,85.71,0.2194,index,simulated,Synthetic Generator - Shock,,Supply shock at Phase 2 on day 40 - cascade propagation
152,7,Exchange Registration_Entity,USA,2025-01-19,daily_state,ndc_balance,234.47,260.86,202.0,81.68,0.1415,index,simulated,Synthetic Generator - Shock,,Supply shock at Phase 2 on day 40 - cascade propagation
153,0,Geological Prospecting_Entity,USA,2025-01-20,daily_state,ndc_balance,250.71,257.5,241.02,94.86,1.7804,index,simulated,Synthetic Generator - Shock,,Supply shock at Phase 2 on day 40 - cascade propagation
154,1,Mine Extraction_Entity,USA,2025-01-20,daily_state,ndc_balance,243.45,264.29,216.65,85.41,0.2251,index,simulated,Synthetic Generator - Shock,,Supply shock at Phase 2 on day 40 - cascade propagation
155,2,Ore Processing_Entity,USA,2025-01-20,daily_state,ndc_balance,254.43,232.77,205.26,84.35,0.2087,index,simulated,Synthetic Generator - Shock,,Supply shock at Phase 2 on day 40 - cascade propagation
156,3,Doré Production_Entity,USA,2025-01-20,daily_state,ndc_balance,249.82,240.69,227.92,92.95,1.0708,index,simulated,Synthetic Generator - Shock,,Supply shock at Phase 2 on day 40 - cascade propagation
157,4,Refining_Entity,USA,2025-01-20,daily_state,ndc_balance,257.34,223.76,184.85,77.03,0.0879,index,simulated,Synthetic Generator - Shock,,Supply shock at Phase 2 on day 40 - cascade propagation
158,5,Bar Casting & Assay_Entity,USA,2025-01-20,daily_state,ndc_balance,249.56,252.12,245.8,97.99,6.0488,index,simulated,Synthetic Generator - Shock,,Supply shock at Phase 2 on day 40 - cascade propagation
159,6,Logistics & Vaulting_Entity,USA,2025-01-20,daily_state,ndc_balance,250.5,269.24,225.94,87.0,0.2766,index,simulated,Synthetic Generator - Shock,,Supply shock at Phase 2 on day 40 - cascade propagation
160,7,Exchange Registration_Entity,USA,2025-01-20,daily_state,ndc_balance,261.61,244.87,222.69,87.98,0.3444,index,simulated,Synthetic Generator - Shock,,Supply shock at Phase 2 on day 40 - cascade propagation
161,0,Geological Prospecting_Entity,USA,2025-01-21,daily_state,ndc_balance,253.25,250.32,246.03,97.71,5.3835,index,simulated,Synthetic Generator - Shock,,Supply shock at Phase 2 on day 40 - cascade propagation
162,1,Mine Extraction_Entity,USA,2025-01-21,daily_state,ndc_balance,256.05,212.14,165.39,70.96,0.0516,index,simulated,Synthetic Generator - Shock,,Supply shock at Phase 2 on day 40 - cascade propagation
163,2,Ore Processing_Entity,USA,2025-01-21,daily_state,ndc_balance,245.48,218.28,185.47,80.12,0.1334,index,simulated,Synthetic Generator - Shock,,Supply shock at Phase 2 on day 40 - cascade propagation
164,3,Doré Production_Entity,USA,2025-01-21,daily_state,ndc_balance,269.17,243.9,212.37,82.88,0.1542,index,simulated,Synthetic Generator - Shock,,Supply shock at Phase 2 on day 40 - cascade propagation
165,4,Refining_Entity,USA,2025-01-21,daily_state,ndc_balance,247.1,261.14,228.12,89.8,0.4826,index,simulated,Synthetic Generator - Shock,,Supply shock at Phase 2 on day 40 - cascade propagation
166,5,Bar Casting & Assay_Entity,USA,2025-01-21,daily_state,ndc_balance,256.33,224.68,187.48,78.12,0.0988,index,simulated,Synthetic Generator - Shock,,Supply shock at Phase 2 on day 40 - cascade propagation
167,6,Logistics & Vaulting_Entity,USA,2025-01-21,daily_state,ndc_balance,248.94,238.97,225.13,92.3,0.9142,index,simulated,Synthetic Generator - Shock,,Supply shock at Phase 2 on day 40 - cascade propagation
168,7,Exchange Registration_Entity,USA,2025-01-21,daily_state,ndc_balance,223.83,232.58,211.64,92.76,1.1569,index,simulated,Synthetic Generator - Shock,,Supply shock at Phase 2 on day 40 - cascade propagation
169,0,Geological Prospecting_Entity,USA,2025-01-22,daily_state,ndc_balance,247.25,242.93,236.67,96.57,3.4931,index,simulated,Synthetic Generator - Shock,,Supply shock at Phase 2 on day 40 - cascade propagation
170,1,Mine Extraction_Entity,USA,2025-01-22,daily_state,ndc_balance,227.77,265.73,184.87,75.15,0.0689,index,simulated,Synthetic Generator - Shock,,Supply shock at Phase 2 on day 40 - cascade propagation
171,2,Ore Processing_Entity,USA,2025-01-22,daily_state,ndc_balance,248.47,245.68,241.58,97.78,5.6186,index,simulated,Synthetic Generator - Shock,,Supply shock at Phase 2 on day 40 - cascade propagation
172,3,Doré Production_Entity,USA,2025-01-22,daily_state,ndc_balance,256.01,230.81,199.65,82.13,0.1551,index,simulated,Synthetic Generator - Shock,,Supply shock at Phase 2 on day 40 - cascade propagation
173,4,Refining_Entity,USA,2025-01-22,daily_state,ndc_balance,256.85,238.39,214.33,86.62,0.2853,index,simulated,Synthetic Generator - Shock,,Supply shock at Phase 2 on day 40 - cascade propagation
174,5,Bar Casting & Assay_Entity,USA,2025-01-22,daily_state,ndc_balance,236.55,255.32,212.15,86.33,0.276,index,simulated,Synthetic Generator - Shock,,Supply shock at Phase 2 on day 40 - cascade propagation
175,6,Logistics & Vaulting_Entity,USA,2025-01-22,daily_state,ndc_balance,272.38,258.05,238.64,90.01,0.4645,index,simulated,Synthetic Generator - Shock,,Supply shock at Phase 2 on day 40 - cascade propagation
176,7,Exchange Registration_Entity,USA,2025-01-22,daily_state,ndc_balance,263.84,235.63,201.33,80.74,0.124,index,simulated,Synthetic Generator - Shock,,Supply shock at Phase 2 on day 40 - cascade propagation
177,0,Geological Prospecting_Entity,USA,2025-01-23,daily_state,ndc_balance,226.04,271.82,176.98,71.4,0.0475,index,simulated,Synthetic Generator - Shock,,Supply shock at Phase 2 on day 40 - cascade propagation
178,1,Mine Extraction_Entity,USA,2025-01-23,daily_state,ndc_balance,280.82,272.77,261.35,94.43,1.3377,index,simulated,Synthetic Generator - Shock,,Supply shock at Phase 2 on day 40 - cascade propagation
179,2,Ore Processing_Entity,USA,2025-01-23,daily_state,ndc_balance,244.96,224.22,197.84,84.42,0.2271,index,simulated,Synthetic Generator - Shock,,Supply shock at Phase 2 on day 40 - cascade propagation
180,3,Doré Production_Entity,USA,2025-01-23,daily_state,ndc_balance,234.01,214.69,190.03,84.78,0.2609,index,simulated,Synthetic Generator - Shock,,Supply shock at Phase 2 on day 40 - cascade propagation
181,4,Refining_Entity,USA,2025-01-23,daily_state,ndc_balance,248.39,273.9,216.5,83.0,0.1513,index,simulated,Synthetic Generator - Shock,,Supply shock at Phase 2 on day 40 - cascade propagation
182,5,Bar Casting & Assay_Entity,USA,2025-01-23,daily_state,ndc_balance,247.88,250.44,244.1,97.97,6.0284,index,simulated,Synthetic Generator - Shock,,Supply shock at Phase 2 on day 40 - cascade propagation
183,6,Logistics & Vaulting_Entity,USA,2025-01-23,daily_state,ndc_balance,270.63,237.73,198.89,78.41,0.0915,index,simulated,Synthetic Generator - Shock,,Supply shock at Phase 2 on day 40 - cascade propagation
184,7,Exchange Registration_Entity,USA,2025-01-23,daily_state,ndc_balance,280.53,280.86,280.05,99.77,9.8957,index,simulated,Synthetic Generator - Shock,,Supply shock at Phase 2 on day 40 - cascade propagation
185,0,Geological Prospecting_Entity,USA,2025-01-24,daily_state,ndc_balance,248.03,234.6,216.47,89.74,0.5254,index,simulated,Synthetic Generator - Shock,,Supply shock at Phase 2 on day 40 - cascade propagation
186,1,Mine Extraction_Entity,USA,2025-01-24,daily_state,ndc_balance,260.46,238.74,211.07,84.64,0.2077,index,simulated,Synthetic Generator - Shock,,Supply shock at Phase 2 on day 40 - cascade propagation
187,2,Ore Processing_Entity,USA,2025-01-24,daily_state,ndc_balance,232.65,268.06,191.75,76.78,0.0791,index,simulated,Synthetic Generator - Shock,,Supply shock at Phase 2 on day 40 - cascade propagation
188,3,Doré Production_Entity,USA,2025-01-24,daily_state,ndc_balance,268.25,247.8,221.36,85.86,0.2336,index,simulated,Synthetic Generator - Shock,,Supply shock at Phase 2 on day 40 - cascade propagation
189,4,Refining_Entity,USA,2025-01-24,daily_state,ndc_balance,231.06,222.87,211.4,93.16,1.2978,index,simulated,Synthetic Generator - Shock,,Supply shock at Phase 2 on day 40 - cascade propagation
190,5,Bar Casting & Assay_Entity,USA,2025-01-24,daily_state,ndc_balance,251.61,236.0,215.25,88.33,0.3944,index,simulated,Synthetic Generator - Shock,,Supply shock at Phase 2 on day 40 - cascade propagation
191,6,Logistics & Vaulting_Entity,USA,2025-01-24,daily_state,ndc_balance,244.88,263.4,220.67,86.89,0.2835,index,simulated,Synthetic Generator - Shock,,Supply shock at Phase 2 on day 40 - cascade propagation
192,7,Exchange Registration_Entity,USA,2025-01-24,daily_state,ndc_balance,261.0,269.81,248.59,93.68,1.1416,index,simulated,Synthetic Generator - Shock,,Supply shock at Phase 2 on day 40 - cascade propagation
193,0,Geological Prospecting_Entity,USA,2025-01-25,daily_state,ndc_balance,235.14,238.82,229.78,96.96,4.2451,index,simulated,Synthetic Generator - Shock,,Supply shock at Phase 2 on day 40 - cascade propagation
194,1,Mine Extraction_Entity,USA,2025-01-25,daily_state,ndc_balance,261.38,253.07,241.33,93.83,1.2625,index,simulated,Synthetic Generator - Shock,,Supply shock at Phase 2 on day 40 - cascade propagation
195,2,Ore Processing_Entity,USA,2025-01-25,daily_state,ndc_balance,272.99,252.57,226.1,86.11,0.2343,index,simulated,Synthetic Generator - Shock,,Supply shock at Phase 2 on day 40 - cascade propagation
196,3,Doré Production_Entity,USA,2025-01-25,daily_state,ndc_balance,277.72,254.72,225.37,84.73,0.1855,index,simulated,Synthetic Generator - Shock,,Supply shock at Phase 2 on day 40 - cascade propagation
197,4,Refining_Entity,USA,2025-01-25,daily_state,ndc_balance,265.93,239.18,206.23,81.77,0.1378,index,simulated,Synthetic Generator - Shock,,Supply shock at Phase 2 on day 40 - cascade propagation
198,5,Bar Casting & Assay_Entity,USA,2025-01-25,daily_state,ndc_balance,250.21,261.4,234.77,91.8,0.7405,index,simulated,Synthetic Generator - Shock,,Supply shock at Phase 2 on day 40 - cascade propagation
199,6,Logistics & Vaulting_Entity,USA,2025-01-25,daily_state,ndc_balance,274.19,258.13,236.62,88.94,0.3729,index,simulated,Synthetic Generator - Shock,,Supply shock at Phase 2 on day 40 - cascade propagation
200,7,Exchange Registration_Entity,USA,2025-01-25,daily_state,ndc_balance,248.75,269.79,221.65,85.56,0.2209,index,simulated,Synthetic Generator - Shock,,Supply shock at Phase 2 on day 40 - cascade propagation
201,0,Geological Prospecting_Entity,USA,2025-01-26,daily_state,ndc_balance,217.12,219.4,213.77,97.94,6.5807,index,simulated,Synthetic Generator - Shock,,Supply shock at Phase 2 on day 40 - cascade propagation
202,1,Mine Extraction_Entity,USA,2025-01-26,daily_state,ndc_balance,260.22,245.25,225.17,89.13,0.4271,index,simulated,Synthetic Generator - Shock,,Supply shock at Phase 2 on day 40 - cascade propagation
203,2,Ore Processing_Entity,USA,2025-01-26,daily_state,ndc_balance,259.08,246.16,228.56,90.51,0.5649,index,simulated,Synthetic Generator - Shock,,Supply shock at Phase 2 on day 40 - cascade propagation
204,3,Doré Production_Entity,USA,2025-01-26,daily_state,ndc_balance,258.56,230.34,196.18,80.39,0.124,index,simulated,Synthetic Generator - Shock,,Supply shock at Phase 2 on day 40 - cascade propagation
205,4,Refining_Entity,USA,2025-01-26,daily_state,ndc_balance,258.56,262.9,252.25,96.75,3.4657,index,simulated,Synthetic Generator - Shock,,Supply shock at Phase 2 on day 40 - cascade propagation
206,5,Bar Casting & Assay_Entity,USA,2025-01-26,daily_state,ndc_balance,268.31,281.24,250.56,91.21,0.5639,index,simulated,Synthetic Generator - Shock,,Supply shock at Phase 2 on day 40 - cascade propagation
207,6,Logistics & Vaulting_Entity,USA,2025-01-26,daily_state,ndc_balance,253.66,249.93,244.49,97.1,4.1804,index,simulated,Synthetic Generator - Shock,,Supply shock at Phase 2 on day 40 - cascade propagation
208,7,Exchange Registration_Entity,USA,2025-01-26,daily_state,ndc_balance,227.15,235.43,215.55,93.21,1.2724,index,simulated,Synthetic Generator - Shock,,Supply shock at Phase 2 on day 40 - cascade propagation
209,0,Geological Prospecting_Entity,USA,2025-01-27,daily_state,ndc_balance,247.1,263.91,224.84,88.04,0.3421,index,simulated,Synthetic Generator - Shock,,Supply shock at Phase 2 on day 40 - cascade propagation
210,1,Mine Extraction_Entity,USA,2025-01-27,daily_state,ndc_balance,240.83,259.33,216.69,86.7,0.2839,index,simulated,Synthetic Generator - Shock,,Supply shock at Phase 2 on day 40 - cascade propagation
211,2,Ore Processing_Entity,USA,2025-01-27,daily_state,ndc_balance,249.98,241.81,230.31,93.68,1.3044,index,simulated,Synthetic Generator - Shock,,Supply shock at Phase 2 on day 40 - cascade propagation
212,3,Doré Production_Entity,USA,2025-01-27,daily_state,ndc_balance,253.73,237.96,216.99,88.31,0.3864,index,simulated,Synthetic Generator - Shock,,Supply shock at Phase 2 on day 40 - cascade propagation
213,4,Refining_Entity,USA,2025-01-27,daily_state,ndc_balance,243.56,214.31,179.69,78.65,0.1155,index,simulated,Synthetic Generator - Shock,,Supply shock at Phase 2 on day 40 - cascade propagation
214,5,Bar Casting & Assay_Entity,USA,2025-01-27,daily_state,ndc_balance,246.28,236.36,222.6,92.26,0.9224,index,simulated,Synthetic Generator - Shock,,Supply shock at Phase 2 on day 40 - cascade propagation
215,6,Logistics & Vaulting_Entity,USA,2025-01-27,daily_state,ndc_balance,242.26,252.5,228.05,92.21,0.8701,index,simulated,Synthetic Generator - Shock,,Supply shock at Phase 2 on day 40 - cascade propagation
216,7,Exchange Registration_Entity,USA,2025-01-27,daily_state,ndc_balance,259.88,249.18,234.36,92.1,0.8033,index,simulated,Synthetic Generator - Shock,,Supply shock at Phase 2 on day 40 - cascade propagation
217,0,Geological Prospecting_Entity,USA,2025-01-28,daily_state,ndc_balance,264.93,255.36,241.97,93.03,0.9842,index,simulated,Synthetic Generator - Shock,,Supply shock at Phase 2 on day 40 - cascade propagation
218,1,Mine Extraction_Entity,USA,2025-01-28,daily_state,ndc_balance,245.57,236.67,224.21,93.0,1.1197,index,simulated,Synthetic Generator - Shock,,Supply shock at Phase 2 on day 40 - cascade propagation
219,2,Ore Processing_Entity,USA,2025-01-28,daily_state,ndc_balance,254.69,255.33,253.74,99.5,9.6118,index,simulated,Synthetic Generator - Shock,,Supply shock at Phase 2 on day 40 - cascade propagation
220,3,Doré Production_Entity,USA,2025-01-28,daily_state,ndc_balance,270.97,266.44,259.87,96.71,3.2798,index,simulated,Synthetic Generator - Shock,,Supply shock at Phase 2 on day 40 - cascade propagation
221,4,Refining_Entity,USA,2025-01-28,daily_state,ndc_balance,241.88,243.16,239.97,98.95,8.5809,index,simulated,Synthetic Generator - Shock,,Supply shock at Phase 2 on day 40 - cascade propagation
222,5,Bar Casting & Assay_Entity,USA,2025-01-28,daily_state,ndc_balance,260.07,264.22,254.01,96.9,3.6637,index,simulated,Synthetic Generator - Shock,,Supply shock at Phase 2 on day 40 - cascade propagation
223,6,Logistics & Vaulting_Entity,USA,2025-01-28,daily_state,ndc_balance,264.08,243.85,217.71,85.79,0.2384,index,simulated,Synthetic Generator - Shock,,Supply shock at Phase 2 on day 40 - cascade propagation
224,7,Exchange Registration_Entity,USA,2025-01-28,daily_state,ndc_balance,231.19,227.02,220.98,96.46,3.6505,index,simulated,Synthetic Generator - Shock,,Supply shock at Phase 2 on day 40 - cascade propagation
225,0,Geological Prospecting_Entity,USA,2025-01-29,daily_state,ndc_balance,254.09,251.16,246.86,97.72,5.3817,index,simulated,Synthetic Generator - Shock,,Supply shock at Phase 2 on day 40 - cascade propagation
226,1,Mine Extraction_Entity,USA,2025-01-29,daily_state,ndc_balance,233.52,245.8,216.8,90.49,0.6217,index,simulated,Synthetic Generator - Shock,,Supply shock at Phase 2 on day 40 - cascade propagation
227,2,Ore Processing_Entity,USA,2025-01-29,daily_state,ndc_balance,259.47,224.28,183.92,76.24,0.0801,index,simulated,Synthetic Generator - Shock,,Supply shock at Phase 2 on day 40 - cascade propagation
228,3,Doré Production_Entity,USA,2025-01-29,daily_state,ndc_balance,266.57,238.2,203.68,80.83,0.1227,index,simulated,Synthetic Generator - Shock,,Supply shock at Phase 2 on day 40 - cascade propagation
229,4,Refining_Entity,USA,2025-01-29,daily_state,ndc_balance,268.86,235.4,196.13,77.96,0.0885,index,simulated,Synthetic Generator - Shock,,Supply shock at Phase 2 on day 40 - cascade propagation
230,5,Bar Casting & Assay_Entity,USA,2025-01-29,daily_state,ndc_balance,234.6,236.75,231.43,98.2,6.8329,index,simulated,Synthetic Generator - Shock,,Supply shock at Phase 2 on day 40 - cascade propagation
231,6,Logistics & Vaulting_Entity,USA,2025-01-29,daily_state,ndc_balance,248.57,238.01,223.41,91.85,0.8222,index,simulated,Synthetic Generator - Shock,,Supply shock at Phase 2 on day 40 - cascade propagation
232,7,Exchange Registration_Entity,USA,2025-01-29,daily_state,ndc_balance,246.76,251.01,240.59,96.67,3.562,index,simulated,Synthetic Generator - Shock,,Supply shock at Phase 2 on day 40 - cascade propagation
233,0,Geological Prospecting_Entity,USA,2025-01-30,daily_state,ndc_balance,247.43,243.81,238.53,97.11,4.325,index,simulated,Synthetic Generator - Shock,,Supply shock at Phase 2 on day 40 - cascade propagation
234,1,Mine Extraction_Entity,USA,2025-01-30,daily_state,ndc_balance,224.36,252.05,190.9,80.28,0.1288,index,simulated,Synthetic Generator - Shock,,Supply shock at Phase 2 on day 40 - cascade propagation
235,2,Ore Processing_Entity,USA,2025-01-30,daily_state,ndc_balance,248.66,273.99,216.96,83.12,0.1535,index,simulated,Synthetic Generator - Shock,,Supply shock at Phase 2 on day 40 - cascade propagation
236,3,Doré Production_Entity,USA,2025-01-30,daily_state,ndc_balance,235.91,212.45,183.5,81.97,0.1785,index,simulated,Synthetic Generator - Shock,,Supply shock at Phase 2 on day 40 - cascade propagation
237,4,Refining_Entity,USA,2025-01-30,daily_state,ndc_balance,259.27,251.24,239.89,93.99,1.3416,index,simulated,Synthetic Generator - Shock,,Supply shock at Phase 2 on day 40 - cascade propagation
238,5,Bar Casting & Assay_Entity,USA,2025-01-30,daily_state,ndc_balance,234.87,217.46,194.86,86.22,0.3194,index,simulated,Synthetic Generator - Shock,,Supply shock at Phase 2 on day 40 - cascade propagation
239,6,Logistics & Vaulting_Entity,USA,2025-01-30,daily_state,ndc_balance,273.06,270.45,266.61,98.11,5.9537,index,simulated,Synthetic Generator - Shock,,Supply shock at Phase 2 on day 40 - cascade propagation
240,7,Exchange Registration_Entity,USA,2025-01-30,daily_state,ndc_balance,212.69,236.75,183.12,81.6,0.1698,index,simulated,Synthetic Generator - Shock,,Supply shock at Phase 2 on day 40 - cascade propagation
241,0,Geological Prospecting_Entity,USA,2025-01-31,daily_state,ndc_balance,274.96,236.43,192.65,75.56,0.0669,index,simulated,Synthetic Generator - Shock,,Supply shock at Phase 2 on day 40 - cascade propagation
242,1,Mine Extraction_Entity,USA,2025-01-31,daily_state,ndc_balance,242.64,239.91,235.9,97.77,5.7288,index,simulated,Synthetic Generator - Shock,,Supply shock at Phase 2 on day 40 - cascade propagation
243,2,Ore Processing_Entity,USA,2025-01-31,daily_state,ndc_balance,233.19,214.31,190.14,85.06,0.2731,index,simulated,Synthetic Generator - Shock,,Supply shock at Phase 2 on day 40 - cascade propagation
244,3,Doré Production_Entity,USA,2025-01-31,daily_state,ndc_balance,265.79,211.83,158.09,66.63,0.0342,index,simulated,Synthetic Generator - Shock,,Supply shock at Phase 2 on day 40 - cascade propagation
245,4,Refining_Entity,USA,2025-01-31,daily_state,ndc_balance,253.71,260.96,243.4,94.6,1.5986,index,simulated,Synthetic Generator - Shock,,Supply shock at Phase 2 on day 40 - cascade propagation
246,5,Bar Casting & Assay_Entity,USA,2025-01-31,daily_state,ndc_balance,228.23,228.36,228.03,99.88,9.9827,index,simulated,Synthetic Generator - Shock,,Supply shock at Phase 2 on day 40 - cascade propagation
247,6,Logistics & Vaulting_Entity,USA,2025-01-31,daily_state,ndc_balance,268.2,254.59,236.09,90.35,0.5125,index,simulated,Synthetic Generator - Shock,,Supply shock at Phase 2 on day 40 - cascade propagation
248,7,Exchange Registration_Entity,USA,2025-01-31,daily_state,ndc_balance,240.74,266.64,208.63,82.34,0.1469,index,simulated,Synthetic Generator - Shock,,Supply shock at Phase 2 on day 40 - cascade propagation
249,0,Geological Prospecting_Entity,USA,2025-02-01,daily_state,ndc_balance,268.1,249.84,225.86,87.27,0.2913,index,simulated,Synthetic Generator - Shock,,Supply shock at Phase 2 on day 40 - cascade propagation
250,1,Mine Extraction_Entity,USA,2025-02-01,daily_state,ndc_balance,236.5,237.56,234.92,99.11,8.9893,index,simulated,Synthetic Generator - Shock,,Supply shock at Phase 2 on day 40 - cascade propagation
251,2,Ore Processing_Entity,USA,2025-02-01,daily_state,ndc_balance,254.3,241.61,224.32,90.5,0.5846,index,simulated,Synthetic Generator - Shock,,Supply shock at Phase 2 on day 40 - cascade propagation
252,3,Doré Production_Entity,USA,2025-02-01,daily_state,ndc_balance,264.08,217.46,168.36,70.25,0.0458,index,simulated,Synthetic Generator - Shock,,Supply shock at Phase 2 on day 40 - cascade propagation
253,4,Refining_Entity,USA,2025-02-01,daily_state,ndc_balance,227.59,248.26,201.24,84.66,0.2287,index,simulated,Synthetic Generator - Shock,,Supply shock at Phase 2 on day 40 - cascade propagation
254,5,Bar Casting & Assay_Entity,USA,2025-02-01,daily_state,ndc_balance,242.63,233.71,221.26,92.92,1.1179,index,simulated,Synthetic Generator - Shock,,Supply shock at Phase 2 on day 40 - cascade propagation
255,6,Logistics & Vaulting_Entity,USA,2025-02-01,daily_state,ndc_balance,223.48,245.35,195.92,83.67,0.2047,index,simulated,Synthetic Generator - Shock,,Supply shock at Phase 2 on day 40 - cascade propagation
256,7,Exchange Registration_Entity,USA,2025-02-01,daily_state,ndc_balance,249.21,256.76,238.5,94.29,1.4912,index,simulated,Synthetic Generator - Shock,,Supply shock at Phase 2 on day 40 - cascade propagation
257,0,Geological Prospecting_Entity,USA,2025-02-02,daily_state,ndc_balance,251.03,242.61,230.77,93.51,1.236,index,simulated,Synthetic Generator - Shock,,Supply shock at Phase 2 on day 40 - cascade propagation
258,1,Mine Extraction_Entity,USA,2025-02-02,daily_state,ndc_balance,267.66,221.38,172.25,70.76,0.0465,index,simulated,Synthetic Generator - Shock,,Supply shock at Phase 2 on day 40 - cascade propagation
259,2,Ore Processing_Entity,USA,2025-02-02,daily_state,ndc_balance,258.05,214.92,168.59,71.59,0.0535,index,simulated,Synthetic Generator - Shock,,Supply shock at Phase 2 on day 40 - cascade propagation
260,3,Doré Production_Entity,USA,2025-02-02,daily_state,ndc_balance,237.42,223.17,204.15,88.69,0.4692,index,simulated,Synthetic Generator - Shock,,Supply shock at Phase 2 on day 40 - cascade propagation
261,4,Refining_Entity,USA,2025-02-02,daily_state,ndc_balance,261.73,243.82,220.31,87.21,0.3024,index,simulated,Synthetic Generator - Shock,,Supply shock at Phase 2 on day 40 - cascade propagation
262,5,Bar Casting & Assay_Entity,USA,2025-02-02,daily_state,ndc_balance,249.8,225.08,194.54,82.04,0.161,index,simulated,Synthetic Generator - Shock,,Supply shock at Phase 2 on day 40 - cascade propagation
263,6,Logistics & Vaulting_Entity,USA,2025-02-02,daily_state,ndc_balance,245.5,231.26,212.16,89.04,0.4695,index,simulated,Synthetic Generator - Shock,,Supply shock at Phase 2 on day 40 - cascade propagation
264,7,Exchange Registration_Entity,USA,2025-02-02,daily_state,ndc_balance,255.75,227.16,192.74,79.96,0.1209,index,simulated,Synthetic Generator - Shock,,Supply shock at Phase 2 on day 40 - cascade propagation
265,0,Geological Prospecting_Entity,USA,2025-02-03,daily_state,ndc_balance,269.95,214.84,160.1,66.48,0.0328,index,simulated,Synthetic Generator - Shock,,Supply shock at Phase 2 on day 40 - cascade propagation
266,1,Mine Extraction_Entity,USA,2025-02-03,daily_state,ndc_balance,237.9,275.19,195.13,76.26,0.0714,index,simulated,Synthetic Generator - Shock,,Supply shock at Phase 2 on day 40 - cascade propagation
267,2,Ore Processing_Entity,USA,2025-02-03,daily_state,ndc_balance,243.47,221.33,193.54,83.37,0.1999,index,simulated,Synthetic Generator - Shock,,Supply shock at Phase 2 on day 40 - cascade propagation
268,3,Doré Production_Entity,USA,2025-02-03,daily_state,ndc_balance,253.29,236.44,214.24,87.55,0.3405,index,simulated,Synthetic Generator - Shock,,Supply shock at Phase 2 on day 40 - cascade propagation
269,4,Refining_Entity,USA,2025-02-03,daily_state,ndc_balance,237.46,225.27,208.72,90.24,0.6308,index,simulated,Synthetic Generator - Shock,,Supply shock at Phase 2 on day 40 - cascade propagation
270,5,Bar Casting & Assay_Entity,USA,2025-02-03,daily_state,ndc_balance,291.53,240.47,186.53,70.45,0.0382,index,simulated,Synthetic Generator - Shock,,Supply shock at Phase 2 on day 40 - cascade propagation
271,6,Logistics & Vaulting_Entity,USA,2025-02-03,daily_state,ndc_balance,221.12,271.89,168.78,68.83,0.0386,index,simulated,Synthetic Generator - Shock,,Supply shock at Phase 2 on day 40 - cascade propagation
272,7,Exchange Registration_Entity,USA,2025-02-03,daily_state,ndc_balance,259.17,231.2,197.27,80.59,0.1263,index,simulated,Synthetic Generator - Shock,,Supply shock at Phase 2 on day 40 - cascade propagation
273,0,Geological Prospecting_Entity,USA,2025-02-04,daily_state,ndc_balance,236.0,257.12,209.02,84.85,0.2193,index,simulated,Synthetic Generator - Shock,,Supply shock at Phase 2 on day 40 - cascade propagation
274,1,Mine Extraction_Entity,USA,2025-02-04,daily_state,ndc_balance,246.3,210.33,169.96,74.67,0.0767,index,simulated,Synthetic Generator - Shock,,Supply shock at Phase 2 on day 40 - cascade propagation
275,2,Ore Processing_Entity,USA,2025-02-04,daily_state,ndc_balance,276.81,237.19,192.45,75.11,0.0633,index,simulated,Synthetic Generator - Shock,,Supply shock at Phase 2 on day 40 - cascade propagation
276,3,Doré Production_Entity,USA,2025-02-04,daily_state,ndc_balance,272.43,268.01,261.58,96.81,3.3839,index,simulated,Synthetic Generator - Shock,,Supply shock at Phase 2 on day 40 - cascade propagation
277,4,Refining_Entity,USA,2025-02-04,daily_state,ndc_balance,234.98,263.6,200.31,80.49,0.1207,index,simulated,Synthetic Generator - Shock,,Supply shock at Phase 2 on day 40 - cascade propagation
278,5,Bar Casting & Assay_Entity,USA,2025-02-04,daily_state,ndc_balance,240.23,211.4,177.27,78.66,0.1189,index,simulated,Synthetic Generator - Shock,,Supply shock at Phase 2 on day 40 - cascade propagation
279,6,Logistics & Vaulting_Entity,USA,2025-02-04,daily_state,ndc_balance,243.63,252.16,231.65,93.46,1.2092,index,simulated,Synthetic Generator - Shock,,Supply shock at Phase 2 on day 40 - cascade propagation
280,7,Exchange Registration_Entity,USA,2025-02-04,daily_state,ndc_balance,243.06,239.47,234.24,97.09,4.3748,index,simulated,Synthetic Generator - Shock,,Supply shock at Phase 2 on day 40 - cascade propagation
281,0,Geological Prospecting_Entity,USA,2025-02-05,daily_state,ndc_balance,267.15,246.92,220.73,85.94,0.2384,index,simulated,Synthetic Generator - Shock,,Supply shock at Phase 2 on day 40 - cascade propagation
282,1,Mine Extraction_Entity,USA,2025-02-05,daily_state,ndc_balance,237.35,257.64,211.26,85.43,0.2372,index,simulated,Synthetic Generator - Shock,,Supply shock at Phase 2 on day 40 - cascade propagation
283,2,Ore Processing_Entity,USA,2025-02-05,daily_state,ndc_balance,252.97,199.61,147.38,65.58,0.035,index,simulated,Synthetic Generator - Shock,,Supply shock at Phase 2 on day 40 - cascade propagation
284,3,Doré Production_Entity,USA,2025-02-05,daily_state,ndc_balance,256.43,252.05,245.71,96.65,3.4343,index,simulated,Synthetic Generator - Shock,,Supply shock at Phase 2 on day 40 - cascade propagation
285,4,Refining_Entity,USA,2025-02-05,daily_state,ndc_balance,250.3,261.05,235.41,92.09,0.7966,index,simulated,Synthetic Generator - Shock,,Supply shock at Phase 2 on day 40 - cascade propagation
286,5,Bar Casting & Assay_Entity,USA,2025-02-05,daily_state,ndc_balance,239.91,251.06,224.58,91.51,0.7454,index,simulated,Synthetic Generator - Shock,,Supply shock at Phase 2 on day 40 - cascade propagation
287,6,Logistics & Vaulting_Entity,USA,2025-02-05,daily_state,ndc_balance,226.5,252.33,194.8,81.49,0.1476,index,simulated,Synthetic Generator - Shock,,Supply shock at Phase 2 on day 40 - cascade propagation
288,7,Exchange Registration_Entity,USA,2025-02-05,daily_state,ndc_balance,279.3,227.09,173.29,68.81,0.0366,index,simulated,Synthetic Generator - Shock,,Supply shock at Phase 2 on day 40 - cascade propagation
289,0,Geological Prospecting_Entity,USA,2025-02-06,daily_state,ndc_balance,238.6,232.22,223.13,94.79,1.9706,index,simulated,Synthetic Generator - Shock,,Supply shock at Phase 2 on day 40 - cascade propagation
290,1,Mine Extraction_Entity,USA,2025-02-06,daily_state,ndc_balance,251.95,225.87,193.93,81.3,0.1448,index,simulated,Synthetic Generator - Shock,,Supply shock at Phase 2 on day 40 - cascade propagation
291,2,Ore Processing_Entity,USA,2025-02-06,daily_state,ndc_balance,256.32,260.24,250.6,97.03,3.9369,index,simulated,Synthetic Generator - Shock,,Supply shock at Phase 2 on day 40 - cascade propagation
292,3,Doré Production_Entity,USA,2025-02-06,daily_state,ndc_balance,258.02,213.17,165.66,70.64,0.0495,index,simulated,Synthetic Generator - Shock,,Supply shock at Phase 2 on day 40 - cascade propagation
293,4,Refining_Entity,USA,2025-02-06,daily_state,ndc_balance,264.93,261.87,257.39,97.72,5.1727,index,simulated,Synthetic Generator - Shock,,Supply shock at Phase 2 on day 40 - cascade propagation
294,5,Bar Casting & Assay_Entity,USA,2025-02-06,daily_state,ndc_balance,262.45,251.71,236.83,92.14,0.7976,index,simulated,Synthetic Generator - Shock,,Supply shock at Phase 2 on day 40 - cascade propagation
295,6,Logistics & Vaulting_Entity,USA,2025-02-06,daily_state,ndc_balance,253.3,263.58,239.0,92.5,0.8644,index,simulated,Synthetic Generator - Shock,,Supply shock at Phase 2 on day 40 - cascade propagation
296,7,Exchange Registration_Entity,USA,2025-02-06,daily_state,ndc_balance,278.85,227.85,174.83,69.36,0.0383,index,simulated,Synthetic Generator - Shock,,Supply shock at Phase 2 on day 40 - cascade propagation
297,0,Geological Prospecting_Entity,USA,2025-02-07,daily_state,ndc_balance,266.17,243.45,214.6,84.3,0.19,index,simulated,Synthetic Generator - Shock,,Supply shock at Phase 2 on day 40 - cascade propagation
298,1,Mine Extraction_Entity,USA,2025-02-07,daily_state,ndc_balance,248.05,217.34,181.26,78.07,0.1049,index,simulated,Synthetic Generator - Shock,,Supply shock at Phase 2 on day 40 - cascade propagation
299,2,Ore Processing_Entity,USA,2025-02-07,daily_state,ndc_balance,245.73,227.05,202.89,85.9,0.2786,index,simulated,Synthetic Generator - Shock,,Supply shock at Phase 2 on day 40 - cascade propagation
300,3,Doré Production_Entity,USA,2025-02-07,daily_state,ndc_balance,243.04,225.23,202.07,86.37,0.3056,index,simulated,Synthetic Generator - Shock,,Supply shock at Phase 2 on day 40 - cascade propagation
301,4,Refining_Entity,USA,2025-02-07,daily_state,ndc_balance,243.27,237.69,229.69,95.52,2.4333,index,simulated,Synthetic Generator - Shock,,Supply shock at Phase 2 on day 40 - cascade propagation
302,5,Bar Casting & Assay_Entity,USA,2025-02-07,daily_state,ndc_balance,251.45,215.93,175.67,75.39,0.0787,index,simulated,Synthetic Generator - Shock,,Supply shock at Phase 2 on day 40 - cascade propagation
303,6,Logistics & Vaulting_Entity,USA,2025-02-07,daily_state,ndc_balance,228.32,251.51,199.27,83.16,0.1824,index,simulated,Synthetic Generator - Shock,,Supply shock at Phase 2 on day 40 - cascade propagation
304,7,Exchange Registration_Entity,USA,2025-02-07,daily_state,ndc_balance,238.04,264.34,205.58,81.95,0.1425,index,simulated,Synthetic Generator - Shock,,Supply shock at Phase 2 on day 40 - cascade propagation
305,0,Geological Prospecting_Entity,USA,2025-02-08,daily_state,ndc_balance,253.38,255.92,249.64,98.03,6.0734,index,simulated,Synthetic Generator - Shock,,Supply shock at Phase 2 on day 40 - cascade propagation
306,1,Mine Extraction_Entity,USA,2025-02-08,daily_state,ndc_balance,271.16,239.43,201.62,79.13,0.0983,index,simulated,Synthetic Generator - Shock,,Supply shock at Phase 2 on day 40 - cascade propagation
307,2,Ore Processing_Entity,USA,2025-02-08,daily_state,ndc_balance,241.38,260.69,216.31,86.23,0.2612,index,simulated,Synthetic Generator - Shock,,Supply shock at Phase 2 on day 40 - cascade propagation
308,3,Doré Production_Entity,USA,2025-02-08,daily_state,ndc_balance,257.64,241.63,220.34,88.31,0.3753,index,simulated,Synthetic Generator - Shock,,Supply shock at Phase 2 on day 40 - cascade propagation
309,4,Refining_Entity,USA,2025-02-08,daily_state,ndc_balance,270.87,241.18,205.28,80.31,0.1122,index,simulated,Synthetic Generator - Shock,,Supply shock at Phase 2 on day 40 - cascade propagation
310,5,Bar Casting & Assay_Entity,USA,2025-02-08,daily_state,ndc_balance,250.49,245.38,238.01,96.0,2.7695,index,simulated,Synthetic Generator - Shock,,Supply shock at Phase 2 on day 40 - cascade propagation
311,6,Logistics & Vaulting_Entity,USA,2025-02-08,daily_state,ndc_balance,235.98,246.4,221.58,91.89,0.844,index,simulated,Synthetic Generator - Shock,,Supply shock at Phase 2 on day 40 - cascade propagation
312,7,Exchange Registration_Entity,USA,2025-02-08,daily_state,ndc_balance,270.95,253.01,229.35,87.6,0.3013,index,simulated,Synthetic Generator - Shock,,Supply shock at Phase 2 on day 40 - cascade propagation
313,0,Geological Prospecting_Entity,USA,2025-02-09,daily_state,ndc_balance,250.47,242.09,230.31,93.53,1.2471,index,simulated,Synthetic Generator - Shock,,Supply shock at Phase 2 on day 40 - cascade propagation
314,1,Mine Extraction_Entity,USA,2025-02-09,daily_state,ndc_balance,254.96,258.5,249.8,97.3,4.4483,index,simulated,Synthetic Generator - Shock,,Supply shock at Phase 2 on day 40 - cascade propagation
315,2,Ore Processing_Entity,USA,2025-02-09,daily_state,ndc_balance,259.14,239.03,213.1,85.62,0.2413,index,simulated,Synthetic Generator - Shock,,Supply shock at Phase 2 on day 40 - cascade propagation
316,3,Doré Production_Entity,USA,2025-02-09,daily_state,ndc_balance,254.87,253.64,251.81,99.04,8.6807,index,simulated,Synthetic Generator - Shock,,Supply shock at Phase 2 on day 40 - cascade propagation
317,4,Refining_Entity,USA,2025-02-09,daily_state,ndc_balance,234.89,248.03,217.11,89.95,0.5478,index,simulated,Synthetic Generator - Shock,,Supply shock at Phase 2 on day 40 - cascade propagation
318,5,Bar Casting & Assay_Entity,USA,2025-02-09,daily_state,ndc_balance,217.58,253.69,176.74,75.23,0.0761,index,simulated,Synthetic Generator - Shock,,Supply shock at Phase 2 on day 40 - cascade propagation
319,6,Logistics & Vaulting_Entity,USA,2025-02-09,daily_state,ndc_balance,259.91,258.46,256.3,98.89,8.2641,index,simulated,Synthetic Generator - Shock,,Supply shock at Phase 2 on day 40 - cascade propagation
320,7,Exchange Registration_Entity,USA,2025-02-09,daily_state,ndc_balance,244.07,250.56,234.82,94.95,1.9193,index,simulated,Synthetic Generator - Shock,,Supply shock at Phase 2 on day 40 - cascade propagation
321,0,Geological Prospecting_Entity,USA,2025-02-10,daily_state,ndc_balance,271.36,270.45,269.09,99.33,9.233,index,simulated,Synthetic Generator - Shock,,Supply shock at Phase 2 on day 40 - cascade propagation
322,1,Mine Extraction_Entity,USA,2025-02-10,daily_state,ndc_balance,249.56,247.51,244.47,98.37,7.0316,index,simulated,Synthetic Generator - Shock,,Supply shock at Phase 2 on day 40 - cascade propagation
323,2,Ore Processing_Entity,USA,2025-02-10,daily_state,ndc_balance,266.66,119.98,59.53,33.28,0.0046,index,simulated,Synthetic Generator - Shock,,Supply shock at Phase 2 on day 40 - cascade propagation
324,3,Doré Production_Entity,USA,2025-02-10,daily_state,ndc_balance,245.15,269.04,215.04,83.73,0.1722,index,simulated,Synthetic Generator - Shock,,Supply shock at Phase 2 on day 40 - cascade propagation
325,4,Refining_Entity,USA,2025-02-10,daily_state,ndc_balance,264.63,251.65,233.94,90.65,0.5602,index,simulated,Synthetic Generator - Shock,,Supply shock at Phase 2 on day 40 - cascade propagation
326,5,Bar Casting & Assay_Entity,USA,2025-02-10,daily_state,ndc_balance,227.41,244.1,205.5,87.22,0.3466,index,simulated,Synthetic Generator - Shock,,Supply shock at Phase 2 on day 40 - cascade propagation
327,6,Logistics & Vaulting_Entity,USA,2025-02-10,daily_state,ndc_balance,241.15,250.96,227.51,92.48,0.9417,index,simulated,Synthetic Generator - Shock,,Supply shock at Phase 2 on day 40 - cascade propagation
328,7,Exchange Registration_Entity,USA,2025-02-10,daily_state,ndc_balance,237.86,226.54,211.05,90.92,0.7236,index,simulated,Synthetic Generator - Shock,,Supply shock at Phase 2 on day 40 - cascade propagation
329,0,Geological Prospecting_Entity,USA,2025-02-11,daily_state,ndc_balance,219.69,266.49,170.3,70.38,0.0455,index,simulated,Synthetic Generator - Shock,,Supply shock at Phase 2 on day 40 - cascade propagation
330,1,Mine Extraction_Entity,USA,2025-02-11,daily_state,ndc_balance,244.67,247.33,240.76,97.87,5.859,index,simulated,Synthetic Generator - Shock,,Supply shock at Phase 2 on day 40 - cascade propagation
331,2,Ore Processing_Entity,USA,2025-02-11,daily_state,ndc_balance,249.97,128.65,67.94,37.88,0.0068,index,simulated,Synthetic Generator - Shock,,Supply shock at Phase 2 on day 40 - cascade propagation
332,3,Doré Production_Entity,USA,2025-02-11,daily_state,ndc_balance,235.11,223.57,207.83,90.65,0.6981,index,simulated,Synthetic Generator - Shock,,Supply shock at Phase 2 on day 40 - cascade propagation
333,4,Refining_Entity,USA,2025-02-11,daily_state,ndc_balance,243.15,248.27,235.78,95.96,2.7667,index,simulated,Synthetic Generator - Shock,,Supply shock at Phase 2 on day 40 - cascade propagation
334,5,Bar Casting & Assay_Entity,USA,2025-02-11,daily_state,ndc_balance,242.06,273.1,204.84,79.67,0.1027,index,simulated,Synthetic Generator - Shock,,Supply shock at Phase 2 on day 40 - cascade propagation
335,6,Logistics & Vaulting_Entity,USA,2025-02-11,daily_state,ndc_balance,269.41,256.22,238.22,90.67,0.5435,index,simulated,Synthetic Generator - Shock,,Supply shock at Phase 2 on day 40 - cascade propagation
336,7,Exchange Registration_Entity,USA,2025-02-11,daily_state,ndc_balance,252.21,268.92,229.98,88.31,0.3454,index,simulated,Synthetic Generator - Shock,,Supply shock at Phase 2 on day 40 - cascade propagation
337,0,Geological Prospecting_Entity,USA,2025-02-12,daily_state,ndc_balance,248.06,243.44,236.74,96.34,3.1848,index,simulated,Synthetic Generator - Shock,,Supply shock at Phase 2 on day 40 - cascade propagation
338,1,Mine Extraction_Entity,USA,2025-02-12,daily_state,ndc_balance,253.88,256.63,249.84,97.88,5.6942,index,simulated,Synthetic Generator - Shock,,Supply shock at Phase 2 on day 40 - cascade propagation
339,2,Ore Processing_Entity,USA,2025-02-12,daily_state,ndc_balance,259.55,140.5,76.3,39.96,0.0071,index,simulated,Synthetic Generator - Shock,,Supply shock at Phase 2 on day 40 - cascade propagation
340,3,Doré Production_Entity,USA,2025-02-12,daily_state,ndc_balance,250.01,249.85,249.62,99.88,9.9765,index,simulated,Synthetic Generator - Shock,,Supply shock at Phase 2 on day 40 - cascade propagation
341,4,Refining_Entity,USA,2025-02-12,daily_state,ndc_balance,268.73,231.25,188.61,75.66,0.0707,index,simulated,Synthetic Generator - Shock,,Supply shock at Phase 2 on day 40 - cascade propagation
342,5,Bar Casting & Assay_Entity,USA,2025-02-12,daily_state,ndc_balance,234.19,234.6,233.58,99.65,9.8351,index,simulated,Synthetic Generator - Shock,,Supply shock at Phase 2 on day 40 - cascade propagation
343,6,Logistics & Vaulting_Entity,USA,2025-02-12,daily_state,ndc_balance,267.35,270.83,262.26,97.46,4.5257,index,simulated,Synthetic Generator - Shock,,Supply shock at Phase 2 on day 40 - cascade propagation
344,7,Exchange Registration_Entity,USA,2025-02-12,daily_state,ndc_balance,240.03,230.66,217.61,92.49,1.0214,index,simulated,Synthetic Generator - Shock,,Supply shock at Phase 2 on day 40 - cascade propagation
345,0,Geological Prospecting_Entity,USA,2025-02-13,daily_state,ndc_balance,246.16,267.9,218.32,85.02,0.2071,index,simulated,Synthetic Generator - Shock,,Supply shock at Phase 2 on day 40 - cascade propagation
346,1,Mine Extraction_Entity,USA,2025-02-13,daily_state,ndc_balance,251.48,227.17,197.0,82.42,0.1664,index,simulated,Synthetic Generator - Shock,,Supply shock at Phase 2 on day 40 - cascade propagation
347,2,Ore Processing_Entity,USA,2025-02-13,daily_state,ndc_balance,258.38,141.91,77.73,40.59,0.0074,index,simulated,Synthetic Generator - Shock,,Supply shock at Phase 2 on day 40 - cascade propagation
348,3,Doré Production_Entity,USA,2025-02-13,daily_state,ndc_balance,243.63,218.93,188.56,81.64,0.1612,index,simulated,Synthetic Generator - Shock,,Supply shock at Phase 2 on day 40 - cascade propagation
349,4,Refining_Entity,USA,2025-02-13,daily_state,ndc_balance,288.01,241.92,191.66,72.61,0.0468,index,simulated,Synthetic Generator - Shock,,Supply shock at Phase 2 on day 40 - cascade propagation
350,5,Bar Casting & Assay_Entity,USA,2025-02-13,daily_state,ndc_balance,263.62,230.5,191.74,77.78,0.0904,index,simulated,Synthetic Generator - Shock,,Supply shock at Phase 2 on day 40 - cascade propagation
351,6,Logistics & Vaulting_Entity,USA,2025-02-13,daily_state,ndc_balance,266.38,240.04,207.5,82.06,0.1421,index,simulated,Synthetic Generator - Shock,,Supply shock at Phase 2 on day 40 - cascade propagation
352,7,Exchange Registration_Entity,USA,2025-02-13,daily_state,ndc_balance,266.38,237.07,201.65,80.24,0.115,index,simulated,Synthetic Generator - Shock,,Supply shock at Phase 2 on day 40 - cascade propagation
353,0,Geological Prospecting_Entity,USA,2025-02-14,daily_state,ndc_balance,265.7,243.42,215.04,84.56,0.1974,index,simulated,Synthetic Generator - Shock,,Supply shock at Phase 2 on day 40 - cascade propagation
354,1,Mine Extraction_Entity,USA,2025-02-14,daily_state,ndc_balance,238.0,231.98,223.37,95.07,2.1619,index,simulated,Synthetic Generator - Shock,,Supply shock at Phase 2 on day 40 - cascade propagation
355,2,Ore Processing_Entity,USA,2025-02-14,daily_state,ndc_balance,220.31,190.54,156.35,76.31,0.1115,index,simulated,Synthetic Generator - Shock,,Supply shock at Phase 2 on day 40 - cascade propagation
356,3,Doré Production_Entity,USA,2025-02-14,daily_state,ndc_balance,278.94,216.73,157.39,64.01,0.0258,index,simulated,Synthetic Generator - Shock,,Supply shock at Phase 2 on day 40 - cascade propagation
357,4,Refining_Entity,USA,2025-02-14,daily_state,ndc_balance,261.77,220.2,174.76,72.79,0.0575,index,simulated,Synthetic Generator - Shock,,Supply shock at Phase 2 on day 40 - cascade propagation
358,5,Bar Casting & Assay_Entity,USA,2025-02-14,daily_state,ndc_balance,289.14,206.11,137.46,56.31,0.0145,index,simulated,Synthetic Generator - Shock,,Supply shock at Phase 2 on day 40 - cascade propagation
359,6,Logistics & Vaulting_Entity,USA,2025-02-14,daily_state,ndc_balance,267.72,229.71,186.69,75.28,0.0688,index,simulated,Synthetic Generator - Shock,,Supply shock at Phase 2 on day 40 - cascade propagation
360,7,Exchange Registration_Entity,USA,2025-02-14,daily_state,ndc_balance,278.4,229.79,178.38,70.53,0.0421,index,simulated,Synthetic Generator - Shock,,Supply shock at Phase 2 on day 40 - cascade propagation
361,0,Geological Prospecting_Entity,USA,2025-02-15,daily_state,ndc_balance,226.96,237.98,211.85,91.15,0.7608,index,simulated,Synthetic Generator - Shock,,Supply shock at Phase 2 on day 40 - cascade propagation
362,1,Mine Extraction_Entity,USA,2025-02-15,daily_state,ndc_balance,238.75,243.93,231.29,95.84,2.7138,index,simulated,Synthetic Generator - Shock,,Supply shock at Phase 2 on day 40 - cascade propagation
363,2,Ore Processing_Entity,USA,2025-02-15,daily_state,ndc_balance,271.51,115.21,55.93,31.62,0.0041,index,simulated,Synthetic Generator - Shock,,Supply shock at Phase 2 on day 40 - cascade propagation
364,3,Doré Production_Entity,USA,2025-02-15,daily_state,ndc_balance,258.0,218.38,174.61,73.56,0.0633,index,simulated,Synthetic Generator - Shock,,Supply shock at Phase 2 on day 40 - cascade propagation
365,4,Refining_Entity,USA,2025-02-15,daily_state,ndc_balance,264.28,241.66,212.95,84.27,0.1917,index,simulated,Synthetic Generator - Shock,,Supply shock at Phase 2 on day 40 - cascade propagation
366,5,Bar Casting & Assay_Entity,USA,2025-02-15,daily_state,ndc_balance,267.4,235.82,198.28,78.96,0.0993,index,simulated,Synthetic Generator - Shock,,Supply shock at Phase 2 on day 40 - cascade propagation
367,6,Logistics & Vaulting_Entity,USA,2025-02-15,daily_state,ndc_balance,260.61,232.47,198.33,80.58,0.1247,index,simulated,Synthetic Generator - Shock,,Supply shock at Phase 2 on day 40 - cascade propagation
368,7,Exchange Registration_Entity,USA,2025-02-15,daily_state,ndc_balance,281.67,215.15,153.51,62.36,0.0226,index,simulated,Synthetic Generator - Shock,,Supply shock at Phase 2 on day 40 - cascade propagation
369,0,Geological Prospecting_Entity,USA,2025-02-16,daily_state,ndc_balance,265.72,242.94,214.05,84.25,0.1891,index,simulated,Synthetic Generator - Shock,,Supply shock at Phase 2 on day 40 - cascade propagation
370,1,Mine Extraction_Entity,USA,2025-02-16,daily_state,ndc_balance,269.68,238.37,201.01,79.28,0.101,index,simulated,Synthetic Generator - Shock,,Supply shock at Phase 2 on day 40 - cascade propagation
371,2,Ore Processing_Entity,USA,2025-02-16,daily_state,ndc_balance,255.72,149.19,84.9,43.47,0.0088,index,simulated,Synthetic Generator - Shock,,Supply shock at Phase 2 on day 40 - cascade propagation
372,3,Doré Production_Entity,USA,2025-02-16,daily_state,ndc_balance,272.56,229.66,182.63,73.0,0.0541,index,simulated,Synthetic Generator - Shock,,Supply shock at Phase 2 on day 40 - cascade propagation
373,4,Refining_Entity,USA,2025-02-16,daily_state,ndc_balance,282.05,202.51,135.96,56.89,0.0158,index,simulated,Synthetic Generator - Shock,,Supply shock at Phase 2 on day 40 - cascade propagation
374,5,Bar Casting & Assay_Entity,USA,2025-02-16,daily_state,ndc_balance,295.5,191.53,117.7,49.47,0.0092,index,simulated,Synthetic Generator - Shock,,Supply shock at Phase 2 on day 40 - cascade propagation
375,6,Logistics & Vaulting_Entity,USA,2025-02-16,daily_state,ndc_balance,263.73,223.3,178.6,73.6,0.0608,index,simulated,Synthetic Generator - Shock,,Supply shock at Phase 2 on day 40 - cascade propagation
376,7,Exchange Registration_Entity,USA,2025-02-16,daily_state,ndc_balance,280.19,253.37,220.03,82.58,0.1372,index,simulated,Synthetic Generator - Shock,,Supply shock at Phase 2 on day 40 - cascade propagation
377,0,Geological Prospecting_Entity,USA,2025-02-17,daily_state,ndc_balance,226.79,232.36,218.82,95.32,2.4381,index,simulated,Synthetic Generator - Shock,,Supply shock at Phase 2 on day 40 - cascade propagation
378,1,Mine Extraction_Entity,USA,2025-02-17,daily_state,ndc_balance,222.76,242.07,197.98,85.26,0.2613,index,simulated,Synthetic Generator - Shock,,Supply shock at Phase 2 on day 40 - cascade propagation
379,2,Ore Processing_Entity,USA,2025-02-17,daily_state,ndc_balance,254.08,181.82,121.69,56.62,0.0191,index,simulated,Synthetic Generator - Shock,,Supply shock at Phase 2 on day 40 - cascade propagation
380,3,Doré Production_Entity,USA,2025-02-17,daily_state,ndc_balance,279.81,240.46,195.79,75.48,0.0642,index,simulated,Synthetic Generator - Shock,,Supply shock at Phase 2 on day 40 - cascade propagation
381,4,Refining_Entity,USA,2025-02-17,daily_state,ndc_balance,286.76,213.83,148.9,60.13,0.0188,index,simulated,Synthetic Generator - Shock,,Supply shock at Phase 2 on day 40 - cascade propagation
382,5,Bar Casting & Assay_Entity,USA,2025-02-17,daily_state,ndc_balance,256.87,226.62,190.64,79.02,0.1081,index,simulated,Synthetic Generator - Shock,,Supply shock at Phase 2 on day 40 - cascade propagation
383,6,Logistics & Vaulting_Entity,USA,2025-02-17,daily_state,ndc_balance,255.62,244.98,230.26,92.01,0.8119,index,simulated,Synthetic Generator - Shock,,Supply shock at Phase 2 on day 40 - cascade propagation
384,7,Exchange Registration_Entity,USA,2025-02-17,daily_state,ndc_balance,275.57,243.18,204.64,79.05,0.0944,index,simulated,Synthetic Generator - Shock,,Supply shock at Phase 2 on day 40 - cascade propagation
385,0,Geological Prospecting_Entity,USA,2025-02-18,daily_state,ndc_balance,248.13,245.84,242.46,98.17,6.5583,index,simulated,Synthetic Generator - Shock,,Supply shock at Phase 2 on day 40 - cascade propagation
386,1,Mine Extraction_Entity,USA,2025-02-18,daily_state,ndc_balance,258.47,240.19,216.29,86.81,0.2904,index,simulated,Synthetic Generator - Shock,,Supply shock at Phase 2 on day 40 - cascade propagation
387,2,Ore Processing_Entity,USA,2025-02-18,daily_state,ndc_balance,243.51,157.85,97.01,49.48,0.0136,index,simulated,Synthetic Generator - Shock,,Supply shock at Phase 2 on day 40 - cascade propagation
388,3,Doré Production_Entity,USA,2025-02-18,daily_state,ndc_balance,268.11,196.56,134.62,58.64,0.0195,index,simulated,Synthetic Generator - Shock,,Supply shock at Phase 2 on day 40 - cascade propagation
389,4,Refining_Entity,USA,2025-02-18,daily_state,ndc_balance,300.64,231.42,166.43,63.1,0.0208,index,simulated,Synthetic Generator - Shock,,Supply shock at Phase 2 on day 40 - cascade propagation
390,5,Bar Casting & Assay_Entity,USA,2025-02-18,daily_state,ndc_balance,282.99,248.31,207.46,78.26,0.0824,index,simulated,Synthetic Generator - Shock,,Supply shock at Phase 2 on day 40 - cascade propagation
391,6,Logistics & Vaulting_Entity,USA,2025-02-18,daily_state,ndc_balance,277.98,242.14,200.47,77.27,0.0772,index,simulated,Synthetic Generator - Shock,,Supply shock at Phase 2 on day 40 - cascade propagation
392,7,Exchange Registration_Entity,USA,2025-02-18,daily_state,ndc_balance,284.63,199.89,131.5,55.13,0.0139,index,simulated,Synthetic Generator - Shock,,Supply shock at Phase 2 on day 40 - cascade propagation
393,0,Geological Prospecting_Entity,USA,2025-02-19,daily_state,ndc_balance,283.72,258.33,226.37,83.61,0.1528,index,simulated,Synthetic Generator - Shock,,Supply shock at Phase 2 on day 40 - cascade propagation
394,1,Mine Extraction_Entity,USA,2025-02-19,daily_state,ndc_balance,254.18,253.59,252.7,99.53,9.6574,index,simulated,Synthetic Generator - Shock,,Supply shock at Phase 2 on day 40 - cascade propagation
395,2,Ore Processing_Entity,USA,2025-02-19,daily_state,ndc_balance,243.94,166.58,106.91,53.03,0.0167,index,simulated,Synthetic Generator - Shock,,Supply shock at Phase 2 on day 40 - cascade propagation
396,3,Doré Production_Entity,USA,2025-02-19,daily_state,ndc_balance,250.13,196.64,144.6,65.2,0.0348,index,simulated,Synthetic Generator - Shock,,Supply shock at Phase 2 on day 40 - cascade propagation
397,4,Refining_Entity,USA,2025-02-19,daily_state,ndc_balance,300.69,210.51,138.1,54.89,0.0123,index,simulated,Synthetic Generator - Shock,,Supply shock at Phase 2 on day 40 - cascade propagation
398,5,Bar Casting & Assay_Entity,USA,2025-02-19,daily_state,ndc_balance,289.11,190.76,118.93,50.64,0.0103,index,simulated,Synthetic Generator - Shock,,Supply shock at Phase 2 on day 40 - cascade propagation
399,6,Logistics & Vaulting_Entity,USA,2025-02-19,daily_state,ndc_balance,313.72,236.43,166.39,61.1,0.0167,index,simulated,Synthetic Generator - Shock,,Supply shock at Phase 2 on day 40 - cascade propagation
400,7,Exchange Registration_Entity,USA,2025-02-19,daily_state,ndc_balance,282.99,207.72,142.42,58.74,0.0176,index,simulated,Synthetic Generator - Shock,,Supply shock at Phase 2 on day 40 - cascade propagation
401,0,Geological Prospecting_Entity,USA,2025-02-20,daily_state,ndc_balance,271.44,276.18,264.56,96.63,3.0796,index,simulated,Synthetic Generator - Shock,,Supply shock at Phase 2 on day 40 - cascade propagation
402,1,Mine Extraction_Entity,USA,2025-02-20,daily_state,ndc_balance,270.31,279.59,257.24,93.57,1.0392,index,simulated,Synthetic Generator - Shock,,Supply shock at Phase 2 on day 40 - cascade propagation
403,2,Ore Processing_Entity,USA,2025-02-20,daily_state,ndc_balance,236.16,133.61,74.53,41.96,0.0095,index,simulated,Synthetic Generator - Shock,,Supply shock at Phase 2 on day 40 - cascade propagation
404,3,Doré Production_Entity,USA,2025-02-20,daily_state,ndc_balance,272.17,219.62,166.17,67.97,0.0361,index,simulated,Synthetic Generator - Shock,,Supply shock at Phase 2 on day 40 - cascade propagation
405,4,Refining_Entity,USA,2025-02-20,daily_state,ndc_balance,292.63,208.93,139.55,56.44,0.0143,index,simulated,Synthetic Generator - Shock,,Supply shock at Phase 2 on day 40 - cascade propagation
406,5,Bar Casting & Assay_Entity,USA,2025-02-20,daily_state,ndc_balance,302.14,233.85,169.14,63.63,0.0214,index,simulated,Synthetic Generator - Shock,,Supply shock at Phase 2 on day 40 - cascade propagation
407,6,Logistics & Vaulting_Entity,USA,2025-02-20,daily_state,ndc_balance,267.12,200.92,141.13,60.92,0.0228,index,simulated,Synthetic Generator - Shock,,Supply shock at Phase 2 on day 40 - cascade propagation
408,7,Exchange Registration_Entity,USA,2025-02-20,daily_state,ndc_balance,302.3,203.25,128.71,51.93,0.0102,index,simulated,Synthetic Generator - Shock,,Supply shock at Phase 2 on day 40 - cascade propagation
409,0,Geological Prospecting_Entity,USA,2025-02-21,daily_state,ndc_balance,244.03,258.83,224.15,89.19,0.4362,index,simulated,Synthetic Generator - Shock,,Supply shock at Phase 2 on day 40 - cascade propagation
410,1,Mine Extraction_Entity,USA,2025-02-21,daily_state,ndc_balance,236.66,235.07,232.72,98.67,7.9903,index,simulated,Synthetic Generator - Shock,,Supply shock at Phase 2 on day 40 - cascade propagation
411,2,Ore Processing_Entity,USA,2025-02-21,daily_state,ndc_balance,254.93,138.52,75.4,40.12,0.0074,index,simulated,Synthetic Generator - Shock,,Supply shock at Phase 2 on day 40 - cascade propagation
412,3,Doré Production_Entity,USA,2025-02-21,daily_state,ndc_balance,305.75,198.09,121.7,49.45,0.0086,index,simulated,Synthetic Generator - Shock,,Supply shock at Phase 2 on day 40 - cascade propagation
413,4,Refining_Entity,USA,2025-02-21,daily_state,ndc_balance,315.13,206.07,127.54,50.05,0.0084,index,simulated,Synthetic Generator - Shock,,Supply shock at Phase 2 on day 40 - cascade propagation
414,5,Bar Casting & Assay_Entity,USA,2025-02-21,daily_state,ndc_balance,304.07,221.76,151.12,58.19,0.0147,index,simulated,Synthetic Generator - Shock,,Supply shock at Phase 2 on day 40 - cascade propagation
415,6,Logistics & Vaulting_Entity,USA,2025-02-21,daily_state,ndc_balance,284.59,171.37,99.66,45.13,0.0078,index,simulated,Synthetic Generator - Shock,,Supply shock at Phase 2 on day 40 - cascade propagation
416,7,Exchange Registration_Entity,USA,2025-02-21,daily_state,ndc_balance,299.41,209.63,137.54,54.9,0.0124,index,simulated,Synthetic Generator - Shock,,Supply shock at Phase 2 on day 40 - cascade propagation
417,0,Geological Prospecting_Entity,USA,2025-02-22,daily_state,ndc_balance,264.34,236.42,202.39,80.96,0.1267,index,simulated,Synthetic Generator - Shock,,Supply shock at Phase 2 on day 40 - cascade propagation
418,1,Mine Extraction_Entity,USA,2025-02-22,daily_state,ndc_balance,249.54,276.65,215.99,82.2,0.1342,index,simulated,Synthetic Generator - Shock,,Supply shock at Phase 2 on day 40 - cascade propagation
419,2,Ore Processing_Entity,USA,2025-02-22,daily_state,ndc_balance,227.91,164.68,111.23,57.41,0.0249,index,simulated,Synthetic Generator - Shock,,Supply shock at Phase 2 on day 40 - cascade propagation
420,3,Doré Production_Entity,USA,2025-02-22,daily_state,ndc_balance,289.38,198.96,128.44,53.53,0.0122,index,simulated,Synthetic Generator - Shock,,Supply shock at Phase 2 on day 40 - cascade propagation
421,4,Refining_Entity,USA,2025-02-22,daily_state,ndc_balance,293.24,190.54,117.33,49.63,0.0095,index,simulated,Synthetic Generator - Shock,,Supply shock at Phase 2 on day 40 - cascade propagation
422,5,Bar Casting & Assay_Entity,USA,2025-02-22,daily_state,ndc_balance,306.57,230.03,161.18,60.69,0.017,index,simulated,Synthetic Generator - Shock,,Supply shock at Phase 2 on day 40 - cascade propagation
423,6,Logistics & Vaulting_Entity,USA,2025-02-22,daily_state,ndc_balance,305.05,206.86,131.96,52.53,0.0104,index,simulated,Synthetic Generator - Shock,,Supply shock at Phase 2 on day 40 - cascade propagation
424,7,Exchange Registration_Entity,USA,2025-02-22,daily_state,ndc_balance,283.2,214.3,151.44,61.47,0.021,index,simulated,Synthetic Generator - Shock,,Supply shock at Phase 2 on day 40 - cascade propagation
425,0,Geological Prospecting_Entity,USA,2025-02-23,daily_state,ndc_balance,288.35,233.65,177.61,68.43,0.0333,index,simulated,Synthetic Generator - Shock,,Supply shock at Phase 2 on day 40 - cascade propagation
426,1,Mine Extraction_Entity,USA,2025-02-23,daily_state,ndc_balance,250.36,230.4,204.77,85.26,0.2449,index,simulated,Synthetic Generator - Shock,,Supply shock at Phase 2 on day 40 - cascade propagation
427,2,Ore Processing_Entity,USA,2025-02-23,daily_state,ndc_balance,242.66,95.09,45.02,29.63,0.0046,index,simulated,Synthetic Generator - Shock,,Supply shock at Phase 2 on day 40 - cascade propagation
428,3,Doré Production_Entity,USA,2025-02-23,daily_state,ndc_balance,308.08,186.45,108.81,45.4,0.0068,index,simulated,Synthetic Generator - Shock,,Supply shock at Phase 2 on day 40 - cascade propagation
429,4,Refining_Entity,USA,2025-02-23,daily_state,ndc_balance,277.85,215.22,155.81,63.71,0.0254,index,simulated,Synthetic Generator - Shock,,Supply shock at Phase 2 on day 40 - cascade propagation
430,5,Bar Casting & Assay_Entity,USA,2025-02-23,daily_state,ndc_balance,285.77,195.57,125.75,53.19,0.0123,index,simulated,Synthetic Generator - Shock,,Supply shock at Phase 2 on day 40 - cascade propagation
431,6,Logistics & Vaulting_Entity,USA,2025-02-23,daily_state,ndc_balance,324.0,176.3,96.04,40.18,0.0046,index,simulated,Synthetic Generator - Shock,,Supply shock at Phase 2 on day 40 - cascade propagation
432,7,Exchange Registration_Entity,USA,2025-02-23,daily_state,ndc_balance,279.01,206.51,142.76,59.47,0.019,index,simulated,Synthetic Generator - Shock,,Supply shock at Phase 2 on day 40 - cascade propagation
433,0,Geological Prospecting_Entity,USA,2025-02-24,daily_state,ndc_balance,273.24,212.16,153.97,63.95,0.0267,index,simulated,Synthetic Generator - Shock,,Supply shock at Phase 2 on day 40 - cascade propagation
434,1,Mine Extraction_Entity,USA,2025-02-24,daily_state,ndc_balance,262.12,250.96,235.54,91.84,0.7436,index,simulated,Synthetic Generator - Shock,,Supply shock at Phase 2 on day 40 - cascade propagation
435,2,Ore Processing_Entity,USA,2025-02-24,daily_state,ndc_balance,219.11,165.97,117.4,61.57,0.0353,index,simulated,Synthetic Generator - Shock,,Supply shock at Phase 2 on day 40 - cascade propagation
436,3,Doré Production_Entity,USA,2025-02-24,daily_state,ndc_balance,319.15,192.72,112.3,45.28,0.0063,index,simulated,Synthetic Generator - Shock,,Supply shock at Phase 2 on day 40 - cascade propagation
437,4,Refining_Entity,USA,2025-02-24,daily_state,ndc_balance,324.79,218.79,138.78,52.06,0.0089,index,simulated,Synthetic Generator - Shock,,Supply shock at Phase 2 on day 40 - cascade propagation
438,5,Bar Casting & Assay_Entity,USA,2025-02-24,daily_state,ndc_balance,307.55,190.21,112.76,46.62,0.0073,index,simulated,Synthetic Generator - Shock,,Supply shock at Phase 2 on day 40 - cascade propagation
439,6,Logistics & Vaulting_Entity,USA,2025-02-24,daily_state,ndc_balance,291.41,197.66,126.12,52.55,0.0114,index,simulated,Synthetic Generator - Shock,,Supply shock at Phase 2 on day 40 - cascade propagation
440,7,Exchange Registration_Entity,USA,2025-02-24,daily_state,ndc_balance,314.55,192.5,113.25,46.02,0.0067,index,simulated,Synthetic Generator - Shock,,Supply shock at Phase 2 on day 40 - cascade propagation
441,0,Geological Prospecting_Entity,USA,2025-02-25,daily_state,ndc_balance,223.04,263.34,178.45,73.63,0.0612,index,simulated,Synthetic Generator - Shock,,Supply shock at Phase 2 on day 40 - cascade propagation
442,1,Mine Extraction_Entity,USA,2025-02-25,daily_state,ndc_balance,258.85,233.67,202.45,82.32,0.1552,index,simulated,Synthetic Generator - Shock,,Supply shock at Phase 2 on day 40 - cascade propagation
443,2,Ore Processing_Entity,USA,2025-02-25,daily_state,ndc_balance,262.86,180.49,116.39,53.44,0.0147,index,simulated,Synthetic Generator - Shock,,Supply shock at Phase 2 on day 40 - cascade propagation
444,3,Doré Production_Entity,USA,2025-02-25,daily_state,ndc_balance,267.97,202.82,143.35,61.49,0.0235,index,simulated,Synthetic Generator - Shock,,Supply shock at Phase 2 on day 40 - cascade propagation
445,4,Refining_Entity,USA,2025-02-25,daily_state,ndc_balance,288.6,203.98,134.98,55.63,0.0139,index,simulated,Synthetic Generator - Shock,,Supply shock at Phase 2 on day 40 - cascade propagation
446,5,Bar Casting & Assay_Entity,USA,2025-02-25,daily_state,ndc_balance,311.92,206.44,129.03,50.85,0.009,index,simulated,Synthetic Generator - Shock,,Supply shock at Phase 2 on day 40 - cascade propagation
447,6,Logistics & Vaulting_Entity,USA,2025-02-25,daily_state,ndc_balance,302.51,161.28,86.83,39.31,0.005,index,simulated,Synthetic Generator - Shock,,Supply shock at Phase 2 on day 40 - cascade propagation
448,7,Exchange Registration_Entity,USA,2025-02-25,daily_state,ndc_balance,303.24,202.32,127.31,51.4,0.0098,index,simulated,Synthetic Generator - Shock,,Supply shock at Phase 2 on day 40 - cascade propagation
449,0,Geological Prospecting_Entity,USA,2025-02-26,daily_state,ndc_balance,271.23,219.41,166.47,68.24,0.0371,index,simulated,Synthetic Generator - Shock,,Supply shock at Phase 2 on day 40 - cascade propagation
450,1,Mine Extraction_Entity,USA,2025-02-26,daily_state,ndc_balance,271.41,228.84,182.11,73.08,0.0549,index,simulated,Synthetic Generator - Shock,,Supply shock at Phase 2 on day 40 - cascade propagation
451,2,Ore Processing_Entity,USA,2025-02-26,daily_state,ndc_balance,255.44,139.8,76.42,40.44,0.0075,index,simulated,Synthetic Generator - Shock,,Supply shock at Phase 2 on day 40 - cascade propagation
452,3,Doré Production_Entity,USA,2025-02-26,daily_state,ndc_balance,312.73,211.05,134.08,52.19,0.0097,index,simulated,Synthetic Generator - Shock,,Supply shock at Phase 2 on day 40 - cascade propagation
453,4,Refining_Entity,USA,2025-02-26,daily_state,ndc_balance,291.59,182.76,109.43,47.4,0.0084,index,simulated,Synthetic Generator - Shock,,Supply shock at Phase 2 on day 40 - cascade propagation
454,5,Bar Casting & Assay_Entity,USA,2025-02-26,daily_state,ndc_balance,312.77,238.23,169.47,62.08,0.018,index,simulated,Synthetic Generator - Shock,,Supply shock at Phase 2 on day 40 - cascade propagation
455,6,Logistics & Vaulting_Entity,USA,2025-02-26,daily_state,ndc_balance,297.05,231.72,169.0,64.41,0.0234,index,simulated,Synthetic Generator - Shock,,Supply shock at Phase 2 on day 40 - cascade propagation
456,7,Exchange Registration_Entity,USA,2025-02-26,daily_state,ndc_balance,340.07,193.25,108.1,42.17,0.0046,index,simulated,Synthetic Generator - Shock,,Supply shock at Phase 2 on day 40 - cascade propagation
457,0,Geological Prospecting_Entity,USA,2025-02-27,daily_state,ndc_balance,251.53,228.04,198.7,82.97,0.1781,index,simulated,Synthetic Generator - Shock,,Supply shock at Phase 2 on day 40 - cascade propagation
458,1,Mine Extraction_Entity,USA,2025-02-27,daily_state,ndc_balance,254.98,215.18,171.43,73.19,0.0627,index,simulated,Synthetic Generator - Shock,,Supply shock at Phase 2 on day 40 - cascade propagation
459,2,Ore Processing_Entity,USA,2025-02-27,daily_state,ndc_balance,248.86,179.94,121.61,57.47,0.021,index,simulated,Synthetic Generator - Shock,,Supply shock at Phase 2 on day 40 - cascade propagation
460,3,Doré Production_Entity,USA,2025-02-27,daily_state,ndc_balance,300.83,190.67,115.14,48.07,0.0082,index,simulated,Synthetic Generator - Shock,,Supply shock at Phase 2 on day 40 - cascade propagation
461,4,Refining_Entity,USA,2025-02-27,daily_state,ndc_balance,284.48,201.73,133.89,55.89,0.0146,index,simulated,Synthetic Generator - Shock,,Supply shock at Phase 2 on day 40 - cascade propagation
462,5,Bar Casting & Assay_Entity,USA,2025-02-27,daily_state,ndc_balance,313.97,196.15,117.16,47.21,0.0072,index,simulated,Synthetic Generator - Shock,,Supply shock at Phase 2 on day 40 - cascade propagation
463,6,Logistics & Vaulting_Entity,USA,2025-02-27,daily_state,ndc_balance,306.75,189.73,112.49,46.63,0.0073,index,simulated,Synthetic Generator - Shock,,Supply shock at Phase 2 on day 40 - cascade propagation
464,7,Exchange Registration_Entity,USA,2025-02-27,daily_state,ndc_balance,317.53,194.48,114.48,46.07,0.0066,index,simulated,Synthetic Generator - Shock,,Supply shock at Phase 2 on day 40 - cascade propagation
465,0,Geological Prospecting_Entity,USA,2025-02-28,daily_state,ndc_balance,260.72,244.37,222.65,88.21,0.3604,index,simulated,Synthetic Generator - Shock,,Supply shock at Phase 2 on day 40 - cascade propagation
466,1,Mine Extraction_Entity,USA,2025-02-28,daily_state,ndc_balance,272.85,252.69,226.5,86.26,0.24,index,simulated,Synthetic Generator - Shock,,Supply shock at Phase 2 on day 40 - cascade propagation
467,2,Ore Processing_Entity,USA,2025-02-28,daily_state,ndc_balance,252.89,180.37,120.35,56.35,0.019,index,simulated,Synthetic Generator - Shock,,Supply shock at Phase 2 on day 40 - cascade propagation
468,3,Doré Production_Entity,USA,2025-02-28,daily_state,ndc_balance,316.3,218.49,141.63,53.88,0.0104,index,simulated,Synthetic Generator - Shock,,Supply shock at Phase 2 on day 40 - cascade propagation
469,4,Refining_Entity,USA,2025-02-28,daily_state,ndc_balance,319.1,161.85,84.81,37.32,0.004,index,simulated,Synthetic Generator - Shock,,Supply shock at Phase 2 on day 40 - cascade propagation
470,5,Bar Casting & Assay_Entity,USA,2025-02-28,daily_state,ndc_balance,329.57,197.43,114.4,44.85,0.0057,index,simulated,Synthetic Generator - Shock,,Supply shock at Phase 2 on day 40 - cascade propagation
471,6,Logistics & Vaulting_Entity,USA,2025-02-28,daily_state,ndc_balance,309.22,200.06,122.77,49.36,0.0084,index,simulated,Synthetic Generator - Shock,,Supply shock at Phase 2 on day 40 - cascade propagation
472,7,Exchange Registration_Entity,USA,2025-02-28,daily_state,ndc_balance,304.83,199.09,123.1,49.97,0.0089,index,simulated,Synthetic Generator - Shock,,Supply shock at Phase 2 on day 40 - cascade propagation
473,0,Geological Prospecting_Entity,USA,2025-03-01,daily_state,ndc_balance,247.12,263.44,225.42,88.35,0.3621,index,simulated,Synthetic Generator - Shock,,Supply shock at Phase 2 on day 40 - cascade propagation
474,1,Mine Extraction_Entity,USA,2025-03-01,daily_state,ndc_balance,254.3,233.61,207.14,84.99,0.2284,index,simulated,Synthetic Generator - Shock,,Supply shock at Phase 2 on day 40 - cascade propagation
475,2,Ore Processing_Entity,USA,2025-03-01,daily_state,ndc_balance,236.13,155.38,96.65,50.46,0.0153,index,simulated,Synthetic Generator - Shock,,Supply shock at Phase 2 on day 40 - cascade propagation
476,3,Doré Production_Entity,USA,2025-03-01,daily_state,ndc_balance,312.81,201.99,123.77,49.24,0.0081,index,simulated,Synthetic Generator - Shock,,Supply shock at Phase 2 on day 40 - cascade propagation
477,4,Refining_Entity,USA,2025-03-01,daily_state,ndc_balance,294.59,166.18,92.53,41.82,0.0061,index,simulated,Synthetic Generator - Shock,,Supply shock at Phase 2 on day 40 - cascade propagation
478,5,Bar Casting & Assay_Entity,USA,2025-03-01,daily_state,ndc_balance,319.38,221.72,144.37,54.25,0.0105,index,simulated,Synthetic Generator - Shock,,Supply shock at Phase 2 on day 40 - cascade propagation
479,6,Logistics & Vaulting_Entity,USA,2025-03-01,daily_state,ndc_balance,294.6,223.61,158.51,61.76,0.0198,index,simulated,Synthetic Generator - Shock,,Supply shock at Phase 2 on day 40 - cascade propagation
480,7,Exchange Registration_Entity,USA,2025-03-01,daily_state,ndc_balance,314.26,194.87,115.76,46.78,0.007,index,simulated,Synthetic Generator - Shock,,Supply shock at Phase 2 on day 40 - cascade propagation
481,0,Geological Prospecting_Entity,USA,2025-03-02,daily_state,ndc_balance,250.04,215.58,176.24,75.91,0.0835,index,simulated,Synthetic Generator - Shock,,Supply shock at Phase 2 on day 40 - cascade propagation
482,1,Mine Extraction_Entity,USA,2025-03-02,daily_state,ndc_balance,270.82,226.54,178.61,72.11,0.0508,index,simulated,Synthetic Generator - Shock,,Supply shock at Phase 2 on day 40 - cascade propagation
483,2,Ore Processing_Entity,USA,2025-03-02,daily_state,ndc_balance,238.3,169.84,113.25,56.29,0.0213,index,simulated,Synthetic Generator - Shock,,Supply shock at Phase 2 on day 40 - cascade propagation
484,3,Doré Production_Entity,USA,2025-03-02,daily_state,ndc_balance,281.76,167.58,96.62,44.46,0.0077,index,simulated,Synthetic Generator - Shock,,Supply shock at Phase 2 on day 40 - cascade propagation
485,4,Refining_Entity,USA,2025-03-02,daily_state,ndc_balance,309.73,200.28,122.85,49.32,0.0083,index,simulated,Synthetic Generator - Shock,,Supply shock at Phase 2 on day 40 - cascade propagation
486,5,Bar Casting & Assay_Entity,USA,2025-03-02,daily_state,ndc_balance,317.27,189.57,109.64,44.71,0.0061,index,simulated,Synthetic Generator - Shock,,Supply shock at Phase 2 on day 40 - cascade propagation
487,6,Logistics & Vaulting_Entity,USA,2025-03-02,daily_state,ndc_balance,347.96,190.9,104.5,40.55,0.0041,index,simulated,Synthetic Generator - Shock,,Supply shock at Phase 2 on day 40 - cascade propagation
488,7,Exchange Registration_Entity,USA,2025-03-02,daily_state,ndc_balance,306.54,180.65,103.51,43.98,0.0063,index,simulated,Synthetic Generator - Shock,,Supply shock at Phase 2 on day 40 - cascade propagation
489,0,Geological Prospecting_Entity,USA,2025-03-03,daily_state,ndc_balance,257.86,251.57,242.57,95.24,2.0179,index,simulated,Synthetic Generator - Shock,,Supply shock at Phase 2 on day 40 - cascade propagation
490,1,Mine Extraction_Entity,USA,2025-03-03,daily_state,ndc_balance,274.05,213.69,155.78,64.37,0.0274,index,simulated,Synthetic Generator - Shock,,Supply shock at Phase 2 on day 40 - cascade propagation
491,2,Ore Processing_Entity,USA,2025-03-03,daily_state,ndc_balance,246.31,158.93,97.33,49.19,0.0131,index,simulated,Synthetic Generator - Shock,,Supply shock at Phase 2 on day 40 - cascade propagation
492,3,Doré Production_Entity,USA,2025-03-03,daily_state,ndc_balance,318.81,195.12,114.79,46.03,0.0065,index,simulated,Synthetic Generator - Shock,,Supply shock at Phase 2 on day 40 - cascade propagation
493,4,Refining_Entity,USA,2025-03-03,daily_state,ndc_balance,318.14,180.44,100.81,42.08,0.0053,index,simulated,Synthetic Generator - Shock,,Supply shock at Phase 2 on day 40 - cascade propagation
494,5,Bar Casting & Assay_Entity,USA,2025-03-03,daily_state,ndc_balance,333.37,212.87,129.29,48.53,0.0069,index,simulated,Synthetic Generator - Shock,,Supply shock at Phase 2 on day 40 - cascade propagation
495,6,Logistics & Vaulting_Entity,USA,2025-03-03,daily_state,ndc_balance,289.83,175.65,102.61,45.48,0.0077,index,simulated,Synthetic Generator - Shock,,Supply shock at Phase 2 on day 40 - cascade propagation
496,7,Exchange Registration_Entity,USA,2025-03-03,daily_state,ndc_balance,294.3,207.2,136.63,55.33,0.0132,index,simulated,Synthetic Generator - Shock,,Supply shock at Phase 2 on day 40 - cascade propagation
497,0,Geological Prospecting_Entity,USA,2025-03-04,daily_state,ndc_balance,236.73,234.54,231.32,98.17,6.7635,index,simulated,Synthetic Generator - Shock,,Supply shock at Phase 2 on day 40 - cascade propagation
498,1,Mine Extraction_Entity,USA,2025-03-04,daily_state,ndc_balance,262.82,239.31,209.7,83.62,0.1777,index,simulated,Synthetic Generator - Shock,,Supply shock at Phase 2 on day 40 - cascade propagation
499,2,Ore Processing_Entity,USA,2025-03-04,daily_state,ndc_balance,253.88,128.68,67.41,37.3,0.0064,index,simulated,Synthetic Generator - Shock,,Supply shock at Phase 2 on day 40 - cascade propagation
500,3,Doré Production_Entity,USA,2025-03-04,daily_state,ndc_balance,318.92,183.96,103.91,42.9,0.0055,index,simulated,Synthetic Generator - Shock,,Supply shock at Phase 2 on day 40 - cascade propagation
501,4,Refining_Entity,USA,2025-03-04,daily_state,ndc_balance,305.13,199.28,123.21,49.97,0.0089,index,simulated,Synthetic Generator - Shock,,Supply shock at Phase 2 on day 40 - cascade propagation
502,5,Bar Casting & Assay_Entity,USA,2025-03-04,daily_state,ndc_balance,311.55,195.43,117.09,47.45,0.0074,index,simulated,Synthetic Generator - Shock,,Supply shock at Phase 2 on day 40 - cascade propagation
503,6,Logistics & Vaulting_Entity,USA,2025-03-04,daily_state,ndc_balance,298.74,189.61,114.62,48.16,0.0084,index,simulated,Synthetic Generator - Shock,,Supply shock at Phase 2 on day 40 - cascade propagation
504,7,Exchange Registration_Entity,USA,2025-03-04,daily_state,ndc_balance,310.03,170.25,93.24,40.59,0.0051,index,simulated,Synthetic Generator - Shock,,Supply shock at Phase 2 on day 40 - cascade propagation
505,0,Geological Prospecting_Entity,USA,2025-03-05,daily_state,ndc_balance,249.06,247.48,245.13,98.74,7.9947,index,simulated,Synthetic Generator - Shock,,Supply shock at Phase 2 on day 40 - cascade propagation
506,1,Mine Extraction_Entity,USA,2025-03-05,daily_state,ndc_balance,236.84,261.32,206.27,82.91,0.1641,index,simulated,Synthetic Generator - Shock,,Supply shock at Phase 2 on day 40 - cascade propagation
507,2,Ore Processing_Entity,USA,2025-03-05,daily_state,ndc_balance,269.04,125.1,62.92,34.3,0.0048,index,simulated,Synthetic Generator - Shock,,Supply shock at Phase 2 on day 40 - cascade propagation
508,3,Doré Production_Entity,USA,2025-03-05,daily_state,ndc_balance,330.36,192.42,109.38,43.38,0.0053,index,simulated,Synthetic Generator - Shock,,Supply shock at Phase 2 on day 40 - cascade propagation
509,4,Refining_Entity,USA,2025-03-05,daily_state,ndc_balance,316.28,186.06,106.47,43.89,0.0059,index,simulated,Synthetic Generator - Shock,,Supply shock at Phase 2 on day 40 - cascade propagation
510,5,Bar Casting & Assay_Entity,USA,2025-03-05,daily_state,ndc_balance,323.85,202.31,120.84,47.21,0.0068,index,simulated,Synthetic Generator - Shock,,Supply shock at Phase 2 on day 40 - cascade propagation
511,6,Logistics & Vaulting_Entity,USA,2025-03-05,daily_state,ndc_balance,297.79,174.03,99.15,43.55,0.0065,index,simulated,Synthetic Generator - Shock,,Supply shock at Phase 2 on day 40 - cascade propagation
512,7,Exchange Registration_Entity,USA,2025-03-05,daily_state,ndc_balance,288.1,198.38,128.25,53.64,0.0124,index,simulated,Synthetic Generator - Shock,,Supply shock at Phase 2 on day 40 - cascade propagation
513,0,Geological Prospecting_Entity,USA,2025-03-06,daily_state,ndc_balance,264.59,252.22,235.27,91.07,0.6135,index,simulated,Synthetic Generator - Shock,,Supply shock at Phase 2 on day 40 - cascade propagation
514,1,Mine Extraction_Entity,USA,2025-03-06,daily_state,ndc_balance,254.23,219.67,180.07,76.2,0.083,index,simulated,Synthetic Generator - Shock,,Supply shock at Phase 2 on day 40 - cascade propagation
515,2,Ore Processing_Entity,USA,2025-03-06,daily_state,ndc_balance,239.77,173.05,116.75,57.32,0.0224,index,simulated,Synthetic Generator - Shock,,Supply shock at Phase 2 on day 40 - cascade propagation
516,3,Doré Production_Entity,USA,2025-03-06,daily_state,ndc_balance,302.73,197.58,122.1,49.92,0.009,index,simulated,Synthetic Generator - Shock,,Supply shock at Phase 2 on day 40 - cascade propagation
517,4,Refining_Entity,USA,2025-03-06,daily_state,ndc_balance,293.87,201.06,129.25,53.17,0.0116,index,simulated,Synthetic Generator - Shock,,Supply shock at Phase 2 on day 40 - cascade propagation
518,5,Bar Casting & Assay_Entity,USA,2025-03-06,daily_state,ndc_balance,303.13,213.84,141.26,55.48,0.0125,index,simulated,Synthetic Generator - Shock,,Supply shock at Phase 2 on day 40 - cascade propagation
519,6,Logistics & Vaulting_Entity,USA,2025-03-06,daily_state,ndc_balance,321.6,186.08,105.31,43.05,0.0054,index,simulated,Synthetic Generator - Shock,,Supply shock at Phase 2 on day 40 - cascade propagation
520,7,Exchange Registration_Entity,USA,2025-03-06,daily_state,ndc_balance,308.1,185.08,107.45,45.0,0.0066,index,simulated,Synthetic Generator - Shock,,Supply shock at Phase 2 on day 40 - cascade propagation
521,0,Geological Prospecting_Entity,USA,2025-03-07,daily_state,ndc_balance,234.71,225.07,211.71,92.11,0.9711,index,simulated,Synthetic Generator - Shock,,Supply shock at Phase 2 on day 40 - cascade propagation
522,1,Mine Extraction_Entity,USA,2025-03-07,daily_state,ndc_balance,258.97,246.35,229.13,90.71,0.5909,index,simulated,Synthetic Generator - Shock,,Supply shock at Phase 2 on day 40 - cascade propagation
523,2,Ore Processing_Entity,USA,2025-03-07,daily_state,ndc_balance,252.23,143.97,80.76,42.38,0.0085,index,simulated,Synthetic Generator - Shock,,Supply shock at Phase 2 on day 40 - cascade propagation
524,3,Doré Production_Entity,USA,2025-03-07,daily_state,ndc_balance,324.0,196.14,114.5,45.42,0.0061,index,simulated,Synthetic Generator - Shock,,Supply shock at Phase 2 on day 40 - cascade propagation
525,4,Refining_Entity,USA,2025-03-07,daily_state,ndc_balance,320.55,163.07,85.59,37.44,0.004,index,simulated,Synthetic Generator - Shock,,Supply shock at Phase 2 on day 40 - cascade propagation
526,5,Bar Casting & Assay_Entity,USA,2025-03-07,daily_state,ndc_balance,251.16,200.11,149.3,66.59,0.0382,index,simulated,Synthetic Generator - Shock,,Supply shock at Phase 2 on day 40 - cascade propagation
527,6,Logistics & Vaulting_Entity,USA,2025-03-07,daily_state,ndc_balance,288.63,191.18,119.57,50.9,0.0105,index,simulated,Synthetic Generator - Shock,,Supply shock at Phase 2 on day 40 - cascade propagation
528,7,Exchange Registration_Entity,USA,2025-03-07,daily_state,ndc_balance,305.47,223.57,152.87,58.5,0.0149,index,simulated,Synthetic Generator - Shock,,Supply shock at Phase 2 on day 40 - cascade propagation
529,0,Geological Prospecting_Entity,USA,2025-03-08,daily_state,ndc_balance,262.0,243.49,219.28,86.82,0.2835,index,simulated,Synthetic Generator - Shock,,Supply shock at Phase 2 on day 40 - cascade propagation
530,1,Mine Extraction_Entity,USA,2025-03-08,daily_state,ndc_balance,268.55,247.13,219.63,85.25,0.2133,index,simulated,Synthetic Generator - Shock,,Supply shock at Phase 2 on day 40 - cascade propagation
531,2,Ore Processing_Entity,USA,2025-03-08,daily_state,ndc_balance,243.13,171.43,113.19,55.44,0.0194,index,simulated,Synthetic Generator - Shock,,Supply shock at Phase 2 on day 40 - cascade propagation
532,3,Doré Production_Entity,USA,2025-03-08,daily_state,ndc_balance,293.35,200.82,129.15,53.21,0.0117,index,simulated,Synthetic Generator - Shock,,Supply shock at Phase 2 on day 40 - cascade propagation
533,4,Refining_Entity,USA,2025-03-08,daily_state,ndc_balance,286.79,198.67,129.11,54.09,0.0129,index,simulated,Synthetic Generator - Shock,,Supply shock at Phase 2 on day 40 - cascade propagation
534,5,Bar Casting & Assay_Entity,USA,2025-03-08,daily_state,ndc_balance,312.89,225.18,151.51,57.08,0.013,index,simulated,Synthetic Generator - Shock,,Supply shock at Phase 2 on day 40 - cascade propagation
535,6,Logistics & Vaulting_Entity,USA,2025-03-08,daily_state,ndc_balance,286.53,184.18,112.45,48.95,0.0095,index,simulated,Synthetic Generator - Shock,,Supply shock at Phase 2 on day 40 - cascade propagation
536,7,Exchange Registration_Entity,USA,2025-03-08,daily_state,ndc_balance,322.34,201.04,119.93,47.11,0.0068,index,simulated,Synthetic Generator - Shock,,Supply shock at Phase 2 on day 40 - cascade propagation
537,0,Geological Prospecting_Entity,USA,2025-03-09,daily_state,ndc_balance,258.7,223.29,182.78,76.05,0.0791,index,simulated,Synthetic Generator - Shock,,Supply shock at Phase 2 on day 40 - cascade propagation
538,1,Mine Extraction_Entity,USA,2025-03-09,daily_state,ndc_balance,247.14,262.91,226.08,88.69,0.3864,index,simulated,Synthetic Generator - Shock,,Supply shock at Phase 2 on day 40 - cascade propagation
539,2,Ore Processing_Entity,USA,2025-03-09,daily_state,ndc_balance,249.23,157.51,94.91,47.9,0.0119,index,simulated,Synthetic Generator - Shock,,Supply shock at Phase 2 on day 40 - cascade propagation
540,3,Doré Production_Entity,USA,2025-03-09,daily_state,ndc_balance,308.27,173.7,96.65,41.77,0.0055,index,simulated,Synthetic Generator - Shock,,Supply shock at Phase 2 on day 40 - cascade propagation
541,4,Refining_Entity,USA,2025-03-09,daily_state,ndc_balance,324.01,204.06,122.63,47.69,0.0069,index,simulated,Synthetic Generator - Shock,,Supply shock at Phase 2 on day 40 - cascade propagation
542,5,Bar Casting & Assay_Entity,USA,2025-03-09,daily_state,ndc_balance,344.58,176.72,93.14,37.75,0.0035,index,simulated,Synthetic Generator - Shock,,Supply shock at Phase 2 on day 40 - cascade propagation
543,6,Logistics & Vaulting_Entity,USA,2025-03-09,daily_state,ndc_balance,322.34,171.39,92.13,39.2,0.0044,index,simulated,Synthetic Generator - Shock,,Supply shock at Phase 2 on day 40 - cascade propagation
544,7,Exchange Registration_Entity,USA,2025-03-09,daily_state,ndc_balance,312.36,212.58,136.02,52.79,0.01,index,simulated,Synthetic Generator - Shock,,Supply shock at Phase 2 on day 40 - cascade propagation
545,0,Geological Prospecting_Entity,USA,2025-03-10,daily_state,ndc_balance,224.92,236.81,208.73,90.44,0.6603,index,simulated,Synthetic Generator - Shock,,Supply shock at Phase 2 on day 40 - cascade propagation
546,1,Mine Extraction_Entity,USA,2025-03-10,daily_state,ndc_balance,247.55,227.86,202.58,85.3,0.2515,index,simulated,Synthetic Generator - Shock,,Supply shock at Phase 2 on day 40 - cascade propagation
547,2,Ore Processing_Entity,USA,2025-03-10,daily_state,ndc_balance,255.78,172.41,109.43,52.11,0.0144,index,simulated,Synthetic Generator - Shock,,Supply shock at Phase 2 on day 40 - cascade propagation
548,3,Doré Production_Entity,USA,2025-03-10,daily_state,ndc_balance,308.0,198.7,121.66,49.18,0.0084,index,simulated,Synthetic Generator - Shock,,Supply shock at Phase 2 on day 40 - cascade propagation
549,4,Refining_Entity,USA,2025-03-10,daily_state,ndc_balance,311.71,195.03,116.63,47.3,0.0073,index,simulated,Synthetic Generator - Shock,,Supply shock at Phase 2 on day 40 - cascade propagation
550,5,Bar Casting & Assay_Entity,USA,2025-03-10,daily_state,ndc_balance,293.66,214.95,146.99,58.51,0.0161,index,simulated,Synthetic Generator - Shock,,Supply shock at Phase 2 on day 40 - cascade propagation
551,6,Logistics & Vaulting_Entity,USA,2025-03-10,daily_state,ndc_balance,314.43,202.11,123.39,48.95,0.0079,index,simulated,Synthetic Generator - Shock,,Supply shock at Phase 2 on day 40 - cascade propagation
552,7,Exchange Registration_Entity,USA,2025-03-10,daily_state,ndc_balance,297.9,186.73,111.82,47.41,0.0081,index,simulated,Synthetic Generator - Shock,,Supply shock at Phase 2 on day 40 - cascade propagation
553,0,Geological Prospecting_Entity,USA,2025-03-11,daily_state,ndc_balance,253.36,212.89,168.73,72.65,0.0607,index,simulated,Synthetic Generator - Shock,,Supply shock at Phase 2 on day 40 - cascade propagation
554,1,Mine Extraction_Entity,USA,2025-03-11,daily_state,ndc_balance,230.68,229.69,228.21,99.14,9.1025,index,simulated,Synthetic Generator - Shock,,Supply shock at Phase 2 on day 40 - cascade propagation
555,2,Ore Processing_Entity,USA,2025-03-11,daily_state,ndc_balance,257.84,136.94,73.56,39.15,0.0068,index,simulated,Synthetic Generator - Shock,,Supply shock at Phase 2 on day 40 - cascade propagation
556,3,Doré Production_Entity,USA,2025-03-11,daily_state,ndc_balance,294.72,180.34,106.08,46.01,0.0076,index,simulated,Synthetic Generator - Shock,,Supply shock at Phase 2 on day 40 - cascade propagation
557,4,Refining_Entity,USA,2025-03-11,daily_state,ndc_balance,303.17,188.63,112.33,46.97,0.0076,index,simulated,Synthetic Generator - Shock,,Supply shock at Phase 2 on day 40 - cascade propagation
558,5,Bar Casting & Assay_Entity,USA,2025-03-11,daily_state,ndc_balance,342.48,213.98,127.82,47.22,0.0061,index,simulated,Synthetic Generator - Shock,,Supply shock at Phase 2 on day 40 - cascade propagation
559,6,Logistics & Vaulting_Entity,USA,2025-03-11,daily_state,ndc_balance,325.37,216.03,135.39,51.06,0.0084,index,simulated,Synthetic Generator - Shock,,Supply shock at Phase 2 on day 40 - cascade propagation
560,7,Exchange Registration_Entity,USA,2025-03-11,daily_state,ndc_balance,295.02,173.0,98.79,43.73,0.0067,index,simulated,Synthetic Generator - Shock,,Supply shock at Phase 2 on day 40 - cascade propagation
561,0,Geological Prospecting_Entity,USA,2025-03-12,daily_state,ndc_balance,239.4,264.52,208.11,82.7,0.156,index,simulated,Synthetic Generator - Shock,,Supply shock at Phase 2 on day 40 - cascade propagation
562,1,Mine Extraction_Entity,USA,2025-03-12,daily_state,ndc_balance,247.79,217.98,182.7,78.61,0.1112,index,simulated,Synthetic Generator - Shock,,Supply shock at Phase 2 on day 40 - cascade propagation
563,2,Ore Processing_Entity,USA,2025-03-12,daily_state,ndc_balance,243.54,145.23,83.89,44.6,0.0103,index,simulated,Synthetic Generator - Shock,,Supply shock at Phase 2 on day 40 - cascade propagation
564,3,Doré Production_Entity,USA,2025-03-12,daily_state,ndc_balance,314.03,199.52,120.71,48.22,0.0076,index,simulated,Synthetic Generator - Shock,,Supply shock at Phase 2 on day 40 - cascade propagation
565,4,Refining_Entity,USA,2025-03-12,daily_state,ndc_balance,297.58,207.34,135.44,54.53,0.0123,index,simulated,Synthetic Generator - Shock,,Supply shock at Phase 2 on day 40 - cascade propagation
566,5,Bar Casting & Assay_Entity,USA,2025-03-12,daily_state,ndc_balance,300.41,192.19,116.9,48.65,0.0085,index,simulated,Synthetic Generator - Shock,,Supply shock at Phase 2 on day 40 - cascade propagation
567,6,Logistics & Vaulting_Entity,USA,2025-03-12,daily_state,ndc_balance,320.3,183.45,103.14,42.55,0.0053,index,simulated,Synthetic Generator - Shock,,Supply shock at Phase 2 on day 40 - cascade propagation
568,7,Exchange Registration_Entity,USA,2025-03-12,daily_state,ndc_balance,301.46,205.65,131.86,52.96,0.0109,index,simulated,Synthetic Generator - Shock,,Supply shock at Phase 2 on day 40 - cascade propagation
569,0,Geological Prospecting_Entity,USA,2025-03-13,daily_state,ndc_balance,243.13,233.57,220.28,92.44,0.9862,index,simulated,Synthetic Generator - Shock,,Supply shock at Phase 2 on day 40 - cascade propagation
570,1,Mine Extraction_Entity,USA,2025-03-13,daily_state,ndc_balance,264.34,277.47,246.36,90.97,0.5477,index,simulated,Synthetic Generator - Shock,,Supply shock at Phase 2 on day 40 - cascade propagation
571,2,Ore Processing_Entity,USA,2025-03-13,daily_state,ndc_balance,259.08,159.45,94.19,46.34,0.0101,index,simulated,Synthetic Generator - Shock,,Supply shock at Phase 2 on day 40 - cascade propagation
572,3,Doré Production_Entity,USA,2025-03-13,daily_state,ndc_balance,317.96,175.68,96.58,40.86,0.0049,index,simulated,Synthetic Generator - Shock,,Supply shock at Phase 2 on day 40 - cascade propagation
573,4,Refining_Entity,USA,2025-03-13,daily_state,ndc_balance,311.73,194.46,116.03,47.12,0.0073,index,simulated,Synthetic Generator - Shock,,Supply shock at Phase 2 on day 40 - cascade propagation
574,5,Bar Casting & Assay_Entity,USA,2025-03-13,daily_state,ndc_balance,314.82,197.1,117.92,47.34,0.0072,index,simulated,Synthetic Generator - Shock,,Supply shock at Phase 2 on day 40 - cascade propagation
575,6,Logistics & Vaulting_Entity,USA,2025-03-13,daily_state,ndc_balance,315.7,189.39,109.85,44.93,0.0063,index,simulated,Synthetic Generator - Shock,,Supply shock at Phase 2 on day 40 - cascade propagation
576,7,Exchange Registration_Entity,USA,2025-03-13,daily_state,ndc_balance,310.88,172.9,95.43,41.16,0.0052,index,simulated,Synthetic Generator - Shock,,Supply shock at Phase 2 on day 40 - cascade propagation
577,0,Geological Prospecting_Entity,USA,2025-03-14,daily_state,ndc_balance,251.2,265.54,231.84,89.77,0.4641,index,simulated,Synthetic Generator - Shock,,Supply shock at Phase 2 on day 40 - cascade propagation
578,1,Mine Extraction_Entity,USA,2025-03-14,daily_state,ndc_balance,260.78,240.12,213.57,85.35,0.2289,index,simulated,Synthetic Generator - Shock,,Supply shock at Phase 2 on day 40 - cascade propagation
579,2,Ore Processing_Entity,USA,2025-03-14,daily_state,ndc_balance,278.44,122.78,60.45,32.69,0.0041,index,simulated,Synthetic Generator - Shock,,Supply shock at Phase 2 on day 40 - cascade propagation
580,3,Doré Production_Entity,USA,2025-03-14,daily_state,ndc_balance,293.36,225.83,162.42,63.1,0.0219,index,simulated,Synthetic Generator - Shock,,Supply shock at Phase 2 on day 40 - cascade propagation
581,4,Refining_Entity,USA,2025-03-14,daily_state,ndc_balance,310.69,190.63,112.36,46.17,0.0069,index,simulated,Synthetic Generator - Shock,,Supply shock at Phase 2 on day 40 - cascade propagation
582,5,Bar Casting & Assay_Entity,USA,2025-03-14,daily_state,ndc_balance,292.01,203.06,132.41,54.38,0.0126,index,simulated,Synthetic Generator - Shock,,Supply shock at Phase 2 on day 40 - cascade propagation
583,6,Logistics & Vaulting_Entity,USA,2025-03-14,daily_state,ndc_balance,318.17,175.3,96.2,40.74,0.0049,index,simulated,Synthetic Generator - Shock,,Supply shock at Phase 2 on day 40 - cascade propagation
584,7,Exchange Registration_Entity,USA,2025-03-14,daily_state,ndc_balance,307.9,188.96,111.4,46.18,0.0071,index,simulated,Synthetic Generator - Shock,,Supply shock at Phase 2 on day 40 - cascade propagation
585,0,Geological Prospecting_Entity,USA,2025-03-15,daily_state,ndc_balance,259.84,220.35,176.57,73.79,0.0637,index,simulated,Synthetic Generator - Shock,,Supply shock at Phase 2 on day 40 - cascade propagation
586,1,Mine Extraction_Entity,USA,2025-03-15,daily_state,ndc_balance,274.78,256.98,233.45,87.85,0.3061,index,simulated,Synthetic Generator - Shock,,Supply shock at Phase 2 on day 40 - cascade propagation
587,2,Ore Processing_Entity,USA,2025-03-15,daily_state,ndc_balance,244.55,145.67,84.08,44.55,0.0102,index,simulated,Synthetic Generator - Shock,,Supply shock at Phase 2 on day 40 - cascade propagation
588,3,Doré Production_Entity,USA,2025-03-15,daily_state,ndc_balance,307.95,180.99,103.51,43.84,0.0062,index,simulated,Synthetic Generator - Shock,,Supply shock at Phase 2 on day 40 - cascade propagation
589,4,Refining_Entity,USA,2025-03-15,daily_state,ndc_balance,303.35,190.14,113.85,47.41,0.0078,index,simulated,Synthetic Generator - Shock,,Supply shock at Phase 2 on day 40 - cascade propagation
590,5,Bar Casting & Assay_Entity,USA,2025-03-15,daily_state,ndc_balance,334.19,212.04,128.15,48.14,0.0067,index,simulated,Synthetic Generator - Shock,,Supply shock at Phase 2 on day 40 - cascade propagation
591,6,Logistics & Vaulting_Entity,USA,2025-03-15,daily_state,ndc_balance,324.02,201.66,120.11,46.99,0.0067,index,simulated,Synthetic Generator - Shock,,Supply shock at Phase 2 on day 40 - cascade propagation
592,7,Exchange Registration_Entity,USA,2025-03-15,daily_state,ndc_balance,293.24,194.25,121.5,50.91,0.0102,index,simulated,Synthetic Generator - Shock,,Supply shock at Phase 2 on day 40 - cascade propagation
593,0,Geological Prospecting_Entity,USA,2025-03-16,daily_state,ndc_balance,270.56,217.85,164.44,67.73,0.0359,index,simulated,Synthetic Generator - Shock,,Supply shock at Phase 2 on day 40 - cascade propagation
594,1,Mine Extraction_Entity,USA,2025-03-16,daily_state,ndc_balance,265.55,282.31,243.15,88.81,0.3438,index,simulated,Synthetic Generator - Shock,,Supply shock at Phase 2 on day 40 - cascade propagation
595,2,Ore Processing_Entity,USA,2025-03-16,daily_state,ndc_balance,265.93,178.28,112.63,51.73,0.013,index,simulated,Synthetic Generator - Shock,,Supply shock at Phase 2 on day 40 - cascade propagation
596,3,Doré Production_Entity,USA,2025-03-16,daily_state,ndc_balance,313.28,212.42,135.5,52.53,0.0098,index,simulated,Synthetic Generator - Shock,,Supply shock at Phase 2 on day 40 - cascade propagation
597,4,Refining_Entity,USA,2025-03-16,daily_state,ndc_balance,299.23,209.33,137.23,54.83,0.0124,index,simulated,Synthetic Generator - Shock,,Supply shock at Phase 2 on day 40 - cascade propagation
598,5,Bar Casting & Assay_Entity,USA,2025-03-16,daily_state,ndc_balance,319.82,200.22,119.78,47.34,0.007,index,simulated,Synthetic Generator - Shock,,Supply shock at Phase 2 on day 40 - cascade propagation
599,6,Logistics & Vaulting_Entity,USA,2025-03-16,daily_state,ndc_balance,329.74,185.3,102.93,41.64,0.0048,index,simulated,Synthetic Generator - Shock,,Supply shock at Phase 2 on day 40 - cascade propagation
600,7,Exchange Registration_Entity,USA,2025-03-16,daily_state,ndc_balance,307.19,196.72,119.75,48.71,0.0082,index,simulated,Synthetic Generator - Shock,,Supply shock at Phase 2 on day 40 - cascade propagation
601,0,Geological Prospecting_Entity,USA,2025-03-17,daily_state,ndc_balance,240.56,244.58,234.7,96.76,3.8121,index,simulated,Synthetic Generator - Shock,,Supply shock at Phase 2 on day 40 - cascade propagation
602,1,Mine Extraction_Entity,USA,2025-03-17,daily_state,ndc_balance,230.22,259.35,195.19,79.88,0.1165,index,simulated,Synthetic Generator - Shock,,Supply shock at Phase 2 on day 40 - cascade propagation
603,2,Ore Processing_Entity,USA,2025-03-17,daily_state,ndc_balance,250.7,139.58,77.09,41.21,0.0081,index,simulated,Synthetic Generator - Shock,,Supply shock at Phase 2 on day 40 - cascade propagation
604,3,Doré Production_Entity,USA,2025-03-17,daily_state,ndc_balance,297.48,190.78,116.26,48.8,0.0088,index,simulated,Synthetic Generator - Shock,,Supply shock at Phase 2 on day 40 - cascade propagation
605,4,Refining_Entity,USA,2025-03-17,daily_state,ndc_balance,320.32,204.86,124.57,48.63,0.0075,index,simulated,Synthetic Generator - Shock,,Supply shock at Phase 2 on day 40 - cascade propagation
606,5,Bar Casting & Assay_Entity,USA,2025-03-17,daily_state,ndc_balance,299.42,179.77,104.33,44.97,0.007,index,simulated,Synthetic Generator - Shock,,Supply shock at Phase 2 on day 40 - cascade propagation
607,6,Logistics & Vaulting_Entity,USA,2025-03-17,daily_state,ndc_balance,319.85,182.0,101.89,42.23,0.0053,index,simulated,Synthetic Generator - Shock,,Supply shock at Phase 2 on day 40 - cascade propagation
608,7,Exchange Registration_Entity,USA,2025-03-17,daily_state,ndc_balance,310.9,197.23,119.18,48.13,0.0077,index,simulated,Synthetic Generator - Shock,,Supply shock at Phase 2 on day 40 - cascade propagation
609,0,Geological Prospecting_Entity,USA,2025-03-18,daily_state,ndc_balance,260.68,255.95,249.09,96.43,3.0871,index,simulated,Synthetic Generator - Shock,,Supply shock at Phase 2 on day 40 - cascade propagation
610,1,Mine Extraction_Entity,USA,2025-03-18,daily_state,ndc_balance,237.06,206.1,170.23,77.01,0.1033,index,simulated,Synthetic Generator - Shock,,Supply shock at Phase 2 on day 40 - cascade propagation
611,2,Ore Processing_Entity,USA,2025-03-18,daily_state,ndc_balance,241.49,186.03,133.9,63.17,0.0324,index,simulated,Synthetic Generator - Shock,,Supply shock at Phase 2 on day 40 - cascade propagation
612,3,Doré Production_Entity,USA,2025-03-18,daily_state,ndc_balance,340.33,227.96,143.91,51.67,0.0079,index,simulated,Synthetic Generator - Shock,,Supply shock at Phase 2 on day 40 - cascade propagation
613,4,Refining_Entity,USA,2025-03-18,daily_state,ndc_balance,307.11,162.92,87.47,39.1,0.0048,index,simulated,Synthetic Generator - Shock,,Supply shock at Phase 2 on day 40 - cascade propagation
614,5,Bar Casting & Assay_Entity,USA,2025-03-18,daily_state,ndc_balance,274.85,183.95,116.04,51.61,0.0121,index,simulated,Synthetic Generator - Shock,,Supply shock at Phase 2 on day 40 - cascade propagation
615,6,Logistics & Vaulting_Entity,USA,2025-03-18,daily_state,ndc_balance,307.03,218.41,145.39,56.14,0.0127,index,simulated,Synthetic Generator - Shock,,Supply shock at Phase 2 on day 40 - cascade propagation
616,7,Exchange Registration_Entity,USA,2025-03-18,daily_state,ndc_balance,323.02,199.09,117.74,46.43,0.0065,index,simulated,Synthetic Generator - Shock,,Supply shock at Phase 2 on day 40 - cascade propagation
617,0,Geological Prospecting_Entity,USA,2025-03-19,daily_state,ndc_balance,242.65,223.21,198.26,85.19,0.2576,index,simulated,Synthetic Generator - Shock,,Supply shock at Phase 2 on day 40 - cascade propagation
618,1,Mine Extraction_Entity,USA,2025-03-19,daily_state,ndc_balance,259.81,253.05,243.4,94.93,1.7932,index,simulated,Synthetic Generator - Shock,,Supply shock at Phase 2 on day 40 - cascade propagation
619,2,Ore Processing_Entity,USA,2025-03-19,daily_state,ndc_balance,255.88,129.31,67.64,37.18,0.0062,index,simulated,Synthetic Generator - Shock,,Supply shock at Phase 2 on day 40 - cascade propagation
620,3,Doré Production_Entity,USA,2025-03-19,daily_state,ndc_balance,319.76,202.67,122.39,48.08,0.0073,index,simulated,Synthetic Generator - Shock,,Supply shock at Phase 2 on day 40 - cascade propagation
621,4,Refining_Entity,USA,2025-03-19,daily_state,ndc_balance,293.94,180.88,106.84,46.34,0.0078,index,simulated,Synthetic Generator - Shock,,Supply shock at Phase 2 on day 40 - cascade propagation
622,5,Bar Casting & Assay_Entity,USA,2025-03-19,daily_state,ndc_balance,320.33,190.78,110.1,44.54,0.006,index,simulated,Synthetic Generator - Shock,,Supply shock at Phase 2 on day 40 - cascade propagation
623,6,Logistics & Vaulting_Entity,USA,2025-03-19,daily_state,ndc_balance,333.84,204.02,119.91,45.94,0.0059,index,simulated,Synthetic Generator - Shock,,Supply shock at Phase 2 on day 40 - cascade propagation
624,7,Exchange Registration_Entity,USA,2025-03-19,daily_state,ndc_balance,302.7,194.82,119.06,49.03,0.0086,index,simulated,Synthetic Generator - Shock,,Supply shock at Phase 2 on day 40 - cascade propagation
625,0,Geological Prospecting_Entity,USA,2025-03-20,daily_state,ndc_balance,256.95,227.39,192.03,79.45,0.1131,index,simulated,Synthetic Generator - Shock,,Supply shock at Phase 2 on day 40 - cascade propagation
626,1,Mine Extraction_Entity,USA,2025-03-20,daily_state,ndc_balance,242.31,253.13,227.38,91.81,0.7878,index,simulated,Synthetic Generator - Shock,,Supply shock at Phase 2 on day 40 - cascade propagation
627,2,Ore Processing_Entity,USA,2025-03-20,daily_state,ndc_balance,262.68,162.08,95.92,46.49,0.0099,index,simulated,Synthetic Generator - Shock,,Supply shock at Phase 2 on day 40 - cascade propagation
628,3,Doré Production_Entity,USA,2025-03-20,daily_state,ndc_balance,332.73,185.25,102.31,41.21,0.0046,index,simulated,Synthetic Generator - Shock,,Supply shock at Phase 2 on day 40 - cascade propagation
629,4,Refining_Entity,USA,2025-03-20,daily_state,ndc_balance,335.11,178.78,96.29,39.34,0.0041,index,simulated,Synthetic Generator - Shock,,Supply shock at Phase 2 on day 40 - cascade propagation
630,5,Bar Casting & Assay_Entity,USA,2025-03-20,daily_state,ndc_balance,294.81,163.32,89.93,40.98,0.0058,index,simulated,Synthetic Generator - Shock,,Supply shock at Phase 2 on day 40 - cascade propagation
631,6,Logistics & Vaulting_Entity,USA,2025-03-20,daily_state,ndc_balance,303.31,185.93,109.52,46.12,0.0073,index,simulated,Synthetic Generator - Shock,,Supply shock at Phase 2 on day 40 - cascade propagation
632,7,Exchange Registration_Entity,USA,2025-03-20,daily_state,ndc_balance,317.89,199.39,119.46,47.45,0.0071,index,simulated,Synthetic Generator - Shock,,Supply shock at Phase 2 on day 40 - cascade propagation
633,0,Geological Prospecting_Entity,USA,2025-03-21,daily_state,ndc_balance,238.11,233.43,226.68,96.15,3.1396,index,simulated,Synthetic Generator - Shock,,Supply shock at Phase 2 on day 40 - cascade propagation
634,1,Mine Extraction_Entity,USA,2025-03-21,daily_state,ndc_balance,250.43,208.53,163.54,71.56,0.0566,index,simulated,Synthetic Generator - Shock,,Supply shock at Phase 2 on day 40 - cascade propagation
635,2,Ore Processing_Entity,USA,2025-03-21,daily_state,ndc_balance,235.29,134.58,75.6,42.49,0.0099,index,simulated,Synthetic Generator - Shock,,Supply shock at Phase 2 on day 40 - cascade propagation
636,3,Doré Production_Entity,USA,2025-03-21,daily_state,ndc_balance,331.5,198.45,114.93,44.81,0.0056,index,simulated,Synthetic Generator - Shock,,Supply shock at Phase 2 on day 40 - cascade propagation
637,4,Refining_Entity,USA,2025-03-21,daily_state,ndc_balance,319.93,168.02,89.7,38.69,0.0043,index,simulated,Synthetic Generator - Shock,,Supply shock at Phase 2 on day 40 - cascade propagation
638,5,Bar Casting & Assay_Entity,USA,2025-03-21,daily_state,ndc_balance,327.91,218.42,137.24,51.28,0.0083,index,simulated,Synthetic Generator - Shock,,Supply shock at Phase 2 on day 40 - cascade propagation
639,6,Logistics & Vaulting_Entity,USA,2025-03-21,daily_state,ndc_balance,280.02,182.3,112.43,49.76,0.0105,index,simulated,Synthetic Generator - Shock,,Supply shock at Phase 2 on day 40 - cascade propagation
640,7,Exchange Registration_Entity,USA,2025-03-21,daily_state,ndc_balance,317.44,206.6,127.38,49.74,0.0081,index,simulated,Synthetic Generator - Shock,,Supply shock at Phase 2 on day 40 - cascade propagation
641,0,Geological Prospecting_Entity,USA,2025-03-22,daily_state,ndc_balance,245.82,235.0,220.09,91.57,0.7867,index,simulated,Synthetic Generator - Shock,,Supply shock at Phase 2 on day 40 - cascade propagation
642,1,Mine Extraction_Entity,USA,2025-03-22,daily_state,ndc_balance,247.04,242.49,235.9,96.38,3.2554,index,simulated,Synthetic Generator - Shock,,Supply shock at Phase 2 on day 40 - cascade propagation
643,2,Ore Processing_Entity,USA,2025-03-22,daily_state,ndc_balance,267.96,134.58,70.17,36.95,0.0056,index,simulated,Synthetic Generator - Shock,,Supply shock at Phase 2 on day 40 - cascade propagation
644,3,Doré Production_Entity,USA,2025-03-22,daily_state,ndc_balance,325.01,180.93,99.92,41.2,0.0048,index,simulated,Synthetic Generator - Shock,,Supply shock at Phase 2 on day 40 - cascade propagation
645,4,Refining_Entity,USA,2025-03-22,daily_state,ndc_balance,297.29,209.73,138.55,55.49,0.013,index,simulated,Synthetic Generator - Shock,,Supply shock at Phase 2 on day 40 - cascade propagation
646,5,Bar Casting & Assay_Entity,USA,2025-03-22,daily_state,ndc_balance,323.83,210.33,129.47,49.61,0.0078,index,simulated,Synthetic Generator - Shock,,Supply shock at Phase 2 on day 40 - cascade propagation
647,6,Logistics & Vaulting_Entity,USA,2025-03-22,daily_state,ndc_balance,290.26,186.61,113.95,48.96,0.0093,index,simulated,Synthetic Generator - Shock,,Supply shock at Phase 2 on day 40 - cascade propagation
648,7,Exchange Registration_Entity,USA,2025-03-22,daily_state,ndc_balance,322.34,195.75,114.52,45.59,0.0062,index,simulated,Synthetic Generator - Shock,,Supply shock at Phase 2 on day 40 - cascade propagation
649,0,Geological Prospecting_Entity,USA,2025-03-23,daily_state,ndc_balance,239.89,248.75,227.49,93.13,1.1311,index,simulated,Synthetic Generator - Shock,,Supply shock at Phase 2 on day 40 - cascade propagation
650,1,Mine Extraction_Entity,USA,2025-03-23,daily_state,ndc_balance,245.28,272.8,211.41,81.73,0.1303,index,simulated,Synthetic Generator - Shock,,Supply shock at Phase 2 on day 40 - cascade propagation
651,2,Ore Processing_Entity,USA,2025-03-23,daily_state,ndc_balance,273.17,162.08,93.29,44.34,0.0081,index,simulated,Synthetic Generator - Shock,,Supply shock at Phase 2 on day 40 - cascade propagation
652,3,Doré Production_Entity,USA,2025-03-23,daily_state,ndc_balance,330.42,196.17,112.96,44.37,0.0055,index,simulated,Synthetic Generator - Shock,,Supply shock at Phase 2 on day 40 - cascade propagation
653,4,Refining_Entity,USA,2025-03-23,daily_state,ndc_balance,321.48,221.6,143.38,53.72,0.01,index,simulated,Synthetic Generator - Shock,,Supply shock at Phase 2 on day 40 - cascade propagation
654,5,Bar Casting & Assay_Entity,USA,2025-03-23,daily_state,ndc_balance,313.68,190.41,111.36,45.57,0.0066,index,simulated,Synthetic Generator - Shock,,Supply shock at Phase 2 on day 40 - cascade propagation
655,6,Logistics & Vaulting_Entity,USA,2025-03-23,daily_state,ndc_balance,284.43,193.5,123.78,52.76,0.0121,index,simulated,Synthetic Generator - Shock,,Supply shock at Phase 2 on day 40 - cascade propagation
656,7,Exchange Registration_Entity,USA,2025-03-23,daily_state,ndc_balance,322.35,212.02,131.85,50.43,0.0082,index,simulated,Synthetic Generator - Shock,,Supply shock at Phase 2 on day 40 - cascade propagation
657,0,Geological Prospecting_Entity,USA,2025-03-24,daily_state,ndc_balance,263.57,230.76,192.26,77.96,0.092,index,simulated,Synthetic Generator - Shock,,Supply shock at Phase 2 on day 40 - cascade propagation
658,1,Mine Extraction_Entity,USA,2025-03-24,daily_state,ndc_balance,226.35,231.59,218.82,95.58,2.6708,index,simulated,Synthetic Generator - Shock,,Supply shock at Phase 2 on day 40 - cascade propagation
659,2,Ore Processing_Entity,USA,2025-03-24,daily_state,ndc_balance,245.43,143.74,82.01,43.66,0.0097,index,simulated,Synthetic Generator - Shock,,Supply shock at Phase 2 on day 40 - cascade propagation
660,3,Doré Production_Entity,USA,2025-03-24,daily_state,ndc_balance,319.28,230.74,155.88,57.43,0.0127,index,simulated,Synthetic Generator - Shock,,Supply shock at Phase 2 on day 40 - cascade propagation
661,4,Refining_Entity,USA,2025-03-24,daily_state,ndc_balance,311.85,191.1,112.53,46.1,0.0069,index,simulated,Synthetic Generator - Shock,,Supply shock at Phase 2 on day 40 - cascade propagation
662,5,Bar Casting & Assay_Entity,USA,2025-03-24,daily_state,ndc_balance,306.11,197.24,120.65,49.1,0.0084,index,simulated,Synthetic Generator - Shock,,Supply shock at Phase 2 on day 40 - cascade propagation
663,6,Logistics & Vaulting_Entity,USA,2025-03-24,daily_state,ndc_balance,297.58,197.16,123.34,50.92,0.0099,index,simulated,Synthetic Generator - Shock,,Supply shock at Phase 2 on day 40 - cascade propagation
664,7,Exchange Registration_Entity,USA,2025-03-24,daily_state,ndc_balance,316.76,198.77,119.13,47.48,0.0072,index,simulated,Synthetic Generator - Shock,,Supply shock at Phase 2 on day 40 - cascade propagation
665,0,Geological Prospecting_Entity,USA,2025-03-25,daily_state,ndc_balance,262.86,248.31,228.7,89.52,0.4507,index,simulated,Synthetic Generator - Shock,,Supply shock at Phase 2 on day 40 - cascade propagation
666,1,Mine Extraction_Entity,USA,2025-03-25,daily_state,ndc_balance,229.42,251.96,201.04,83.62,0.193,index,simulated,Synthetic Generator - Shock,,Supply shock at Phase 2 on day 40 - cascade propagation
667,2,Ore Processing_Entity,USA,2025-03-25,daily_state,ndc_balance,239.93,128.08,69.0,39.36,0.008,index,simulated,Synthetic Generator - Shock,,Supply shock at Phase 2 on day 40 - cascade propagation
668,3,Doré Production_Entity,USA,2025-03-25,daily_state,ndc_balance,293.43,202.8,131.53,53.92,0.0122,index,simulated,Synthetic Generator - Shock,,Supply shock at Phase 2 on day 40 - cascade propagation
669,4,Refining_Entity,USA,2025-03-25,daily_state,ndc_balance,306.66,164.72,89.06,39.63,0.005,index,simulated,Synthetic Generator - Shock,,Supply shock at Phase 2 on day 40 - cascade propagation
670,5,Bar Casting & Assay_Entity,USA,2025-03-25,daily_state,ndc_balance,317.17,169.09,91.03,39.31,0.0046,index,simulated,Synthetic Generator - Shock,,Supply shock at Phase 2 on day 40 - cascade propagation
671,6,Logistics & Vaulting_Entity,USA,2025-03-25,daily_state,ndc_balance,312.1,199.29,121.05,48.54,0.0079,index,simulated,Synthetic Generator - Shock,,Supply shock at Phase 2 on day 40 - cascade propagation
672,7,Exchange Registration_Entity,USA,2025-03-25,daily_state,ndc_balance,323.28,227.07,149.41,55.14,0.0108,index,simulated,Synthetic Generator - Shock,,Supply shock at Phase 2 on day 40 - cascade propagation
673,0,Geological Prospecting_Entity,USA,2025-03-26,daily_state,ndc_balance,235.53,239.56,229.68,96.69,3.816,index,simulated,Synthetic Generator - Shock,,Supply shock at Phase 2 on day 40 - cascade propagation
674,1,Mine Extraction_Entity,USA,2025-03-26,daily_state,ndc_balance,251.85,248.31,243.13,97.22,4.4278,index,simulated,Synthetic Generator - Shock,,Supply shock at Phase 2 on day 40 - cascade propagation
675,2,Ore Processing_Entity,USA,2025-03-26,daily_state,ndc_balance,253.24,142.95,79.63,41.85,0.0082,index,simulated,Synthetic Generator - Shock,,Supply shock at Phase 2 on day 40 - cascade propagation
676,3,Doré Production_Entity,USA,2025-03-26,daily_state,ndc_balance,303.39,174.9,98.75,42.87,0.0061,index,simulated,Synthetic Generator - Shock,,Supply shock at Phase 2 on day 40 - cascade propagation
677,4,Refining_Entity,USA,2025-03-26,daily_state,ndc_balance,324.82,203.27,121.57,47.31,0.0068,index,simulated,Synthetic Generator - Shock,,Supply shock at Phase 2 on day 40 - cascade propagation
678,5,Bar Casting & Assay_Entity,USA,2025-03-26,daily_state,ndc_balance,323.77,189.41,107.99,43.61,0.0055,index,simulated,Synthetic Generator - Shock,,Supply shock at Phase 2 on day 40 - cascade propagation
679,6,Logistics & Vaulting_Entity,USA,2025-03-26,daily_state,ndc_balance,300.15,175.59,100.11,43.61,0.0064,index,simulated,Synthetic Generator - Shock,,Supply shock at Phase 2 on day 40 - cascade propagation
680,7,Exchange Registration_Entity,USA,2025-03-26,daily_state,ndc_balance,315.38,176.28,97.6,41.39,0.0052,index,simulated,Synthetic Generator - Shock,,Supply shock at Phase 2 on day 40 - cascade propagation
681,0,Geological Prospecting_Entity,USA,2025-03-27,daily_state,ndc_balance,283.73,216.96,154.97,62.46,0.0224,index,simulated,Synthetic Generator - Shock,,Supply shock at Phase 2 on day 40 - cascade propagation
682,1,Mine Extraction_Entity,USA,2025-03-27,daily_state,ndc_balance,260.1,268.7,247.98,93.8,1.1914,index,simulated,Synthetic Generator - Shock,,Supply shock at Phase 2 on day 40 - cascade propagation
683,2,Ore Processing_Entity,USA,2025-03-27,daily_state,ndc_balance,258.99,153.51,88.3,44.29,0.009,index,simulated,Synthetic Generator - Shock,,Supply shock at Phase 2 on day 40 - cascade propagation
684,3,Doré Production_Entity,USA,2025-03-27,daily_state,ndc_balance,295.47,170.13,95.98,42.81,0.0064,index,simulated,Synthetic Generator - Shock,,Supply shock at Phase 2 on day 40 - cascade propagation
685,4,Refining_Entity,USA,2025-03-27,daily_state,ndc_balance,321.55,222.11,143.98,53.88,0.0101,index,simulated,Synthetic Generator - Shock,,Supply shock at Phase 2 on day 40 - cascade propagation
686,5,Bar Casting & Assay_Entity,USA,2025-03-27,daily_state,ndc_balance,303.42,174.5,98.37,42.75,0.006,index,simulated,Synthetic Generator - Shock,,Supply shock at Phase 2 on day 40 - cascade propagation
687,6,Logistics & Vaulting_Entity,USA,2025-03-27,daily_state,ndc_balance,273.13,177.35,109.14,49.59,0.0109,index,simulated,Synthetic Generator - Shock,,Supply shock at Phase 2 on day 40 - cascade propagation
688,7,Exchange Registration_Entity,USA,2025-03-27,daily_state,ndc_balance,308.3,223.78,151.81,57.8,0.014,index,simulated,Synthetic Generator - Shock,,Supply shock at Phase 2 on day 40 - cascade propagation
689,0,Geological Prospecting_Entity,USA,2025-03-28,daily_state,ndc_balance,266.1,245.99,219.96,85.97,0.2414,index,simulated,Synthetic Generator - Shock,,Supply shock at Phase 2 on day 40 - cascade propagation
690,1,Mine Extraction_Entity,USA,2025-03-28,daily_state,ndc_balance,250.0,230.0,204.35,85.22,0.244,index,simulated,Synthetic Generator - Shock,,Supply shock at Phase 2 on day 40 - cascade propagation
691,2,Ore Processing_Entity,USA,2025-03-28,daily_state,ndc_balance,271.08,154.01,86.14,42.16,0.0073,index,simulated,Synthetic Generator - Shock,,Supply shock at Phase 2 on day 40 - cascade propagation
692,3,Doré Production_Entity,USA,2025-03-28,daily_state,ndc_balance,278.46,182.88,113.58,50.33,0.0109,index,simulated,Synthetic Generator - Shock,,Supply shock at Phase 2 on day 40 - cascade propagation
693,4,Refining_Entity,USA,2025-03-28,daily_state,ndc_balance,297.13,185.17,110.4,47.07,0.008,index,simulated,Synthetic Generator - Shock,,Supply shock at Phase 2 on day 40 - cascade propagation
694,5,Bar Casting & Assay_Entity,USA,2025-03-28,daily_state,ndc_balance,318.44,193.07,112.82,45.5,0.0064,index,simulated,Synthetic Generator - Shock,,Supply shock at Phase 2 on day 40 - cascade propagation
695,6,Logistics & Vaulting_Entity,USA,2025-03-28,daily_state,ndc_balance,308.85,218.64,144.89,55.76,0.0123,index,simulated,Synthetic Generator - Shock,,Supply shock at Phase 2 on day 40 - cascade propagation
696,7,Exchange Registration_Entity,USA,2025-03-28,daily_state,ndc_balance,299.55,228.56,162.88,62.25,0.0198,index,simulated,Synthetic Generator - Shock,,Supply shock at Phase 2 on day 40 - cascade propagation
697,0,Geological Prospecting_Entity,USA,2025-03-29,daily_state,ndc_balance,245.93,242.11,236.54,96.94,4.0602,index,simulated,Synthetic Generator - Shock,,Supply shock at Phase 2 on day 40 - cascade propagation
698,1,Mine Extraction_Entity,USA,2025-03-29,daily_state,ndc_balance,251.78,242.72,230.04,93.06,1.0859,index,simulated,Synthetic Generator - Shock,,Supply shock at Phase 2 on day 40 - cascade propagation
699,2,Ore Processing_Entity,USA,2025-03-29,daily_state,ndc_balance,256.67,158.68,94.04,46.6,0.0104,index,simulated,Synthetic Generator - Shock,,Supply shock at Phase 2 on day 40 - cascade propagation
700,3,Doré Production_Entity,USA,2025-03-29,daily_state,ndc_balance,298.7,174.79,99.67,43.62,0.0065,index,simulated,Synthetic Generator - Shock,,Supply shock at Phase 2 on day 40 - cascade propagation
701,4,Refining_Entity,USA,2025-03-29,daily_state,ndc_balance,347.55,186.29,100.6,39.53,0.0038,index,simulated,Synthetic Generator - Shock,,Supply shock at Phase 2 on day 40 - cascade propagation
702,5,Bar Casting & Assay_Entity,USA,2025-03-29,daily_state,ndc_balance,320.49,166.06,88.01,38.15,0.0042,index,simulated,Synthetic Generator - Shock,,Supply shock at Phase 2 on day 40 - cascade propagation
703,6,Logistics & Vaulting_Entity,USA,2025-03-29,daily_state,ndc_balance,305.81,192.71,115.86,47.73,0.0078,index,simulated,Synthetic Generator - Shock,,Supply shock at Phase 2 on day 40 - cascade propagation
704,7,Exchange Registration_Entity,USA,2025-03-29,daily_state,ndc_balance,317.09,146.0,73.13,33.99,0.0034,index,simulated,Synthetic Generator - Shock,,Supply shock at Phase 2 on day 40 - cascade propagation
705,0,Geological Prospecting_Entity,USA,2025-03-30,daily_state,ndc_balance,258.49,219.8,176.7,74.13,0.0664,index,simulated,Synthetic Generator - Shock,,Supply shock at Phase 2 on day 40 - cascade propagation
706,1,Mine Extraction_Entity,USA,2025-03-30,daily_state,ndc_balance,260.87,221.85,178.37,74.14,0.0653,index,simulated,Synthetic Generator - Shock,,Supply shock at Phase 2 on day 40 - cascade propagation
707,2,Ore Processing_Entity,USA,2025-03-30,daily_state,ndc_balance,237.17,144.53,84.77,45.78,0.0116,index,simulated,Synthetic Generator - Shock,,Supply shock at Phase 2 on day 40 - cascade propagation
708,3,Doré Production_Entity,USA,2025-03-30,daily_state,ndc_balance,294.22,186.44,112.57,48.06,0.0086,index,simulated,Synthetic Generator - Shock,,Supply shock at Phase 2 on day 40 - cascade propagation
709,4,Refining_Entity,USA,2025-03-30,daily_state,ndc_balance,292.1,162.0,89.26,41.03,0.0059,index,simulated,Synthetic Generator - Shock,,Supply shock at Phase 2 on day 40 - cascade propagation
710,5,Bar Casting & Assay_Entity,USA,2025-03-30,daily_state,ndc_balance,325.27,171.67,91.9,38.89,0.0042,index,simulated,Synthetic Generator - Shock,,Supply shock at Phase 2 on day 40 - cascade propagation
711,6,Logistics & Vaulting_Entity,USA,2025-03-30,daily_state,ndc_balance,307.32,208.55,133.12,52.58,0.0102,index,simulated,Synthetic Generator - Shock,,Supply shock at Phase 2 on day 40 - cascade propagation
712,7,Exchange Registration_Entity,USA,2025-03-30,daily_state,ndc_balance,300.78,180.15,104.37,44.84,0.0069,index,simulated,Synthetic Generator - Shock,,Supply shock at Phase 2 on day 40 - cascade propagation
713,0,Geological Prospecting_Entity,USA,2025-03-31,daily_state,ndc_balance,259.39,260.62,257.57,99.06,8.6873,index,simulated,Synthetic Generator - Shock,,Supply shock at Phase 2 on day 40 - cascade propagation
714,1,Mine Extraction_Entity,USA,2025-03-31,daily_state,ndc_balance,238.46,237.8,236.81,99.45,9.579,index,simulated,Synthetic Generator - Shock,,Supply shock at Phase 2 on day 40 - cascade propagation
715,2,Ore Processing_Entity,USA,2025-03-31,daily_state,ndc_balance,224.01,142.14,85.91,48.14,0.0149,index,simulated,Synthetic Generator - Shock,,Supply shock at Phase 2 on day 40 - cascade propagation
716,3,Doré Production_Entity,USA,2025-03-31,daily_state,ndc_balance,310.51,179.62,101.64,43.04,0.0058,index,simulated,Synthetic Generator - Shock,,Supply shock at Phase 2 on day 40 - cascade propagation
717,4,Refining_Entity,USA,2025-03-31,daily_state,ndc_balance,303.15,169.65,94.0,41.45,0.0056,index,simulated,Synthetic Generator - Shock,,Supply shock at Phase 2 on day 40 - cascade propagation
718,5,Bar Casting & Assay_Entity,USA,2025-03-31,daily_state,ndc_balance,311.16,214.0,138.2,53.55,0.0106,index,simulated,Synthetic Generator - Shock,,Supply shock at Phase 2 on day 40 - cascade propagation
719,6,Logistics & Vaulting_Entity,USA,2025-03-31,daily_state,ndc_balance,293.54,183.79,109.96,47.34,0.0083,index,simulated,Synthetic Generator - Shock,,Supply shock at Phase 2 on day 40 - cascade propagation
720,7,Exchange Registration_Entity,USA,2025-03-31,daily_state,ndc_balance,317.54,216.82,139.13,53.03,0.0098,index,simulated,Synthetic Generator - Shock,,Supply shock at Phase 2 on day 40 - cascade propagation
721,0,Geological Prospecting_Entity,USA,2025-04-01,daily_state,ndc_balance,233.6,237.46,227.99,96.8,4.0165,index,simulated,Synthetic Generator - Shock,,Supply shock at Phase 2 on day 40 - cascade propagation
722,1,Mine Extraction_Entity,USA,2025-04-01,daily_state,ndc_balance,260.25,238.66,211.13,84.72,0.2101,index,simulated,Synthetic Generator - Shock,,Supply shock at Phase 2 on day 40 - cascade propagation
723,2,Ore Processing_Entity,USA,2025-04-01,daily_state,ndc_balance,212.85,160.02,112.34,60.87,0.0357,index,simulated,Synthetic Generator - Shock,,Supply shock at Phase 2 on day 40 - cascade propagation
724,3,Doré Production_Entity,USA,2025-04-01,daily_state,ndc_balance,332.79,197.1,113.31,44.24,0.0054,index,simulated,Synthetic Generator - Shock,,Supply shock at Phase 2 on day 40 - cascade propagation
725,4,Refining_Entity,USA,2025-04-01,daily_state,ndc_balance,294.53,185.76,111.76,47.78,0.0084,index,simulated,Synthetic Generator - Shock,,Supply shock at Phase 2 on day 40 - cascade propagation
726,5,Bar Casting & Assay_Entity,USA,2025-04-01,daily_state,ndc_balance,336.55,211.38,126.77,47.53,0.0064,index,simulated,Synthetic Generator - Shock,,Supply shock at Phase 2 on day 40 - cascade propagation
727,6,Logistics & Vaulting_Entity,USA,2025-04-01,daily_state,ndc_balance,319.6,201.42,121.1,47.73,0.0072,index,simulated,Synthetic Generator - Shock,,Supply shock at Phase 2 on day 40 - cascade propagation
728,7,Exchange Registration_Entity,USA,2025-04-01,daily_state,ndc_balance,300.08,191.39,116.14,48.46,0.0085,index,simulated,Synthetic Generator - Shock,,Supply shock at Phase 2 on day 40 - cascade propagation
729,0,Geological Prospecting_Entity,USA,2025-04-02,daily_state,ndc_balance,254.83,250.39,243.95,96.58,3.3666,index,simulated,Synthetic Generator - Shock,,Supply shock at Phase 2 on day 40 - cascade propagation
730,1,Mine Extraction_Entity,USA,2025-04-02,daily_state,ndc_balance,278.63,260.63,236.81,87.88,0.2993,index,simulated,Synthetic Generator - Shock,,Supply shock at Phase 2 on day 40 - cascade propagation
731,2,Ore Processing_Entity,USA,2025-04-02,daily_state,ndc_balance,228.71,154.48,98.21,52.25,0.0181,index,simulated,Synthetic Generator - Shock,,Supply shock at Phase 2 on day 40 - cascade propagation
732,3,Doré Production_Entity,USA,2025-04-02,daily_state,ndc_balance,321.05,206.14,125.74,48.88,0.0076,index,simulated,Synthetic Generator - Shock,,Supply shock at Phase 2 on day 40 - cascade propagation
733,4,Refining_Entity,USA,2025-04-02,daily_state,ndc_balance,300.56,247.45,191.53,70.23,0.0353,index,simulated,Synthetic Generator - Shock,,Supply shock at Phase 2 on day 40 - cascade propagation
734,5,Bar Casting & Assay_Entity,USA,2025-04-02,daily_state,ndc_balance,290.84,175.5,102.21,45.24,0.0075,index,simulated,Synthetic Generator - Shock,,Supply shock at Phase 2 on day 40 - cascade propagation
735,6,Logistics & Vaulting_Entity,USA,2025-04-02,daily_state,ndc_balance,313.5,233.1,161.86,59.87,0.0154,index,simulated,Synthetic Generator - Shock,,Supply shock at Phase 2 on day 40 - cascade propagation
736,7,Exchange Registration_Entity,USA,2025-04-02,daily_state,ndc_balance,297.46,190.22,115.66,48.62,0.0087,index,simulated,Synthetic Generator - Shock,,Supply shock at Phase 2 on day 40 - cascade propagation
737,0,Geological Prospecting_Entity,USA,2025-04-03,daily_state,ndc_balance,272.16,240.18,202.12,79.06,0.0968,index,simulated,Synthetic Generator - Shock,,Supply shock at Phase 2 on day 40 - cascade propagation
738,1,Mine Extraction_Entity,USA,2025-04-03,daily_state,ndc_balance,250.98,250.68,250.23,99.76,9.9111,index,simulated,Synthetic Generator - Shock,,Supply shock at Phase 2 on day 40 - cascade propagation
739,2,Ore Processing_Entity,USA,2025-04-03,daily_state,ndc_balance,254.09,170.61,107.93,51.84,0.0143,index,simulated,Synthetic Generator - Shock,,Supply shock at Phase 2 on day 40 - cascade propagation
740,3,Doré Production_Entity,USA,2025-04-03,daily_state,ndc_balance,329.37,200.53,117.53,45.73,0.006,index,simulated,Synthetic Generator - Shock,,Supply shock at Phase 2 on day 40 - cascade propagation
741,4,Refining_Entity,USA,2025-04-03,daily_state,ndc_balance,314.38,198.85,119.9,47.95,0.0075,index,simulated,Synthetic Generator - Shock,,Supply shock at Phase 2 on day 40 - cascade propagation
742,5,Bar Casting & Assay_Entity,USA,2025-04-03,daily_state,ndc_balance,317.34,195.99,116.08,46.54,0.0068,index,simulated,Synthetic Generator - Shock,,Supply shock at Phase 2 on day 40 - cascade propagation
743,6,Logistics & Vaulting_Entity,USA,2025-04-03,daily_state,ndc_balance,309.99,216.54,141.77,54.72,0.0114,index,simulated,Synthetic Generator - Shock,,Supply shock at Phase 2 on day 40 - cascade propagation
744,7,Exchange Registration_Entity,USA,2025-04-03,daily_state,ndc_balance,332.74,167.86,87.73,37.12,0.0037,index,simulated,Synthetic Generator - Shock,,Supply shock at Phase 2 on day 40 - cascade propagation
745,0,Geological Prospecting_Entity,USA,2025-04-04,daily_state,ndc_balance,256.15,228.1,194.18,80.33,0.1255,index,simulated,Synthetic Generator - Shock,,Supply shock at Phase 2 on day 40 - cascade propagation
746,1,Mine Extraction_Entity,USA,2025-04-04,daily_state,ndc_balance,251.34,247.75,242.51,97.18,4.3689,index,simulated,Synthetic Generator - Shock,,Supply shock at Phase 2 on day 40 - cascade propagation
747,2,Ore Processing_Entity,USA,2025-04-04,daily_state,ndc_balance,260.04,147.76,82.65,42.16,0.0079,index,simulated,Synthetic Generator - Shock,,Supply shock at Phase 2 on day 40 - cascade propagation
748,3,Doré Production_Entity,USA,2025-04-04,daily_state,ndc_balance,281.3,177.63,106.96,47.85,0.0093,index,simulated,Synthetic Generator - Shock,,Supply shock at Phase 2 on day 40 - cascade propagation
749,4,Refining_Entity,USA,2025-04-04,daily_state,ndc_balance,323.45,145.67,72.31,33.31,0.0032,index,simulated,Synthetic Generator - Shock,,Supply shock at Phase 2 on day 40 - cascade propagation
750,5,Bar Casting & Assay_Entity,USA,2025-04-04,daily_state,ndc_balance,327.81,204.38,121.9,47.09,0.0066,index,simulated,Synthetic Generator - Shock,,Supply shock at Phase 2 on day 40 - cascade propagation
751,6,Logistics & Vaulting_Entity,USA,2025-04-04,daily_state,ndc_balance,329.74,191.43,108.58,43.22,0.0052,index,simulated,Synthetic Generator - Shock,,Supply shock at Phase 2 on day 40 - cascade propagation
752,7,Exchange Registration_Entity,USA,2025-04-04,daily_state,ndc_balance,279.08,202.75,137.65,57.87,0.0171,index,simulated,Synthetic Generator - Shock,,Supply shock at Phase 2 on day 40 - cascade propagation
753,0,Geological Prospecting_Entity,USA,2025-04-05,daily_state,ndc_balance,275.12,257.14,233.4,87.75,0.3002,index,simulated,Synthetic Generator - Shock,,Supply shock at Phase 2 on day 40 - cascade propagation
754,1,Mine Extraction_Entity,USA,2025-04-05,daily_state,ndc_balance,246.06,242.06,236.25,96.8,3.8486,index,simulated,Synthetic Generator - Shock,,Supply shock at Phase 2 on day 40 - cascade propagation
755,2,Ore Processing_Entity,USA,2025-04-05,daily_state,ndc_balance,242.01,133.61,73.42,40.83,0.0085,index,simulated,Synthetic Generator - Shock,,Supply shock at Phase 2 on day 40 - cascade propagation
756,3,Doré Production_Entity,USA,2025-04-05,daily_state,ndc_balance,324.33,173.44,93.54,39.44,0.0044,index,simulated,Synthetic Generator - Shock,,Supply shock at Phase 2 on day 40 - cascade propagation
757,4,Refining_Entity,USA,2025-04-05,daily_state,ndc_balance,296.59,175.13,100.47,44.08,0.0068,index,simulated,Synthetic Generator - Shock,,Supply shock at Phase 2 on day 40 - cascade propagation
758,5,Bar Casting & Assay_Entity,USA,2025-04-05,daily_state,ndc_balance,287.65,197.64,127.52,53.48,0.0123,index,simulated,Synthetic Generator - Shock,,Supply shock at Phase 2 on day 40 - cascade propagation
759,6,Logistics & Vaulting_Entity,USA,2025-04-05,daily_state,ndc_balance,327.42,191.67,109.32,43.64,0.0054,index,simulated,Synthetic Generator - Shock,,Supply shock at Phase 2 on day 40 - cascade propagation
760,7,Exchange Registration_Entity,USA,2025-04-05,daily_state,ndc_balance,287.41,210.12,143.51,58.4,0.0167,index,simulated,Synthetic Generator - Shock,,Supply shock at Phase 2 on day 40 - cascade propagation
761,0,Geological Prospecting_Entity,USA,2025-04-06,daily_state,ndc_balance,281.29,228.87,174.78,68.89,0.0363,index,simulated,Synthetic Generator - Shock,,Supply shock at Phase 2 on day 40 - cascade propagation
762,1,Mine Extraction_Entity,USA,2025-04-06,daily_state,ndc_balance,248.82,249.78,247.39,99.23,9.1558,index,simulated,Synthetic Generator - Shock,,Supply shock at Phase 2 on day 40 - cascade propagation
763,2,Ore Processing_Entity,USA,2025-04-06,daily_state,ndc_balance,274.33,139.6,73.28,37.45,0.0055,index,simulated,Synthetic Generator - Shock,,Supply shock at Phase 2 on day 40 - cascade propagation
764,3,Doré Production_Entity,USA,2025-04-06,daily_state,ndc_balance,290.01,206.37,137.41,56.17,0.0143,index,simulated,Synthetic Generator - Shock,,Supply shock at Phase 2 on day 40 - cascade propagation
765,4,Refining_Entity,USA,2025-04-06,daily_state,ndc_balance,321.99,195.11,113.97,45.47,0.0062,index,simulated,Synthetic Generator - Shock,,Supply shock at Phase 2 on day 40 - cascade propagation
766,5,Bar Casting & Assay_Entity,USA,2025-04-06,daily_state,ndc_balance,301.63,212.9,140.71,55.53,0.0127,index,simulated,Synthetic Generator - Shock,,Supply shock at Phase 2 on day 40 - cascade propagation
767,6,Logistics & Vaulting_Entity,USA,2025-04-06,daily_state,ndc_balance,317.92,181.17,101.53,42.3,0.0053,index,simulated,Synthetic Generator - Shock,,Supply shock at Phase 2 on day 40 - cascade propagation
768,7,Exchange Registration_Entity,USA,2025-04-06,daily_state,ndc_balance,310.74,170.67,93.49,40.6,0.0051,index,simulated,Synthetic Generator - Shock,,Supply shock at Phase 2 on day 40 - cascade propagation
769,0,Geological Prospecting_Entity,USA,2025-04-07,daily_state,ndc_balance,266.29,235.78,199.26,79.52,0.1063,index,simulated,Synthetic Generator - Shock,,Supply shock at Phase 2 on day 40 - cascade propagation
770,1,Mine Extraction_Entity,USA,2025-04-07,daily_state,ndc_balance,249.46,239.91,226.6,92.62,0.987,index,simulated,Synthetic Generator - Shock,,Supply shock at Phase 2 on day 40 - cascade propagation
771,2,Ore Processing_Entity,USA,2025-04-07,daily_state,ndc_balance,250.6,167.9,106.01,51.68,0.0146,index,simulated,Synthetic Generator - Shock,,Supply shock at Phase 2 on day 40 - cascade propagation
772,3,Doré Production_Entity,USA,2025-04-07,daily_state,ndc_balance,318.87,192.18,111.84,45.18,0.0062,index,simulated,Synthetic Generator - Shock,,Supply shock at Phase 2 on day 40 - cascade propagation
773,4,Refining_Entity,USA,2025-04-07,daily_state,ndc_balance,321.46,202.21,121.41,47.62,0.007,index,simulated,Synthetic Generator - Shock,,Supply shock at Phase 2 on day 40 - cascade propagation
774,5,Bar Casting & Assay_Entity,USA,2025-04-07,daily_state,ndc_balance,303.6,192.76,116.55,48.18,0.0081,index,simulated,Synthetic Generator - Shock,,Supply shock at Phase 2 on day 40 - cascade propagation
775,6,Logistics & Vaulting_Entity,USA,2025-04-07,daily_state,ndc_balance,307.78,204.09,127.77,50.98,0.0093,index,simulated,Synthetic Generator - Shock,,Supply shock at Phase 2 on day 40 - cascade propagation
776,7,Exchange Registration_Entity,USA,2025-04-07,daily_state,ndc_balance,304.49,187.97,111.29,46.52,0.0074,index,simulated,Synthetic Generator - Shock,,Supply shock at Phase 2 on day 40 - cascade propagation
777,0,Geological Prospecting_Entity,USA,2025-04-08,daily_state,ndc_balance,285.53,257.42,222.65,82.12,0.1249,index,simulated,Synthetic Generator - Shock,,Supply shock at Phase 2 on day 40 - cascade propagation
778,1,Mine Extraction_Entity,USA,2025-04-08,daily_state,ndc_balance,244.59,250.78,235.74,95.19,2.0719,index,simulated,Synthetic Generator - Shock,,Supply shock at Phase 2 on day 40 - cascade propagation
779,2,Ore Processing_Entity,USA,2025-04-08,daily_state,ndc_balance,251.78,157.83,94.52,47.41,0.0113,index,simulated,Synthetic Generator - Shock,,Supply shock at Phase 2 on day 40 - cascade propagation
780,3,Doré Production_Entity,USA,2025-04-08,daily_state,ndc_balance,312.06,216.41,140.78,54.17,0.0109,index,simulated,Synthetic Generator - Shock,,Supply shock at Phase 2 on day 40 - cascade propagation
781,4,Refining_Entity,USA,2025-04-08,daily_state,ndc_balance,315.18,193.88,114.49,46.31,0.0068,index,simulated,Synthetic Generator - Shock,,Supply shock at Phase 2 on day 40 - cascade propagation
782,5,Bar Casting & Assay_Entity,USA,2025-04-08,daily_state,ndc_balance,325.63,199.2,117.15,46.0,0.0063,index,simulated,Synthetic Generator - Shock,,Supply shock at Phase 2 on day 40 - cascade propagation
783,6,Logistics & Vaulting_Entity,USA,2025-04-08,daily_state,ndc_balance,311.82,200.65,122.61,49.02,0.0081,index,simulated,Synthetic Generator - Shock,,Supply shock at Phase 2 on day 40 - cascade propagation
784,7,Exchange Registration_Entity,USA,2025-04-08,daily_state,ndc_balance,308.6,195.17,117.66,47.94,0.0078,index,simulated,Synthetic Generator - Shock,,Supply shock at Phase 2 on day 40 - cascade propagation
785,0,Geological Prospecting_Entity,USA,2025-04-09,daily_state,ndc_balance,247.2,226.98,201.13,84.91,0.2387,index,simulated,Synthetic Generator - Shock,,Supply shock at Phase 2 on day 40 - cascade propagation
786,1,Mine Extraction_Entity,USA,2025-04-09,daily_state,ndc_balance,241.02,215.44,184.3,80.88,0.1506,index,simulated,Synthetic Generator - Shock,,Supply shock at Phase 2 on day 40 - cascade propagation
787,2,Ore Processing_Entity,USA,2025-04-09,daily_state,ndc_balance,236.8,146.51,86.89,46.65,0.0123,index,simulated,Synthetic Generator - Shock,,Supply shock at Phase 2 on day 40 - cascade propagation
788,3,Doré Production_Entity,USA,2025-04-09,daily_state,ndc_balance,311.55,190.12,111.62,45.86,0.0068,index,simulated,Synthetic Generator - Shock,,Supply shock at Phase 2 on day 40 - cascade propagation
789,4,Refining_Entity,USA,2025-04-09,daily_state,ndc_balance,274.66,223.34,170.45,68.82,0.0378,index,simulated,Synthetic Generator - Shock,,Supply shock at Phase 2 on day 40 - cascade propagation
790,5,Bar Casting & Assay_Entity,USA,2025-04-09,daily_state,ndc_balance,326.3,203.02,120.9,46.97,0.0066,index,simulated,Synthetic Generator - Shock,,Supply shock at Phase 2 on day 40 - cascade propagation
791,6,Logistics & Vaulting_Entity,USA,2025-04-09,daily_state,ndc_balance,338.61,177.41,94.59,38.59,0.0038,index,simulated,Synthetic Generator - Shock,,Supply shock at Phase 2 on day 40 - cascade propagation
792,7,Exchange Registration_Entity,USA,2025-04-09,daily_state,ndc_balance,338.31,177.63,94.81,38.68,0.0039,index,simulated,Synthetic Generator - Shock,,Supply shock at Phase 2 on day 40 - cascade propagation
793,0,Geological Prospecting_Entity,USA,2025-04-10,daily_state,ndc_balance,259.58,217.57,171.94,72.35,0.0563,index,simulated,Synthetic Generator - Shock,,Supply shock at Phase 2 on day 40 - cascade propagation
794,1,Mine Extraction_Entity,USA,2025-04-10,daily_state,ndc_balance,256.22,247.45,235.14,93.38,1.1507,index,simulated,Synthetic Generator - Shock,,Supply shock at Phase 2 on day 40 - cascade propagation
795,2,Ore Processing_Entity,USA,2025-04-10,daily_state,ndc_balance,247.68,164.28,102.86,50.99,0.0144,index,simulated,Synthetic Generator - Shock,,Supply shock at Phase 2 on day 40 - cascade propagation
796,3,Doré Production_Entity,USA,2025-04-10,daily_state,ndc_balance,311.49,185.6,107.14,44.56,0.0063,index,simulated,Synthetic Generator - Shock,,Supply shock at Phase 2 on day 40 - cascade propagation
797,4,Refining_Entity,USA,2025-04-10,daily_state,ndc_balance,301.5,209.6,136.64,54.36,0.0118,index,simulated,Synthetic Generator - Shock,,Supply shock at Phase 2 on day 40 - cascade propagation
798,5,Bar Casting & Assay_Entity,USA,2025-04-10,daily_state,ndc_balance,300.19,211.48,139.52,55.37,0.0127,index,simulated,Synthetic Generator - Shock,,Supply shock at Phase 2 on day 40 - cascade propagation
799,6,Logistics & Vaulting_Entity,USA,2025-04-10,daily_state,ndc_balance,328.34,164.96,86.03,36.97,0.0037,index,simulated,Synthetic Generator - Shock,,Supply shock at Phase 2 on day 40 - cascade propagation
800,7,Exchange Registration_Entity,USA,2025-04-10,daily_state,ndc_balance,326.99,232.09,154.17,55.96,0.0111,index,simulated,Synthetic Generator - Shock,,Supply shock at Phase 2 on day 40 - cascade propagation
801,0,Geological Prospecting_Entity,USA,2025-04-11,daily_state,ndc_balance,259.78,251.28,239.32,93.67,1.2167,index,simulated,Synthetic Generator - Shock,,Supply shock at Phase 2 on day 40 - cascade propagation
802,1,Mine Extraction_Entity,USA,2025-04-11,daily_state,ndc_balance,271.56,235.54,193.99,76.7,0.0765,index,simulated,Synthetic Generator - Shock,,Supply shock at Phase 2 on day 40 - cascade propagation
803,2,Ore Processing_Entity,USA,2025-04-11,daily_state,ndc_balance,252.73,123.72,63.7,36.02,0.006,index,simulated,Synthetic Generator - Shock,,Supply shock at Phase 2 on day 40 - cascade propagation
804,3,Doré Production_Entity,USA,2025-04-11,daily_state,ndc_balance,312.08,203.97,126.18,50.01,0.0085,index,simulated,Synthetic Generator - Shock,,Supply shock at Phase 2 on day 40 - cascade propagation
805,4,Refining_Entity,USA,2025-04-11,daily_state,ndc_balance,317.74,214.18,135.93,52.11,0.0093,index,simulated,Synthetic Generator - Shock,,Supply shock at Phase 2 on day 40 - cascade propagation
806,5,Bar Casting & Assay_Entity,USA,2025-04-11,daily_state,ndc_balance,298.38,185.41,110.31,46.9,0.0078,index,simulated,Synthetic Generator - Shock,,Supply shock at Phase 2 on day 40 - cascade propagation
807,6,Logistics & Vaulting_Entity,USA,2025-04-11,daily_state,ndc_balance,338.43,192.29,107.56,42.16,0.0047,index,simulated,Synthetic Generator - Shock,,Supply shock at Phase 2 on day 40 - cascade propagation
808,7,Exchange Registration_Entity,USA,2025-04-11,daily_state,ndc_balance,313.0,193.79,114.98,46.69,0.007,index,simulated,Synthetic Generator - Shock,,Supply shock at Phase 2 on day 40 - cascade propagation
809,0,Geological Prospecting_Entity,USA,2025-04-12,daily_state,ndc_balance,243.67,269.72,211.34,82.44,0.1452,index,simulated,Synthetic Generator - Shock,,Supply shock at Phase 2 on day 40 - cascade propagation
810,1,Mine Extraction_Entity,USA,2025-04-12,daily_state,ndc_balance,248.08,220.21,186.69,79.87,0.1271,index,simulated,Synthetic Generator - Shock,,Supply shock at Phase 2 on day 40 - cascade propagation
811,2,Ore Processing_Entity,USA,2025-04-12,daily_state,ndc_balance,243.24,109.97,54.67,33.43,0.0056,index,simulated,Synthetic Generator - Shock,,Supply shock at Phase 2 on day 40 - cascade propagation
812,3,Doré Production_Entity,USA,2025-04-12,daily_state,ndc_balance,300.23,177.57,101.99,44.17,0.0066,index,simulated,Synthetic Generator - Shock,,Supply shock at Phase 2 on day 40 - cascade propagation
813,4,Refining_Entity,USA,2025-04-12,daily_state,ndc_balance,319.26,182.88,102.83,42.56,0.0054,index,simulated,Synthetic Generator - Shock,,Supply shock at Phase 2 on day 40 - cascade propagation
814,5,Bar Casting & Assay_Entity,USA,2025-04-12,daily_state,ndc_balance,323.32,220.17,140.96,52.83,0.0094,index,simulated,Synthetic Generator - Shock,,Supply shock at Phase 2 on day 40 - cascade propagation
815,6,Logistics & Vaulting_Entity,USA,2025-04-12,daily_state,ndc_balance,321.72,191.12,110.11,44.4,0.0059,index,simulated,Synthetic Generator - Shock,,Supply shock at Phase 2 on day 40 - cascade propagation
816,7,Exchange Registration_Entity,USA,2025-04-12,daily_state,ndc_balance,312.12,167.55,90.56,39.6,0.0048,index,simulated,Synthetic Generator - Shock,,Supply shock at Phase 2 on day 40 - cascade propagation
817,0,Geological Prospecting_Entity,USA,2025-04-13,daily_state,ndc_balance,253.99,225.01,190.29,79.6,0.1177,index,simulated,Synthetic Generator - Shock,,Supply shock at Phase 2 on day 40 - cascade propagation
818,1,Mine Extraction_Entity,USA,2025-04-13,daily_state,ndc_balance,266.41,286.81,239.78,86.74,0.2348,index,simulated,Synthetic Generator - Shock,,Supply shock at Phase 2 on day 40 - cascade propagation
819,2,Ore Processing_Entity,USA,2025-04-13,daily_state,ndc_balance,257.5,110.18,53.64,31.85,0.0046,index,simulated,Synthetic Generator - Shock,,Supply shock at Phase 2 on day 40 - cascade propagation
820,3,Doré Production_Entity,USA,2025-04-13,daily_state,ndc_balance,304.58,197.2,121.09,49.41,0.0087,index,simulated,Synthetic Generator - Shock,,Supply shock at Phase 2 on day 40 - cascade propagation
821,4,Refining_Entity,USA,2025-04-13,daily_state,ndc_balance,311.31,181.85,103.57,43.53,0.006,index,simulated,Synthetic Generator - Shock,,Supply shock at Phase 2 on day 40 - cascade propagation
822,5,Bar Casting & Assay_Entity,USA,2025-04-13,daily_state,ndc_balance,313.68,172.63,94.68,40.69,0.005,index,simulated,Synthetic Generator - Shock,,Supply shock at Phase 2 on day 40 - cascade propagation
823,6,Logistics & Vaulting_Entity,USA,2025-04-13,daily_state,ndc_balance,295.83,206.62,135.27,54.71,0.0126,index,simulated,Synthetic Generator - Shock,,Supply shock at Phase 2 on day 40 - cascade propagation
824,7,Exchange Registration_Entity,USA,2025-04-13,daily_state,ndc_balance,294.77,204.69,133.31,54.27,0.0123,index,simulated,Synthetic Generator - Shock,,Supply shock at Phase 2 on day 40 - cascade propagation
825,0,Geological Prospecting_Entity,USA,2025-04-14,daily_state,ndc_balance,235.46,272.27,193.21,76.31,0.0733,index,simulated,Synthetic Generator - Shock,,Supply shock at Phase 2 on day 40 - cascade propagation
826,1,Mine Extraction_Entity,USA,2025-04-14,daily_state,ndc_balance,244.39,236.47,225.33,93.73,1.3774,index,simulated,Synthetic Generator - Shock,,Supply shock at Phase 2 on day 40 - cascade propagation
827,2,Ore Processing_Entity,USA,2025-04-14,daily_state,ndc_balance,254.96,138.69,75.54,40.17,0.0074,index,simulated,Synthetic Generator - Shock,,Supply shock at Phase 2 on day 40 - cascade propagation
828,3,Doré Production_Entity,USA,2025-04-14,daily_state,ndc_balance,312.15,205.36,127.72,50.45,0.0088,index,simulated,Synthetic Generator - Shock,,Supply shock at Phase 2 on day 40 - cascade propagation
829,4,Refining_Entity,USA,2025-04-14,daily_state,ndc_balance,324.41,209.25,128.1,49.17,0.0075,index,simulated,Synthetic Generator - Shock,,Supply shock at Phase 2 on day 40 - cascade propagation
830,5,Bar Casting & Assay_Entity,USA,2025-04-14,daily_state,ndc_balance,307.42,192.36,115.04,47.3,0.0075,index,simulated,Synthetic Generator - Shock,,Supply shock at Phase 2 on day 40 - cascade propagation
831,6,Logistics & Vaulting_Entity,USA,2025-04-14,daily_state,ndc_balance,345.24,212.1,125.13,46.24,0.0056,index,simulated,Synthetic Generator - Shock,,Supply shock at Phase 2 on day 40 - cascade propagation
832,7,Exchange Registration_Entity,USA,2025-04-14,daily_state,ndc_balance,296.17,196.8,123.41,51.12,0.0101,index,simulated,Synthetic Generator - Shock,,Supply shock at Phase 2 on day 40 - cascade propagation
833,0,Geological Prospecting_Entity,USA,2025-04-15,daily_state,ndc_balance,250.97,238.06,220.54,90.22,0.5661,index,simulated,Synthetic Generator - Shock,,Supply shock at Phase 2 on day 40 - cascade propagation
834,1,Mine Extraction_Entity,USA,2025-04-15,daily_state,ndc_balance,237.56,233.09,226.62,96.3,3.3333,index,simulated,Synthetic Generator - Shock,,Supply shock at Phase 2 on day 40 - cascade propagation
835,2,Ore Processing_Entity,USA,2025-04-15,daily_state,ndc_balance,277.17,161.58,91.9,43.43,0.0075,index,simulated,Synthetic Generator - Shock,,Supply shock at Phase 2 on day 40 - cascade propagation
836,3,Doré Production_Entity,USA,2025-04-15,daily_state,ndc_balance,272.63,216.9,161.57,66.44,0.0321,index,simulated,Synthetic Generator - Shock,,Supply shock at Phase 2 on day 40 - cascade propagation
837,4,Refining_Entity,USA,2025-04-15,daily_state,ndc_balance,326.34,188.53,106.59,42.97,0.0053,index,simulated,Synthetic Generator - Shock,,Supply shock at Phase 2 on day 40 - cascade propagation
838,5,Bar Casting & Assay_Entity,USA,2025-04-15,daily_state,ndc_balance,320.76,179.53,99.48,41.45,0.005,index,simulated,Synthetic Generator - Shock,,Supply shock at Phase 2 on day 40 - cascade propagation
839,6,Logistics & Vaulting_Entity,USA,2025-04-15,daily_state,ndc_balance,302.95,221.97,151.94,58.59,0.0152,index,simulated,Synthetic Generator - Shock,,Supply shock at Phase 2 on day 40 - cascade propagation
840,7,Exchange Registration_Entity,USA,2025-04-15,daily_state,ndc_balance,305.92,161.34,86.34,38.86,0.0048,index,simulated,Synthetic Generator - Shock,,Supply shock at Phase 2 on day 40 - cascade propagation
841,0,Geological Prospecting_Entity,USA,2025-04-16,daily_state,ndc_balance,255.05,239.09,217.88,88.23,0.3775,index,simulated,Synthetic Generator - Shock,,Supply shock at Phase 2 on day 40 - cascade propagation
842,1,Mine Extraction_Entity,USA,2025-04-16,daily_state,ndc_balance,273.98,240.76,201.53,78.47,0.0898,index,simulated,Synthetic Generator - Shock,,Supply shock at Phase 2 on day 40 - cascade propagation
843,2,Ore Processing_Entity,USA,2025-04-16,daily_state,ndc_balance,243.68,170.9,112.3,55.03,0.0188,index,simulated,Synthetic Generator - Shock,,Supply shock at Phase 2 on day 40 - cascade propagation
844,3,Doré Production_Entity,USA,2025-04-16,daily_state,ndc_balance,311.81,181.5,103.13,43.35,0.0059,index,simulated,Synthetic Generator - Shock,,Supply shock at Phase 2 on day 40 - cascade propagation
845,4,Refining_Entity,USA,2025-04-16,daily_state,ndc_balance,327.32,198.49,116.0,45.51,0.006,index,simulated,Synthetic Generator - Shock,,Supply shock at Phase 2 on day 40 - cascade propagation
846,5,Bar Casting & Assay_Entity,USA,2025-04-16,daily_state,ndc_balance,310.04,198.2,120.49,48.6,0.008,index,simulated,Synthetic Generator - Shock,,Supply shock at Phase 2 on day 40 - cascade propagation
847,6,Logistics & Vaulting_Entity,USA,2025-04-16,daily_state,ndc_balance,293.94,185.5,111.65,47.82,0.0085,index,simulated,Synthetic Generator - Shock,,Supply shock at Phase 2 on day 40 - cascade propagation
848,7,Exchange Registration_Entity,USA,2025-04-16,daily_state,ndc_balance,310.05,191.5,113.41,46.54,0.0071,index,simulated,Synthetic Generator - Shock,,Supply shock at Phase 2 on day 40 - cascade propagation
849,0,Geological Prospecting_Entity,USA,2025-04-17,daily_state,ndc_balance,275.09,244.41,207.47,80.01,0.1052,index,simulated,Synthetic Generator - Shock,,Supply shock at Phase 2 on day 40 - cascade propagation
850,1,Mine Extraction_Entity,USA,2025-04-17,daily_state,ndc_balance,268.82,240.67,206.29,81.1,0.1246,index,simulated,Synthetic Generator - Shock,,Supply shock at Phase 2 on day 40 - cascade propagation
851,2,Ore Processing_Entity,USA,2025-04-17,daily_state,ndc_balance,265.84,157.95,91.0,44.41,0.0086,index,simulated,Synthetic Generator - Shock,,Supply shock at Phase 2 on day 40 - cascade propagation
852,3,Doré Production_Entity,USA,2025-04-17,daily_state,ndc_balance,310.2,194.76,116.77,47.51,0.0075,index,simulated,Synthetic Generator - Shock,,Supply shock at Phase 2 on day 40 - cascade propagation
853,4,Refining_Entity,USA,2025-04-17,daily_state,ndc_balance,295.68,204.12,132.25,53.83,0.0119,index,simulated,Synthetic Generator - Shock,,Supply shock at Phase 2 on day 40 - cascade propagation
854,5,Bar Casting & Assay_Entity,USA,2025-04-17,daily_state,ndc_balance,309.4,185.96,108.01,45.03,0.0066,index,simulated,Synthetic Generator - Shock,,Supply shock at Phase 2 on day 40 - cascade propagation
855,6,Logistics & Vaulting_Entity,USA,2025-04-17,daily_state,ndc_balance,326.6,172.5,92.38,38.92,0.0042,index,simulated,Synthetic Generator - Shock,,Supply shock at Phase 2 on day 40 - cascade propagation
856,7,Exchange Registration_Entity,USA,2025-04-17,daily_state,ndc_balance,303.66,213.5,140.6,55.22,0.0123,index,simulated,Synthetic Generator - Shock,,Supply shock at Phase 2 on day 40 - cascade propagation
857,0,Geological Prospecting_Entity,USA,2025-04-18,daily_state,ndc_balance,260.73,239.64,212.62,85.06,0.2198,index,simulated,Synthetic Generator - Shock,,Supply shock at Phase 2 on day 40 - cascade propagation
858,1,Mine Extraction_Entity,USA,2025-04-18,daily_state,ndc_balance,259.77,243.73,222.4,88.39,0.3743,index,simulated,Synthetic Generator - Shock,,Supply shock at Phase 2 on day 40 - cascade propagation
859,2,Ore Processing_Entity,USA,2025-04-18,daily_state,ndc_balance,227.25,143.01,85.9,47.65,0.0141,index,simulated,Synthetic Generator - Shock,,Supply shock at Phase 2 on day 40 - cascade propagation
860,3,Doré Production_Entity,USA,2025-04-18,daily_state,ndc_balance,334.25,183.13,100.17,40.49,0.0044,index,simulated,Synthetic Generator - Shock,,Supply shock at Phase 2 on day 40 - cascade propagation
861,4,Refining_Entity,USA,2025-04-18,daily_state,ndc_balance,305.23,185.25,108.34,45.56,0.0069,index,simulated,Synthetic Generator - Shock,,Supply shock at Phase 2 on day 40 - cascade propagation
862,5,Bar Casting & Assay_Entity,USA,2025-04-18,daily_state,ndc_balance,308.69,184.5,106.74,44.73,0.0065,index,simulated,Synthetic Generator - Shock,,Supply shock at Phase 2 on day 40 - cascade propagation
863,6,Logistics & Vaulting_Entity,USA,2025-04-18,daily_state,ndc_balance,317.3,198.55,118.74,47.31,0.0071,index,simulated,Synthetic Generator - Shock,,Supply shock at Phase 2 on day 40 - cascade propagation
864,7,Exchange Registration_Entity,USA,2025-04-18,daily_state,ndc_balance,321.6,176.08,96.27,40.46,0.0047,index,simulated,Synthetic Generator - Shock,,Supply shock at Phase 2 on day 40 - cascade propagation
865,0,Geological Prospecting_Entity,USA,2025-04-19,daily_state,ndc_balance,250.89,236.44,217.05,89.11,0.4566,index,simulated,Synthetic Generator - Shock,,Supply shock at Phase 2 on day 40 - cascade propagation
866,1,Mine Extraction_Entity,USA,2025-04-19,daily_state,ndc_balance,262.83,226.22,184.55,75.68,0.074,index,simulated,Synthetic Generator - Shock,,Supply shock at Phase 2 on day 40 - cascade propagation
867,2,Ore Processing_Entity,USA,2025-04-19,daily_state,ndc_balance,263.73,173.73,108.17,50.53,0.0123,index,simulated,Synthetic Generator - Shock,,Supply shock at Phase 2 on day 40 - cascade propagation
868,3,Doré Production_Entity,USA,2025-04-19,daily_state,ndc_balance,295.17,186.16,112.0,47.78,0.0084,index,simulated,Synthetic Generator - Shock,,Supply shock at Phase 2 on day 40 - cascade propagation
869,4,Refining_Entity,USA,2025-04-19,daily_state,ndc_balance,302.02,242.38,182.29,67.37,0.028,index,simulated,Synthetic Generator - Shock,,Supply shock at Phase 2 on day 40 - cascade propagation
870,5,Bar Casting & Assay_Entity,USA,2025-04-19,daily_state,ndc_balance,303.55,225.2,156.02,59.68,0.0163,index,simulated,Synthetic Generator - Shock,,Supply shock at Phase 2 on day 40 - cascade propagation
871,6,Logistics & Vaulting_Entity,USA,2025-04-19,daily_state,ndc_balance,291.0,177.19,103.86,45.74,0.0077,index,simulated,Synthetic Generator - Shock,,Supply shock at Phase 2 on day 40 - cascade propagation
872,7,Exchange Registration_Entity,USA,2025-04-19,daily_state,ndc_balance,299.7,179.78,104.27,44.92,0.0069,index,simulated,Synthetic Generator - Shock,,Supply shock at Phase 2 on day 40 - cascade propagation
873,0,Geological Prospecting_Entity,USA,2025-04-20,daily_state,ndc_balance,251.98,227.74,197.63,82.5,0.1673,index,simulated,Synthetic Generator - Shock,,Supply shock at Phase 2 on day 40 - cascade propagation
874,1,Mine Extraction_Entity,USA,2025-04-20,daily_state,ndc_balance,243.71,261.35,220.5,87.37,0.3113,index,simulated,Synthetic Generator - Shock,,Supply shock at Phase 2 on day 40 - cascade propagation
875,2,Ore Processing_Entity,USA,2025-04-20,daily_state,ndc_balance,268.36,168.99,101.54,47.68,0.0101,index,simulated,Synthetic Generator - Shock,,Supply shock at Phase 2 on day 40 - cascade propagation
876,3,Doré Production_Entity,USA,2025-04-20,daily_state,ndc_balance,317.86,196.67,116.63,46.65,0.0068,index,simulated,Synthetic Generator - Shock,,Supply shock at Phase 2 on day 40 - cascade propagation
877,4,Refining_Entity,USA,2025-04-20,daily_state,ndc_balance,302.54,177.84,101.72,43.85,0.0064,index,simulated,Synthetic Generator - Shock,,Supply shock at Phase 2 on day 40 - cascade propagation
878,5,Bar Casting & Assay_Entity,USA,2025-04-20,daily_state,ndc_balance,315.44,173.87,95.45,40.76,0.005,index,simulated,Synthetic Generator - Shock,,Supply shock at Phase 2 on day 40 - cascade propagation
879,6,Logistics & Vaulting_Entity,USA,2025-04-20,daily_state,ndc_balance,295.09,215.75,147.38,58.41,0.0159,index,simulated,Synthetic Generator - Shock,,Supply shock at Phase 2 on day 40 - cascade propagation
880,7,Exchange Registration_Entity,USA,2025-04-20,daily_state,ndc_balance,338.51,202.08,116.81,44.66,0.0054,index,simulated,Synthetic Generator - Shock,,Supply shock at Phase 2 on day 40 - cascade propagation
881,0,Geological Prospecting_Entity,USA,2025-04-21,daily_state,ndc_balance,272.6,236.07,194.05,76.49,0.0744,index,simulated,Synthetic Generator - Shock,,Supply shock at Phase 2 on day 40 - cascade propagation
882,1,Mine Extraction_Entity,USA,2025-04-21,daily_state,ndc_balance,235.93,251.52,215.21,88.34,0.3955,index,simulated,Synthetic Generator - Shock,,Supply shock at Phase 2 on day 40 - cascade propagation
883,2,Ore Processing_Entity,USA,2025-04-21,daily_state,ndc_balance,258.54,151.43,86.41,43.67,0.0087,index,simulated,Synthetic Generator - Shock,,Supply shock at Phase 2 on day 40 - cascade propagation
884,3,Doré Production_Entity,USA,2025-04-21,daily_state,ndc_balance,306.36,212.32,138.03,54.12,0.0113,index,simulated,Synthetic Generator - Shock,,Supply shock at Phase 2 on day 40 - cascade propagation
885,4,Refining_Entity,USA,2025-04-21,daily_state,ndc_balance,295.21,181.07,106.7,46.15,0.0077,index,simulated,Synthetic Generator - Shock,,Supply shock at Phase 2 on day 40 - cascade propagation
886,5,Bar Casting & Assay_Entity,USA,2025-04-21,daily_state,ndc_balance,294.88,196.53,123.55,51.32,0.0103,index,simulated,Synthetic Generator - Shock,,Supply shock at Phase 2 on day 40 - cascade propagation
887,6,Logistics & Vaulting_Entity,USA,2025-04-21,daily_state,ndc_balance,293.68,182.68,108.77,46.96,0.0081,index,simulated,Synthetic Generator - Shock,,Supply shock at Phase 2 on day 40 - cascade propagation
888,7,Exchange Registration_Entity,USA,2025-04-21,daily_state,ndc_balance,299.41,190.31,115.17,48.25,0.0084,index,simulated,Synthetic Generator - Shock,,Supply shock at Phase 2 on day 40 - cascade propagation
889,0,Geological Prospecting_Entity,USA,2025-04-22,daily_state,ndc_balance,233.69,242.07,221.93,93.31,1.2464,index,simulated,Synthetic Generator - Shock,,Supply shock at Phase 2 on day 40 - cascade propagation
890,1,Mine Extraction_Entity,USA,2025-04-22,daily_state,ndc_balance,274.71,242.94,204.99,79.35,0.0981,index,simulated,Synthetic Generator - Shock,,Supply shock at Phase 2 on day 40 - cascade propagation
891,2,Ore Processing_Entity,USA,2025-04-22,daily_state,ndc_balance,273.12,176.68,108.41,49.35,0.0107,index,simulated,Synthetic Generator - Shock,,Supply shock at Phase 2 on day 40 - cascade propagation
892,3,Doré Production_Entity,USA,2025-04-22,daily_state,ndc_balance,321.67,196.34,115.29,45.88,0.0064,index,simulated,Synthetic Generator - Shock,,Supply shock at Phase 2 on day 40 - cascade propagation
893,4,Refining_Entity,USA,2025-04-22,daily_state,ndc_balance,310.34,208.75,132.25,51.96,0.0097,index,simulated,Synthetic Generator - Shock,,Supply shock at Phase 2 on day 40 - cascade propagation
894,5,Bar Casting & Assay_Entity,USA,2025-04-22,daily_state,ndc_balance,304.12,161.11,86.43,39.04,0.0049,index,simulated,Synthetic Generator - Shock,,Supply shock at Phase 2 on day 40 - cascade propagation
895,6,Logistics & Vaulting_Entity,USA,2025-04-22,daily_state,ndc_balance,317.38,174.64,95.77,40.68,0.0049,index,simulated,Synthetic Generator - Shock,,Supply shock at Phase 2 on day 40 - cascade propagation
896,7,Exchange Registration_Entity,USA,2025-04-22,daily_state,ndc_balance,295.57,195.0,121.57,50.64,0.0099,index,simulated,Synthetic Generator - Shock,,Supply shock at Phase 2 on day 40 - cascade propagation
897,0,Geological Prospecting_Entity,USA,2025-04-23,daily_state,ndc_balance,254.57,215.08,171.58,73.33,0.0637,index,simulated,Synthetic Generator - Shock,,Supply shock at Phase 2 on day 40 - cascade propagation
898,1,Mine Extraction_Entity,USA,2025-04-23,daily_state,ndc_balance,258.48,257.89,257.01,99.54,9.6616,index,simulated,Synthetic Generator - Shock,,Supply shock at Phase 2 on day 40 - cascade propagation
899,2,Ore Processing_Entity,USA,2025-04-23,daily_state,ndc_balance,233.07,175.45,123.33,60.99,0.03,index,simulated,Synthetic Generator - Shock,,Supply shock at Phase 2 on day 40 - cascade propagation
900,3,Doré Production_Entity,USA,2025-04-23,daily_state,ndc_balance,286.6,233.11,177.96,68.85,0.0348,index,simulated,Synthetic Generator - Shock,,Supply shock at Phase 2 on day 40 - cascade propagation
901,4,Refining_Entity,USA,2025-04-23,daily_state,ndc_balance,303.83,197.62,121.79,49.7,0.0089,index,simulated,Synthetic Generator - Shock,,Supply shock at Phase 2 on day 40 - cascade propagation
902,5,Bar Casting & Assay_Entity,USA,2025-04-23,daily_state,ndc_balance,281.62,193.88,125.31,53.63,0.013,index,simulated,Synthetic Generator - Shock,,Supply shock at Phase 2 on day 40 - cascade propagation
903,6,Logistics & Vaulting_Entity,USA,2025-04-23,daily_state,ndc_balance,313.43,193.45,114.51,46.51,0.0069,index,simulated,Synthetic Generator - Shock,,Supply shock at Phase 2 on day 40 - cascade propagation
904,7,Exchange Registration_Entity,USA,2025-04-23,daily_state,ndc_balance,301.55,177.96,102.06,44.06,0.0065,index,simulated,Synthetic Generator - Shock,,Supply shock at Phase 2 on day 40 - cascade propagation
905,0,Geological Prospecting_Entity,USA,2025-04-24,daily_state,ndc_balance,272.96,241.05,203.04,79.16,0.0973,index,simulated,Synthetic Generator - Shock,,Supply shock at Phase 2 on day 40 - cascade propagation
906,1,Mine Extraction_Entity,USA,2025-04-24,daily_state,ndc_balance,279.11,231.02,179.92,70.85,0.0431,index,simulated,Synthetic Generator - Shock,,Supply shock at Phase 2 on day 40 - cascade propagation
907,2,Ore Processing_Entity,USA,2025-04-24,daily_state,ndc_balance,243.48,166.31,106.76,53.05,0.0168,index,simulated,Synthetic Generator - Shock,,Supply shock at Phase 2 on day 40 - cascade propagation
908,3,Doré Production_Entity,USA,2025-04-24,daily_state,ndc_balance,285.66,173.16,101.17,45.49,0.0079,index,simulated,Synthetic Generator - Shock,,Supply shock at Phase 2 on day 40 - cascade propagation
909,4,Refining_Entity,USA,2025-04-24,daily_state,ndc_balance,326.46,173.91,93.58,39.27,0.0043,index,simulated,Synthetic Generator - Shock,,Supply shock at Phase 2 on day 40 - cascade propagation
910,5,Bar Casting & Assay_Entity,USA,2025-04-24,daily_state,ndc_balance,282.71,228.63,173.42,68.21,0.0341,index,simulated,Synthetic Generator - Shock,,Supply shock at Phase 2 on day 40 - cascade propagation
911,6,Logistics & Vaulting_Entity,USA,2025-04-24,daily_state,ndc_balance,289.09,198.31,127.78,53.36,0.0121,index,simulated,Synthetic Generator - Shock,,Supply shock at Phase 2 on day 40 - cascade propagation
912,7,Exchange Registration_Entity,USA,2025-04-24,daily_state,ndc_balance,311.04,144.41,72.59,34.25,0.0036,index,simulated,Synthetic Generator - Shock,,Supply shock at Phase 2 on day 40 - cascade propagation
913,0,Geological Prospecting_Entity,USA,2025-04-25,daily_state,ndc_balance,251.99,248.57,243.58,97.32,4.6108,index,simulated,Synthetic Generator - Shock,,Supply shock at Phase 2 on day 40 - cascade propagation
914,1,Mine Extraction_Entity,USA,2025-04-25,daily_state,ndc_balance,261.31,256.76,250.16,96.58,3.2558,index,simulated,Synthetic Generator - Shock,,Supply shock at Phase 2 on day 40 - cascade propagation
915,2,Ore Processing_Entity,USA,2025-04-25,daily_state,ndc_balance,244.19,164.25,104.06,51.96,0.0156,index,simulated,Synthetic Generator - Shock,,Supply shock at Phase 2 on day 40 - cascade propagation
916,3,Doré Production_Entity,USA,2025-04-25,daily_state,ndc_balance,299.66,169.61,94.64,41.98,0.0059,index,simulated,Synthetic Generator - Shock,,Supply shock at Phase 2 on day 40 - cascade propagation
917,4,Refining_Entity,USA,2025-04-25,daily_state,ndc_balance,290.53,168.68,95.68,43.22,0.0067,index,simulated,Synthetic Generator - Shock,,Supply shock at Phase 2 on day 40 - cascade propagation
918,5,Bar Casting & Assay_Entity,USA,2025-04-25,daily_state,ndc_balance,325.14,167.74,88.69,37.98,0.004,index,simulated,Synthetic Generator - Shock,,Supply shock at Phase 2 on day 40 - cascade propagation
919,6,Logistics & Vaulting_Entity,USA,2025-04-25,daily_state,ndc_balance,314.11,190.21,111.06,45.44,0.0065,index,simulated,Synthetic Generator - Shock,,Supply shock at Phase 2 on day 40 - cascade propagation
920,7,Exchange Registration_Entity,USA,2025-04-25,daily_state,ndc_balance,308.46,219.54,146.21,56.19,0.0126,index,simulated,Synthetic Generator - Shock,,Supply shock at Phase 2 on day 40 - cascade propagation
921,0,Geological Prospecting_Entity,USA,2025-04-26,daily_state,ndc_balance,249.42,251.51,246.35,98.36,6.9695,index,simulated,Synthetic Generator - Shock,,Supply shock at Phase 2 on day 40 - cascade propagation
922,1,Mine Extraction_Entity,USA,2025-04-26,daily_state,ndc_balance,256.56,237.76,213.32,86.37,0.2752,index,simulated,Synthetic Generator - Shock,,Supply shock at Phase 2 on day 40 - cascade propagation
923,2,Ore Processing_Entity,USA,2025-04-26,daily_state,ndc_balance,284.5,121.17,58.9,31.72,0.0037,index,simulated,Synthetic Generator - Shock,,Supply shock at Phase 2 on day 40 - cascade propagation
924,3,Doré Production_Entity,USA,2025-04-26,daily_state,ndc_balance,329.34,206.82,124.02,47.52,0.0067,index,simulated,Synthetic Generator - Shock,,Supply shock at Phase 2 on day 40 - cascade propagation
925,4,Refining_Entity,USA,2025-04-26,daily_state,ndc_balance,302.81,224.33,155.21,59.55,0.0162,index,simulated,Synthetic Generator - Shock,,Supply shock at Phase 2 on day 40 - cascade propagation
926,5,Bar Casting & Assay_Entity,USA,2025-04-26,daily_state,ndc_balance,282.28,185.61,115.39,50.41,0.0107,index,simulated,Synthetic Generator - Shock,,Supply shock at Phase 2 on day 40 - cascade propagation
927,6,Logistics & Vaulting_Entity,USA,2025-04-26,daily_state,ndc_balance,291.87,202.42,131.68,54.17,0.0125,index,simulated,Synthetic Generator - Shock,,Supply shock at Phase 2 on day 40 - cascade propagation
928,7,Exchange Registration_Entity,USA,2025-04-26,daily_state,ndc_balance,293.3,202.8,131.57,53.95,0.0122,index,simulated,Synthetic Generator - Shock,,Supply shock at Phase 2 on day 40 - cascade propagation
929,0,Geological Prospecting_Entity,USA,2025-04-27,daily_state,ndc_balance,253.2,231.87,204.73,84.49,0.215,index,simulated,Synthetic Generator - Shock,,Supply shock at Phase 2 on day 40 - cascade propagation
930,1,Mine Extraction_Entity,USA,2025-04-27,daily_state,ndc_balance,261.83,235.66,203.4,81.88,0.144,index,simulated,Synthetic Generator - Shock,,Supply shock at Phase 2 on day 40 - cascade propagation
931,2,Ore Processing_Entity,USA,2025-04-27,daily_state,ndc_balance,233.67,206.03,173.19,78.93,0.1292,index,simulated,Synthetic Generator - Shock,,Supply shock at Phase 2 on day 40 - cascade propagation
932,3,Doré Production_Entity,USA,2025-04-27,daily_state,ndc_balance,302.69,155.08,81.7,37.71,0.0046,index,simulated,Synthetic Generator - Shock,,Supply shock at Phase 2 on day 40 - cascade propagation
933,4,Refining_Entity,USA,2025-04-27,daily_state,ndc_balance,297.37,172.19,97.5,43.09,0.0064,index,simulated,Synthetic Generator - Shock,,Supply shock at Phase 2 on day 40 - cascade propagation
934,5,Bar Casting & Assay_Entity,USA,2025-04-27,daily_state,ndc_balance,322.39,200.79,119.66,47.03,0.0068,index,simulated,Synthetic Generator - Shock,,Supply shock at Phase 2 on day 40 - cascade propagation
935,6,Logistics & Vaulting_Entity,USA,2025-04-27,daily_state,ndc_balance,315.98,188.34,108.75,44.58,0.0061,index,simulated,Synthetic Generator - Shock,,Supply shock at Phase 2 on day 40 - cascade propagation
936,7,Exchange Registration_Entity,USA,2025-04-27,daily_state,ndc_balance,305.81,188.32,111.3,46.38,0.0072,index,simulated,Synthetic Generator - Shock,,Supply shock at Phase 2 on day 40 - cascade propagation
937,0,Geological Prospecting_Entity,USA,2025-04-28,daily_state,ndc_balance,254.78,255.54,253.66,99.41,9.4622,index,simulated,Synthetic Generator - Shock,,Supply shock at Phase 2 on day 40 - cascade propagation
938,1,Mine Extraction_Entity,USA,2025-04-28,daily_state,ndc_balance,261.04,249.5,233.61,91.54,0.6986,index,simulated,Synthetic Generator - Shock,,Supply shock at Phase 2 on day 40 - cascade propagation
939,2,Ore Processing_Entity,USA,2025-04-28,daily_state,ndc_balance,257.49,167.69,103.44,49.78,0.0124,index,simulated,Synthetic Generator - Shock,,Supply shock at Phase 2 on day 40 - cascade propagation
940,3,Doré Production_Entity,USA,2025-04-28,daily_state,ndc_balance,314.32,201.46,122.72,48.77,0.0078,index,simulated,Synthetic Generator - Shock,,Supply shock at Phase 2 on day 40 - cascade propagation
941,4,Refining_Entity,USA,2025-04-28,daily_state,ndc_balance,327.83,183.03,101.26,41.34,0.0048,index,simulated,Synthetic Generator - Shock,,Supply shock at Phase 2 on day 40 - cascade propagation
942,5,Bar Casting & Assay_Entity,USA,2025-04-28,daily_state,ndc_balance,297.16,173.65,98.93,43.55,0.0066,index,simulated,Synthetic Generator - Shock,,Supply shock at Phase 2 on day 40 - cascade propagation
943,6,Logistics & Vaulting_Entity,USA,2025-04-28,daily_state,ndc_balance,312.74,161.63,85.54,38.05,0.0044,index,simulated,Synthetic Generator - Shock,,Supply shock at Phase 2 on day 40 - cascade propagation
944,7,Exchange Registration_Entity,USA,2025-04-28,daily_state,ndc_balance,316.93,193.03,113.17,45.76,0.0065,index,simulated,Synthetic Generator - Shock,,Supply shock at Phase 2 on day 40 - cascade propagation
945,0,Geological Prospecting_Entity,USA,2025-04-29,daily_state,ndc_balance,273.02,228.41,180.1,72.12,0.05,index,simulated,Synthetic Generator - Shock,,Supply shock at Phase 2 on day 40 - cascade propagation
946,1,Mine Extraction_Entity,USA,2025-04-29,daily_state,ndc_balance,252.95,260.7,241.97,94.23,1.4275,index,simulated,Synthetic Generator - Shock,,Supply shock at Phase 2 on day 40 - cascade propagation
947,2,Ore Processing_Entity,USA,2025-04-29,daily_state,ndc_balance,270.75,136.4,71.23,37.07,0.0055,index,simulated,Synthetic Generator - Shock,,Supply shock at Phase 2 on day 40 - cascade propagation
948,3,Doré Production_Entity,USA,2025-04-29,daily_state,ndc_balance,312.73,200.3,121.94,48.72,0.0079,index,simulated,Synthetic Generator - Shock,,Supply shock at Phase 2 on day 40 - cascade propagation
949,4,Refining_Entity,USA,2025-04-29,daily_state,ndc_balance,315.6,190.27,110.75,45.19,0.0064,index,simulated,Synthetic Generator - Shock,,Supply shock at Phase 2 on day 40 - cascade propagation
950,5,Bar Casting & Assay_Entity,USA,2025-04-29,daily_state,ndc_balance,329.22,160.99,82.85,35.99,0.0035,index,simulated,Synthetic Generator - Shock,,Supply shock at Phase 2 on day 40 - cascade propagation
951,6,Logistics & Vaulting_Entity,USA,2025-04-29,daily_state,ndc_balance,303.68,203.06,128.01,51.55,0.0099,index,simulated,Synthetic Generator - Shock,,Supply shock at Phase 2 on day 40 - cascade propagation
952,7,Exchange Registration_Entity,USA,2025-04-29,daily_state,ndc_balance,316.86,219.35,142.46,54.04,0.0105,index,simulated,Synthetic Generator - Shock,,Supply shock at Phase 2 on day 40 - cascade propagation
953,0,Geological Prospecting_Entity,USA,2025-04-30,daily_state,ndc_balance,273.97,235.36,191.56,75.44,0.0666,index,simulated,Synthetic Generator - Shock,,Supply shock at Phase 2 on day 40 - cascade propagation
954,1,Mine Extraction_Entity,USA,2025-04-30,daily_state,ndc_balance,275.5,227.65,176.94,70.65,0.0435,index,simulated,Synthetic Generator - Shock,,Supply shock at Phase 2 on day 40 - cascade propagation
955,2,Ore Processing_Entity,USA,2025-04-30,daily_state,ndc_balance,263.96,186.21,123.01,55.48,0.0165,index,simulated,Synthetic Generator - Shock,,Supply shock at Phase 2 on day 40 - cascade propagation
956,3,Doré Production_Entity,USA,2025-04-30,daily_state,ndc_balance,328.22,196.9,114.21,44.92,0.0058,index,simulated,Synthetic Generator - Shock,,Supply shock at Phase 2 on day 40 - cascade propagation
957,4,Refining_Entity,USA,2025-04-30,daily_state,ndc_balance,305.02,167.49,91.73,40.58,0.0053,index,simulated,Synthetic Generator - Shock,,Supply shock at Phase 2 on day 40 - cascade propagation
958,5,Bar Casting & Assay_Entity,USA,2025-04-30,daily_state,ndc_balance,314.66,174.93,96.52,41.14,0.0051,index,simulated,Synthetic Generator - Shock,,Supply shock at Phase 2 on day 40 - cascade propagation
959,6,Logistics & Vaulting_Entity,USA,2025-04-30,daily_state,ndc_balance,298.1,173.57,98.64,43.36,0.0064,index,simulated,Synthetic Generator - Shock,,Supply shock at Phase 2 on day 40 - cascade propagation
960,7,Exchange Registration_Entity,USA,2025-04-30,daily_state,ndc_balance,303.09,194.5,118.59,48.84,0.0085,index,simulated,Synthetic Generator - Shock,,Supply shock at Phase 2 on day 40 - cascade propagation
