record_id,phase_id,entity,country,date,metric_type,metric_category,d_value,c_value,n_value,balance_score,sustainability_index,unit,source_type,source_name,url,notes
1,0,Pre-commercial: degraded ecosystem_Entity,Nigeria,2025-01-01,daily_state,ndc_balance,207.66,204.2,147.54,71.05,1.0178,index,simulated,PDI Synthetic Generator — Baseline,,AUBEB mangrove baseline scenario
2,1,Custodial formalisation_Entity,Cameroon,2025-01-01,daily_state,ndc_balance,218.09,261.63,222.23,84.94,0.6246,index,simulated,PDI Synthetic Generator — Baseline,,AUBEB mangrove baseline scenario
3,2,Data extraction — baseline remote sensing_Entity,Mozambique,2025-01-01,daily_state,ndc_balance,252.16,310.12,231.05,74.5,0.423,index,simulated,PDI Synthetic Generator — Baseline,,AUBEB mangrove baseline scenario
4,3,Specification — carbon quantification_Entity,Madagascar,2025-01-01,daily_state,ndc_balance,261.54,270.73,247.87,91.56,1.1103,index,simulated,PDI Synthetic Generator — Baseline,,AUBEB mangrove baseline scenario
5,4,Certification — verification & registration_Entity,Guinea,2025-01-01,daily_state,ndc_balance,282.25,270.47,217.68,77.12,1.532,index,simulated,PDI Synthetic Generator — Baseline,,AUBEB mangrove baseline scenario
6,5,Commercialisation outward_Entity,Tanzania,2025-01-01,daily_state,ndc_balance,251.7,273.91,223.05,81.43,0.2564,index,simulated,PDI Synthetic Generator — Baseline,,AUBEB mangrove baseline scenario
7,6,Capital return — Conservation Fund deployment_Entity,Benin,2025-01-01,daily_state,ndc_balance,255.08,283.81,236.98,83.5,1.8589,index,simulated,PDI Synthetic Generator — Baseline,,AUBEB mangrove baseline scenario
8,7,Restoration specification — CBEMR design_Entity,Nigeria,2025-01-01,daily_state,ndc_balance,319.0,262.58,272.27,85.35,0.9967,index,simulated,PDI Synthetic Generator — Baseline,,AUBEB mangrove baseline scenario
9,8,Community custodial co-management_Entity,Cameroon,2025-01-01,daily_state,ndc_balance,249.48,247.29,195.17,78.23,1.1112,index,simulated,PDI Synthetic Generator — Baseline,,AUBEB mangrove baseline scenario
10,9,Physical recovery — active regeneration_Entity,Mozambique,2025-01-01,daily_state,ndc_balance,263.33,250.4,251.47,95.5,2.4843,index,simulated,PDI Synthetic Generator — Baseline,,AUBEB mangrove baseline scenario
11,10,Verified restoration — sustained blue economy asset_Entity,Madagascar,2025-01-01,daily_state,ndc_balance,270.46,278.79,273.26,98.02,0.524,index,simulated,PDI Synthetic Generator — Baseline,,AUBEB mangrove baseline scenario
12,0,Pre-commercial: degraded ecosystem_Entity,Nigeria,2025-01-02,daily_state,ndc_balance,199.78,205.53,143.2,69.67,0.968,index,simulated,PDI Synthetic Generator — Baseline,,AUBEB mangrove baseline scenario
13,1,Custodial formalisation_Entity,Cameroon,2025-01-02,daily_state,ndc_balance,215.48,255.5,224.55,87.89,2.3091,index,simulated,PDI Synthetic Generator — Baseline,,AUBEB mangrove baseline scenario
14,2,Data extraction — baseline remote sensing_Entity,Mozambique,2025-01-02,daily_state,ndc_balance,261.85,229.28,235.94,90.11,2.1305,index,simulated,PDI Synthetic Generator — Baseline,,AUBEB mangrove baseline scenario
15,3,Specification — carbon quantification_Entity,Madagascar,2025-01-02,daily_state,ndc_balance,306.76,273.88,249.04,81.18,0.6725,index,simulated,PDI Synthetic Generator — Baseline,,AUBEB mangrove baseline scenario
16,4,Certification — verification & registration_Entity,Guinea,2025-01-02,daily_state,ndc_balance,242.4,266.98,232.62,87.13,1.1189,index,simulated,PDI Synthetic Generator — Baseline,,AUBEB mangrove baseline scenario
17,5,Commercialisation outward_Entity,Tanzania,2025-01-02,daily_state,ndc_balance,222.94,283.6,240.77,84.9,1.1904,index,simulated,PDI Synthetic Generator — Baseline,,AUBEB mangrove baseline scenario
18,6,Capital return — Conservation Fund deployment_Entity,Benin,2025-01-02,daily_state,ndc_balance,251.42,287.62,256.34,89.12,2.1053,index,simulated,PDI Synthetic Generator — Baseline,,AUBEB mangrove baseline scenario
19,7,Restoration specification — CBEMR design_Entity,Nigeria,2025-01-02,daily_state,ndc_balance,272.81,294.22,245.25,83.36,1.6389,index,simulated,PDI Synthetic Generator — Baseline,,AUBEB mangrove baseline scenario
20,8,Community custodial co-management_Entity,Cameroon,2025-01-02,daily_state,ndc_balance,230.84,230.14,191.0,82.74,1.1857,index,simulated,PDI Synthetic Generator — Baseline,,AUBEB mangrove baseline scenario
21,9,Physical recovery — active regeneration_Entity,Mozambique,2025-01-02,daily_state,ndc_balance,265.38,252.05,264.92,99.83,2.6633,index,simulated,PDI Synthetic Generator — Baseline,,AUBEB mangrove baseline scenario
22,10,Verified restoration — sustained blue economy asset_Entity,Madagascar,2025-01-02,daily_state,ndc_balance,284.72,278.87,243.57,85.55,0.334,index,simulated,PDI Synthetic Generator — Baseline,,AUBEB mangrove baseline scenario
23,0,Pre-commercial: degraded ecosystem_Entity,Nigeria,2025-01-03,daily_state,ndc_balance,220.95,179.83,150.44,68.09,0.2257,index,simulated,PDI Synthetic Generator — Baseline,,AUBEB mangrove baseline scenario
24,1,Custodial formalisation_Entity,Cameroon,2025-01-03,daily_state,ndc_balance,219.52,273.85,191.27,69.84,0.3155,index,simulated,PDI Synthetic Generator — Baseline,,AUBEB mangrove baseline scenario
25,2,Data extraction — baseline remote sensing_Entity,Mozambique,2025-01-03,daily_state,ndc_balance,236.83,275.19,240.21,87.29,1.0991,index,simulated,PDI Synthetic Generator — Baseline,,AUBEB mangrove baseline scenario
26,3,Specification — carbon quantification_Entity,Madagascar,2025-01-03,daily_state,ndc_balance,313.94,276.83,275.65,87.8,1.7507,index,simulated,PDI Synthetic Generator — Baseline,,AUBEB mangrove baseline scenario
27,4,Certification — verification & registration_Entity,Guinea,2025-01-03,daily_state,ndc_balance,264.07,285.45,258.68,90.62,1.2178,index,simulated,PDI Synthetic Generator — Baseline,,AUBEB mangrove baseline scenario
28,5,Commercialisation outward_Entity,Tanzania,2025-01-03,daily_state,ndc_balance,259.31,263.76,232.22,88.04,0.7028,index,simulated,PDI Synthetic Generator — Baseline,,AUBEB mangrove baseline scenario
29,6,Capital return — Conservation Fund deployment_Entity,Benin,2025-01-03,daily_state,ndc_balance,249.08,290.5,230.21,79.25,0.3088,index,simulated,PDI Synthetic Generator — Baseline,,AUBEB mangrove baseline scenario
30,7,Restoration specification — CBEMR design_Entity,Nigeria,2025-01-03,daily_state,ndc_balance,291.76,264.0,244.0,83.63,1.9196,index,simulated,PDI Synthetic Generator — Baseline,,AUBEB mangrove baseline scenario
31,8,Community custodial co-management_Entity,Cameroon,2025-01-03,daily_state,ndc_balance,239.45,251.45,197.32,78.47,0.5409,index,simulated,PDI Synthetic Generator — Baseline,,AUBEB mangrove baseline scenario
32,9,Physical recovery — active regeneration_Entity,Mozambique,2025-01-03,daily_state,ndc_balance,274.42,275.86,257.19,93.23,1.6009,index,simulated,PDI Synthetic Generator — Baseline,,AUBEB mangrove baseline scenario
33,10,Verified restoration — sustained blue economy asset_Entity,Madagascar,2025-01-03,daily_state,ndc_balance,250.99,276.89,258.51,93.36,0.4896,index,simulated,PDI Synthetic Generator — Baseline,,AUBEB mangrove baseline scenario
34,0,Pre-commercial: degraded ecosystem_Entity,Nigeria,2025-01-04,daily_state,ndc_balance,192.7,188.57,145.75,75.64,0.893,index,simulated,PDI Synthetic Generator — Baseline,,AUBEB mangrove baseline scenario
35,1,Custodial formalisation_Entity,Cameroon,2025-01-04,daily_state,ndc_balance,209.51,247.8,218.79,88.29,1.0813,index,simulated,PDI Synthetic Generator — Baseline,,AUBEB mangrove baseline scenario
36,2,Data extraction — baseline remote sensing_Entity,Mozambique,2025-01-04,daily_state,ndc_balance,255.31,254.73,267.55,104.79,1.0667,index,simulated,PDI Synthetic Generator — Baseline,,AUBEB mangrove baseline scenario
37,3,Specification — carbon quantification_Entity,Madagascar,2025-01-04,daily_state,ndc_balance,286.73,288.57,246.01,85.25,0.7082,index,simulated,PDI Synthetic Generator — Baseline,,AUBEB mangrove baseline scenario
38,4,Certification — verification & registration_Entity,Guinea,2025-01-04,daily_state,ndc_balance,265.94,287.65,230.84,80.25,1.6909,index,simulated,PDI Synthetic Generator — Baseline,,AUBEB mangrove baseline scenario
39,5,Commercialisation outward_Entity,Tanzania,2025-01-04,daily_state,ndc_balance,255.22,270.36,259.58,96.01,2.6884,index,simulated,PDI Synthetic Generator — Baseline,,AUBEB mangrove baseline scenario
40,6,Capital return — Conservation Fund deployment_Entity,Benin,2025-01-04,daily_state,ndc_balance,259.87,300.38,217.08,72.27,0.3912,index,simulated,PDI Synthetic Generator — Baseline,,AUBEB mangrove baseline scenario
41,7,Restoration specification — CBEMR design_Entity,Nigeria,2025-01-04,daily_state,ndc_balance,268.4,273.02,247.73,90.74,1.0894,index,simulated,PDI Synthetic Generator — Baseline,,AUBEB mangrove baseline scenario
42,8,Community custodial co-management_Entity,Cameroon,2025-01-04,daily_state,ndc_balance,238.87,268.01,195.15,72.81,1.2815,index,simulated,PDI Synthetic Generator — Baseline,,AUBEB mangrove baseline scenario
43,9,Physical recovery — active regeneration_Entity,Mozambique,2025-01-04,daily_state,ndc_balance,236.77,256.42,277.25,108.12,2.105,index,simulated,PDI Synthetic Generator — Baseline,,AUBEB mangrove baseline scenario
44,10,Verified restoration — sustained blue economy asset_Entity,Madagascar,2025-01-04,daily_state,ndc_balance,265.39,270.13,246.3,91.18,0.9154,index,simulated,PDI Synthetic Generator — Baseline,,AUBEB mangrove baseline scenario
45,0,Pre-commercial: degraded ecosystem_Entity,Nigeria,2025-01-05,daily_state,ndc_balance,215.48,196.92,128.35,59.56,0.1612,index,simulated,PDI Synthetic Generator — Baseline,,AUBEB mangrove baseline scenario
46,1,Custodial formalisation_Entity,Cameroon,2025-01-05,daily_state,ndc_balance,206.47,255.34,205.38,80.43,1.6836,index,simulated,PDI Synthetic Generator — Baseline,,AUBEB mangrove baseline scenario
47,2,Data extraction — baseline remote sensing_Entity,Mozambique,2025-01-05,daily_state,ndc_balance,277.48,306.71,251.19,81.9,1.2788,index,simulated,PDI Synthetic Generator — Baseline,,AUBEB mangrove baseline scenario
48,3,Specification — carbon quantification_Entity,Madagascar,2025-01-05,daily_state,ndc_balance,285.2,266.59,246.93,86.58,0.4675,index,simulated,PDI Synthetic Generator — Baseline,,AUBEB mangrove baseline scenario
49,4,Certification — verification & registration_Entity,Guinea,2025-01-05,daily_state,ndc_balance,269.05,264.2,221.55,82.35,0.9709,index,simulated,PDI Synthetic Generator — Baseline,,AUBEB mangrove baseline scenario
50,5,Commercialisation outward_Entity,Tanzania,2025-01-05,daily_state,ndc_balance,247.87,254.83,224.47,88.09,2.191,index,simulated,PDI Synthetic Generator — Baseline,,AUBEB mangrove baseline scenario
51,6,Capital return — Conservation Fund deployment_Entity,Benin,2025-01-05,daily_state,ndc_balance,267.02,296.84,229.98,77.48,1.2687,index,simulated,PDI Synthetic Generator — Baseline,,AUBEB mangrove baseline scenario
52,7,Restoration specification — CBEMR design_Entity,Nigeria,2025-01-05,daily_state,ndc_balance,296.82,267.6,264.54,89.12,1.8508,index,simulated,PDI Synthetic Generator — Baseline,,AUBEB mangrove baseline scenario
53,8,Community custodial co-management_Entity,Cameroon,2025-01-05,daily_state,ndc_balance,250.08,263.49,235.16,89.25,0.3965,index,simulated,PDI Synthetic Generator — Baseline,,AUBEB mangrove baseline scenario
54,9,Physical recovery — active regeneration_Entity,Mozambique,2025-01-05,daily_state,ndc_balance,251.51,254.72,243.68,95.67,2.5807,index,simulated,PDI Synthetic Generator — Baseline,,AUBEB mangrove baseline scenario
55,10,Verified restoration — sustained blue economy asset_Entity,Madagascar,2025-01-05,daily_state,ndc_balance,305.31,249.16,248.88,81.52,1.6952,index,simulated,PDI Synthetic Generator — Baseline,,AUBEB mangrove baseline scenario
56,0,Pre-commercial: degraded ecosystem_Entity,Nigeria,2025-01-06,daily_state,ndc_balance,205.14,195.25,130.78,63.75,1.2053,index,simulated,PDI Synthetic Generator — Baseline,,AUBEB mangrove baseline scenario
57,1,Custodial formalisation_Entity,Cameroon,2025-01-06,daily_state,ndc_balance,211.1,270.32,217.41,80.43,1.3527,index,simulated,PDI Synthetic Generator — Baseline,,AUBEB mangrove baseline scenario
58,2,Data extraction — baseline remote sensing_Entity,Mozambique,2025-01-06,daily_state,ndc_balance,244.18,280.13,240.07,85.7,0.4492,index,simulated,PDI Synthetic Generator — Baseline,,AUBEB mangrove baseline scenario
59,3,Specification — carbon quantification_Entity,Madagascar,2025-01-06,daily_state,ndc_balance,296.68,284.91,254.06,85.63,1.6409,index,simulated,PDI Synthetic Generator — Baseline,,AUBEB mangrove baseline scenario
60,4,Certification — verification & registration_Entity,Guinea,2025-01-06,daily_state,ndc_balance,281.05,278.65,257.4,91.59,0.8495,index,simulated,PDI Synthetic Generator — Baseline,,AUBEB mangrove baseline scenario
61,5,Commercialisation outward_Entity,Tanzania,2025-01-06,daily_state,ndc_balance,226.21,274.55,236.49,86.14,1.0711,index,simulated,PDI Synthetic Generator — Baseline,,AUBEB mangrove baseline scenario
62,6,Capital return — Conservation Fund deployment_Entity,Benin,2025-01-06,daily_state,ndc_balance,254.35,271.77,230.14,84.68,1.7082,index,simulated,PDI Synthetic Generator — Baseline,,AUBEB mangrove baseline scenario
63,7,Restoration specification — CBEMR design_Entity,Nigeria,2025-01-06,daily_state,ndc_balance,271.47,262.35,250.95,92.44,1.2431,index,simulated,PDI Synthetic Generator — Baseline,,AUBEB mangrove baseline scenario
64,8,Community custodial co-management_Entity,Cameroon,2025-01-06,daily_state,ndc_balance,218.09,262.06,196.28,74.9,1.5059,index,simulated,PDI Synthetic Generator — Baseline,,AUBEB mangrove baseline scenario
65,9,Physical recovery — active regeneration_Entity,Mozambique,2025-01-06,daily_state,ndc_balance,267.63,241.22,242.37,90.56,0.574,index,simulated,PDI Synthetic Generator — Baseline,,AUBEB mangrove baseline scenario
66,10,Verified restoration — sustained blue economy asset_Entity,Madagascar,2025-01-06,daily_state,ndc_balance,260.86,281.75,264.43,93.85,2.4023,index,simulated,PDI Synthetic Generator — Baseline,,AUBEB mangrove baseline scenario
67,0,Pre-commercial: degraded ecosystem_Entity,Nigeria,2025-01-07,daily_state,ndc_balance,206.81,177.17,146.71,70.94,0.49,index,simulated,PDI Synthetic Generator — Baseline,,AUBEB mangrove baseline scenario
68,1,Custodial formalisation_Entity,Cameroon,2025-01-07,daily_state,ndc_balance,206.82,294.68,226.39,76.83,1.586,index,simulated,PDI Synthetic Generator — Baseline,,AUBEB mangrove baseline scenario
69,2,Data extraction — baseline remote sensing_Entity,Mozambique,2025-01-07,daily_state,ndc_balance,238.21,284.61,261.97,92.05,2.232,index,simulated,PDI Synthetic Generator — Baseline,,AUBEB mangrove baseline scenario
70,3,Specification — carbon quantification_Entity,Madagascar,2025-01-07,daily_state,ndc_balance,311.97,301.45,252.81,81.04,1.7598,index,simulated,PDI Synthetic Generator — Baseline,,AUBEB mangrove baseline scenario
71,4,Certification — verification & registration_Entity,Guinea,2025-01-07,daily_state,ndc_balance,285.17,276.13,221.7,77.74,1.4905,index,simulated,PDI Synthetic Generator — Baseline,,AUBEB mangrove baseline scenario
72,5,Commercialisation outward_Entity,Tanzania,2025-01-07,daily_state,ndc_balance,291.35,291.56,213.77,73.32,0.5485,index,simulated,PDI Synthetic Generator — Baseline,,AUBEB mangrove baseline scenario
73,6,Capital return — Conservation Fund deployment_Entity,Benin,2025-01-07,daily_state,ndc_balance,261.74,264.41,247.87,93.74,0.7914,index,simulated,PDI Synthetic Generator — Baseline,,AUBEB mangrove baseline scenario
74,7,Restoration specification — CBEMR design_Entity,Nigeria,2025-01-07,daily_state,ndc_balance,256.09,279.36,236.66,84.72,0.8067,index,simulated,PDI Synthetic Generator — Baseline,,AUBEB mangrove baseline scenario
75,8,Community custodial co-management_Entity,Cameroon,2025-01-07,daily_state,ndc_balance,238.86,245.41,203.62,82.97,0.8167,index,simulated,PDI Synthetic Generator — Baseline,,AUBEB mangrove baseline scenario
76,9,Physical recovery — active regeneration_Entity,Mozambique,2025-01-07,daily_state,ndc_balance,253.47,277.98,205.52,73.93,0.5759,index,simulated,PDI Synthetic Generator — Baseline,,AUBEB mangrove baseline scenario
77,10,Verified restoration — sustained blue economy asset_Entity,Madagascar,2025-01-07,daily_state,ndc_balance,269.3,259.2,273.83,101.68,2.9322,index,simulated,PDI Synthetic Generator — Baseline,,AUBEB mangrove baseline scenario
78,0,Pre-commercial: degraded ecosystem_Entity,Nigeria,2025-01-08,daily_state,ndc_balance,198.24,223.84,156.99,70.13,0.3847,index,simulated,PDI Synthetic Generator — Baseline,,AUBEB mangrove baseline scenario
79,1,Custodial formalisation_Entity,Cameroon,2025-01-08,daily_state,ndc_balance,221.72,269.01,223.6,83.12,1.5663,index,simulated,PDI Synthetic Generator — Baseline,,AUBEB mangrove baseline scenario
80,2,Data extraction — baseline remote sensing_Entity,Mozambique,2025-01-08,daily_state,ndc_balance,266.33,263.32,261.33,98.12,1.6183,index,simulated,PDI Synthetic Generator — Baseline,,AUBEB mangrove baseline scenario
81,3,Specification — carbon quantification_Entity,Madagascar,2025-01-08,daily_state,ndc_balance,263.46,286.13,256.28,89.57,0.2443,index,simulated,PDI Synthetic Generator — Baseline,,AUBEB mangrove baseline scenario
82,4,Certification — verification & registration_Entity,Guinea,2025-01-08,daily_state,ndc_balance,284.49,290.12,230.0,79.28,1.4094,index,simulated,PDI Synthetic Generator — Baseline,,AUBEB mangrove baseline scenario
83,5,Commercialisation outward_Entity,Tanzania,2025-01-08,daily_state,ndc_balance,258.82,247.71,229.5,88.67,1.646,index,simulated,PDI Synthetic Generator — Baseline,,AUBEB mangrove baseline scenario
84,6,Capital return — Conservation Fund deployment_Entity,Benin,2025-01-08,daily_state,ndc_balance,264.48,265.16,239.44,90.3,2.1116,index,simulated,PDI Synthetic Generator — Baseline,,AUBEB mangrove baseline scenario
85,7,Restoration specification — CBEMR design_Entity,Nigeria,2025-01-08,daily_state,ndc_balance,277.32,258.46,246.36,88.84,1.0942,index,simulated,PDI Synthetic Generator — Baseline,,AUBEB mangrove baseline scenario
86,8,Community custodial co-management_Entity,Cameroon,2025-01-08,daily_state,ndc_balance,249.51,253.73,201.89,79.57,0.9087,index,simulated,PDI Synthetic Generator — Baseline,,AUBEB mangrove baseline scenario
87,9,Physical recovery — active regeneration_Entity,Mozambique,2025-01-08,daily_state,ndc_balance,273.16,243.68,248.84,91.1,0.9233,index,simulated,PDI Synthetic Generator — Baseline,,AUBEB mangrove baseline scenario
88,10,Verified restoration — sustained blue economy asset_Entity,Madagascar,2025-01-08,daily_state,ndc_balance,266.68,271.56,254.87,93.85,0.9466,index,simulated,PDI Synthetic Generator — Baseline,,AUBEB mangrove baseline scenario
89,0,Pre-commercial: degraded ecosystem_Entity,Nigeria,2025-01-09,daily_state,ndc_balance,185.7,206.74,136.63,66.09,0.6524,index,simulated,PDI Synthetic Generator — Baseline,,AUBEB mangrove baseline scenario
90,1,Custodial formalisation_Entity,Cameroon,2025-01-09,daily_state,ndc_balance,200.25,276.18,227.09,82.23,1.8479,index,simulated,PDI Synthetic Generator — Baseline,,AUBEB mangrove baseline scenario
91,2,Data extraction — baseline remote sensing_Entity,Mozambique,2025-01-09,daily_state,ndc_balance,258.67,262.46,258.12,98.35,1.9431,index,simulated,PDI Synthetic Generator — Baseline,,AUBEB mangrove baseline scenario
92,3,Specification — carbon quantification_Entity,Madagascar,2025-01-09,daily_state,ndc_balance,290.27,256.62,281.5,96.98,2.1895,index,simulated,PDI Synthetic Generator — Baseline,,AUBEB mangrove baseline scenario
93,4,Certification — verification & registration_Entity,Guinea,2025-01-09,daily_state,ndc_balance,254.81,261.7,239.0,91.33,0.8016,index,simulated,PDI Synthetic Generator — Baseline,,AUBEB mangrove baseline scenario
94,5,Commercialisation outward_Entity,Tanzania,2025-01-09,daily_state,ndc_balance,263.29,240.61,237.23,90.1,0.4032,index,simulated,PDI Synthetic Generator — Baseline,,AUBEB mangrove baseline scenario
95,6,Capital return — Conservation Fund deployment_Entity,Benin,2025-01-09,daily_state,ndc_balance,241.11,283.78,236.26,83.25,1.1331,index,simulated,PDI Synthetic Generator — Baseline,,AUBEB mangrove baseline scenario
96,7,Restoration specification — CBEMR design_Entity,Nigeria,2025-01-09,daily_state,ndc_balance,304.37,272.9,274.07,90.05,0.2554,index,simulated,PDI Synthetic Generator — Baseline,,AUBEB mangrove baseline scenario
97,8,Community custodial co-management_Entity,Cameroon,2025-01-09,daily_state,ndc_balance,236.15,229.66,205.7,87.11,0.5879,index,simulated,PDI Synthetic Generator — Baseline,,AUBEB mangrove baseline scenario
98,9,Physical recovery — active regeneration_Entity,Mozambique,2025-01-09,daily_state,ndc_balance,261.88,269.63,228.59,84.78,0.3131,index,simulated,PDI Synthetic Generator — Baseline,,AUBEB mangrove baseline scenario
99,10,Verified restoration — sustained blue economy asset_Entity,Madagascar,2025-01-09,daily_state,ndc_balance,280.16,303.7,228.51,75.24,1.1903,index,simulated,PDI Synthetic Generator — Baseline,,AUBEB mangrove baseline scenario
100,0,Pre-commercial: degraded ecosystem_Entity,Nigeria,2025-01-10,daily_state,ndc_balance,205.83,216.1,141.13,65.31,1.222,index,simulated,PDI Synthetic Generator — Baseline,,AUBEB mangrove baseline scenario
101,1,Custodial formalisation_Entity,Cameroon,2025-01-10,daily_state,ndc_balance,225.6,257.83,210.09,81.48,1.6882,index,simulated,PDI Synthetic Generator — Baseline,,AUBEB mangrove baseline scenario
102,2,Data extraction — baseline remote sensing_Entity,Mozambique,2025-01-10,daily_state,ndc_balance,238.13,238.75,233.79,97.92,2.213,index,simulated,PDI Synthetic Generator — Baseline,,AUBEB mangrove baseline scenario
103,3,Specification — carbon quantification_Entity,Madagascar,2025-01-10,daily_state,ndc_balance,267.15,274.0,257.38,93.93,2.0892,index,simulated,PDI Synthetic Generator — Baseline,,AUBEB mangrove baseline scenario
104,4,Certification — verification & registration_Entity,Guinea,2025-01-10,daily_state,ndc_balance,282.23,249.29,235.32,83.38,0.724,index,simulated,PDI Synthetic Generator — Baseline,,AUBEB mangrove baseline scenario
105,5,Commercialisation outward_Entity,Tanzania,2025-01-10,daily_state,ndc_balance,271.31,278.26,231.33,83.13,1.2153,index,simulated,PDI Synthetic Generator — Baseline,,AUBEB mangrove baseline scenario
106,6,Capital return — Conservation Fund deployment_Entity,Benin,2025-01-10,daily_state,ndc_balance,273.57,279.64,236.61,84.61,1.5562,index,simulated,PDI Synthetic Generator — Baseline,,AUBEB mangrove baseline scenario
107,7,Restoration specification — CBEMR design_Entity,Nigeria,2025-01-10,daily_state,ndc_balance,278.34,266.27,236.19,84.86,1.0244,index,simulated,PDI Synthetic Generator — Baseline,,AUBEB mangrove baseline scenario
108,8,Community custodial co-management_Entity,Cameroon,2025-01-10,daily_state,ndc_balance,245.71,260.3,207.83,79.84,1.7487,index,simulated,PDI Synthetic Generator — Baseline,,AUBEB mangrove baseline scenario
109,9,Physical recovery — active regeneration_Entity,Mozambique,2025-01-10,daily_state,ndc_balance,231.86,240.25,247.8,103.14,1.4117,index,simulated,PDI Synthetic Generator — Baseline,,AUBEB mangrove baseline scenario
110,10,Verified restoration — sustained blue economy asset_Entity,Madagascar,2025-01-10,daily_state,ndc_balance,257.58,287.19,255.53,88.98,1.8481,index,simulated,PDI Synthetic Generator — Baseline,,AUBEB mangrove baseline scenario
111,0,Pre-commercial: degraded ecosystem_Entity,Nigeria,2025-01-11,daily_state,ndc_balance,217.99,176.34,129.65,59.48,0.6277,index,simulated,PDI Synthetic Generator — Baseline,,AUBEB mangrove baseline scenario
112,1,Custodial formalisation_Entity,Cameroon,2025-01-11,daily_state,ndc_balance,222.28,262.82,207.55,78.97,0.5566,index,simulated,PDI Synthetic Generator — Baseline,,AUBEB mangrove baseline scenario
113,2,Data extraction — baseline remote sensing_Entity,Mozambique,2025-01-11,daily_state,ndc_balance,252.57,273.55,231.68,84.69,0.9982,index,simulated,PDI Synthetic Generator — Baseline,,AUBEB mangrove baseline scenario
114,3,Specification — carbon quantification_Entity,Madagascar,2025-01-11,daily_state,ndc_balance,301.71,281.32,271.9,90.12,0.5235,index,simulated,PDI Synthetic Generator — Baseline,,AUBEB mangrove baseline scenario
115,4,Certification — verification & registration_Entity,Guinea,2025-01-11,daily_state,ndc_balance,257.38,269.35,223.52,82.98,0.257,index,simulated,PDI Synthetic Generator — Baseline,,AUBEB mangrove baseline scenario
116,5,Commercialisation outward_Entity,Tanzania,2025-01-11,daily_state,ndc_balance,272.42,266.5,227.1,83.36,1.0748,index,simulated,PDI Synthetic Generator — Baseline,,AUBEB mangrove baseline scenario
117,6,Capital return — Conservation Fund deployment_Entity,Benin,2025-01-11,daily_state,ndc_balance,274.48,276.95,231.92,83.74,1.6517,index,simulated,PDI Synthetic Generator — Baseline,,AUBEB mangrove baseline scenario
118,7,Restoration specification — CBEMR design_Entity,Nigeria,2025-01-11,daily_state,ndc_balance,294.52,252.24,269.39,91.47,2.1302,index,simulated,PDI Synthetic Generator — Baseline,,AUBEB mangrove baseline scenario
119,8,Community custodial co-management_Entity,Cameroon,2025-01-11,daily_state,ndc_balance,235.92,262.35,210.54,80.25,1.9319,index,simulated,PDI Synthetic Generator — Baseline,,AUBEB mangrove baseline scenario
120,9,Physical recovery — active regeneration_Entity,Mozambique,2025-01-11,daily_state,ndc_balance,254.29,239.12,249.39,98.07,2.3174,index,simulated,PDI Synthetic Generator — Baseline,,AUBEB mangrove baseline scenario
121,10,Verified restoration — sustained blue economy asset_Entity,Madagascar,2025-01-11,daily_state,ndc_balance,263.71,249.7,264.7,100.38,0.3577,index,simulated,PDI Synthetic Generator — Baseline,,AUBEB mangrove baseline scenario
122,0,Pre-commercial: degraded ecosystem_Entity,Nigeria,2025-01-12,daily_state,ndc_balance,197.51,203.59,145.62,71.53,1.0782,index,simulated,PDI Synthetic Generator — Baseline,,AUBEB mangrove baseline scenario
123,1,Custodial formalisation_Entity,Cameroon,2025-01-12,daily_state,ndc_balance,203.79,267.52,206.19,77.07,0.4473,index,simulated,PDI Synthetic Generator — Baseline,,AUBEB mangrove baseline scenario
124,2,Data extraction — baseline remote sensing_Entity,Mozambique,2025-01-12,daily_state,ndc_balance,231.1,250.83,227.9,90.86,0.5029,index,simulated,PDI Synthetic Generator — Baseline,,AUBEB mangrove baseline scenario
125,3,Specification — carbon quantification_Entity,Madagascar,2025-01-12,daily_state,ndc_balance,298.33,233.73,259.74,87.06,0.8659,index,simulated,PDI Synthetic Generator — Baseline,,AUBEB mangrove baseline scenario
126,4,Certification — verification & registration_Entity,Guinea,2025-01-12,daily_state,ndc_balance,262.24,253.87,205.7,78.44,0.8435,index,simulated,PDI Synthetic Generator — Baseline,,AUBEB mangrove baseline scenario
127,5,Commercialisation outward_Entity,Tanzania,2025-01-12,daily_state,ndc_balance,258.65,265.67,225.84,85.01,0.4156,index,simulated,PDI Synthetic Generator — Baseline,,AUBEB mangrove baseline scenario
128,6,Capital return — Conservation Fund deployment_Entity,Benin,2025-01-12,daily_state,ndc_balance,239.59,276.48,202.49,73.24,1.0305,index,simulated,PDI Synthetic Generator — Baseline,,AUBEB mangrove baseline scenario
129,7,Restoration specification — CBEMR design_Entity,Nigeria,2025-01-12,daily_state,ndc_balance,314.96,304.32,254.84,80.91,0.9536,index,simulated,PDI Synthetic Generator — Baseline,,AUBEB mangrove baseline scenario
130,8,Community custodial co-management_Entity,Cameroon,2025-01-12,daily_state,ndc_balance,223.2,243.47,206.15,84.67,0.8756,index,simulated,PDI Synthetic Generator — Baseline,,AUBEB mangrove baseline scenario
131,9,Physical recovery — active regeneration_Entity,Mozambique,2025-01-12,daily_state,ndc_balance,268.46,229.22,261.04,97.24,1.9062,index,simulated,PDI Synthetic Generator — Baseline,,AUBEB mangrove baseline scenario
132,10,Verified restoration — sustained blue economy asset_Entity,Madagascar,2025-01-12,daily_state,ndc_balance,306.32,284.14,233.89,76.35,0.8604,index,simulated,PDI Synthetic Generator — Baseline,,AUBEB mangrove baseline scenario
133,0,Pre-commercial: degraded ecosystem_Entity,Nigeria,2025-01-13,daily_state,ndc_balance,196.84,169.03,140.05,71.15,0.8874,index,simulated,PDI Synthetic Generator — Baseline,,AUBEB mangrove baseline scenario
134,1,Custodial formalisation_Entity,Cameroon,2025-01-13,daily_state,ndc_balance,234.93,254.64,214.41,84.2,1.6121,index,simulated,PDI Synthetic Generator — Baseline,,AUBEB mangrove baseline scenario
135,2,Data extraction — baseline remote sensing_Entity,Mozambique,2025-01-13,daily_state,ndc_balance,252.54,303.67,246.02,81.02,1.7593,index,simulated,PDI Synthetic Generator — Baseline,,AUBEB mangrove baseline scenario
136,3,Specification — carbon quantification_Entity,Madagascar,2025-01-13,daily_state,ndc_balance,273.75,272.7,274.23,100.18,1.9547,index,simulated,PDI Synthetic Generator — Baseline,,AUBEB mangrove baseline scenario
137,4,Certification — verification & registration_Entity,Guinea,2025-01-13,daily_state,ndc_balance,257.27,274.71,243.36,88.59,0.6849,index,simulated,PDI Synthetic Generator — Baseline,,AUBEB mangrove baseline scenario
138,5,Commercialisation outward_Entity,Tanzania,2025-01-13,daily_state,ndc_balance,252.04,276.41,220.82,79.89,1.7084,index,simulated,PDI Synthetic Generator — Baseline,,AUBEB mangrove baseline scenario
139,6,Capital return — Conservation Fund deployment_Entity,Benin,2025-01-13,daily_state,ndc_balance,256.21,259.49,262.35,101.1,0.5429,index,simulated,PDI Synthetic Generator — Baseline,,AUBEB mangrove baseline scenario
140,7,Restoration specification — CBEMR design_Entity,Nigeria,2025-01-13,daily_state,ndc_balance,282.6,268.47,234.8,83.09,1.6202,index,simulated,PDI Synthetic Generator — Baseline,,AUBEB mangrove baseline scenario
141,8,Community custodial co-management_Entity,Cameroon,2025-01-13,daily_state,ndc_balance,228.56,235.39,175.16,74.41,0.3052,index,simulated,PDI Synthetic Generator — Baseline,,AUBEB mangrove baseline scenario
142,9,Physical recovery — active regeneration_Entity,Mozambique,2025-01-13,daily_state,ndc_balance,253.55,256.12,254.11,99.22,1.1091,index,simulated,PDI Synthetic Generator — Baseline,,AUBEB mangrove baseline scenario
143,10,Verified restoration — sustained blue economy asset_Entity,Madagascar,2025-01-13,daily_state,ndc_balance,263.42,262.94,239.19,90.8,1.9079,index,simulated,PDI Synthetic Generator — Baseline,,AUBEB mangrove baseline scenario
144,0,Pre-commercial: degraded ecosystem_Entity,Nigeria,2025-01-14,daily_state,ndc_balance,197.56,190.91,153.6,77.75,0.6235,index,simulated,PDI Synthetic Generator — Baseline,,AUBEB mangrove baseline scenario
145,1,Custodial formalisation_Entity,Cameroon,2025-01-14,daily_state,ndc_balance,211.94,280.28,215.28,76.81,1.0306,index,simulated,PDI Synthetic Generator — Baseline,,AUBEB mangrove baseline scenario
146,2,Data extraction — baseline remote sensing_Entity,Mozambique,2025-01-14,daily_state,ndc_balance,263.25,272.8,233.7,85.67,0.6489,index,simulated,PDI Synthetic Generator — Baseline,,AUBEB mangrove baseline scenario
147,3,Specification — carbon quantification_Entity,Madagascar,2025-01-14,daily_state,ndc_balance,253.15,274.6,275.6,100.36,1.0719,index,simulated,PDI Synthetic Generator — Baseline,,AUBEB mangrove baseline scenario
148,4,Certification — verification & registration_Entity,Guinea,2025-01-14,daily_state,ndc_balance,257.21,280.65,243.54,86.78,0.6884,index,simulated,PDI Synthetic Generator — Baseline,,AUBEB mangrove baseline scenario
149,5,Commercialisation outward_Entity,Tanzania,2025-01-14,daily_state,ndc_balance,261.13,274.49,222.06,80.9,1.918,index,simulated,PDI Synthetic Generator — Baseline,,AUBEB mangrove baseline scenario
150,6,Capital return — Conservation Fund deployment_Entity,Benin,2025-01-14,daily_state,ndc_balance,257.34,248.17,222.01,86.27,0.477,index,simulated,PDI Synthetic Generator — Baseline,,AUBEB mangrove baseline scenario
151,7,Restoration specification — CBEMR design_Entity,Nigeria,2025-01-14,daily_state,ndc_balance,293.22,258.05,265.77,90.64,1.2876,index,simulated,PDI Synthetic Generator — Baseline,,AUBEB mangrove baseline scenario
152,8,Community custodial co-management_Entity,Cameroon,2025-01-14,daily_state,ndc_balance,222.73,246.87,198.74,80.5,0.2843,index,simulated,PDI Synthetic Generator — Baseline,,AUBEB mangrove baseline scenario
153,9,Physical recovery — active regeneration_Entity,Mozambique,2025-01-14,daily_state,ndc_balance,268.07,245.76,239.19,89.23,0.3981,index,simulated,PDI Synthetic Generator — Baseline,,AUBEB mangrove baseline scenario
154,10,Verified restoration — sustained blue economy asset_Entity,Madagascar,2025-01-14,daily_state,ndc_balance,264.72,268.28,251.31,93.67,0.6167,index,simulated,PDI Synthetic Generator — Baseline,,AUBEB mangrove baseline scenario
155,0,Pre-commercial: degraded ecosystem_Entity,Nigeria,2025-01-15,daily_state,ndc_balance,190.57,196.07,146.28,74.61,1.3158,index,simulated,PDI Synthetic Generator — Baseline,,AUBEB mangrove baseline scenario
156,1,Custodial formalisation_Entity,Cameroon,2025-01-15,daily_state,ndc_balance,211.76,249.34,199.0,79.81,0.5792,index,simulated,PDI Synthetic Generator — Baseline,,AUBEB mangrove baseline scenario
157,2,Data extraction — baseline remote sensing_Entity,Mozambique,2025-01-15,daily_state,ndc_balance,239.36,269.48,215.93,80.13,1.9089,index,simulated,PDI Synthetic Generator — Baseline,,AUBEB mangrove baseline scenario
158,3,Specification — carbon quantification_Entity,Madagascar,2025-01-15,daily_state,ndc_balance,291.74,264.25,277.19,95.01,1.7567,index,simulated,PDI Synthetic Generator — Baseline,,AUBEB mangrove baseline scenario
159,4,Certification — verification & registration_Entity,Guinea,2025-01-15,daily_state,ndc_balance,257.64,232.44,240.58,93.38,1.8164,index,simulated,PDI Synthetic Generator — Baseline,,AUBEB mangrove baseline scenario
160,5,Commercialisation outward_Entity,Tanzania,2025-01-15,daily_state,ndc_balance,270.37,277.56,240.21,86.54,0.3765,index,simulated,PDI Synthetic Generator — Baseline,,AUBEB mangrove baseline scenario
161,6,Capital return — Conservation Fund deployment_Entity,Benin,2025-01-15,daily_state,ndc_balance,277.07,272.3,219.52,79.23,0.5806,index,simulated,PDI Synthetic Generator — Baseline,,AUBEB mangrove baseline scenario
162,7,Restoration specification — CBEMR design_Entity,Nigeria,2025-01-15,daily_state,ndc_balance,272.25,265.21,229.3,84.22,1.0824,index,simulated,PDI Synthetic Generator — Baseline,,AUBEB mangrove baseline scenario
163,8,Community custodial co-management_Entity,Cameroon,2025-01-15,daily_state,ndc_balance,223.68,223.8,199.88,89.31,1.6633,index,simulated,PDI Synthetic Generator — Baseline,,AUBEB mangrove baseline scenario
164,9,Physical recovery — active regeneration_Entity,Mozambique,2025-01-15,daily_state,ndc_balance,231.42,266.55,227.04,85.18,1.2844,index,simulated,PDI Synthetic Generator — Baseline,,AUBEB mangrove baseline scenario
165,10,Verified restoration — sustained blue economy asset_Entity,Madagascar,2025-01-15,daily_state,ndc_balance,257.97,243.45,257.73,99.91,0.7466,index,simulated,PDI Synthetic Generator — Baseline,,AUBEB mangrove baseline scenario
166,0,Pre-commercial: degraded ecosystem_Entity,Nigeria,2025-01-16,daily_state,ndc_balance,195.91,192.93,155.25,79.25,1.1535,index,simulated,PDI Synthetic Generator — Baseline,,AUBEB mangrove baseline scenario
167,1,Custodial formalisation_Entity,Cameroon,2025-01-16,daily_state,ndc_balance,210.43,280.16,205.55,73.37,1.5316,index,simulated,PDI Synthetic Generator — Baseline,,AUBEB mangrove baseline scenario
168,2,Data extraction — baseline remote sensing_Entity,Mozambique,2025-01-16,daily_state,ndc_balance,233.92,252.96,242.95,96.04,0.4771,index,simulated,PDI Synthetic Generator — Baseline,,AUBEB mangrove baseline scenario
169,3,Specification — carbon quantification_Entity,Madagascar,2025-01-16,daily_state,ndc_balance,297.31,276.3,251.86,84.71,0.3922,index,simulated,PDI Synthetic Generator — Baseline,,AUBEB mangrove baseline scenario
170,4,Certification — verification & registration_Entity,Guinea,2025-01-16,daily_state,ndc_balance,270.64,302.15,231.56,76.64,1.0883,index,simulated,PDI Synthetic Generator — Baseline,,AUBEB mangrove baseline scenario
171,5,Commercialisation outward_Entity,Tanzania,2025-01-16,daily_state,ndc_balance,318.53,252.44,227.8,71.52,0.209,index,simulated,PDI Synthetic Generator — Baseline,,AUBEB mangrove baseline scenario
172,6,Capital return — Conservation Fund deployment_Entity,Benin,2025-01-16,daily_state,ndc_balance,249.08,272.72,213.52,78.29,1.2622,index,simulated,PDI Synthetic Generator — Baseline,,AUBEB mangrove baseline scenario
173,7,Restoration specification — CBEMR design_Entity,Nigeria,2025-01-16,daily_state,ndc_balance,289.19,266.8,233.55,80.76,1.0616,index,simulated,PDI Synthetic Generator — Baseline,,AUBEB mangrove baseline scenario
174,8,Community custodial co-management_Entity,Cameroon,2025-01-16,daily_state,ndc_balance,225.73,267.93,201.9,75.36,0.6814,index,simulated,PDI Synthetic Generator — Baseline,,AUBEB mangrove baseline scenario
175,9,Physical recovery — active regeneration_Entity,Mozambique,2025-01-16,daily_state,ndc_balance,237.64,225.82,222.66,93.7,0.9465,index,simulated,PDI Synthetic Generator — Baseline,,AUBEB mangrove baseline scenario
176,10,Verified restoration — sustained blue economy asset_Entity,Madagascar,2025-01-16,daily_state,ndc_balance,302.66,300.16,245.53,81.12,1.1749,index,simulated,PDI Synthetic Generator — Baseline,,AUBEB mangrove baseline scenario
177,0,Pre-commercial: degraded ecosystem_Entity,Nigeria,2025-01-17,daily_state,ndc_balance,189.99,202.92,131.97,65.04,0.5885,index,simulated,PDI Synthetic Generator — Baseline,,AUBEB mangrove baseline scenario
178,1,Custodial formalisation_Entity,Cameroon,2025-01-17,daily_state,ndc_balance,242.2,223.61,209.52,86.51,1.5533,index,simulated,PDI Synthetic Generator — Baseline,,AUBEB mangrove baseline scenario
179,2,Data extraction — baseline remote sensing_Entity,Mozambique,2025-01-17,daily_state,ndc_balance,240.7,267.54,248.28,92.8,2.0173,index,simulated,PDI Synthetic Generator — Baseline,,AUBEB mangrove baseline scenario
180,3,Specification — carbon quantification_Entity,Madagascar,2025-01-17,daily_state,ndc_balance,294.71,252.55,238.53,80.94,0.5566,index,simulated,PDI Synthetic Generator — Baseline,,AUBEB mangrove baseline scenario
181,4,Certification — verification & registration_Entity,Guinea,2025-01-17,daily_state,ndc_balance,225.94,260.62,217.54,83.47,0.4374,index,simulated,PDI Synthetic Generator — Baseline,,AUBEB mangrove baseline scenario
182,5,Commercialisation outward_Entity,Tanzania,2025-01-17,daily_state,ndc_balance,269.15,294.04,229.78,78.15,0.5778,index,simulated,PDI Synthetic Generator — Baseline,,AUBEB mangrove baseline scenario
183,6,Capital return — Conservation Fund deployment_Entity,Benin,2025-01-17,daily_state,ndc_balance,270.74,289.32,223.25,77.16,1.7738,index,simulated,PDI Synthetic Generator — Baseline,,AUBEB mangrove baseline scenario
184,7,Restoration specification — CBEMR design_Entity,Nigeria,2025-01-17,daily_state,ndc_balance,277.6,287.51,243.25,84.61,0.4418,index,simulated,PDI Synthetic Generator — Baseline,,AUBEB mangrove baseline scenario
185,8,Community custodial co-management_Entity,Cameroon,2025-01-17,daily_state,ndc_balance,244.21,240.31,193.08,79.06,0.649,index,simulated,PDI Synthetic Generator — Baseline,,AUBEB mangrove baseline scenario
186,9,Physical recovery — active regeneration_Entity,Mozambique,2025-01-17,daily_state,ndc_balance,234.36,273.5,199.25,72.85,0.5085,index,simulated,PDI Synthetic Generator — Baseline,,AUBEB mangrove baseline scenario
187,10,Verified restoration — sustained blue economy asset_Entity,Madagascar,2025-01-17,daily_state,ndc_balance,264.32,266.92,271.08,101.56,2.7582,index,simulated,PDI Synthetic Generator — Baseline,,AUBEB mangrove baseline scenario
188,0,Pre-commercial: degraded ecosystem_Entity,Nigeria,2025-01-18,daily_state,ndc_balance,193.26,206.34,136.83,66.31,1.0699,index,simulated,PDI Synthetic Generator — Baseline,,AUBEB mangrove baseline scenario
189,1,Custodial formalisation_Entity,Cameroon,2025-01-18,daily_state,ndc_balance,186.46,291.39,189.34,64.98,0.4491,index,simulated,PDI Synthetic Generator — Baseline,,AUBEB mangrove baseline scenario
190,2,Data extraction — baseline remote sensing_Entity,Mozambique,2025-01-18,daily_state,ndc_balance,254.62,265.48,261.49,98.5,2.9076,index,simulated,PDI Synthetic Generator — Baseline,,AUBEB mangrove baseline scenario
191,3,Specification — carbon quantification_Entity,Madagascar,2025-01-18,daily_state,ndc_balance,270.49,272.6,243.23,89.23,1.4252,index,simulated,PDI Synthetic Generator — Baseline,,AUBEB mangrove baseline scenario
192,4,Certification — verification & registration_Entity,Guinea,2025-01-18,daily_state,ndc_balance,256.55,254.68,233.76,91.12,0.9704,index,simulated,PDI Synthetic Generator — Baseline,,AUBEB mangrove baseline scenario
193,5,Commercialisation outward_Entity,Tanzania,2025-01-18,daily_state,ndc_balance,269.07,295.39,223.82,75.77,1.3744,index,simulated,PDI Synthetic Generator — Baseline,,AUBEB mangrove baseline scenario
194,6,Capital return — Conservation Fund deployment_Entity,Benin,2025-01-18,daily_state,ndc_balance,255.04,297.96,235.15,78.92,1.3728,index,simulated,PDI Synthetic Generator — Baseline,,AUBEB mangrove baseline scenario
195,7,Restoration specification — CBEMR design_Entity,Nigeria,2025-01-18,daily_state,ndc_balance,286.25,257.06,237.53,82.98,2.03,index,simulated,PDI Synthetic Generator — Baseline,,AUBEB mangrove baseline scenario
196,8,Community custodial co-management_Entity,Cameroon,2025-01-18,daily_state,ndc_balance,213.51,251.78,196.09,77.88,1.0046,index,simulated,PDI Synthetic Generator — Baseline,,AUBEB mangrove baseline scenario
197,9,Physical recovery — active regeneration_Entity,Mozambique,2025-01-18,daily_state,ndc_balance,226.25,235.61,243.6,103.39,1.8387,index,simulated,PDI Synthetic Generator — Baseline,,AUBEB mangrove baseline scenario
198,10,Verified restoration — sustained blue economy asset_Entity,Madagascar,2025-01-18,daily_state,ndc_balance,267.14,246.82,261.55,97.91,1.3487,index,simulated,PDI Synthetic Generator — Baseline,,AUBEB mangrove baseline scenario
199,0,Pre-commercial: degraded ecosystem_Entity,Nigeria,2025-01-19,daily_state,ndc_balance,196.09,194.26,119.93,61.16,0.4542,index,simulated,PDI Synthetic Generator — Baseline,,AUBEB mangrove baseline scenario
200,1,Custodial formalisation_Entity,Cameroon,2025-01-19,daily_state,ndc_balance,218.39,263.67,195.67,74.21,1.4317,index,simulated,PDI Synthetic Generator — Baseline,,AUBEB mangrove baseline scenario
201,2,Data extraction — baseline remote sensing_Entity,Mozambique,2025-01-19,daily_state,ndc_balance,274.24,246.13,233.72,85.22,1.6274,index,simulated,PDI Synthetic Generator — Baseline,,AUBEB mangrove baseline scenario
202,3,Specification — carbon quantification_Entity,Madagascar,2025-01-19,daily_state,ndc_balance,290.04,273.96,225.77,77.84,0.2405,index,simulated,PDI Synthetic Generator — Baseline,,AUBEB mangrove baseline scenario
203,4,Certification — verification & registration_Entity,Guinea,2025-01-19,daily_state,ndc_balance,280.03,281.61,281.35,99.91,2.312,index,simulated,PDI Synthetic Generator — Baseline,,AUBEB mangrove baseline scenario
204,5,Commercialisation outward_Entity,Tanzania,2025-01-19,daily_state,ndc_balance,234.32,265.2,235.57,88.83,1.5868,index,simulated,PDI Synthetic Generator — Baseline,,AUBEB mangrove baseline scenario
205,6,Capital return — Conservation Fund deployment_Entity,Benin,2025-01-19,daily_state,ndc_balance,271.76,259.31,218.76,80.5,0.2749,index,simulated,PDI Synthetic Generator — Baseline,,AUBEB mangrove baseline scenario
206,7,Restoration specification — CBEMR design_Entity,Nigeria,2025-01-19,daily_state,ndc_balance,245.9,275.89,239.93,86.97,0.9923,index,simulated,PDI Synthetic Generator — Baseline,,AUBEB mangrove baseline scenario
207,8,Community custodial co-management_Entity,Cameroon,2025-01-19,daily_state,ndc_balance,246.63,270.98,176.91,65.29,0.3235,index,simulated,PDI Synthetic Generator — Baseline,,AUBEB mangrove baseline scenario
208,9,Physical recovery — active regeneration_Entity,Mozambique,2025-01-19,daily_state,ndc_balance,241.21,278.9,246.47,88.37,1.541,index,simulated,PDI Synthetic Generator — Baseline,,AUBEB mangrove baseline scenario
209,10,Verified restoration — sustained blue economy asset_Entity,Madagascar,2025-01-19,daily_state,ndc_balance,282.14,307.99,265.59,86.23,0.733,index,simulated,PDI Synthetic Generator — Baseline,,AUBEB mangrove baseline scenario
210,0,Pre-commercial: degraded ecosystem_Entity,Nigeria,2025-01-20,daily_state,ndc_balance,210.45,199.94,143.17,68.03,1.1443,index,simulated,PDI Synthetic Generator — Baseline,,AUBEB mangrove baseline scenario
211,1,Custodial formalisation_Entity,Cameroon,2025-01-20,daily_state,ndc_balance,227.57,257.72,220.54,85.57,0.9029,index,simulated,PDI Synthetic Generator — Baseline,,AUBEB mangrove baseline scenario
212,2,Data extraction — baseline remote sensing_Entity,Mozambique,2025-01-20,daily_state,ndc_balance,269.89,252.14,232.12,86.01,1.0693,index,simulated,PDI Synthetic Generator — Baseline,,AUBEB mangrove baseline scenario
213,3,Specification — carbon quantification_Entity,Madagascar,2025-01-20,daily_state,ndc_balance,279.98,303.53,261.77,86.24,1.1935,index,simulated,PDI Synthetic Generator — Baseline,,AUBEB mangrove baseline scenario
214,4,Certification — verification & registration_Entity,Guinea,2025-01-20,daily_state,ndc_balance,274.6,273.71,256.54,93.42,1.6164,index,simulated,PDI Synthetic Generator — Baseline,,AUBEB mangrove baseline scenario
215,5,Commercialisation outward_Entity,Tanzania,2025-01-20,daily_state,ndc_balance,273.04,271.37,253.29,92.77,0.8959,index,simulated,PDI Synthetic Generator — Baseline,,AUBEB mangrove baseline scenario
216,6,Capital return — Conservation Fund deployment_Entity,Benin,2025-01-20,daily_state,ndc_balance,256.84,249.27,220.58,85.88,1.7042,index,simulated,PDI Synthetic Generator — Baseline,,AUBEB mangrove baseline scenario
217,7,Restoration specification — CBEMR design_Entity,Nigeria,2025-01-20,daily_state,ndc_balance,301.86,278.76,219.26,72.64,0.566,index,simulated,PDI Synthetic Generator — Baseline,,AUBEB mangrove baseline scenario
218,8,Community custodial co-management_Entity,Cameroon,2025-01-20,daily_state,ndc_balance,236.63,262.34,180.68,68.87,0.5935,index,simulated,PDI Synthetic Generator — Baseline,,AUBEB mangrove baseline scenario
219,9,Physical recovery — active regeneration_Entity,Mozambique,2025-01-20,daily_state,ndc_balance,238.23,236.06,223.21,93.7,1.8258,index,simulated,PDI Synthetic Generator — Baseline,,AUBEB mangrove baseline scenario
220,10,Verified restoration — sustained blue economy asset_Entity,Madagascar,2025-01-20,daily_state,ndc_balance,255.88,284.1,236.71,83.32,1.9016,index,simulated,PDI Synthetic Generator — Baseline,,AUBEB mangrove baseline scenario
221,0,Pre-commercial: degraded ecosystem_Entity,Nigeria,2025-01-21,daily_state,ndc_balance,193.75,191.8,131.55,67.9,1.0499,index,simulated,PDI Synthetic Generator — Baseline,,AUBEB mangrove baseline scenario
222,1,Custodial formalisation_Entity,Cameroon,2025-01-21,daily_state,ndc_balance,218.08,283.52,218.73,77.15,1.3797,index,simulated,PDI Synthetic Generator — Baseline,,AUBEB mangrove baseline scenario
223,2,Data extraction — baseline remote sensing_Entity,Mozambique,2025-01-21,daily_state,ndc_balance,259.68,279.76,205.3,73.38,0.9334,index,simulated,PDI Synthetic Generator — Baseline,,AUBEB mangrove baseline scenario
224,3,Specification — carbon quantification_Entity,Madagascar,2025-01-21,daily_state,ndc_balance,269.02,298.32,241.97,81.11,0.6538,index,simulated,PDI Synthetic Generator — Baseline,,AUBEB mangrove baseline scenario
225,4,Certification — verification & registration_Entity,Guinea,2025-01-21,daily_state,ndc_balance,268.09,255.31,246.22,91.84,1.0245,index,simulated,PDI Synthetic Generator — Baseline,,AUBEB mangrove baseline scenario
226,5,Commercialisation outward_Entity,Tanzania,2025-01-21,daily_state,ndc_balance,235.76,303.39,256.76,84.63,0.4871,index,simulated,PDI Synthetic Generator — Baseline,,AUBEB mangrove baseline scenario
227,6,Capital return — Conservation Fund deployment_Entity,Benin,2025-01-21,daily_state,ndc_balance,290.26,265.24,222.8,76.76,1.7155,index,simulated,PDI Synthetic Generator — Baseline,,AUBEB mangrove baseline scenario
228,7,Restoration specification — CBEMR design_Entity,Nigeria,2025-01-21,daily_state,ndc_balance,233.64,277.24,238.41,85.99,1.8006,index,simulated,PDI Synthetic Generator — Baseline,,AUBEB mangrove baseline scenario
229,8,Community custodial co-management_Entity,Cameroon,2025-01-21,daily_state,ndc_balance,253.49,257.66,179.13,69.52,1.0224,index,simulated,PDI Synthetic Generator — Baseline,,AUBEB mangrove baseline scenario
230,9,Physical recovery — active regeneration_Entity,Mozambique,2025-01-21,daily_state,ndc_balance,258.33,227.76,219.83,85.1,2.0557,index,simulated,PDI Synthetic Generator — Baseline,,AUBEB mangrove baseline scenario
231,10,Verified restoration — sustained blue economy asset_Entity,Madagascar,2025-01-21,daily_state,ndc_balance,289.53,279.5,286.38,98.91,1.7765,index,simulated,PDI Synthetic Generator — Baseline,,AUBEB mangrove baseline scenario
232,0,Pre-commercial: degraded ecosystem_Entity,Nigeria,2025-01-22,daily_state,ndc_balance,203.9,207.31,138.94,67.02,0.2114,index,simulated,PDI Synthetic Generator — Baseline,,AUBEB mangrove baseline scenario
233,1,Custodial formalisation_Entity,Cameroon,2025-01-22,daily_state,ndc_balance,224.48,240.02,208.78,86.98,0.5125,index,simulated,PDI Synthetic Generator — Baseline,,AUBEB mangrove baseline scenario
234,2,Data extraction — baseline remote sensing_Entity,Mozambique,2025-01-22,daily_state,ndc_balance,270.9,285.12,238.89,83.79,1.1443,index,simulated,PDI Synthetic Generator — Baseline,,AUBEB mangrove baseline scenario
235,3,Specification — carbon quantification_Entity,Madagascar,2025-01-22,daily_state,ndc_balance,308.76,291.55,268.16,86.85,1.5918,index,simulated,PDI Synthetic Generator — Baseline,,AUBEB mangrove baseline scenario
236,4,Certification — verification & registration_Entity,Guinea,2025-01-22,daily_state,ndc_balance,272.91,270.3,203.53,74.58,0.7963,index,simulated,PDI Synthetic Generator — Baseline,,AUBEB mangrove baseline scenario
237,5,Commercialisation outward_Entity,Tanzania,2025-01-22,daily_state,ndc_balance,259.56,262.56,227.51,86.65,1.2173,index,simulated,PDI Synthetic Generator — Baseline,,AUBEB mangrove baseline scenario
238,6,Capital return — Conservation Fund deployment_Entity,Benin,2025-01-22,daily_state,ndc_balance,263.63,238.35,247.45,93.86,0.3421,index,simulated,PDI Synthetic Generator — Baseline,,AUBEB mangrove baseline scenario
239,7,Restoration specification — CBEMR design_Entity,Nigeria,2025-01-22,daily_state,ndc_balance,267.51,284.84,280.31,98.41,0.5503,index,simulated,PDI Synthetic Generator — Baseline,,AUBEB mangrove baseline scenario
240,8,Community custodial co-management_Entity,Cameroon,2025-01-22,daily_state,ndc_balance,227.49,248.43,182.44,73.44,1.5856,index,simulated,PDI Synthetic Generator — Baseline,,AUBEB mangrove baseline scenario
241,9,Physical recovery — active regeneration_Entity,Mozambique,2025-01-22,daily_state,ndc_balance,242.39,263.82,235.64,89.32,2.066,index,simulated,PDI Synthetic Generator — Baseline,,AUBEB mangrove baseline scenario
242,10,Verified restoration — sustained blue economy asset_Entity,Madagascar,2025-01-22,daily_state,ndc_balance,287.97,248.9,261.33,90.75,1.6739,index,simulated,PDI Synthetic Generator — Baseline,,AUBEB mangrove baseline scenario
243,0,Pre-commercial: degraded ecosystem_Entity,Nigeria,2025-01-23,daily_state,ndc_balance,197.96,198.57,143.46,72.25,0.334,index,simulated,PDI Synthetic Generator — Baseline,,AUBEB mangrove baseline scenario
244,1,Custodial formalisation_Entity,Cameroon,2025-01-23,daily_state,ndc_balance,202.75,266.35,211.1,79.26,1.4862,index,simulated,PDI Synthetic Generator — Baseline,,AUBEB mangrove baseline scenario
245,2,Data extraction — baseline remote sensing_Entity,Mozambique,2025-01-23,daily_state,ndc_balance,258.85,282.97,251.89,89.02,0.5534,index,simulated,PDI Synthetic Generator — Baseline,,AUBEB mangrove baseline scenario
246,3,Specification — carbon quantification_Entity,Madagascar,2025-01-23,daily_state,ndc_balance,269.05,273.0,256.32,93.89,2.3076,index,simulated,PDI Synthetic Generator — Baseline,,AUBEB mangrove baseline scenario
247,4,Certification — verification & registration_Entity,Guinea,2025-01-23,daily_state,ndc_balance,265.06,278.79,237.96,85.35,1.5189,index,simulated,PDI Synthetic Generator — Baseline,,AUBEB mangrove baseline scenario
248,5,Commercialisation outward_Entity,Tanzania,2025-01-23,daily_state,ndc_balance,269.66,274.79,233.39,84.93,1.7551,index,simulated,PDI Synthetic Generator — Baseline,,AUBEB mangrove baseline scenario
249,6,Capital return — Conservation Fund deployment_Entity,Benin,2025-01-23,daily_state,ndc_balance,261.05,286.39,231.07,80.68,1.499,index,simulated,PDI Synthetic Generator — Baseline,,AUBEB mangrove baseline scenario
250,7,Restoration specification — CBEMR design_Entity,Nigeria,2025-01-23,daily_state,ndc_balance,284.9,245.36,247.92,87.02,1.2009,index,simulated,PDI Synthetic Generator — Baseline,,AUBEB mangrove baseline scenario
251,8,Community custodial co-management_Entity,Cameroon,2025-01-23,daily_state,ndc_balance,238.98,237.85,206.78,86.53,2.1357,index,simulated,PDI Synthetic Generator — Baseline,,AUBEB mangrove baseline scenario
252,9,Physical recovery — active regeneration_Entity,Mozambique,2025-01-23,daily_state,ndc_balance,263.33,277.46,239.58,86.35,1.969,index,simulated,PDI Synthetic Generator — Baseline,,AUBEB mangrove baseline scenario
253,10,Verified restoration — sustained blue economy asset_Entity,Madagascar,2025-01-23,daily_state,ndc_balance,261.57,269.57,260.28,96.55,1.4853,index,simulated,PDI Synthetic Generator — Baseline,,AUBEB mangrove baseline scenario
254,0,Pre-commercial: degraded ecosystem_Entity,Nigeria,2025-01-24,daily_state,ndc_balance,199.05,185.11,149.52,75.12,0.9162,index,simulated,PDI Synthetic Generator — Baseline,,AUBEB mangrove baseline scenario
255,1,Custodial formalisation_Entity,Cameroon,2025-01-24,daily_state,ndc_balance,216.19,268.57,228.29,85.0,0.3449,index,simulated,PDI Synthetic Generator — Baseline,,AUBEB mangrove baseline scenario
256,2,Data extraction — baseline remote sensing_Entity,Mozambique,2025-01-24,daily_state,ndc_balance,266.22,268.38,263.39,98.14,1.715,index,simulated,PDI Synthetic Generator — Baseline,,AUBEB mangrove baseline scenario
257,3,Specification — carbon quantification_Entity,Madagascar,2025-01-24,daily_state,ndc_balance,255.28,318.99,240.35,75.35,1.0983,index,simulated,PDI Synthetic Generator — Baseline,,AUBEB mangrove baseline scenario
258,4,Certification — verification & registration_Entity,Guinea,2025-01-24,daily_state,ndc_balance,256.73,292.62,250.96,85.76,1.9142,index,simulated,PDI Synthetic Generator — Baseline,,AUBEB mangrove baseline scenario
259,5,Commercialisation outward_Entity,Tanzania,2025-01-24,daily_state,ndc_balance,244.43,249.3,231.23,92.75,1.3069,index,simulated,PDI Synthetic Generator — Baseline,,AUBEB mangrove baseline scenario
260,6,Capital return — Conservation Fund deployment_Entity,Benin,2025-01-24,daily_state,ndc_balance,249.33,274.0,241.39,88.1,1.1832,index,simulated,PDI Synthetic Generator — Baseline,,AUBEB mangrove baseline scenario
261,7,Restoration specification — CBEMR design_Entity,Nigeria,2025-01-24,daily_state,ndc_balance,273.51,275.67,231.96,84.14,0.9279,index,simulated,PDI Synthetic Generator — Baseline,,AUBEB mangrove baseline scenario
262,8,Community custodial co-management_Entity,Cameroon,2025-01-24,daily_state,ndc_balance,245.3,275.97,217.8,78.92,0.2998,index,simulated,PDI Synthetic Generator — Baseline,,AUBEB mangrove baseline scenario
263,9,Physical recovery — active regeneration_Entity,Mozambique,2025-01-24,daily_state,ndc_balance,255.29,246.17,251.82,98.64,2.4245,index,simulated,PDI Synthetic Generator — Baseline,,AUBEB mangrove baseline scenario
264,10,Verified restoration — sustained blue economy asset_Entity,Madagascar,2025-01-24,daily_state,ndc_balance,295.7,251.66,247.95,83.85,1.2771,index,simulated,PDI Synthetic Generator — Baseline,,AUBEB mangrove baseline scenario
265,0,Pre-commercial: degraded ecosystem_Entity,Nigeria,2025-01-25,daily_state,ndc_balance,197.06,205.38,134.36,65.42,0.9954,index,simulated,PDI Synthetic Generator — Baseline,,AUBEB mangrove baseline scenario
266,1,Custodial formalisation_Entity,Cameroon,2025-01-25,daily_state,ndc_balance,226.97,289.62,197.95,68.35,1.3616,index,simulated,PDI Synthetic Generator — Baseline,,AUBEB mangrove baseline scenario
267,2,Data extraction — baseline remote sensing_Entity,Mozambique,2025-01-25,daily_state,ndc_balance,244.45,263.04,234.1,89.0,1.6421,index,simulated,PDI Synthetic Generator — Baseline,,AUBEB mangrove baseline scenario
268,3,Specification — carbon quantification_Entity,Madagascar,2025-01-25,daily_state,ndc_balance,274.54,273.26,264.28,96.26,2.3931,index,simulated,PDI Synthetic Generator — Baseline,,AUBEB mangrove baseline scenario
269,4,Certification — verification & registration_Entity,Guinea,2025-01-25,daily_state,ndc_balance,242.19,292.46,214.85,73.46,1.3934,index,simulated,PDI Synthetic Generator — Baseline,,AUBEB mangrove baseline scenario
270,5,Commercialisation outward_Entity,Tanzania,2025-01-25,daily_state,ndc_balance,247.29,301.76,228.89,75.85,1.1258,index,simulated,PDI Synthetic Generator — Baseline,,AUBEB mangrove baseline scenario
271,6,Capital return — Conservation Fund deployment_Entity,Benin,2025-01-25,daily_state,ndc_balance,257.75,269.06,252.32,93.78,0.8989,index,simulated,PDI Synthetic Generator — Baseline,,AUBEB mangrove baseline scenario
272,7,Restoration specification — CBEMR design_Entity,Nigeria,2025-01-25,daily_state,ndc_balance,266.38,282.76,273.34,96.67,1.0599,index,simulated,PDI Synthetic Generator — Baseline,,AUBEB mangrove baseline scenario
273,8,Community custodial co-management_Entity,Cameroon,2025-01-25,daily_state,ndc_balance,235.16,257.44,206.4,80.17,0.8884,index,simulated,PDI Synthetic Generator — Baseline,,AUBEB mangrove baseline scenario
274,9,Physical recovery — active regeneration_Entity,Mozambique,2025-01-25,daily_state,ndc_balance,237.74,265.45,248.4,93.58,0.3352,index,simulated,PDI Synthetic Generator — Baseline,,AUBEB mangrove baseline scenario
275,10,Verified restoration — sustained blue economy asset_Entity,Madagascar,2025-01-25,daily_state,ndc_balance,279.71,260.64,242.76,86.79,0.9786,index,simulated,PDI Synthetic Generator — Baseline,,AUBEB mangrove baseline scenario
276,0,Pre-commercial: degraded ecosystem_Entity,Nigeria,2025-01-26,daily_state,ndc_balance,205.29,196.31,127.48,62.1,0.7066,index,simulated,PDI Synthetic Generator — Baseline,,AUBEB mangrove baseline scenario
277,1,Custodial formalisation_Entity,Cameroon,2025-01-26,daily_state,ndc_balance,215.6,274.73,222.74,81.08,1.3934,index,simulated,PDI Synthetic Generator — Baseline,,AUBEB mangrove baseline scenario
278,2,Data extraction — baseline remote sensing_Entity,Mozambique,2025-01-26,daily_state,ndc_balance,273.8,268.67,264.27,96.52,1.5011,index,simulated,PDI Synthetic Generator — Baseline,,AUBEB mangrove baseline scenario
279,3,Specification — carbon quantification_Entity,Madagascar,2025-01-26,daily_state,ndc_balance,267.46,276.64,257.24,92.99,1.2631,index,simulated,PDI Synthetic Generator — Baseline,,AUBEB mangrove baseline scenario
280,4,Certification — verification & registration_Entity,Guinea,2025-01-26,daily_state,ndc_balance,252.33,266.9,259.04,97.06,1.5203,index,simulated,PDI Synthetic Generator — Baseline,,AUBEB mangrove baseline scenario
281,5,Commercialisation outward_Entity,Tanzania,2025-01-26,daily_state,ndc_balance,257.63,267.68,218.04,81.46,0.2128,index,simulated,PDI Synthetic Generator — Baseline,,AUBEB mangrove baseline scenario
282,6,Capital return — Conservation Fund deployment_Entity,Benin,2025-01-26,daily_state,ndc_balance,272.9,268.43,237.98,87.2,0.5099,index,simulated,PDI Synthetic Generator — Baseline,,AUBEB mangrove baseline scenario
283,7,Restoration specification — CBEMR design_Entity,Nigeria,2025-01-26,daily_state,ndc_balance,279.48,286.55,277.04,96.68,0.7238,index,simulated,PDI Synthetic Generator — Baseline,,AUBEB mangrove baseline scenario
284,8,Community custodial co-management_Entity,Cameroon,2025-01-26,daily_state,ndc_balance,237.14,238.52,208.54,87.43,1.2618,index,simulated,PDI Synthetic Generator — Baseline,,AUBEB mangrove baseline scenario
285,9,Physical recovery — active regeneration_Entity,Mozambique,2025-01-26,daily_state,ndc_balance,265.7,228.28,258.01,97.11,0.3906,index,simulated,PDI Synthetic Generator — Baseline,,AUBEB mangrove baseline scenario
286,10,Verified restoration — sustained blue economy asset_Entity,Madagascar,2025-01-26,daily_state,ndc_balance,294.62,308.53,259.05,83.96,1.8525,index,simulated,PDI Synthetic Generator — Baseline,,AUBEB mangrove baseline scenario
287,0,Pre-commercial: degraded ecosystem_Entity,Nigeria,2025-01-27,daily_state,ndc_balance,186.08,192.82,139.77,72.49,0.321,index,simulated,PDI Synthetic Generator — Baseline,,AUBEB mangrove baseline scenario
288,1,Custodial formalisation_Entity,Cameroon,2025-01-27,daily_state,ndc_balance,199.2,286.34,214.48,74.9,1.3822,index,simulated,PDI Synthetic Generator — Baseline,,AUBEB mangrove baseline scenario
289,2,Data extraction — baseline remote sensing_Entity,Mozambique,2025-01-27,daily_state,ndc_balance,234.62,251.16,248.48,98.93,2.5253,index,simulated,PDI Synthetic Generator — Baseline,,AUBEB mangrove baseline scenario
290,3,Specification — carbon quantification_Entity,Madagascar,2025-01-27,daily_state,ndc_balance,276.51,272.91,277.54,100.37,1.7275,index,simulated,PDI Synthetic Generator — Baseline,,AUBEB mangrove baseline scenario
291,4,Certification — verification & registration_Entity,Guinea,2025-01-27,daily_state,ndc_balance,249.34,280.57,231.15,82.39,0.5117,index,simulated,PDI Synthetic Generator — Baseline,,AUBEB mangrove baseline scenario
292,5,Commercialisation outward_Entity,Tanzania,2025-01-27,daily_state,ndc_balance,271.88,263.99,232.55,85.53,1.2268,index,simulated,PDI Synthetic Generator — Baseline,,AUBEB mangrove baseline scenario
293,6,Capital return — Conservation Fund deployment_Entity,Benin,2025-01-27,daily_state,ndc_balance,272.01,263.57,225.4,82.86,1.717,index,simulated,PDI Synthetic Generator — Baseline,,AUBEB mangrove baseline scenario
294,7,Restoration specification — CBEMR design_Entity,Nigeria,2025-01-27,daily_state,ndc_balance,249.25,272.79,260.48,95.49,0.7592,index,simulated,PDI Synthetic Generator — Baseline,,AUBEB mangrove baseline scenario
295,8,Community custodial co-management_Entity,Cameroon,2025-01-27,daily_state,ndc_balance,216.85,240.43,191.89,79.81,1.5203,index,simulated,PDI Synthetic Generator — Baseline,,AUBEB mangrove baseline scenario
296,9,Physical recovery — active regeneration_Entity,Mozambique,2025-01-27,daily_state,ndc_balance,244.17,226.68,233.87,95.78,2.1574,index,simulated,PDI Synthetic Generator — Baseline,,AUBEB mangrove baseline scenario
297,10,Verified restoration — sustained blue economy asset_Entity,Madagascar,2025-01-27,daily_state,ndc_balance,243.79,283.7,235.03,82.84,1.3632,index,simulated,PDI Synthetic Generator — Baseline,,AUBEB mangrove baseline scenario
298,0,Pre-commercial: degraded ecosystem_Entity,Nigeria,2025-01-28,daily_state,ndc_balance,193.28,211.09,132.98,63.0,0.2808,index,simulated,PDI Synthetic Generator — Baseline,,AUBEB mangrove baseline scenario
299,1,Custodial formalisation_Entity,Cameroon,2025-01-28,daily_state,ndc_balance,224.5,279.34,209.66,75.06,0.2544,index,simulated,PDI Synthetic Generator — Baseline,,AUBEB mangrove baseline scenario
300,2,Data extraction — baseline remote sensing_Entity,Mozambique,2025-01-28,daily_state,ndc_balance,267.64,257.94,242.42,90.58,1.2472,index,simulated,PDI Synthetic Generator — Baseline,,AUBEB mangrove baseline scenario
301,3,Specification — carbon quantification_Entity,Madagascar,2025-01-28,daily_state,ndc_balance,309.71,282.78,284.3,91.8,2.1987,index,simulated,PDI Synthetic Generator — Baseline,,AUBEB mangrove baseline scenario
302,4,Certification — verification & registration_Entity,Guinea,2025-01-28,daily_state,ndc_balance,274.45,257.44,226.77,82.63,1.0578,index,simulated,PDI Synthetic Generator — Baseline,,AUBEB mangrove baseline scenario
303,5,Commercialisation outward_Entity,Tanzania,2025-01-28,daily_state,ndc_balance,233.96,262.32,245.13,93.45,2.1713,index,simulated,PDI Synthetic Generator — Baseline,,AUBEB mangrove baseline scenario
304,6,Capital return — Conservation Fund deployment_Entity,Benin,2025-01-28,daily_state,ndc_balance,249.62,263.69,219.13,83.1,1.094,index,simulated,PDI Synthetic Generator — Baseline,,AUBEB mangrove baseline scenario
305,7,Restoration specification — CBEMR design_Entity,Nigeria,2025-01-28,daily_state,ndc_balance,283.5,276.74,277.78,97.98,1.1783,index,simulated,PDI Synthetic Generator — Baseline,,AUBEB mangrove baseline scenario
306,8,Community custodial co-management_Entity,Cameroon,2025-01-28,daily_state,ndc_balance,254.36,251.95,182.41,71.71,0.3939,index,simulated,PDI Synthetic Generator — Baseline,,AUBEB mangrove baseline scenario
307,9,Physical recovery — active regeneration_Entity,Mozambique,2025-01-28,daily_state,ndc_balance,252.23,268.22,217.21,80.98,0.4778,index,simulated,PDI Synthetic Generator — Baseline,,AUBEB mangrove baseline scenario
308,10,Verified restoration — sustained blue economy asset_Entity,Madagascar,2025-01-28,daily_state,ndc_balance,287.59,262.72,263.94,91.78,1.1823,index,simulated,PDI Synthetic Generator — Baseline,,AUBEB mangrove baseline scenario
309,0,Pre-commercial: degraded ecosystem_Entity,Nigeria,2025-01-29,daily_state,ndc_balance,191.46,213.76,145.0,67.83,0.2199,index,simulated,PDI Synthetic Generator — Baseline,,AUBEB mangrove baseline scenario
310,1,Custodial formalisation_Entity,Cameroon,2025-01-29,daily_state,ndc_balance,194.19,292.37,223.77,76.54,0.6251,index,simulated,PDI Synthetic Generator — Baseline,,AUBEB mangrove baseline scenario
311,2,Data extraction — baseline remote sensing_Entity,Mozambique,2025-01-29,daily_state,ndc_balance,252.31,248.46,267.65,106.08,1.3504,index,simulated,PDI Synthetic Generator — Baseline,,AUBEB mangrove baseline scenario
312,3,Specification — carbon quantification_Entity,Madagascar,2025-01-29,daily_state,ndc_balance,261.04,264.18,252.77,95.68,1.1393,index,simulated,PDI Synthetic Generator — Baseline,,AUBEB mangrove baseline scenario
313,4,Certification — verification & registration_Entity,Guinea,2025-01-29,daily_state,ndc_balance,283.66,266.91,223.06,78.64,1.7516,index,simulated,PDI Synthetic Generator — Baseline,,AUBEB mangrove baseline scenario
314,5,Commercialisation outward_Entity,Tanzania,2025-01-29,daily_state,ndc_balance,273.17,266.2,245.65,89.93,1.9711,index,simulated,PDI Synthetic Generator — Baseline,,AUBEB mangrove baseline scenario
315,6,Capital return — Conservation Fund deployment_Entity,Benin,2025-01-29,daily_state,ndc_balance,268.98,249.58,239.72,89.12,1.7082,index,simulated,PDI Synthetic Generator — Baseline,,AUBEB mangrove baseline scenario
316,7,Restoration specification — CBEMR design_Entity,Nigeria,2025-01-29,daily_state,ndc_balance,255.79,248.8,248.4,97.11,1.361,index,simulated,PDI Synthetic Generator — Baseline,,AUBEB mangrove baseline scenario
317,8,Community custodial co-management_Entity,Cameroon,2025-01-29,daily_state,ndc_balance,227.32,267.12,199.46,74.67,1.5939,index,simulated,PDI Synthetic Generator — Baseline,,AUBEB mangrove baseline scenario
318,9,Physical recovery — active regeneration_Entity,Mozambique,2025-01-29,daily_state,ndc_balance,261.51,241.2,233.86,89.43,0.5369,index,simulated,PDI Synthetic Generator — Baseline,,AUBEB mangrove baseline scenario
319,10,Verified restoration — sustained blue economy asset_Entity,Madagascar,2025-01-29,daily_state,ndc_balance,308.67,286.67,276.14,89.46,2.0447,index,simulated,PDI Synthetic Generator — Baseline,,AUBEB mangrove baseline scenario
320,0,Pre-commercial: degraded ecosystem_Entity,Nigeria,2025-01-30,daily_state,ndc_balance,212.23,202.48,140.42,66.16,0.5294,index,simulated,PDI Synthetic Generator — Baseline,,AUBEB mangrove baseline scenario
321,1,Custodial formalisation_Entity,Cameroon,2025-01-30,daily_state,ndc_balance,212.69,263.4,207.56,78.8,1.5801,index,simulated,PDI Synthetic Generator — Baseline,,AUBEB mangrove baseline scenario
322,2,Data extraction — baseline remote sensing_Entity,Mozambique,2025-01-30,daily_state,ndc_balance,262.39,275.93,216.7,78.53,0.4607,index,simulated,PDI Synthetic Generator — Baseline,,AUBEB mangrove baseline scenario
323,3,Specification — carbon quantification_Entity,Madagascar,2025-01-30,daily_state,ndc_balance,264.03,278.41,251.93,90.49,1.2277,index,simulated,PDI Synthetic Generator — Baseline,,AUBEB mangrove baseline scenario
324,4,Certification — verification & registration_Entity,Guinea,2025-01-30,daily_state,ndc_balance,249.72,266.1,261.16,98.14,1.4565,index,simulated,PDI Synthetic Generator — Baseline,,AUBEB mangrove baseline scenario
325,5,Commercialisation outward_Entity,Tanzania,2025-01-30,daily_state,ndc_balance,246.88,269.02,238.66,88.71,2.0107,index,simulated,PDI Synthetic Generator — Baseline,,AUBEB mangrove baseline scenario
326,6,Capital return — Conservation Fund deployment_Entity,Benin,2025-01-30,daily_state,ndc_balance,243.62,245.3,253.59,103.38,3.1613,index,simulated,PDI Synthetic Generator — Baseline,,AUBEB mangrove baseline scenario
327,7,Restoration specification — CBEMR design_Entity,Nigeria,2025-01-30,daily_state,ndc_balance,266.73,275.17,238.36,86.62,2.1827,index,simulated,PDI Synthetic Generator — Baseline,,AUBEB mangrove baseline scenario
328,8,Community custodial co-management_Entity,Cameroon,2025-01-30,daily_state,ndc_balance,247.72,267.27,176.7,66.11,0.2945,index,simulated,PDI Synthetic Generator — Baseline,,AUBEB mangrove baseline scenario
329,9,Physical recovery — active regeneration_Entity,Mozambique,2025-01-30,daily_state,ndc_balance,252.0,273.65,245.5,89.71,0.4644,index,simulated,PDI Synthetic Generator — Baseline,,AUBEB mangrove baseline scenario
330,10,Verified restoration — sustained blue economy asset_Entity,Madagascar,2025-01-30,daily_state,ndc_balance,264.81,290.05,230.39,79.43,0.6749,index,simulated,PDI Synthetic Generator — Baseline,,AUBEB mangrove baseline scenario
331,0,Pre-commercial: degraded ecosystem_Entity,Nigeria,2025-01-31,daily_state,ndc_balance,200.79,190.45,145.98,72.7,0.7829,index,simulated,PDI Synthetic Generator — Baseline,,AUBEB mangrove baseline scenario
332,1,Custodial formalisation_Entity,Cameroon,2025-01-31,daily_state,ndc_balance,207.97,282.92,210.01,74.23,0.8364,index,simulated,PDI Synthetic Generator — Baseline,,AUBEB mangrove baseline scenario
333,2,Data extraction — baseline remote sensing_Entity,Mozambique,2025-01-31,daily_state,ndc_balance,253.91,275.08,259.26,94.25,0.832,index,simulated,PDI Synthetic Generator — Baseline,,AUBEB mangrove baseline scenario
334,3,Specification — carbon quantification_Entity,Madagascar,2025-01-31,daily_state,ndc_balance,286.51,287.81,256.49,89.12,0.2987,index,simulated,PDI Synthetic Generator — Baseline,,AUBEB mangrove baseline scenario
335,4,Certification — verification & registration_Entity,Guinea,2025-01-31,daily_state,ndc_balance,287.05,258.86,223.13,77.73,0.4058,index,simulated,PDI Synthetic Generator — Baseline,,AUBEB mangrove baseline scenario
336,5,Commercialisation outward_Entity,Tanzania,2025-01-31,daily_state,ndc_balance,237.66,264.95,258.6,97.6,2.0762,index,simulated,PDI Synthetic Generator — Baseline,,AUBEB mangrove baseline scenario
337,6,Capital return — Conservation Fund deployment_Entity,Benin,2025-01-31,daily_state,ndc_balance,275.69,291.54,227.66,78.09,0.3134,index,simulated,PDI Synthetic Generator — Baseline,,AUBEB mangrove baseline scenario
338,7,Restoration specification — CBEMR design_Entity,Nigeria,2025-01-31,daily_state,ndc_balance,280.55,270.85,280.68,100.05,1.7834,index,simulated,PDI Synthetic Generator — Baseline,,AUBEB mangrove baseline scenario
339,8,Community custodial co-management_Entity,Cameroon,2025-01-31,daily_state,ndc_balance,233.53,237.38,203.42,85.69,0.8174,index,simulated,PDI Synthetic Generator — Baseline,,AUBEB mangrove baseline scenario
340,9,Physical recovery — active regeneration_Entity,Mozambique,2025-01-31,daily_state,ndc_balance,260.02,267.07,237.31,88.86,1.9293,index,simulated,PDI Synthetic Generator — Baseline,,AUBEB mangrove baseline scenario
341,10,Verified restoration — sustained blue economy asset_Entity,Madagascar,2025-01-31,daily_state,ndc_balance,272.15,274.11,272.07,99.26,0.3393,index,simulated,PDI Synthetic Generator — Baseline,,AUBEB mangrove baseline scenario
342,0,Pre-commercial: degraded ecosystem_Entity,Nigeria,2025-02-01,daily_state,ndc_balance,190.92,191.11,141.39,73.98,0.3764,index,simulated,PDI Synthetic Generator — Baseline,,AUBEB mangrove baseline scenario
343,1,Custodial formalisation_Entity,Cameroon,2025-02-01,daily_state,ndc_balance,196.14,281.7,213.79,75.89,1.206,index,simulated,PDI Synthetic Generator — Baseline,,AUBEB mangrove baseline scenario
344,2,Data extraction — baseline remote sensing_Entity,Mozambique,2025-02-01,daily_state,ndc_balance,271.92,310.0,263.25,84.92,0.3481,index,simulated,PDI Synthetic Generator — Baseline,,AUBEB mangrove baseline scenario
345,3,Specification — carbon quantification_Entity,Madagascar,2025-02-01,daily_state,ndc_balance,260.28,268.83,276.55,102.87,1.4331,index,simulated,PDI Synthetic Generator — Baseline,,AUBEB mangrove baseline scenario
346,4,Certification — verification & registration_Entity,Guinea,2025-02-01,daily_state,ndc_balance,258.55,249.22,241.79,93.52,2.5789,index,simulated,PDI Synthetic Generator — Baseline,,AUBEB mangrove baseline scenario
347,5,Commercialisation outward_Entity,Tanzania,2025-02-01,daily_state,ndc_balance,259.94,274.95,236.08,85.86,1.6801,index,simulated,PDI Synthetic Generator — Baseline,,AUBEB mangrove baseline scenario
348,6,Capital return — Conservation Fund deployment_Entity,Benin,2025-02-01,daily_state,ndc_balance,246.07,252.58,211.97,83.92,1.6093,index,simulated,PDI Synthetic Generator — Baseline,,AUBEB mangrove baseline scenario
349,7,Restoration specification — CBEMR design_Entity,Nigeria,2025-02-01,daily_state,ndc_balance,277.49,276.27,225.44,81.24,0.51,index,simulated,PDI Synthetic Generator — Baseline,,AUBEB mangrove baseline scenario
350,8,Community custodial co-management_Entity,Cameroon,2025-02-01,daily_state,ndc_balance,228.6,259.13,183.07,70.65,1.0868,index,simulated,PDI Synthetic Generator — Baseline,,AUBEB mangrove baseline scenario
351,9,Physical recovery — active regeneration_Entity,Mozambique,2025-02-01,daily_state,ndc_balance,233.31,231.66,255.31,109.43,1.839,index,simulated,PDI Synthetic Generator — Baseline,,AUBEB mangrove baseline scenario
352,10,Verified restoration — sustained blue economy asset_Entity,Madagascar,2025-02-01,daily_state,ndc_balance,291.23,270.68,259.41,89.07,0.6653,index,simulated,PDI Synthetic Generator — Baseline,,AUBEB mangrove baseline scenario
353,0,Pre-commercial: degraded ecosystem_Entity,Nigeria,2025-02-02,daily_state,ndc_balance,226.97,207.27,116.5,51.33,0.4653,index,simulated,PDI Synthetic Generator — Baseline,,AUBEB mangrove baseline scenario
354,1,Custodial formalisation_Entity,Cameroon,2025-02-02,daily_state,ndc_balance,208.31,271.43,234.38,86.35,0.6084,index,simulated,PDI Synthetic Generator — Baseline,,AUBEB mangrove baseline scenario
355,2,Data extraction — baseline remote sensing_Entity,Mozambique,2025-02-02,daily_state,ndc_balance,239.34,294.25,251.71,85.54,0.4655,index,simulated,PDI Synthetic Generator — Baseline,,AUBEB mangrove baseline scenario
356,3,Specification — carbon quantification_Entity,Madagascar,2025-02-02,daily_state,ndc_balance,268.73,248.86,280.87,104.52,2.5201,index,simulated,PDI Synthetic Generator — Baseline,,AUBEB mangrove baseline scenario
357,4,Certification — verification & registration_Entity,Guinea,2025-02-02,daily_state,ndc_balance,272.17,262.08,254.49,93.5,1.4368,index,simulated,PDI Synthetic Generator — Baseline,,AUBEB mangrove baseline scenario
358,5,Commercialisation outward_Entity,Tanzania,2025-02-02,daily_state,ndc_balance,257.0,289.56,225.25,77.79,1.4905,index,simulated,PDI Synthetic Generator — Baseline,,AUBEB mangrove baseline scenario
359,6,Capital return — Conservation Fund deployment_Entity,Benin,2025-02-02,daily_state,ndc_balance,259.09,265.45,208.57,78.57,1.0944,index,simulated,PDI Synthetic Generator — Baseline,,AUBEB mangrove baseline scenario
360,7,Restoration specification — CBEMR design_Entity,Nigeria,2025-02-02,daily_state,ndc_balance,261.26,269.12,257.57,95.71,1.9094,index,simulated,PDI Synthetic Generator — Baseline,,AUBEB mangrove baseline scenario
361,8,Community custodial co-management_Entity,Cameroon,2025-02-02,daily_state,ndc_balance,229.31,275.57,179.91,65.29,0.5324,index,simulated,PDI Synthetic Generator — Baseline,,AUBEB mangrove baseline scenario
362,9,Physical recovery — active regeneration_Entity,Mozambique,2025-02-02,daily_state,ndc_balance,262.36,281.47,240.43,85.42,0.9135,index,simulated,PDI Synthetic Generator — Baseline,,AUBEB mangrove baseline scenario
363,10,Verified restoration — sustained blue economy asset_Entity,Madagascar,2025-02-02,daily_state,ndc_balance,293.46,271.85,291.9,99.47,0.4973,index,simulated,PDI Synthetic Generator — Baseline,,AUBEB mangrove baseline scenario
364,0,Pre-commercial: degraded ecosystem_Entity,Nigeria,2025-02-03,daily_state,ndc_balance,196.35,192.6,135.84,69.18,1.1788,index,simulated,PDI Synthetic Generator — Baseline,,AUBEB mangrove baseline scenario
365,1,Custodial formalisation_Entity,Cameroon,2025-02-03,daily_state,ndc_balance,198.51,235.57,223.91,95.05,2.1769,index,simulated,PDI Synthetic Generator — Baseline,,AUBEB mangrove baseline scenario
366,2,Data extraction — baseline remote sensing_Entity,Mozambique,2025-02-03,daily_state,ndc_balance,272.42,277.94,244.18,87.85,1.8539,index,simulated,PDI Synthetic Generator — Baseline,,AUBEB mangrove baseline scenario
367,3,Specification — carbon quantification_Entity,Madagascar,2025-02-03,daily_state,ndc_balance,268.98,283.94,237.83,83.76,1.4968,index,simulated,PDI Synthetic Generator — Baseline,,AUBEB mangrove baseline scenario
368,4,Certification — verification & registration_Entity,Guinea,2025-02-03,daily_state,ndc_balance,251.28,286.94,233.65,81.43,1.565,index,simulated,PDI Synthetic Generator — Baseline,,AUBEB mangrove baseline scenario
369,5,Commercialisation outward_Entity,Tanzania,2025-02-03,daily_state,ndc_balance,242.87,263.02,216.77,82.42,0.6615,index,simulated,PDI Synthetic Generator — Baseline,,AUBEB mangrove baseline scenario
370,6,Capital return — Conservation Fund deployment_Entity,Benin,2025-02-03,daily_state,ndc_balance,273.5,292.14,243.66,83.41,1.146,index,simulated,PDI Synthetic Generator — Baseline,,AUBEB mangrove baseline scenario
371,7,Restoration specification — CBEMR design_Entity,Nigeria,2025-02-03,daily_state,ndc_balance,263.64,285.66,251.13,87.91,1.1631,index,simulated,PDI Synthetic Generator — Baseline,,AUBEB mangrove baseline scenario
372,8,Community custodial co-management_Entity,Cameroon,2025-02-03,daily_state,ndc_balance,246.97,268.59,195.78,72.89,1.4741,index,simulated,PDI Synthetic Generator — Baseline,,AUBEB mangrove baseline scenario
373,9,Physical recovery — active regeneration_Entity,Mozambique,2025-02-03,daily_state,ndc_balance,244.28,252.43,242.23,95.96,2.5105,index,simulated,PDI Synthetic Generator — Baseline,,AUBEB mangrove baseline scenario
374,10,Verified restoration — sustained blue economy asset_Entity,Madagascar,2025-02-03,daily_state,ndc_balance,265.29,265.42,257.22,96.91,2.0109,index,simulated,PDI Synthetic Generator — Baseline,,AUBEB mangrove baseline scenario
375,0,Pre-commercial: degraded ecosystem_Entity,Nigeria,2025-02-04,daily_state,ndc_balance,205.95,191.31,140.21,68.08,0.8175,index,simulated,PDI Synthetic Generator — Baseline,,AUBEB mangrove baseline scenario
376,1,Custodial formalisation_Entity,Cameroon,2025-02-04,daily_state,ndc_balance,215.81,296.72,197.26,66.48,0.982,index,simulated,PDI Synthetic Generator — Baseline,,AUBEB mangrove baseline scenario
377,2,Data extraction — baseline remote sensing_Entity,Mozambique,2025-02-04,daily_state,ndc_balance,275.65,261.75,247.71,89.86,0.5069,index,simulated,PDI Synthetic Generator — Baseline,,AUBEB mangrove baseline scenario
378,3,Specification — carbon quantification_Entity,Madagascar,2025-02-04,daily_state,ndc_balance,260.72,274.71,265.04,96.48,2.2657,index,simulated,PDI Synthetic Generator — Baseline,,AUBEB mangrove baseline scenario
379,4,Certification — verification & registration_Entity,Guinea,2025-02-04,daily_state,ndc_balance,279.55,275.41,220.49,78.87,1.1132,index,simulated,PDI Synthetic Generator — Baseline,,AUBEB mangrove baseline scenario
380,5,Commercialisation outward_Entity,Tanzania,2025-02-04,daily_state,ndc_balance,280.65,266.71,229.16,81.65,0.7568,index,simulated,PDI Synthetic Generator — Baseline,,AUBEB mangrove baseline scenario
381,6,Capital return — Conservation Fund deployment_Entity,Benin,2025-02-04,daily_state,ndc_balance,284.85,271.93,205.78,72.24,1.3167,index,simulated,PDI Synthetic Generator — Baseline,,AUBEB mangrove baseline scenario
382,7,Restoration specification — CBEMR design_Entity,Nigeria,2025-02-04,daily_state,ndc_balance,275.38,311.11,270.11,86.82,1.5335,index,simulated,PDI Synthetic Generator — Baseline,,AUBEB mangrove baseline scenario
383,8,Community custodial co-management_Entity,Cameroon,2025-02-04,daily_state,ndc_balance,215.67,263.17,182.5,69.35,1.1574,index,simulated,PDI Synthetic Generator — Baseline,,AUBEB mangrove baseline scenario
384,9,Physical recovery — active regeneration_Entity,Mozambique,2025-02-04,daily_state,ndc_balance,277.7,245.88,226.18,81.45,1.9297,index,simulated,PDI Synthetic Generator — Baseline,,AUBEB mangrove baseline scenario
385,10,Verified restoration — sustained blue economy asset_Entity,Madagascar,2025-02-04,daily_state,ndc_balance,246.33,286.74,262.41,91.51,0.5973,index,simulated,PDI Synthetic Generator — Baseline,,AUBEB mangrove baseline scenario
386,0,Pre-commercial: degraded ecosystem_Entity,Nigeria,2025-02-05,daily_state,ndc_balance,202.11,205.41,148.47,72.28,1.1573,index,simulated,PDI Synthetic Generator — Baseline,,AUBEB mangrove baseline scenario
387,1,Custodial formalisation_Entity,Cameroon,2025-02-05,daily_state,ndc_balance,194.83,303.96,232.52,76.5,0.5715,index,simulated,PDI Synthetic Generator — Baseline,,AUBEB mangrove baseline scenario
388,2,Data extraction — baseline remote sensing_Entity,Mozambique,2025-02-05,daily_state,ndc_balance,237.78,258.35,229.16,88.7,0.5019,index,simulated,PDI Synthetic Generator — Baseline,,AUBEB mangrove baseline scenario
389,3,Specification — carbon quantification_Entity,Madagascar,2025-02-05,daily_state,ndc_balance,273.24,291.05,247.63,85.08,2.0575,index,simulated,PDI Synthetic Generator — Baseline,,AUBEB mangrove baseline scenario
390,4,Certification — verification & registration_Entity,Guinea,2025-02-05,daily_state,ndc_balance,259.85,285.55,255.26,89.39,1.7945,index,simulated,PDI Synthetic Generator — Baseline,,AUBEB mangrove baseline scenario
391,5,Commercialisation outward_Entity,Tanzania,2025-02-05,daily_state,ndc_balance,236.32,252.75,208.95,82.67,0.2574,index,simulated,PDI Synthetic Generator — Baseline,,AUBEB mangrove baseline scenario
392,6,Capital return — Conservation Fund deployment_Entity,Benin,2025-02-05,daily_state,ndc_balance,248.66,294.43,234.55,79.66,1.1786,index,simulated,PDI Synthetic Generator — Baseline,,AUBEB mangrove baseline scenario
393,7,Restoration specification — CBEMR design_Entity,Nigeria,2025-02-05,daily_state,ndc_balance,263.31,249.35,233.31,88.61,1.2913,index,simulated,PDI Synthetic Generator — Baseline,,AUBEB mangrove baseline scenario
394,8,Community custodial co-management_Entity,Cameroon,2025-02-05,daily_state,ndc_balance,246.12,247.14,189.03,76.49,1.6866,index,simulated,PDI Synthetic Generator — Baseline,,AUBEB mangrove baseline scenario
395,9,Physical recovery — active regeneration_Entity,Mozambique,2025-02-05,daily_state,ndc_balance,224.83,254.92,228.33,89.57,0.3987,index,simulated,PDI Synthetic Generator — Baseline,,AUBEB mangrove baseline scenario
396,10,Verified restoration — sustained blue economy asset_Entity,Madagascar,2025-02-05,daily_state,ndc_balance,267.05,288.33,261.05,90.54,1.3177,index,simulated,PDI Synthetic Generator — Baseline,,AUBEB mangrove baseline scenario
397,0,Pre-commercial: degraded ecosystem_Entity,Nigeria,2025-02-06,daily_state,ndc_balance,204.67,215.71,136.8,63.42,0.9179,index,simulated,PDI Synthetic Generator — Baseline,,AUBEB mangrove baseline scenario
398,1,Custodial formalisation_Entity,Cameroon,2025-02-06,daily_state,ndc_balance,230.7,300.48,186.31,62.0,0.2511,index,simulated,PDI Synthetic Generator — Baseline,,AUBEB mangrove baseline scenario
399,2,Data extraction — baseline remote sensing_Entity,Mozambique,2025-02-06,daily_state,ndc_balance,242.45,287.23,236.12,82.21,0.6908,index,simulated,PDI Synthetic Generator — Baseline,,AUBEB mangrove baseline scenario
400,3,Specification — carbon quantification_Entity,Madagascar,2025-02-06,daily_state,ndc_balance,297.08,272.1,263.96,88.85,0.8554,index,simulated,PDI Synthetic Generator — Baseline,,AUBEB mangrove baseline scenario
401,4,Certification — verification & registration_Entity,Guinea,2025-02-06,daily_state,ndc_balance,243.9,287.01,238.31,83.03,0.5041,index,simulated,PDI Synthetic Generator — Baseline,,AUBEB mangrove baseline scenario
402,5,Commercialisation outward_Entity,Tanzania,2025-02-06,daily_state,ndc_balance,291.24,261.98,249.23,85.58,0.838,index,simulated,PDI Synthetic Generator — Baseline,,AUBEB mangrove baseline scenario
403,6,Capital return — Conservation Fund deployment_Entity,Benin,2025-02-06,daily_state,ndc_balance,261.51,252.9,212.92,81.42,0.7511,index,simulated,PDI Synthetic Generator — Baseline,,AUBEB mangrove baseline scenario
404,7,Restoration specification — CBEMR design_Entity,Nigeria,2025-02-06,daily_state,ndc_balance,278.18,310.92,257.29,82.75,1.1399,index,simulated,PDI Synthetic Generator — Baseline,,AUBEB mangrove baseline scenario
405,8,Community custodial co-management_Entity,Cameroon,2025-02-06,daily_state,ndc_balance,245.64,253.78,193.72,76.33,0.9534,index,simulated,PDI Synthetic Generator — Baseline,,AUBEB mangrove baseline scenario
406,9,Physical recovery — active regeneration_Entity,Mozambique,2025-02-06,daily_state,ndc_balance,255.89,268.28,219.27,81.73,1.0492,index,simulated,PDI Synthetic Generator — Baseline,,AUBEB mangrove baseline scenario
407,10,Verified restoration — sustained blue economy asset_Entity,Madagascar,2025-02-06,daily_state,ndc_balance,248.3,264.77,226.28,85.46,1.6538,index,simulated,PDI Synthetic Generator — Baseline,,AUBEB mangrove baseline scenario
408,0,Pre-commercial: degraded ecosystem_Entity,Nigeria,2025-02-07,daily_state,ndc_balance,210.44,201.0,133.9,63.63,0.5593,index,simulated,PDI Synthetic Generator — Baseline,,AUBEB mangrove baseline scenario
409,1,Custodial formalisation_Entity,Cameroon,2025-02-07,daily_state,ndc_balance,204.43,267.41,208.28,77.89,1.0079,index,simulated,PDI Synthetic Generator — Baseline,,AUBEB mangrove baseline scenario
410,2,Data extraction — baseline remote sensing_Entity,Mozambique,2025-02-07,daily_state,ndc_balance,254.03,273.19,231.24,84.64,2.1283,index,simulated,PDI Synthetic Generator — Baseline,,AUBEB mangrove baseline scenario
411,3,Specification — carbon quantification_Entity,Madagascar,2025-02-07,daily_state,ndc_balance,276.42,264.56,272.24,98.49,2.3728,index,simulated,PDI Synthetic Generator — Baseline,,AUBEB mangrove baseline scenario
412,4,Certification — verification & registration_Entity,Guinea,2025-02-07,daily_state,ndc_balance,257.57,251.51,266.62,103.51,2.5056,index,simulated,PDI Synthetic Generator — Baseline,,AUBEB mangrove baseline scenario
413,5,Commercialisation outward_Entity,Tanzania,2025-02-07,daily_state,ndc_balance,265.86,290.48,228.74,78.75,0.4155,index,simulated,PDI Synthetic Generator — Baseline,,AUBEB mangrove baseline scenario
414,6,Capital return — Conservation Fund deployment_Entity,Benin,2025-02-07,daily_state,ndc_balance,260.0,262.78,242.5,92.28,1.3063,index,simulated,PDI Synthetic Generator — Baseline,,AUBEB mangrove baseline scenario
415,7,Restoration specification — CBEMR design_Entity,Nigeria,2025-02-07,daily_state,ndc_balance,264.12,259.84,242.2,91.7,0.6212,index,simulated,PDI Synthetic Generator — Baseline,,AUBEB mangrove baseline scenario
416,8,Community custodial co-management_Entity,Cameroon,2025-02-07,daily_state,ndc_balance,253.22,281.14,194.86,69.31,0.5322,index,simulated,PDI Synthetic Generator — Baseline,,AUBEB mangrove baseline scenario
417,9,Physical recovery — active regeneration_Entity,Mozambique,2025-02-07,daily_state,ndc_balance,237.34,276.31,211.49,76.54,0.65,index,simulated,PDI Synthetic Generator — Baseline,,AUBEB mangrove baseline scenario
418,10,Verified restoration — sustained blue economy asset_Entity,Madagascar,2025-02-07,daily_state,ndc_balance,274.67,278.28,241.57,86.81,1.597,index,simulated,PDI Synthetic Generator — Baseline,,AUBEB mangrove baseline scenario
419,0,Pre-commercial: degraded ecosystem_Entity,Nigeria,2025-02-08,daily_state,ndc_balance,215.76,198.0,145.97,67.65,0.9876,index,simulated,PDI Synthetic Generator — Baseline,,AUBEB mangrove baseline scenario
420,1,Custodial formalisation_Entity,Cameroon,2025-02-08,daily_state,ndc_balance,192.43,290.26,215.42,74.22,1.6034,index,simulated,PDI Synthetic Generator — Baseline,,AUBEB mangrove baseline scenario
421,2,Data extraction — baseline remote sensing_Entity,Mozambique,2025-02-08,daily_state,ndc_balance,261.46,244.36,222.41,85.06,1.3571,index,simulated,PDI Synthetic Generator — Baseline,,AUBEB mangrove baseline scenario
422,3,Specification — carbon quantification_Entity,Madagascar,2025-02-08,daily_state,ndc_balance,267.41,283.01,276.06,97.54,1.8776,index,simulated,PDI Synthetic Generator — Baseline,,AUBEB mangrove baseline scenario
423,4,Certification — verification & registration_Entity,Guinea,2025-02-08,daily_state,ndc_balance,264.78,264.24,236.47,89.31,2.2812,index,simulated,PDI Synthetic Generator — Baseline,,AUBEB mangrove baseline scenario
424,5,Commercialisation outward_Entity,Tanzania,2025-02-08,daily_state,ndc_balance,256.42,274.46,234.74,85.53,0.839,index,simulated,PDI Synthetic Generator — Baseline,,AUBEB mangrove baseline scenario
425,6,Capital return — Conservation Fund deployment_Entity,Benin,2025-02-08,daily_state,ndc_balance,273.87,292.35,208.93,71.47,1.4226,index,simulated,PDI Synthetic Generator — Baseline,,AUBEB mangrove baseline scenario
426,7,Restoration specification — CBEMR design_Entity,Nigeria,2025-02-08,daily_state,ndc_balance,295.49,290.57,234.32,79.3,0.2944,index,simulated,PDI Synthetic Generator — Baseline,,AUBEB mangrove baseline scenario
427,8,Community custodial co-management_Entity,Cameroon,2025-02-08,daily_state,ndc_balance,242.24,263.99,188.13,71.26,0.8729,index,simulated,PDI Synthetic Generator — Baseline,,AUBEB mangrove baseline scenario
428,9,Physical recovery — active regeneration_Entity,Mozambique,2025-02-08,daily_state,ndc_balance,271.85,248.36,240.94,88.63,2.1702,index,simulated,PDI Synthetic Generator — Baseline,,AUBEB mangrove baseline scenario
429,10,Verified restoration — sustained blue economy asset_Entity,Madagascar,2025-02-08,daily_state,ndc_balance,271.39,284.77,258.37,90.73,1.6768,index,simulated,PDI Synthetic Generator — Baseline,,AUBEB mangrove baseline scenario
430,0,Pre-commercial: degraded ecosystem_Entity,Nigeria,2025-02-09,daily_state,ndc_balance,181.01,194.26,131.04,67.46,0.3727,index,simulated,PDI Synthetic Generator — Baseline,,AUBEB mangrove baseline scenario
431,1,Custodial formalisation_Entity,Cameroon,2025-02-09,daily_state,ndc_balance,212.36,292.85,218.4,74.58,0.6138,index,simulated,PDI Synthetic Generator — Baseline,,AUBEB mangrove baseline scenario
432,2,Data extraction — baseline remote sensing_Entity,Mozambique,2025-02-09,daily_state,ndc_balance,296.75,269.3,252.64,85.14,1.5971,index,simulated,PDI Synthetic Generator — Baseline,,AUBEB mangrove baseline scenario
433,3,Specification — carbon quantification_Entity,Madagascar,2025-02-09,daily_state,ndc_balance,273.64,285.79,282.12,98.72,1.0118,index,simulated,PDI Synthetic Generator — Baseline,,AUBEB mangrove baseline scenario
434,4,Certification — verification & registration_Entity,Guinea,2025-02-09,daily_state,ndc_balance,248.76,289.68,252.87,87.29,1.0098,index,simulated,PDI Synthetic Generator — Baseline,,AUBEB mangrove baseline scenario
435,5,Commercialisation outward_Entity,Tanzania,2025-02-09,daily_state,ndc_balance,288.59,268.25,257.24,89.14,0.8615,index,simulated,PDI Synthetic Generator — Baseline,,AUBEB mangrove baseline scenario
436,6,Capital return — Conservation Fund deployment_Entity,Benin,2025-02-09,daily_state,ndc_balance,252.07,265.95,250.14,94.06,1.0927,index,simulated,PDI Synthetic Generator — Baseline,,AUBEB mangrove baseline scenario
437,7,Restoration specification — CBEMR design_Entity,Nigeria,2025-02-09,daily_state,ndc_balance,267.91,276.45,241.93,87.51,1.3434,index,simulated,PDI Synthetic Generator — Baseline,,AUBEB mangrove baseline scenario
438,8,Community custodial co-management_Entity,Cameroon,2025-02-09,daily_state,ndc_balance,237.25,277.64,188.58,67.92,0.3094,index,simulated,PDI Synthetic Generator — Baseline,,AUBEB mangrove baseline scenario
439,9,Physical recovery — active regeneration_Entity,Mozambique,2025-02-09,daily_state,ndc_balance,236.98,238.64,233.99,98.05,1.6669,index,simulated,PDI Synthetic Generator — Baseline,,AUBEB mangrove baseline scenario
440,10,Verified restoration — sustained blue economy asset_Entity,Madagascar,2025-02-09,daily_state,ndc_balance,304.98,268.53,251.17,82.36,0.9604,index,simulated,PDI Synthetic Generator — Baseline,,AUBEB mangrove baseline scenario
441,0,Pre-commercial: degraded ecosystem_Entity,Nigeria,2025-02-10,daily_state,ndc_balance,198.87,194.59,142.11,71.46,0.912,index,simulated,PDI Synthetic Generator — Baseline,,AUBEB mangrove baseline scenario
442,1,Custodial formalisation_Entity,Cameroon,2025-02-10,daily_state,ndc_balance,210.71,287.05,207.37,72.24,1.4741,index,simulated,PDI Synthetic Generator — Baseline,,AUBEB mangrove baseline scenario
443,2,Data extraction — baseline remote sensing_Entity,Mozambique,2025-02-10,daily_state,ndc_balance,268.64,259.14,254.74,94.83,1.0495,index,simulated,PDI Synthetic Generator — Baseline,,AUBEB mangrove baseline scenario
444,3,Specification — carbon quantification_Entity,Madagascar,2025-02-10,daily_state,ndc_balance,321.14,250.31,230.27,71.7,0.2784,index,simulated,PDI Synthetic Generator — Baseline,,AUBEB mangrove baseline scenario
445,4,Certification — verification & registration_Entity,Guinea,2025-02-10,daily_state,ndc_balance,242.75,262.93,232.36,88.37,2.16,index,simulated,PDI Synthetic Generator — Baseline,,AUBEB mangrove baseline scenario
446,5,Commercialisation outward_Entity,Tanzania,2025-02-10,daily_state,ndc_balance,223.87,287.31,258.77,90.07,0.6284,index,simulated,PDI Synthetic Generator — Baseline,,AUBEB mangrove baseline scenario
447,6,Capital return — Conservation Fund deployment_Entity,Benin,2025-02-10,daily_state,ndc_balance,306.77,244.95,216.18,70.47,1.4048,index,simulated,PDI Synthetic Generator — Baseline,,AUBEB mangrove baseline scenario
448,7,Restoration specification — CBEMR design_Entity,Nigeria,2025-02-10,daily_state,ndc_balance,291.85,308.2,243.87,79.13,1.67,index,simulated,PDI Synthetic Generator — Baseline,,AUBEB mangrove baseline scenario
449,8,Community custodial co-management_Entity,Cameroon,2025-02-10,daily_state,ndc_balance,254.31,257.16,222.22,86.41,0.7977,index,simulated,PDI Synthetic Generator — Baseline,,AUBEB mangrove baseline scenario
450,9,Physical recovery — active regeneration_Entity,Mozambique,2025-02-10,daily_state,ndc_balance,278.94,270.89,231.8,83.1,1.1281,index,simulated,PDI Synthetic Generator — Baseline,,AUBEB mangrove baseline scenario
451,10,Verified restoration — sustained blue economy asset_Entity,Madagascar,2025-02-10,daily_state,ndc_balance,310.37,260.01,245.19,79.0,0.377,index,simulated,PDI Synthetic Generator — Baseline,,AUBEB mangrove baseline scenario
452,0,Pre-commercial: degraded ecosystem_Entity,Nigeria,2025-02-11,daily_state,ndc_balance,201.57,206.95,150.05,72.51,0.5229,index,simulated,PDI Synthetic Generator — Baseline,,AUBEB mangrove baseline scenario
453,1,Custodial formalisation_Entity,Cameroon,2025-02-11,daily_state,ndc_balance,220.11,296.55,217.19,73.24,1.2577,index,simulated,PDI Synthetic Generator — Baseline,,AUBEB mangrove baseline scenario
454,2,Data extraction — baseline remote sensing_Entity,Mozambique,2025-02-11,daily_state,ndc_balance,236.75,286.5,268.62,93.76,2.3929,index,simulated,PDI Synthetic Generator — Baseline,,AUBEB mangrove baseline scenario
455,3,Specification — carbon quantification_Entity,Madagascar,2025-02-11,daily_state,ndc_balance,289.4,254.61,276.62,95.58,0.7299,index,simulated,PDI Synthetic Generator — Baseline,,AUBEB mangrove baseline scenario
456,4,Certification — verification & registration_Entity,Guinea,2025-02-11,daily_state,ndc_balance,272.03,281.16,247.76,88.12,0.753,index,simulated,PDI Synthetic Generator — Baseline,,AUBEB mangrove baseline scenario
457,5,Commercialisation outward_Entity,Tanzania,2025-02-11,daily_state,ndc_balance,259.23,283.93,233.82,82.35,0.7563,index,simulated,PDI Synthetic Generator — Baseline,,AUBEB mangrove baseline scenario
458,6,Capital return — Conservation Fund deployment_Entity,Benin,2025-02-11,daily_state,ndc_balance,221.29,271.58,226.95,83.57,1.442,index,simulated,PDI Synthetic Generator — Baseline,,AUBEB mangrove baseline scenario
459,7,Restoration specification — CBEMR design_Entity,Nigeria,2025-02-11,daily_state,ndc_balance,277.88,266.53,261.53,94.12,1.2353,index,simulated,PDI Synthetic Generator — Baseline,,AUBEB mangrove baseline scenario
460,8,Community custodial co-management_Entity,Cameroon,2025-02-11,daily_state,ndc_balance,244.2,223.38,195.6,80.1,1.4112,index,simulated,PDI Synthetic Generator — Baseline,,AUBEB mangrove baseline scenario
461,9,Physical recovery — active regeneration_Entity,Mozambique,2025-02-11,daily_state,ndc_balance,249.17,259.01,243.1,93.86,1.7262,index,simulated,PDI Synthetic Generator — Baseline,,AUBEB mangrove baseline scenario
462,10,Verified restoration — sustained blue economy asset_Entity,Madagascar,2025-02-11,daily_state,ndc_balance,272.94,273.68,263.04,96.11,0.6592,index,simulated,PDI Synthetic Generator — Baseline,,AUBEB mangrove baseline scenario
463,0,Pre-commercial: degraded ecosystem_Entity,Nigeria,2025-02-12,daily_state,ndc_balance,199.77,183.63,132.71,66.43,0.6934,index,simulated,PDI Synthetic Generator — Baseline,,AUBEB mangrove baseline scenario
464,1,Custodial formalisation_Entity,Cameroon,2025-02-12,daily_state,ndc_balance,220.1,248.56,208.59,83.92,0.6266,index,simulated,PDI Synthetic Generator — Baseline,,AUBEB mangrove baseline scenario
465,2,Data extraction — baseline remote sensing_Entity,Mozambique,2025-02-12,daily_state,ndc_balance,256.41,299.36,247.21,82.58,1.0271,index,simulated,PDI Synthetic Generator — Baseline,,AUBEB mangrove baseline scenario
466,3,Specification — carbon quantification_Entity,Madagascar,2025-02-12,daily_state,ndc_balance,275.03,270.11,251.04,91.28,1.5191,index,simulated,PDI Synthetic Generator — Baseline,,AUBEB mangrove baseline scenario
467,4,Certification — verification & registration_Entity,Guinea,2025-02-12,daily_state,ndc_balance,278.19,279.78,219.39,78.42,0.4333,index,simulated,PDI Synthetic Generator — Baseline,,AUBEB mangrove baseline scenario
468,5,Commercialisation outward_Entity,Tanzania,2025-02-12,daily_state,ndc_balance,259.3,262.68,247.95,94.39,0.5469,index,simulated,PDI Synthetic Generator — Baseline,,AUBEB mangrove baseline scenario
469,6,Capital return — Conservation Fund deployment_Entity,Benin,2025-02-12,daily_state,ndc_balance,265.71,292.75,242.81,82.94,1.7084,index,simulated,PDI Synthetic Generator — Baseline,,AUBEB mangrove baseline scenario
470,7,Restoration specification — CBEMR design_Entity,Nigeria,2025-02-12,daily_state,ndc_balance,290.86,253.25,257.23,88.44,1.1993,index,simulated,PDI Synthetic Generator — Baseline,,AUBEB mangrove baseline scenario
471,8,Community custodial co-management_Entity,Cameroon,2025-02-12,daily_state,ndc_balance,250.75,262.07,202.6,77.31,0.8182,index,simulated,PDI Synthetic Generator — Baseline,,AUBEB mangrove baseline scenario
472,9,Physical recovery — active regeneration_Entity,Mozambique,2025-02-12,daily_state,ndc_balance,229.3,262.15,211.85,80.81,1.2156,index,simulated,PDI Synthetic Generator — Baseline,,AUBEB mangrove baseline scenario
473,10,Verified restoration — sustained blue economy asset_Entity,Madagascar,2025-02-12,daily_state,ndc_balance,294.82,276.21,300.16,101.81,2.9266,index,simulated,PDI Synthetic Generator — Baseline,,AUBEB mangrove baseline scenario
474,0,Pre-commercial: degraded ecosystem_Entity,Nigeria,2025-02-13,daily_state,ndc_balance,215.0,225.37,150.34,66.71,0.1716,index,simulated,PDI Synthetic Generator — Baseline,,AUBEB mangrove baseline scenario
475,1,Custodial formalisation_Entity,Cameroon,2025-02-13,daily_state,ndc_balance,193.7,287.14,216.51,75.4,1.162,index,simulated,PDI Synthetic Generator — Baseline,,AUBEB mangrove baseline scenario
476,2,Data extraction — baseline remote sensing_Entity,Mozambique,2025-02-13,daily_state,ndc_balance,213.69,226.98,264.99,116.75,1.8164,index,simulated,PDI Synthetic Generator — Baseline,,AUBEB mangrove baseline scenario
477,3,Specification — carbon quantification_Entity,Madagascar,2025-02-13,daily_state,ndc_balance,304.99,246.03,240.41,78.83,1.2967,index,simulated,PDI Synthetic Generator — Baseline,,AUBEB mangrove baseline scenario
478,4,Certification — verification & registration_Entity,Guinea,2025-02-13,daily_state,ndc_balance,276.65,248.96,232.92,84.19,0.8782,index,simulated,PDI Synthetic Generator — Baseline,,AUBEB mangrove baseline scenario
479,5,Commercialisation outward_Entity,Tanzania,2025-02-13,daily_state,ndc_balance,268.41,290.25,210.81,72.63,0.4754,index,simulated,PDI Synthetic Generator — Baseline,,AUBEB mangrove baseline scenario
480,6,Capital return — Conservation Fund deployment_Entity,Benin,2025-02-13,daily_state,ndc_balance,255.46,275.5,229.06,83.14,0.7643,index,simulated,PDI Synthetic Generator — Baseline,,AUBEB mangrove baseline scenario
481,7,Restoration specification — CBEMR design_Entity,Nigeria,2025-02-13,daily_state,ndc_balance,270.26,253.85,224.41,83.03,0.6676,index,simulated,PDI Synthetic Generator — Baseline,,AUBEB mangrove baseline scenario
482,8,Community custodial co-management_Entity,Cameroon,2025-02-13,daily_state,ndc_balance,230.75,248.99,203.77,81.84,1.8961,index,simulated,PDI Synthetic Generator — Baseline,,AUBEB mangrove baseline scenario
483,9,Physical recovery — active regeneration_Entity,Mozambique,2025-02-13,daily_state,ndc_balance,250.84,244.69,238.32,95.01,2.1378,index,simulated,PDI Synthetic Generator — Baseline,,AUBEB mangrove baseline scenario
484,10,Verified restoration — sustained blue economy asset_Entity,Madagascar,2025-02-13,daily_state,ndc_balance,263.69,274.16,253.19,92.35,0.7304,index,simulated,PDI Synthetic Generator — Baseline,,AUBEB mangrove baseline scenario
485,0,Pre-commercial: degraded ecosystem_Entity,Nigeria,2025-02-14,daily_state,ndc_balance,202.53,201.86,131.15,64.76,0.1809,index,simulated,PDI Synthetic Generator — Baseline,,AUBEB mangrove baseline scenario
486,1,Custodial formalisation_Entity,Cameroon,2025-02-14,daily_state,ndc_balance,200.57,271.02,200.06,73.82,0.5082,index,simulated,PDI Synthetic Generator — Baseline,,AUBEB mangrove baseline scenario
487,2,Data extraction — baseline remote sensing_Entity,Mozambique,2025-02-14,daily_state,ndc_balance,262.26,303.9,259.19,85.29,0.7863,index,simulated,PDI Synthetic Generator — Baseline,,AUBEB mangrove baseline scenario
488,3,Specification — carbon quantification_Entity,Madagascar,2025-02-14,daily_state,ndc_balance,286.91,282.63,234.1,81.59,0.773,index,simulated,PDI Synthetic Generator — Baseline,,AUBEB mangrove baseline scenario
489,4,Certification — verification & registration_Entity,Guinea,2025-02-14,daily_state,ndc_balance,240.96,257.93,232.8,90.26,0.5595,index,simulated,PDI Synthetic Generator — Baseline,,AUBEB mangrove baseline scenario
490,5,Commercialisation outward_Entity,Tanzania,2025-02-14,daily_state,ndc_balance,271.94,265.83,224.65,82.61,0.7584,index,simulated,PDI Synthetic Generator — Baseline,,AUBEB mangrove baseline scenario
491,6,Capital return — Conservation Fund deployment_Entity,Benin,2025-02-14,daily_state,ndc_balance,295.25,286.86,251.02,85.02,1.4386,index,simulated,PDI Synthetic Generator — Baseline,,AUBEB mangrove baseline scenario
492,7,Restoration specification — CBEMR design_Entity,Nigeria,2025-02-14,daily_state,ndc_balance,254.62,254.87,259.81,101.94,3.0397,index,simulated,PDI Synthetic Generator — Baseline,,AUBEB mangrove baseline scenario
493,8,Community custodial co-management_Entity,Cameroon,2025-02-14,daily_state,ndc_balance,255.72,247.78,198.3,77.55,0.8563,index,simulated,PDI Synthetic Generator — Baseline,,AUBEB mangrove baseline scenario
494,9,Physical recovery — active regeneration_Entity,Mozambique,2025-02-14,daily_state,ndc_balance,239.09,260.7,243.95,93.57,2.0463,index,simulated,PDI Synthetic Generator — Baseline,,AUBEB mangrove baseline scenario
495,10,Verified restoration — sustained blue economy asset_Entity,Madagascar,2025-02-14,daily_state,ndc_balance,247.76,277.26,247.48,89.26,1.9724,index,simulated,PDI Synthetic Generator — Baseline,,AUBEB mangrove baseline scenario
496,0,Pre-commercial: degraded ecosystem_Entity,Nigeria,2025-02-15,daily_state,ndc_balance,217.87,213.27,136.41,62.61,1.1419,index,simulated,PDI Synthetic Generator — Baseline,,AUBEB mangrove baseline scenario
497,1,Custodial formalisation_Entity,Cameroon,2025-02-15,daily_state,ndc_balance,205.61,268.92,213.39,79.35,1.2883,index,simulated,PDI Synthetic Generator — Baseline,,AUBEB mangrove baseline scenario
498,2,Data extraction — baseline remote sensing_Entity,Mozambique,2025-02-15,daily_state,ndc_balance,266.35,299.93,229.73,76.59,0.3225,index,simulated,PDI Synthetic Generator — Baseline,,AUBEB mangrove baseline scenario
499,3,Specification — carbon quantification_Entity,Madagascar,2025-02-15,daily_state,ndc_balance,278.26,261.53,254.33,91.4,1.6106,index,simulated,PDI Synthetic Generator — Baseline,,AUBEB mangrove baseline scenario
500,4,Certification — verification & registration_Entity,Guinea,2025-02-15,daily_state,ndc_balance,283.19,279.39,231.42,81.72,1.5737,index,simulated,PDI Synthetic Generator — Baseline,,AUBEB mangrove baseline scenario
501,5,Commercialisation outward_Entity,Tanzania,2025-02-15,daily_state,ndc_balance,256.79,251.39,205.02,79.84,0.7643,index,simulated,PDI Synthetic Generator — Baseline,,AUBEB mangrove baseline scenario
502,6,Capital return — Conservation Fund deployment_Entity,Benin,2025-02-15,daily_state,ndc_balance,264.06,274.77,228.36,83.11,1.955,index,simulated,PDI Synthetic Generator — Baseline,,AUBEB mangrove baseline scenario
503,7,Restoration specification — CBEMR design_Entity,Nigeria,2025-02-15,daily_state,ndc_balance,288.16,270.08,269.26,93.44,0.8338,index,simulated,PDI Synthetic Generator — Baseline,,AUBEB mangrove baseline scenario
504,8,Community custodial co-management_Entity,Cameroon,2025-02-15,daily_state,ndc_balance,235.96,247.77,191.15,77.15,1.6492,index,simulated,PDI Synthetic Generator — Baseline,,AUBEB mangrove baseline scenario
505,9,Physical recovery — active regeneration_Entity,Mozambique,2025-02-15,daily_state,ndc_balance,227.25,243.6,220.36,90.46,1.0392,index,simulated,PDI Synthetic Generator — Baseline,,AUBEB mangrove baseline scenario
506,10,Verified restoration — sustained blue economy asset_Entity,Madagascar,2025-02-15,daily_state,ndc_balance,294.14,270.58,273.3,92.91,1.4181,index,simulated,PDI Synthetic Generator — Baseline,,AUBEB mangrove baseline scenario
507,0,Pre-commercial: degraded ecosystem_Entity,Nigeria,2025-02-16,daily_state,ndc_balance,227.56,219.66,125.99,55.37,0.8487,index,simulated,PDI Synthetic Generator — Baseline,,AUBEB mangrove baseline scenario
508,1,Custodial formalisation_Entity,Cameroon,2025-02-16,daily_state,ndc_balance,216.64,260.4,222.59,85.48,1.329,index,simulated,PDI Synthetic Generator — Baseline,,AUBEB mangrove baseline scenario
509,2,Data extraction — baseline remote sensing_Entity,Mozambique,2025-02-16,daily_state,ndc_balance,257.55,281.02,240.7,85.65,1.3673,index,simulated,PDI Synthetic Generator — Baseline,,AUBEB mangrove baseline scenario
510,3,Specification — carbon quantification_Entity,Madagascar,2025-02-16,daily_state,ndc_balance,319.16,263.85,261.39,81.9,0.7986,index,simulated,PDI Synthetic Generator — Baseline,,AUBEB mangrove baseline scenario
511,4,Certification — verification & registration_Entity,Guinea,2025-02-16,daily_state,ndc_balance,238.49,293.17,217.18,74.08,1.1794,index,simulated,PDI Synthetic Generator — Baseline,,AUBEB mangrove baseline scenario
512,5,Commercialisation outward_Entity,Tanzania,2025-02-16,daily_state,ndc_balance,260.1,270.61,258.93,95.68,2.6638,index,simulated,PDI Synthetic Generator — Baseline,,AUBEB mangrove baseline scenario
513,6,Capital return — Conservation Fund deployment_Entity,Benin,2025-02-16,daily_state,ndc_balance,248.6,257.27,241.02,93.68,0.6644,index,simulated,PDI Synthetic Generator — Baseline,,AUBEB mangrove baseline scenario
514,7,Restoration specification — CBEMR design_Entity,Nigeria,2025-02-16,daily_state,ndc_balance,306.05,268.5,234.8,76.72,1.6337,index,simulated,PDI Synthetic Generator — Baseline,,AUBEB mangrove baseline scenario
515,8,Community custodial co-management_Entity,Cameroon,2025-02-16,daily_state,ndc_balance,216.42,250.24,198.88,79.48,1.6335,index,simulated,PDI Synthetic Generator — Baseline,,AUBEB mangrove baseline scenario
516,9,Physical recovery — active regeneration_Entity,Mozambique,2025-02-16,daily_state,ndc_balance,253.43,273.14,225.99,82.74,1.6181,index,simulated,PDI Synthetic Generator — Baseline,,AUBEB mangrove baseline scenario
517,10,Verified restoration — sustained blue economy asset_Entity,Madagascar,2025-02-16,daily_state,ndc_balance,252.47,288.41,257.79,89.38,0.2594,index,simulated,PDI Synthetic Generator — Baseline,,AUBEB mangrove baseline scenario
518,0,Pre-commercial: degraded ecosystem_Entity,Nigeria,2025-02-17,daily_state,ndc_balance,218.68,188.41,141.7,64.8,0.8264,index,simulated,PDI Synthetic Generator — Baseline,,AUBEB mangrove baseline scenario
519,1,Custodial formalisation_Entity,Cameroon,2025-02-17,daily_state,ndc_balance,203.2,252.43,198.3,78.56,0.1962,index,simulated,PDI Synthetic Generator — Baseline,,AUBEB mangrove baseline scenario
520,2,Data extraction — baseline remote sensing_Entity,Mozambique,2025-02-17,daily_state,ndc_balance,257.87,269.61,242.28,89.86,1.3966,index,simulated,PDI Synthetic Generator — Baseline,,AUBEB mangrove baseline scenario
521,3,Specification — carbon quantification_Entity,Madagascar,2025-02-17,daily_state,ndc_balance,272.84,316.41,285.08,90.1,1.7209,index,simulated,PDI Synthetic Generator — Baseline,,AUBEB mangrove baseline scenario
522,4,Certification — verification & registration_Entity,Guinea,2025-02-17,daily_state,ndc_balance,263.07,284.37,208.61,73.36,0.3169,index,simulated,PDI Synthetic Generator — Baseline,,AUBEB mangrove baseline scenario
523,5,Commercialisation outward_Entity,Tanzania,2025-02-17,daily_state,ndc_balance,267.29,277.27,239.1,86.23,1.8599,index,simulated,PDI Synthetic Generator — Baseline,,AUBEB mangrove baseline scenario
524,6,Capital return — Conservation Fund deployment_Entity,Benin,2025-02-17,daily_state,ndc_balance,277.82,270.22,242.74,87.37,0.998,index,simulated,PDI Synthetic Generator — Baseline,,AUBEB mangrove baseline scenario
525,7,Restoration specification — CBEMR design_Entity,Nigeria,2025-02-17,daily_state,ndc_balance,261.99,283.72,262.8,92.63,1.842,index,simulated,PDI Synthetic Generator — Baseline,,AUBEB mangrove baseline scenario
526,8,Community custodial co-management_Entity,Cameroon,2025-02-17,daily_state,ndc_balance,235.38,268.91,182.01,67.68,1.199,index,simulated,PDI Synthetic Generator — Baseline,,AUBEB mangrove baseline scenario
527,9,Physical recovery — active regeneration_Entity,Mozambique,2025-02-17,daily_state,ndc_balance,252.4,245.31,220.13,87.21,0.3434,index,simulated,PDI Synthetic Generator — Baseline,,AUBEB mangrove baseline scenario
528,10,Verified restoration — sustained blue economy asset_Entity,Madagascar,2025-02-17,daily_state,ndc_balance,294.66,281.99,255.56,86.73,1.2409,index,simulated,PDI Synthetic Generator — Baseline,,AUBEB mangrove baseline scenario
529,0,Pre-commercial: degraded ecosystem_Entity,Nigeria,2025-02-18,daily_state,ndc_balance,180.77,208.48,126.59,60.72,0.2055,index,simulated,PDI Synthetic Generator — Baseline,,AUBEB mangrove baseline scenario
530,1,Custodial formalisation_Entity,Cameroon,2025-02-18,daily_state,ndc_balance,201.9,267.26,212.34,79.45,0.5497,index,simulated,PDI Synthetic Generator — Baseline,,AUBEB mangrove baseline scenario
531,2,Data extraction — baseline remote sensing_Entity,Mozambique,2025-02-18,daily_state,ndc_balance,277.7,246.85,238.55,85.9,0.3695,index,simulated,PDI Synthetic Generator — Baseline,,AUBEB mangrove baseline scenario
532,3,Specification — carbon quantification_Entity,Madagascar,2025-02-18,daily_state,ndc_balance,280.8,303.22,242.11,79.85,1.1613,index,simulated,PDI Synthetic Generator — Baseline,,AUBEB mangrove baseline scenario
533,4,Certification — verification & registration_Entity,Guinea,2025-02-18,daily_state,ndc_balance,295.09,279.7,223.64,75.79,1.0827,index,simulated,PDI Synthetic Generator — Baseline,,AUBEB mangrove baseline scenario
534,5,Commercialisation outward_Entity,Tanzania,2025-02-18,daily_state,ndc_balance,296.59,272.37,210.92,71.12,0.6956,index,simulated,PDI Synthetic Generator — Baseline,,AUBEB mangrove baseline scenario
535,6,Capital return — Conservation Fund deployment_Entity,Benin,2025-02-18,daily_state,ndc_balance,268.22,276.52,230.56,83.38,0.939,index,simulated,PDI Synthetic Generator — Baseline,,AUBEB mangrove baseline scenario
536,7,Restoration specification — CBEMR design_Entity,Nigeria,2025-02-18,daily_state,ndc_balance,311.82,283.66,243.78,78.18,1.4303,index,simulated,PDI Synthetic Generator — Baseline,,AUBEB mangrove baseline scenario
537,8,Community custodial co-management_Entity,Cameroon,2025-02-18,daily_state,ndc_balance,262.98,291.35,193.76,66.5,1.2962,index,simulated,PDI Synthetic Generator — Baseline,,AUBEB mangrove baseline scenario
538,9,Physical recovery — active regeneration_Entity,Mozambique,2025-02-18,daily_state,ndc_balance,234.41,267.3,237.96,89.02,2.0324,index,simulated,PDI Synthetic Generator — Baseline,,AUBEB mangrove baseline scenario
539,10,Verified restoration — sustained blue economy asset_Entity,Madagascar,2025-02-18,daily_state,ndc_balance,264.5,295.53,269.77,91.28,1.9903,index,simulated,PDI Synthetic Generator — Baseline,,AUBEB mangrove baseline scenario
540,0,Pre-commercial: degraded ecosystem_Entity,Nigeria,2025-02-19,daily_state,ndc_balance,196.62,209.42,143.26,68.41,1.3945,index,simulated,PDI Synthetic Generator — Baseline,,AUBEB mangrove baseline scenario
541,1,Custodial formalisation_Entity,Cameroon,2025-02-19,daily_state,ndc_balance,200.09,272.9,225.67,82.69,1.4601,index,simulated,PDI Synthetic Generator — Baseline,,AUBEB mangrove baseline scenario
542,2,Data extraction — baseline remote sensing_Entity,Mozambique,2025-02-19,daily_state,ndc_balance,250.1,268.32,237.78,88.62,1.5473,index,simulated,PDI Synthetic Generator — Baseline,,AUBEB mangrove baseline scenario
543,3,Specification — carbon quantification_Entity,Madagascar,2025-02-19,daily_state,ndc_balance,287.89,247.38,264.77,91.97,1.879,index,simulated,PDI Synthetic Generator — Baseline,,AUBEB mangrove baseline scenario
544,4,Certification — verification & registration_Entity,Guinea,2025-02-19,daily_state,ndc_balance,264.45,254.16,220.53,83.39,0.8032,index,simulated,PDI Synthetic Generator — Baseline,,AUBEB mangrove baseline scenario
545,5,Commercialisation outward_Entity,Tanzania,2025-02-19,daily_state,ndc_balance,261.25,273.03,228.27,83.61,0.7188,index,simulated,PDI Synthetic Generator — Baseline,,AUBEB mangrove baseline scenario
546,6,Capital return — Conservation Fund deployment_Entity,Benin,2025-02-19,daily_state,ndc_balance,273.76,279.08,235.55,84.4,1.077,index,simulated,PDI Synthetic Generator — Baseline,,AUBEB mangrove baseline scenario
547,7,Restoration specification — CBEMR design_Entity,Nigeria,2025-02-19,daily_state,ndc_balance,263.8,266.36,265.94,99.84,0.5495,index,simulated,PDI Synthetic Generator — Baseline,,AUBEB mangrove baseline scenario
548,8,Community custodial co-management_Entity,Cameroon,2025-02-19,daily_state,ndc_balance,238.17,244.9,189.98,77.57,0.8065,index,simulated,PDI Synthetic Generator — Baseline,,AUBEB mangrove baseline scenario
549,9,Physical recovery — active regeneration_Entity,Mozambique,2025-02-19,daily_state,ndc_balance,248.11,266.46,258.92,97.17,2.591,index,simulated,PDI Synthetic Generator — Baseline,,AUBEB mangrove baseline scenario
550,10,Verified restoration — sustained blue economy asset_Entity,Madagascar,2025-02-19,daily_state,ndc_balance,298.34,293.06,252.28,84.56,0.5419,index,simulated,PDI Synthetic Generator — Baseline,,AUBEB mangrove baseline scenario
551,0,Pre-commercial: degraded ecosystem_Entity,Nigeria,2025-02-20,daily_state,ndc_balance,195.2,204.47,138.86,67.91,0.2171,index,simulated,PDI Synthetic Generator — Baseline,,AUBEB mangrove baseline scenario
552,1,Custodial formalisation_Entity,Cameroon,2025-02-20,daily_state,ndc_balance,226.07,256.35,218.33,85.17,1.166,index,simulated,PDI Synthetic Generator — Baseline,,AUBEB mangrove baseline scenario
553,2,Data extraction — baseline remote sensing_Entity,Mozambique,2025-02-20,daily_state,ndc_balance,266.36,277.78,243.44,87.64,1.4618,index,simulated,PDI Synthetic Generator — Baseline,,AUBEB mangrove baseline scenario
554,3,Specification — carbon quantification_Entity,Madagascar,2025-02-20,daily_state,ndc_balance,303.53,274.6,263.91,86.95,0.8486,index,simulated,PDI Synthetic Generator — Baseline,,AUBEB mangrove baseline scenario
555,4,Certification — verification & registration_Entity,Guinea,2025-02-20,daily_state,ndc_balance,273.3,267.36,219.23,80.22,0.7656,index,simulated,PDI Synthetic Generator — Baseline,,AUBEB mangrove baseline scenario
556,5,Commercialisation outward_Entity,Tanzania,2025-02-20,daily_state,ndc_balance,240.69,256.77,255.14,99.37,2.5875,index,simulated,PDI Synthetic Generator — Baseline,,AUBEB mangrove baseline scenario
557,6,Capital return — Conservation Fund deployment_Entity,Benin,2025-02-20,daily_state,ndc_balance,268.33,270.58,214.68,79.34,0.5302,index,simulated,PDI Synthetic Generator — Baseline,,AUBEB mangrove baseline scenario
558,7,Restoration specification — CBEMR design_Entity,Nigeria,2025-02-20,daily_state,ndc_balance,316.81,255.45,287.95,90.89,2.4086,index,simulated,PDI Synthetic Generator — Baseline,,AUBEB mangrove baseline scenario
559,8,Community custodial co-management_Entity,Cameroon,2025-02-20,daily_state,ndc_balance,230.38,278.87,180.62,64.77,0.4004,index,simulated,PDI Synthetic Generator — Baseline,,AUBEB mangrove baseline scenario
560,9,Physical recovery — active regeneration_Entity,Mozambique,2025-02-20,daily_state,ndc_balance,253.12,232.18,251.08,99.19,1.3391,index,simulated,PDI Synthetic Generator — Baseline,,AUBEB mangrove baseline scenario
561,10,Verified restoration — sustained blue economy asset_Entity,Madagascar,2025-02-20,daily_state,ndc_balance,296.33,285.79,238.92,80.63,1.3915,index,simulated,PDI Synthetic Generator — Baseline,,AUBEB mangrove baseline scenario
562,0,Pre-commercial: degraded ecosystem_Entity,Nigeria,2025-02-21,daily_state,ndc_balance,191.75,171.78,135.48,70.65,0.772,index,simulated,PDI Synthetic Generator — Baseline,,AUBEB mangrove baseline scenario
563,1,Custodial formalisation_Entity,Cameroon,2025-02-21,daily_state,ndc_balance,208.47,255.06,207.96,81.53,1.6694,index,simulated,PDI Synthetic Generator — Baseline,,AUBEB mangrove baseline scenario
564,2,Data extraction — baseline remote sensing_Entity,Mozambique,2025-02-21,daily_state,ndc_balance,278.81,276.74,228.65,82.01,1.1084,index,simulated,PDI Synthetic Generator — Baseline,,AUBEB mangrove baseline scenario
565,3,Specification — carbon quantification_Entity,Madagascar,2025-02-21,daily_state,ndc_balance,271.63,262.97,243.73,89.73,1.9569,index,simulated,PDI Synthetic Generator — Baseline,,AUBEB mangrove baseline scenario
566,4,Certification — verification & registration_Entity,Guinea,2025-02-21,daily_state,ndc_balance,239.24,316.62,257.58,81.35,1.0549,index,simulated,PDI Synthetic Generator — Baseline,,AUBEB mangrove baseline scenario
567,5,Commercialisation outward_Entity,Tanzania,2025-02-21,daily_state,ndc_balance,244.94,283.32,251.82,88.88,1.3966,index,simulated,PDI Synthetic Generator — Baseline,,AUBEB mangrove baseline scenario
568,6,Capital return — Conservation Fund deployment_Entity,Benin,2025-02-21,daily_state,ndc_balance,248.52,275.9,216.45,78.45,1.6728,index,simulated,PDI Synthetic Generator — Baseline,,AUBEB mangrove baseline scenario
569,7,Restoration specification — CBEMR design_Entity,Nigeria,2025-02-21,daily_state,ndc_balance,256.69,266.65,274.28,102.86,2.196,index,simulated,PDI Synthetic Generator — Baseline,,AUBEB mangrove baseline scenario
570,8,Community custodial co-management_Entity,Cameroon,2025-02-21,daily_state,ndc_balance,248.34,242.41,209.41,84.32,0.2984,index,simulated,PDI Synthetic Generator — Baseline,,AUBEB mangrove baseline scenario
571,9,Physical recovery — active regeneration_Entity,Mozambique,2025-02-21,daily_state,ndc_balance,274.63,249.66,214.13,77.97,1.7675,index,simulated,PDI Synthetic Generator — Baseline,,AUBEB mangrove baseline scenario
572,10,Verified restoration — sustained blue economy asset_Entity,Madagascar,2025-02-21,daily_state,ndc_balance,296.56,269.85,255.94,86.3,0.7438,index,simulated,PDI Synthetic Generator — Baseline,,AUBEB mangrove baseline scenario
573,0,Pre-commercial: degraded ecosystem_Entity,Nigeria,2025-02-22,daily_state,ndc_balance,185.52,199.03,132.25,66.45,0.6639,index,simulated,PDI Synthetic Generator — Baseline,,AUBEB mangrove baseline scenario
574,1,Custodial formalisation_Entity,Cameroon,2025-02-22,daily_state,ndc_balance,203.93,250.24,226.89,90.67,1.5531,index,simulated,PDI Synthetic Generator — Baseline,,AUBEB mangrove baseline scenario
575,2,Data extraction — baseline remote sensing_Entity,Mozambique,2025-02-22,daily_state,ndc_balance,241.87,271.96,249.77,91.84,1.2004,index,simulated,PDI Synthetic Generator — Baseline,,AUBEB mangrove baseline scenario
576,3,Specification — carbon quantification_Entity,Madagascar,2025-02-22,daily_state,ndc_balance,281.21,279.87,255.18,90.74,2.3384,index,simulated,PDI Synthetic Generator — Baseline,,AUBEB mangrove baseline scenario
577,4,Certification — verification & registration_Entity,Guinea,2025-02-22,daily_state,ndc_balance,268.49,282.97,228.66,80.81,1.0473,index,simulated,PDI Synthetic Generator — Baseline,,AUBEB mangrove baseline scenario
578,5,Commercialisation outward_Entity,Tanzania,2025-02-22,daily_state,ndc_balance,262.94,254.67,235.24,89.47,1.7459,index,simulated,PDI Synthetic Generator — Baseline,,AUBEB mangrove baseline scenario
579,6,Capital return — Conservation Fund deployment_Entity,Benin,2025-02-22,daily_state,ndc_balance,254.47,284.52,231.51,81.37,1.7166,index,simulated,PDI Synthetic Generator — Baseline,,AUBEB mangrove baseline scenario
580,7,Restoration specification — CBEMR design_Entity,Nigeria,2025-02-22,daily_state,ndc_balance,272.28,257.32,233.78,85.86,0.5483,index,simulated,PDI Synthetic Generator — Baseline,,AUBEB mangrove baseline scenario
581,8,Community custodial co-management_Entity,Cameroon,2025-02-22,daily_state,ndc_balance,246.53,254.84,199.18,78.16,1.1067,index,simulated,PDI Synthetic Generator — Baseline,,AUBEB mangrove baseline scenario
582,9,Physical recovery — active regeneration_Entity,Mozambique,2025-02-22,daily_state,ndc_balance,259.95,262.61,230.38,87.73,1.0725,index,simulated,PDI Synthetic Generator — Baseline,,AUBEB mangrove baseline scenario
583,10,Verified restoration — sustained blue economy asset_Entity,Madagascar,2025-02-22,daily_state,ndc_balance,289.62,293.39,251.61,85.76,1.4401,index,simulated,PDI Synthetic Generator — Baseline,,AUBEB mangrove baseline scenario
584,0,Pre-commercial: degraded ecosystem_Entity,Nigeria,2025-02-23,daily_state,ndc_balance,201.21,205.22,152.79,74.45,0.7482,index,simulated,PDI Synthetic Generator — Baseline,,AUBEB mangrove baseline scenario
585,1,Custodial formalisation_Entity,Cameroon,2025-02-23,daily_state,ndc_balance,209.58,261.37,213.34,81.62,0.3124,index,simulated,PDI Synthetic Generator — Baseline,,AUBEB mangrove baseline scenario
586,2,Data extraction — baseline remote sensing_Entity,Mozambique,2025-02-23,daily_state,ndc_balance,228.07,298.55,260.64,87.3,0.6134,index,simulated,PDI Synthetic Generator — Baseline,,AUBEB mangrove baseline scenario
587,3,Specification — carbon quantification_Entity,Madagascar,2025-02-23,daily_state,ndc_balance,271.46,288.03,254.62,88.4,1.3479,index,simulated,PDI Synthetic Generator — Baseline,,AUBEB mangrove baseline scenario
588,4,Certification — verification & registration_Entity,Guinea,2025-02-23,daily_state,ndc_balance,290.99,257.88,223.24,76.72,1.148,index,simulated,PDI Synthetic Generator — Baseline,,AUBEB mangrove baseline scenario
589,5,Commercialisation outward_Entity,Tanzania,2025-02-23,daily_state,ndc_balance,247.68,264.15,243.94,92.35,2.1296,index,simulated,PDI Synthetic Generator — Baseline,,AUBEB mangrove baseline scenario
590,6,Capital return — Conservation Fund deployment_Entity,Benin,2025-02-23,daily_state,ndc_balance,242.16,268.26,217.89,81.22,1.2925,index,simulated,PDI Synthetic Generator — Baseline,,AUBEB mangrove baseline scenario
591,7,Restoration specification — CBEMR design_Entity,Nigeria,2025-02-23,daily_state,ndc_balance,287.76,276.44,261.53,90.88,0.656,index,simulated,PDI Synthetic Generator — Baseline,,AUBEB mangrove baseline scenario
592,8,Community custodial co-management_Entity,Cameroon,2025-02-23,daily_state,ndc_balance,244.16,249.61,182.82,73.24,0.7667,index,simulated,PDI Synthetic Generator — Baseline,,AUBEB mangrove baseline scenario
593,9,Physical recovery — active regeneration_Entity,Mozambique,2025-02-23,daily_state,ndc_balance,261.64,263.33,240.8,91.44,1.8165,index,simulated,PDI Synthetic Generator — Baseline,,AUBEB mangrove baseline scenario
594,10,Verified restoration — sustained blue economy asset_Entity,Madagascar,2025-02-23,daily_state,ndc_balance,301.95,229.17,203.06,67.25,0.8133,index,simulated,PDI Synthetic Generator — Baseline,,AUBEB mangrove baseline scenario
595,0,Pre-commercial: degraded ecosystem_Entity,Nigeria,2025-02-24,daily_state,ndc_balance,193.42,200.43,138.32,69.01,0.2118,index,simulated,PDI Synthetic Generator — Baseline,,AUBEB mangrove baseline scenario
596,1,Custodial formalisation_Entity,Cameroon,2025-02-24,daily_state,ndc_balance,224.8,270.57,214.37,79.23,0.4197,index,simulated,PDI Synthetic Generator — Baseline,,AUBEB mangrove baseline scenario
597,2,Data extraction — baseline remote sensing_Entity,Mozambique,2025-02-24,daily_state,ndc_balance,271.77,233.43,225.97,83.15,1.4855,index,simulated,PDI Synthetic Generator — Baseline,,AUBEB mangrove baseline scenario
598,3,Specification — carbon quantification_Entity,Madagascar,2025-02-24,daily_state,ndc_balance,279.33,245.05,271.92,97.35,1.5347,index,simulated,PDI Synthetic Generator — Baseline,,AUBEB mangrove baseline scenario
599,4,Certification — verification & registration_Entity,Guinea,2025-02-24,daily_state,ndc_balance,263.39,274.03,238.82,87.15,0.7915,index,simulated,PDI Synthetic Generator — Baseline,,AUBEB mangrove baseline scenario
600,5,Commercialisation outward_Entity,Tanzania,2025-02-24,daily_state,ndc_balance,247.06,262.37,231.01,88.05,1.1898,index,simulated,PDI Synthetic Generator — Baseline,,AUBEB mangrove baseline scenario
601,6,Capital return — Conservation Fund deployment_Entity,Benin,2025-02-24,daily_state,ndc_balance,258.75,244.22,222.59,86.03,0.4502,index,simulated,PDI Synthetic Generator — Baseline,,AUBEB mangrove baseline scenario
602,7,Restoration specification — CBEMR design_Entity,Nigeria,2025-02-24,daily_state,ndc_balance,277.47,276.77,224.2,80.8,0.8426,index,simulated,PDI Synthetic Generator — Baseline,,AUBEB mangrove baseline scenario
603,8,Community custodial co-management_Entity,Cameroon,2025-02-24,daily_state,ndc_balance,237.82,251.98,193.14,76.65,1.7463,index,simulated,PDI Synthetic Generator — Baseline,,AUBEB mangrove baseline scenario
604,9,Physical recovery — active regeneration_Entity,Mozambique,2025-02-24,daily_state,ndc_balance,233.35,274.77,248.79,90.54,1.9091,index,simulated,PDI Synthetic Generator — Baseline,,AUBEB mangrove baseline scenario
605,10,Verified restoration — sustained blue economy asset_Entity,Madagascar,2025-02-24,daily_state,ndc_balance,261.07,331.51,241.54,72.86,1.3299,index,simulated,PDI Synthetic Generator — Baseline,,AUBEB mangrove baseline scenario
606,0,Pre-commercial: degraded ecosystem_Entity,Nigeria,2025-02-25,daily_state,ndc_balance,203.45,164.42,152.17,74.79,1.3394,index,simulated,PDI Synthetic Generator — Baseline,,AUBEB mangrove baseline scenario
607,1,Custodial formalisation_Entity,Cameroon,2025-02-25,daily_state,ndc_balance,213.9,301.68,202.89,67.25,1.0037,index,simulated,PDI Synthetic Generator — Baseline,,AUBEB mangrove baseline scenario
608,2,Data extraction — baseline remote sensing_Entity,Mozambique,2025-02-25,daily_state,ndc_balance,248.51,265.39,236.49,89.11,0.5367,index,simulated,PDI Synthetic Generator — Baseline,,AUBEB mangrove baseline scenario
609,3,Specification — carbon quantification_Entity,Madagascar,2025-02-25,daily_state,ndc_balance,283.08,282.7,270.35,95.5,0.9658,index,simulated,PDI Synthetic Generator — Baseline,,AUBEB mangrove baseline scenario
610,4,Certification — verification & registration_Entity,Guinea,2025-02-25,daily_state,ndc_balance,265.28,257.99,234.95,88.57,1.7264,index,simulated,PDI Synthetic Generator — Baseline,,AUBEB mangrove baseline scenario
611,5,Commercialisation outward_Entity,Tanzania,2025-02-25,daily_state,ndc_balance,256.99,284.48,258.54,90.88,1.7627,index,simulated,PDI Synthetic Generator — Baseline,,AUBEB mangrove baseline scenario
612,6,Capital return — Conservation Fund deployment_Entity,Benin,2025-02-25,daily_state,ndc_balance,224.67,306.59,248.85,81.17,1.5952,index,simulated,PDI Synthetic Generator — Baseline,,AUBEB mangrove baseline scenario
613,7,Restoration specification — CBEMR design_Entity,Nigeria,2025-02-25,daily_state,ndc_balance,325.85,247.06,257.28,78.96,1.6448,index,simulated,PDI Synthetic Generator — Baseline,,AUBEB mangrove baseline scenario
614,8,Community custodial co-management_Entity,Cameroon,2025-02-25,daily_state,ndc_balance,230.53,256.05,214.54,83.79,1.781,index,simulated,PDI Synthetic Generator — Baseline,,AUBEB mangrove baseline scenario
615,9,Physical recovery — active regeneration_Entity,Mozambique,2025-02-25,daily_state,ndc_balance,253.64,229.35,214.69,84.64,0.7347,index,simulated,PDI Synthetic Generator — Baseline,,AUBEB mangrove baseline scenario
616,10,Verified restoration — sustained blue economy asset_Entity,Madagascar,2025-02-25,daily_state,ndc_balance,281.46,256.64,263.61,93.66,1.7638,index,simulated,PDI Synthetic Generator — Baseline,,AUBEB mangrove baseline scenario
617,0,Pre-commercial: degraded ecosystem_Entity,Nigeria,2025-02-26,daily_state,ndc_balance,203.87,196.37,135.15,66.29,1.2429,index,simulated,PDI Synthetic Generator — Baseline,,AUBEB mangrove baseline scenario
618,1,Custodial formalisation_Entity,Cameroon,2025-02-26,daily_state,ndc_balance,210.99,244.8,235.95,96.38,1.0996,index,simulated,PDI Synthetic Generator — Baseline,,AUBEB mangrove baseline scenario
619,2,Data extraction — baseline remote sensing_Entity,Mozambique,2025-02-26,daily_state,ndc_balance,282.49,272.44,240.44,85.11,1.1141,index,simulated,PDI Synthetic Generator — Baseline,,AUBEB mangrove baseline scenario
620,3,Specification — carbon quantification_Entity,Madagascar,2025-02-26,daily_state,ndc_balance,252.94,264.1,244.54,92.59,0.4038,index,simulated,PDI Synthetic Generator — Baseline,,AUBEB mangrove baseline scenario
621,4,Certification — verification & registration_Entity,Guinea,2025-02-26,daily_state,ndc_balance,249.32,269.54,229.09,84.99,0.7405,index,simulated,PDI Synthetic Generator — Baseline,,AUBEB mangrove baseline scenario
622,5,Commercialisation outward_Entity,Tanzania,2025-02-26,daily_state,ndc_balance,264.61,279.0,221.81,79.5,1.1759,index,simulated,PDI Synthetic Generator — Baseline,,AUBEB mangrove baseline scenario
623,6,Capital return — Conservation Fund deployment_Entity,Benin,2025-02-26,daily_state,ndc_balance,243.55,264.41,217.44,82.24,0.2913,index,simulated,PDI Synthetic Generator — Baseline,,AUBEB mangrove baseline scenario
624,7,Restoration specification — CBEMR design_Entity,Nigeria,2025-02-26,daily_state,ndc_balance,301.16,295.16,267.5,88.82,1.2157,index,simulated,PDI Synthetic Generator — Baseline,,AUBEB mangrove baseline scenario
625,8,Community custodial co-management_Entity,Cameroon,2025-02-26,daily_state,ndc_balance,255.87,277.34,195.6,70.53,1.4359,index,simulated,PDI Synthetic Generator — Baseline,,AUBEB mangrove baseline scenario
626,9,Physical recovery — active regeneration_Entity,Mozambique,2025-02-26,daily_state,ndc_balance,252.2,258.82,253.4,97.91,0.629,index,simulated,PDI Synthetic Generator — Baseline,,AUBEB mangrove baseline scenario
627,10,Verified restoration — sustained blue economy asset_Entity,Madagascar,2025-02-26,daily_state,ndc_balance,274.19,264.23,266.17,97.08,1.9482,index,simulated,PDI Synthetic Generator — Baseline,,AUBEB mangrove baseline scenario
628,0,Pre-commercial: degraded ecosystem_Entity,Nigeria,2025-02-27,daily_state,ndc_balance,196.06,199.97,150.22,75.12,1.5464,index,simulated,PDI Synthetic Generator — Baseline,,AUBEB mangrove baseline scenario
629,1,Custodial formalisation_Entity,Cameroon,2025-02-27,daily_state,ndc_balance,218.47,286.14,206.23,72.07,0.4842,index,simulated,PDI Synthetic Generator — Baseline,,AUBEB mangrove baseline scenario
630,2,Data extraction — baseline remote sensing_Entity,Mozambique,2025-02-27,daily_state,ndc_balance,278.38,257.76,224.15,80.52,0.1964,index,simulated,PDI Synthetic Generator — Baseline,,AUBEB mangrove baseline scenario
631,3,Specification — carbon quantification_Entity,Madagascar,2025-02-27,daily_state,ndc_balance,271.13,273.26,260.47,95.32,0.2954,index,simulated,PDI Synthetic Generator — Baseline,,AUBEB mangrove baseline scenario
632,4,Certification — verification & registration_Entity,Guinea,2025-02-27,daily_state,ndc_balance,283.29,261.92,213.2,75.26,1.681,index,simulated,PDI Synthetic Generator — Baseline,,AUBEB mangrove baseline scenario
633,5,Commercialisation outward_Entity,Tanzania,2025-02-27,daily_state,ndc_balance,252.66,276.08,245.4,88.89,1.7959,index,simulated,PDI Synthetic Generator — Baseline,,AUBEB mangrove baseline scenario
634,6,Capital return — Conservation Fund deployment_Entity,Benin,2025-02-27,daily_state,ndc_balance,266.6,283.32,236.15,83.35,1.861,index,simulated,PDI Synthetic Generator — Baseline,,AUBEB mangrove baseline scenario
635,7,Restoration specification — CBEMR design_Entity,Nigeria,2025-02-27,daily_state,ndc_balance,298.85,293.34,252.16,84.38,2.1223,index,simulated,PDI Synthetic Generator — Baseline,,AUBEB mangrove baseline scenario
636,8,Community custodial co-management_Entity,Cameroon,2025-02-27,daily_state,ndc_balance,228.43,267.78,207.31,77.42,0.1935,index,simulated,PDI Synthetic Generator — Baseline,,AUBEB mangrove baseline scenario
637,9,Physical recovery — active regeneration_Entity,Mozambique,2025-02-27,daily_state,ndc_balance,242.43,238.82,229.61,94.71,0.6357,index,simulated,PDI Synthetic Generator — Baseline,,AUBEB mangrove baseline scenario
638,10,Verified restoration — sustained blue economy asset_Entity,Madagascar,2025-02-27,daily_state,ndc_balance,256.72,250.87,267.28,104.11,2.842,index,simulated,PDI Synthetic Generator — Baseline,,AUBEB mangrove baseline scenario
639,0,Pre-commercial: degraded ecosystem_Entity,Nigeria,2025-02-28,daily_state,ndc_balance,204.72,202.86,142.17,69.45,0.6447,index,simulated,PDI Synthetic Generator — Baseline,,AUBEB mangrove baseline scenario
640,1,Custodial formalisation_Entity,Cameroon,2025-02-28,daily_state,ndc_balance,195.03,285.81,210.46,73.64,0.3674,index,simulated,PDI Synthetic Generator — Baseline,,AUBEB mangrove baseline scenario
641,2,Data extraction — baseline remote sensing_Entity,Mozambique,2025-02-28,daily_state,ndc_balance,254.91,278.75,224.36,80.49,1.2571,index,simulated,PDI Synthetic Generator — Baseline,,AUBEB mangrove baseline scenario
642,3,Specification — carbon quantification_Entity,Madagascar,2025-02-28,daily_state,ndc_balance,272.51,276.52,233.77,84.54,1.8506,index,simulated,PDI Synthetic Generator — Baseline,,AUBEB mangrove baseline scenario
643,4,Certification — verification & registration_Entity,Guinea,2025-02-28,daily_state,ndc_balance,252.81,260.4,221.06,84.89,1.6714,index,simulated,PDI Synthetic Generator — Baseline,,AUBEB mangrove baseline scenario
644,5,Commercialisation outward_Entity,Tanzania,2025-02-28,daily_state,ndc_balance,257.93,270.46,237.49,87.81,2.1006,index,simulated,PDI Synthetic Generator — Baseline,,AUBEB mangrove baseline scenario
645,6,Capital return — Conservation Fund deployment_Entity,Benin,2025-02-28,daily_state,ndc_balance,277.5,266.64,241.28,86.95,1.4391,index,simulated,PDI Synthetic Generator — Baseline,,AUBEB mangrove baseline scenario
646,7,Restoration specification — CBEMR design_Entity,Nigeria,2025-02-28,daily_state,ndc_balance,292.86,227.7,244.63,83.53,2.0685,index,simulated,PDI Synthetic Generator — Baseline,,AUBEB mangrove baseline scenario
647,8,Community custodial co-management_Entity,Cameroon,2025-02-28,daily_state,ndc_balance,242.89,252.7,205.78,81.43,0.8532,index,simulated,PDI Synthetic Generator — Baseline,,AUBEB mangrove baseline scenario
648,9,Physical recovery — active regeneration_Entity,Mozambique,2025-02-28,daily_state,ndc_balance,236.96,241.51,211.36,87.52,2.2035,index,simulated,PDI Synthetic Generator — Baseline,,AUBEB mangrove baseline scenario
649,10,Verified restoration — sustained blue economy asset_Entity,Madagascar,2025-02-28,daily_state,ndc_balance,280.39,269.03,265.87,94.82,0.3664,index,simulated,PDI Synthetic Generator — Baseline,,AUBEB mangrove baseline scenario
650,0,Pre-commercial: degraded ecosystem_Entity,Nigeria,2025-03-01,daily_state,ndc_balance,203.85,219.67,147.58,67.18,0.7528,index,simulated,PDI Synthetic Generator — Baseline,,AUBEB mangrove baseline scenario
651,1,Custodial formalisation_Entity,Cameroon,2025-03-01,daily_state,ndc_balance,201.63,258.09,195.86,75.89,0.3009,index,simulated,PDI Synthetic Generator — Baseline,,AUBEB mangrove baseline scenario
652,2,Data extraction — baseline remote sensing_Entity,Mozambique,2025-03-01,daily_state,ndc_balance,268.11,250.01,238.41,88.92,0.8296,index,simulated,PDI Synthetic Generator — Baseline,,AUBEB mangrove baseline scenario
653,3,Specification — carbon quantification_Entity,Madagascar,2025-03-01,daily_state,ndc_balance,272.61,290.16,265.12,91.37,1.4595,index,simulated,PDI Synthetic Generator — Baseline,,AUBEB mangrove baseline scenario
654,4,Certification — verification & registration_Entity,Guinea,2025-03-01,daily_state,ndc_balance,287.13,254.1,250.84,87.36,1.9486,index,simulated,PDI Synthetic Generator — Baseline,,AUBEB mangrove baseline scenario
655,5,Commercialisation outward_Entity,Tanzania,2025-03-01,daily_state,ndc_balance,257.58,266.52,225.83,84.73,1.8563,index,simulated,PDI Synthetic Generator — Baseline,,AUBEB mangrove baseline scenario
656,6,Capital return — Conservation Fund deployment_Entity,Benin,2025-03-01,daily_state,ndc_balance,236.06,278.48,231.08,82.98,1.0143,index,simulated,PDI Synthetic Generator — Baseline,,AUBEB mangrove baseline scenario
657,7,Restoration specification — CBEMR design_Entity,Nigeria,2025-03-01,daily_state,ndc_balance,257.96,278.46,242.95,87.25,1.7506,index,simulated,PDI Synthetic Generator — Baseline,,AUBEB mangrove baseline scenario
658,8,Community custodial co-management_Entity,Cameroon,2025-03-01,daily_state,ndc_balance,257.7,273.62,208.58,76.23,1.275,index,simulated,PDI Synthetic Generator — Baseline,,AUBEB mangrove baseline scenario
659,9,Physical recovery — active regeneration_Entity,Mozambique,2025-03-01,daily_state,ndc_balance,271.27,284.04,208.82,73.52,1.214,index,simulated,PDI Synthetic Generator — Baseline,,AUBEB mangrove baseline scenario
660,10,Verified restoration — sustained blue economy asset_Entity,Madagascar,2025-03-01,daily_state,ndc_balance,275.77,276.24,261.91,94.81,2.1656,index,simulated,PDI Synthetic Generator — Baseline,,AUBEB mangrove baseline scenario
661,0,Pre-commercial: degraded ecosystem_Entity,Nigeria,2025-03-02,daily_state,ndc_balance,197.06,224.86,142.28,63.27,0.9926,index,simulated,PDI Synthetic Generator — Baseline,,AUBEB mangrove baseline scenario
662,1,Custodial formalisation_Entity,Cameroon,2025-03-02,daily_state,ndc_balance,208.92,271.18,217.6,80.24,1.4315,index,simulated,PDI Synthetic Generator — Baseline,,AUBEB mangrove baseline scenario
663,2,Data extraction — baseline remote sensing_Entity,Mozambique,2025-03-02,daily_state,ndc_balance,250.55,268.97,229.76,85.42,1.2032,index,simulated,PDI Synthetic Generator — Baseline,,AUBEB mangrove baseline scenario
664,3,Specification — carbon quantification_Entity,Madagascar,2025-03-02,daily_state,ndc_balance,284.41,257.73,250.98,88.25,0.77,index,simulated,PDI Synthetic Generator — Baseline,,AUBEB mangrove baseline scenario
665,4,Certification — verification & registration_Entity,Guinea,2025-03-02,daily_state,ndc_balance,276.26,284.84,236.25,82.94,1.1515,index,simulated,PDI Synthetic Generator — Baseline,,AUBEB mangrove baseline scenario
666,5,Commercialisation outward_Entity,Tanzania,2025-03-02,daily_state,ndc_balance,248.93,303.3,240.61,79.33,0.6043,index,simulated,PDI Synthetic Generator — Baseline,,AUBEB mangrove baseline scenario
667,6,Capital return — Conservation Fund deployment_Entity,Benin,2025-03-02,daily_state,ndc_balance,244.91,274.83,247.67,90.12,2.1239,index,simulated,PDI Synthetic Generator — Baseline,,AUBEB mangrove baseline scenario
668,7,Restoration specification — CBEMR design_Entity,Nigeria,2025-03-02,daily_state,ndc_balance,311.46,237.83,241.08,77.4,1.3779,index,simulated,PDI Synthetic Generator — Baseline,,AUBEB mangrove baseline scenario
669,8,Community custodial co-management_Entity,Cameroon,2025-03-02,daily_state,ndc_balance,225.09,262.57,179.77,68.47,0.4839,index,simulated,PDI Synthetic Generator — Baseline,,AUBEB mangrove baseline scenario
670,9,Physical recovery — active regeneration_Entity,Mozambique,2025-03-02,daily_state,ndc_balance,264.12,264.89,239.35,90.36,1.3517,index,simulated,PDI Synthetic Generator — Baseline,,AUBEB mangrove baseline scenario
671,10,Verified restoration — sustained blue economy asset_Entity,Madagascar,2025-03-02,daily_state,ndc_balance,288.62,266.07,269.46,93.36,2.5068,index,simulated,PDI Synthetic Generator — Baseline,,AUBEB mangrove baseline scenario
672,0,Pre-commercial: degraded ecosystem_Entity,Nigeria,2025-03-03,daily_state,ndc_balance,168.08,212.18,146.0,68.81,0.5029,index,simulated,PDI Synthetic Generator — Baseline,,AUBEB mangrove baseline scenario
673,1,Custodial formalisation_Entity,Cameroon,2025-03-03,daily_state,ndc_balance,218.36,259.97,211.47,81.34,0.557,index,simulated,PDI Synthetic Generator — Baseline,,AUBEB mangrove baseline scenario
674,2,Data extraction — baseline remote sensing_Entity,Mozambique,2025-03-03,daily_state,ndc_balance,255.36,259.21,238.16,91.88,1.6726,index,simulated,PDI Synthetic Generator — Baseline,,AUBEB mangrove baseline scenario
675,3,Specification — carbon quantification_Entity,Madagascar,2025-03-03,daily_state,ndc_balance,258.09,276.91,230.48,83.23,0.5734,index,simulated,PDI Synthetic Generator — Baseline,,AUBEB mangrove baseline scenario
676,4,Certification — verification & registration_Entity,Guinea,2025-03-03,daily_state,ndc_balance,261.12,294.37,223.86,76.05,0.5562,index,simulated,PDI Synthetic Generator — Baseline,,AUBEB mangrove baseline scenario
677,5,Commercialisation outward_Entity,Tanzania,2025-03-03,daily_state,ndc_balance,276.01,272.67,234.37,84.91,1.8508,index,simulated,PDI Synthetic Generator — Baseline,,AUBEB mangrove baseline scenario
678,6,Capital return — Conservation Fund deployment_Entity,Benin,2025-03-03,daily_state,ndc_balance,274.31,300.73,205.47,68.32,0.1419,index,simulated,PDI Synthetic Generator — Baseline,,AUBEB mangrove baseline scenario
679,7,Restoration specification — CBEMR design_Entity,Nigeria,2025-03-03,daily_state,ndc_balance,262.03,245.5,250.99,95.79,1.5878,index,simulated,PDI Synthetic Generator — Baseline,,AUBEB mangrove baseline scenario
680,8,Community custodial co-management_Entity,Cameroon,2025-03-03,daily_state,ndc_balance,229.43,257.33,209.65,81.47,0.3065,index,simulated,PDI Synthetic Generator — Baseline,,AUBEB mangrove baseline scenario
681,9,Physical recovery — active regeneration_Entity,Mozambique,2025-03-03,daily_state,ndc_balance,275.84,251.54,259.29,94.0,2.4058,index,simulated,PDI Synthetic Generator — Baseline,,AUBEB mangrove baseline scenario
682,10,Verified restoration — sustained blue economy asset_Entity,Madagascar,2025-03-03,daily_state,ndc_balance,300.9,246.84,252.06,83.77,0.9163,index,simulated,PDI Synthetic Generator — Baseline,,AUBEB mangrove baseline scenario
683,0,Pre-commercial: degraded ecosystem_Entity,Nigeria,2025-03-04,daily_state,ndc_balance,204.99,199.2,145.76,71.11,1.271,index,simulated,PDI Synthetic Generator — Baseline,,AUBEB mangrove baseline scenario
684,1,Custodial formalisation_Entity,Cameroon,2025-03-04,daily_state,ndc_balance,215.85,290.85,220.5,75.81,0.8474,index,simulated,PDI Synthetic Generator — Baseline,,AUBEB mangrove baseline scenario
685,2,Data extraction — baseline remote sensing_Entity,Mozambique,2025-03-04,daily_state,ndc_balance,267.01,269.33,242.12,89.9,1.9898,index,simulated,PDI Synthetic Generator — Baseline,,AUBEB mangrove baseline scenario
686,3,Specification — carbon quantification_Entity,Madagascar,2025-03-04,daily_state,ndc_balance,294.58,263.89,233.05,79.11,0.7252,index,simulated,PDI Synthetic Generator — Baseline,,AUBEB mangrove baseline scenario
687,4,Certification — verification & registration_Entity,Guinea,2025-03-04,daily_state,ndc_balance,259.15,278.37,245.27,88.11,1.4585,index,simulated,PDI Synthetic Generator — Baseline,,AUBEB mangrove baseline scenario
688,5,Commercialisation outward_Entity,Tanzania,2025-03-04,daily_state,ndc_balance,285.96,277.48,239.94,83.91,1.0971,index,simulated,PDI Synthetic Generator — Baseline,,AUBEB mangrove baseline scenario
689,6,Capital return — Conservation Fund deployment_Entity,Benin,2025-03-04,daily_state,ndc_balance,243.91,283.21,238.14,84.09,0.8007,index,simulated,PDI Synthetic Generator — Baseline,,AUBEB mangrove baseline scenario
690,7,Restoration specification — CBEMR design_Entity,Nigeria,2025-03-04,daily_state,ndc_balance,277.47,271.22,259.61,93.56,0.6352,index,simulated,PDI Synthetic Generator — Baseline,,AUBEB mangrove baseline scenario
691,8,Community custodial co-management_Entity,Cameroon,2025-03-04,daily_state,ndc_balance,225.64,229.55,194.89,84.9,1.8431,index,simulated,PDI Synthetic Generator — Baseline,,AUBEB mangrove baseline scenario
692,9,Physical recovery — active regeneration_Entity,Mozambique,2025-03-04,daily_state,ndc_balance,247.9,248.89,238.4,95.79,0.8901,index,simulated,PDI Synthetic Generator — Baseline,,AUBEB mangrove baseline scenario
693,10,Verified restoration — sustained blue economy asset_Entity,Madagascar,2025-03-04,daily_state,ndc_balance,267.57,287.42,249.75,86.89,2.2461,index,simulated,PDI Synthetic Generator — Baseline,,AUBEB mangrove baseline scenario
694,0,Pre-commercial: degraded ecosystem_Entity,Nigeria,2025-03-05,daily_state,ndc_balance,191.64,211.98,143.68,67.78,0.6987,index,simulated,PDI Synthetic Generator — Baseline,,AUBEB mangrove baseline scenario
695,1,Custodial formalisation_Entity,Cameroon,2025-03-05,daily_state,ndc_balance,211.88,259.63,190.58,73.4,0.365,index,simulated,PDI Synthetic Generator — Baseline,,AUBEB mangrove baseline scenario
696,2,Data extraction — baseline remote sensing_Entity,Mozambique,2025-03-05,daily_state,ndc_balance,262.55,302.66,245.06,80.97,1.9359,index,simulated,PDI Synthetic Generator — Baseline,,AUBEB mangrove baseline scenario
697,3,Specification — carbon quantification_Entity,Madagascar,2025-03-05,daily_state,ndc_balance,301.32,294.26,241.89,80.28,1.3151,index,simulated,PDI Synthetic Generator — Baseline,,AUBEB mangrove baseline scenario
698,4,Certification — verification & registration_Entity,Guinea,2025-03-05,daily_state,ndc_balance,275.83,261.02,232.53,84.3,1.7727,index,simulated,PDI Synthetic Generator — Baseline,,AUBEB mangrove baseline scenario
699,5,Commercialisation outward_Entity,Tanzania,2025-03-05,daily_state,ndc_balance,265.64,272.81,245.38,89.95,0.524,index,simulated,PDI Synthetic Generator — Baseline,,AUBEB mangrove baseline scenario
700,6,Capital return — Conservation Fund deployment_Entity,Benin,2025-03-05,daily_state,ndc_balance,250.29,297.39,214.49,72.12,0.6217,index,simulated,PDI Synthetic Generator — Baseline,,AUBEB mangrove baseline scenario
701,7,Restoration specification — CBEMR design_Entity,Nigeria,2025-03-05,daily_state,ndc_balance,298.01,276.81,261.73,87.83,1.9427,index,simulated,PDI Synthetic Generator — Baseline,,AUBEB mangrove baseline scenario
702,8,Community custodial co-management_Entity,Cameroon,2025-03-05,daily_state,ndc_balance,252.09,253.03,197.76,78.16,1.3101,index,simulated,PDI Synthetic Generator — Baseline,,AUBEB mangrove baseline scenario
703,9,Physical recovery — active regeneration_Entity,Mozambique,2025-03-05,daily_state,ndc_balance,256.9,261.3,237.36,90.84,2.2157,index,simulated,PDI Synthetic Generator — Baseline,,AUBEB mangrove baseline scenario
704,10,Verified restoration — sustained blue economy asset_Entity,Madagascar,2025-03-05,daily_state,ndc_balance,292.57,294.14,259.59,88.25,0.7505,index,simulated,PDI Synthetic Generator — Baseline,,AUBEB mangrove baseline scenario
705,0,Pre-commercial: degraded ecosystem_Entity,Nigeria,2025-03-06,daily_state,ndc_balance,196.54,211.87,139.13,65.67,0.4551,index,simulated,PDI Synthetic Generator — Baseline,,AUBEB mangrove baseline scenario
706,1,Custodial formalisation_Entity,Cameroon,2025-03-06,daily_state,ndc_balance,210.59,279.08,219.47,78.64,1.6627,index,simulated,PDI Synthetic Generator — Baseline,,AUBEB mangrove baseline scenario
707,2,Data extraction — baseline remote sensing_Entity,Mozambique,2025-03-06,daily_state,ndc_balance,234.6,268.28,251.35,93.69,2.6082,index,simulated,PDI Synthetic Generator — Baseline,,AUBEB mangrove baseline scenario
708,3,Specification — carbon quantification_Entity,Madagascar,2025-03-06,daily_state,ndc_balance,251.69,275.07,242.75,88.25,1.3786,index,simulated,PDI Synthetic Generator — Baseline,,AUBEB mangrove baseline scenario
709,4,Certification — verification & registration_Entity,Guinea,2025-03-06,daily_state,ndc_balance,225.71,275.46,223.84,81.26,0.5187,index,simulated,PDI Synthetic Generator — Baseline,,AUBEB mangrove baseline scenario
710,5,Commercialisation outward_Entity,Tanzania,2025-03-06,daily_state,ndc_balance,259.77,267.19,241.92,90.54,2.2287,index,simulated,PDI Synthetic Generator — Baseline,,AUBEB mangrove baseline scenario
711,6,Capital return — Conservation Fund deployment_Entity,Benin,2025-03-06,daily_state,ndc_balance,260.97,266.42,245.85,92.28,2.0186,index,simulated,PDI Synthetic Generator — Baseline,,AUBEB mangrove baseline scenario
712,7,Restoration specification — CBEMR design_Entity,Nigeria,2025-03-06,daily_state,ndc_balance,278.9,316.09,251.9,79.69,0.3622,index,simulated,PDI Synthetic Generator — Baseline,,AUBEB mangrove baseline scenario
713,8,Community custodial co-management_Entity,Cameroon,2025-03-06,daily_state,ndc_balance,229.84,245.92,206.62,84.02,0.3183,index,simulated,PDI Synthetic Generator — Baseline,,AUBEB mangrove baseline scenario
714,9,Physical recovery — active regeneration_Entity,Mozambique,2025-03-06,daily_state,ndc_balance,221.13,262.64,232.78,88.63,2.0311,index,simulated,PDI Synthetic Generator — Baseline,,AUBEB mangrove baseline scenario
715,10,Verified restoration — sustained blue economy asset_Entity,Madagascar,2025-03-06,daily_state,ndc_balance,284.61,257.39,270.71,95.12,0.7016,index,simulated,PDI Synthetic Generator — Baseline,,AUBEB mangrove baseline scenario
716,0,Pre-commercial: degraded ecosystem_Entity,Nigeria,2025-03-07,daily_state,ndc_balance,180.37,181.83,133.52,73.43,1.1774,index,simulated,PDI Synthetic Generator — Baseline,,AUBEB mangrove baseline scenario
717,1,Custodial formalisation_Entity,Cameroon,2025-03-07,daily_state,ndc_balance,214.61,269.99,203.51,75.38,1.0351,index,simulated,PDI Synthetic Generator — Baseline,,AUBEB mangrove baseline scenario
718,2,Data extraction — baseline remote sensing_Entity,Mozambique,2025-03-07,daily_state,ndc_balance,220.49,262.28,239.36,91.26,2.4716,index,simulated,PDI Synthetic Generator — Baseline,,AUBEB mangrove baseline scenario
719,3,Specification — carbon quantification_Entity,Madagascar,2025-03-07,daily_state,ndc_balance,294.39,259.14,250.51,85.09,0.3937,index,simulated,PDI Synthetic Generator — Baseline,,AUBEB mangrove baseline scenario
720,4,Certification — verification & registration_Entity,Guinea,2025-03-07,daily_state,ndc_balance,276.88,273.25,247.98,89.56,1.3808,index,simulated,PDI Synthetic Generator — Baseline,,AUBEB mangrove baseline scenario
721,5,Commercialisation outward_Entity,Tanzania,2025-03-07,daily_state,ndc_balance,294.88,272.16,235.22,79.77,1.4226,index,simulated,PDI Synthetic Generator — Baseline,,AUBEB mangrove baseline scenario
722,6,Capital return — Conservation Fund deployment_Entity,Benin,2025-03-07,daily_state,ndc_balance,267.87,299.46,216.06,72.15,0.611,index,simulated,PDI Synthetic Generator — Baseline,,AUBEB mangrove baseline scenario
723,7,Restoration specification — CBEMR design_Entity,Nigeria,2025-03-07,daily_state,ndc_balance,302.12,274.98,274.64,90.9,2.1365,index,simulated,PDI Synthetic Generator — Baseline,,AUBEB mangrove baseline scenario
724,8,Community custodial co-management_Entity,Cameroon,2025-03-07,daily_state,ndc_balance,223.86,281.02,173.04,61.58,0.4962,index,simulated,PDI Synthetic Generator — Baseline,,AUBEB mangrove baseline scenario
725,9,Physical recovery — active regeneration_Entity,Mozambique,2025-03-07,daily_state,ndc_balance,266.17,246.59,242.54,91.12,0.555,index,simulated,PDI Synthetic Generator — Baseline,,AUBEB mangrove baseline scenario
726,10,Verified restoration — sustained blue economy asset_Entity,Madagascar,2025-03-07,daily_state,ndc_balance,288.44,293.84,286.17,97.39,2.3124,index,simulated,PDI Synthetic Generator — Baseline,,AUBEB mangrove baseline scenario
727,0,Pre-commercial: degraded ecosystem_Entity,Nigeria,2025-03-08,daily_state,ndc_balance,216.84,195.75,152.28,70.23,1.0715,index,simulated,PDI Synthetic Generator — Baseline,,AUBEB mangrove baseline scenario
728,1,Custodial formalisation_Entity,Cameroon,2025-03-08,daily_state,ndc_balance,241.76,297.88,203.28,68.24,0.4204,index,simulated,PDI Synthetic Generator — Baseline,,AUBEB mangrove baseline scenario
729,2,Data extraction — baseline remote sensing_Entity,Mozambique,2025-03-08,daily_state,ndc_balance,247.91,266.63,235.22,88.22,0.5011,index,simulated,PDI Synthetic Generator — Baseline,,AUBEB mangrove baseline scenario
730,3,Specification — carbon quantification_Entity,Madagascar,2025-03-08,daily_state,ndc_balance,304.04,266.72,219.74,72.27,1.4947,index,simulated,PDI Synthetic Generator — Baseline,,AUBEB mangrove baseline scenario
731,4,Certification — verification & registration_Entity,Guinea,2025-03-08,daily_state,ndc_balance,221.05,305.02,241.58,79.2,1.2084,index,simulated,PDI Synthetic Generator — Baseline,,AUBEB mangrove baseline scenario
732,5,Commercialisation outward_Entity,Tanzania,2025-03-08,daily_state,ndc_balance,259.13,309.58,215.58,69.64,0.4347,index,simulated,PDI Synthetic Generator — Baseline,,AUBEB mangrove baseline scenario
733,6,Capital return — Conservation Fund deployment_Entity,Benin,2025-03-08,daily_state,ndc_balance,226.42,256.65,243.42,94.85,0.8479,index,simulated,PDI Synthetic Generator — Baseline,,AUBEB mangrove baseline scenario
734,7,Restoration specification — CBEMR design_Entity,Nigeria,2025-03-08,daily_state,ndc_balance,301.48,281.83,250.99,83.25,1.8647,index,simulated,PDI Synthetic Generator — Baseline,,AUBEB mangrove baseline scenario
735,8,Community custodial co-management_Entity,Cameroon,2025-03-08,daily_state,ndc_balance,254.88,268.77,180.25,67.06,0.6773,index,simulated,PDI Synthetic Generator — Baseline,,AUBEB mangrove baseline scenario
736,9,Physical recovery — active regeneration_Entity,Mozambique,2025-03-08,daily_state,ndc_balance,227.8,250.91,243.54,97.06,0.4551,index,simulated,PDI Synthetic Generator — Baseline,,AUBEB mangrove baseline scenario
737,10,Verified restoration — sustained blue economy asset_Entity,Madagascar,2025-03-08,daily_state,ndc_balance,279.66,279.8,270.11,96.54,2.1229,index,simulated,PDI Synthetic Generator — Baseline,,AUBEB mangrove baseline scenario
738,0,Pre-commercial: degraded ecosystem_Entity,Nigeria,2025-03-09,daily_state,ndc_balance,200.1,224.47,138.58,61.74,0.6218,index,simulated,PDI Synthetic Generator — Baseline,,AUBEB mangrove baseline scenario
739,1,Custodial formalisation_Entity,Cameroon,2025-03-09,daily_state,ndc_balance,200.44,286.16,224.74,78.54,1.624,index,simulated,PDI Synthetic Generator — Baseline,,AUBEB mangrove baseline scenario
740,2,Data extraction — baseline remote sensing_Entity,Mozambique,2025-03-09,daily_state,ndc_balance,266.44,257.5,224.94,84.42,0.5268,index,simulated,PDI Synthetic Generator — Baseline,,AUBEB mangrove baseline scenario
741,3,Specification — carbon quantification_Entity,Madagascar,2025-03-09,daily_state,ndc_balance,309.06,286.1,253.24,81.94,1.9266,index,simulated,PDI Synthetic Generator — Baseline,,AUBEB mangrove baseline scenario
742,4,Certification — verification & registration_Entity,Guinea,2025-03-09,daily_state,ndc_balance,273.13,280.9,241.92,86.12,0.9744,index,simulated,PDI Synthetic Generator — Baseline,,AUBEB mangrove baseline scenario
743,5,Commercialisation outward_Entity,Tanzania,2025-03-09,daily_state,ndc_balance,257.78,251.59,237.96,92.31,1.6224,index,simulated,PDI Synthetic Generator — Baseline,,AUBEB mangrove baseline scenario
744,6,Capital return — Conservation Fund deployment_Entity,Benin,2025-03-09,daily_state,ndc_balance,255.88,257.84,218.67,84.81,0.276,index,simulated,PDI Synthetic Generator — Baseline,,AUBEB mangrove baseline scenario
745,7,Restoration specification — CBEMR design_Entity,Nigeria,2025-03-09,daily_state,ndc_balance,289.44,268.53,258.8,89.41,0.4584,index,simulated,PDI Synthetic Generator — Baseline,,AUBEB mangrove baseline scenario
746,8,Community custodial co-management_Entity,Cameroon,2025-03-09,daily_state,ndc_balance,230.71,258.75,203.34,78.59,1.3478,index,simulated,PDI Synthetic Generator — Baseline,,AUBEB mangrove baseline scenario
747,9,Physical recovery — active regeneration_Entity,Mozambique,2025-03-09,daily_state,ndc_balance,247.72,227.91,231.91,93.62,0.8251,index,simulated,PDI Synthetic Generator — Baseline,,AUBEB mangrove baseline scenario
748,10,Verified restoration — sustained blue economy asset_Entity,Madagascar,2025-03-09,daily_state,ndc_balance,293.6,292.23,261.11,88.93,2.0308,index,simulated,PDI Synthetic Generator — Baseline,,AUBEB mangrove baseline scenario
749,0,Pre-commercial: degraded ecosystem_Entity,Nigeria,2025-03-10,daily_state,ndc_balance,206.46,209.33,135.61,64.78,0.8761,index,simulated,PDI Synthetic Generator — Baseline,,AUBEB mangrove baseline scenario
750,1,Custodial formalisation_Entity,Cameroon,2025-03-10,daily_state,ndc_balance,216.67,263.2,207.98,79.02,0.2307,index,simulated,PDI Synthetic Generator — Baseline,,AUBEB mangrove baseline scenario
751,2,Data extraction — baseline remote sensing_Entity,Mozambique,2025-03-10,daily_state,ndc_balance,262.09,283.91,267.45,94.2,1.005,index,simulated,PDI Synthetic Generator — Baseline,,AUBEB mangrove baseline scenario
752,3,Specification — carbon quantification_Entity,Madagascar,2025-03-10,daily_state,ndc_balance,295.94,256.88,267.73,90.47,1.7063,index,simulated,PDI Synthetic Generator — Baseline,,AUBEB mangrove baseline scenario
753,4,Certification — verification & registration_Entity,Guinea,2025-03-10,daily_state,ndc_balance,276.43,283.08,249.83,88.25,1.0105,index,simulated,PDI Synthetic Generator — Baseline,,AUBEB mangrove baseline scenario
754,5,Commercialisation outward_Entity,Tanzania,2025-03-10,daily_state,ndc_balance,289.8,259.98,236.65,81.66,1.0374,index,simulated,PDI Synthetic Generator — Baseline,,AUBEB mangrove baseline scenario
755,6,Capital return — Conservation Fund deployment_Entity,Benin,2025-03-10,daily_state,ndc_balance,261.83,284.76,250.25,87.88,1.6235,index,simulated,PDI Synthetic Generator — Baseline,,AUBEB mangrove baseline scenario
756,7,Restoration specification — CBEMR design_Entity,Nigeria,2025-03-10,daily_state,ndc_balance,290.6,284.86,259.12,89.17,1.4009,index,simulated,PDI Synthetic Generator — Baseline,,AUBEB mangrove baseline scenario
757,8,Community custodial co-management_Entity,Cameroon,2025-03-10,daily_state,ndc_balance,254.58,252.25,174.72,68.63,1.1821,index,simulated,PDI Synthetic Generator — Baseline,,AUBEB mangrove baseline scenario
758,9,Physical recovery — active regeneration_Entity,Mozambique,2025-03-10,daily_state,ndc_balance,242.42,235.67,241.47,99.61,2.62,index,simulated,PDI Synthetic Generator — Baseline,,AUBEB mangrove baseline scenario
759,10,Verified restoration — sustained blue economy asset_Entity,Madagascar,2025-03-10,daily_state,ndc_balance,245.72,277.31,248.86,89.74,2.2046,index,simulated,PDI Synthetic Generator — Baseline,,AUBEB mangrove baseline scenario
760,0,Pre-commercial: degraded ecosystem_Entity,Nigeria,2025-03-11,daily_state,ndc_balance,200.72,196.85,132.19,65.86,1.1846,index,simulated,PDI Synthetic Generator — Baseline,,AUBEB mangrove baseline scenario
761,1,Custodial formalisation_Entity,Cameroon,2025-03-11,daily_state,ndc_balance,217.97,248.67,208.29,83.76,1.6448,index,simulated,PDI Synthetic Generator — Baseline,,AUBEB mangrove baseline scenario
762,2,Data extraction — baseline remote sensing_Entity,Mozambique,2025-03-11,daily_state,ndc_balance,250.67,293.92,280.21,95.34,2.6583,index,simulated,PDI Synthetic Generator — Baseline,,AUBEB mangrove baseline scenario
763,3,Specification — carbon quantification_Entity,Madagascar,2025-03-11,daily_state,ndc_balance,283.13,264.09,216.24,76.37,0.8607,index,simulated,PDI Synthetic Generator — Baseline,,AUBEB mangrove baseline scenario
764,4,Certification — verification & registration_Entity,Guinea,2025-03-11,daily_state,ndc_balance,281.54,294.92,237.66,80.58,1.6573,index,simulated,PDI Synthetic Generator — Baseline,,AUBEB mangrove baseline scenario
765,5,Commercialisation outward_Entity,Tanzania,2025-03-11,daily_state,ndc_balance,258.3,307.84,237.47,77.14,0.8021,index,simulated,PDI Synthetic Generator — Baseline,,AUBEB mangrove baseline scenario
766,6,Capital return — Conservation Fund deployment_Entity,Benin,2025-03-11,daily_state,ndc_balance,257.02,260.41,236.34,90.76,0.8614,index,simulated,PDI Synthetic Generator — Baseline,,AUBEB mangrove baseline scenario
767,7,Restoration specification — CBEMR design_Entity,Nigeria,2025-03-11,daily_state,ndc_balance,247.01,280.62,256.81,91.52,1.4329,index,simulated,PDI Synthetic Generator — Baseline,,AUBEB mangrove baseline scenario
768,8,Community custodial co-management_Entity,Cameroon,2025-03-11,daily_state,ndc_balance,216.74,242.09,201.89,83.39,0.4869,index,simulated,PDI Synthetic Generator — Baseline,,AUBEB mangrove baseline scenario
769,9,Physical recovery — active regeneration_Entity,Mozambique,2025-03-11,daily_state,ndc_balance,230.31,238.63,262.55,110.02,2.2022,index,simulated,PDI Synthetic Generator — Baseline,,AUBEB mangrove baseline scenario
770,10,Verified restoration — sustained blue economy asset_Entity,Madagascar,2025-03-11,daily_state,ndc_balance,265.85,282.79,262.45,92.81,1.504,index,simulated,PDI Synthetic Generator — Baseline,,AUBEB mangrove baseline scenario
771,0,Pre-commercial: degraded ecosystem_Entity,Nigeria,2025-03-12,daily_state,ndc_balance,193.13,210.26,134.71,64.07,0.798,index,simulated,PDI Synthetic Generator — Baseline,,AUBEB mangrove baseline scenario
772,1,Custodial formalisation_Entity,Cameroon,2025-03-12,daily_state,ndc_balance,221.83,284.74,215.39,75.64,0.3939,index,simulated,PDI Synthetic Generator — Baseline,,AUBEB mangrove baseline scenario
773,2,Data extraction — baseline remote sensing_Entity,Mozambique,2025-03-12,daily_state,ndc_balance,237.67,256.16,272.7,106.46,1.3543,index,simulated,PDI Synthetic Generator — Baseline,,AUBEB mangrove baseline scenario
774,3,Specification — carbon quantification_Entity,Madagascar,2025-03-12,daily_state,ndc_balance,288.51,274.11,282.44,97.9,2.6702,index,simulated,PDI Synthetic Generator — Baseline,,AUBEB mangrove baseline scenario
775,4,Certification — verification & registration_Entity,Guinea,2025-03-12,daily_state,ndc_balance,262.52,270.01,242.99,89.99,0.856,index,simulated,PDI Synthetic Generator — Baseline,,AUBEB mangrove baseline scenario
776,5,Commercialisation outward_Entity,Tanzania,2025-03-12,daily_state,ndc_balance,247.91,246.84,234.14,94.45,0.5041,index,simulated,PDI Synthetic Generator — Baseline,,AUBEB mangrove baseline scenario
777,6,Capital return — Conservation Fund deployment_Entity,Benin,2025-03-12,daily_state,ndc_balance,265.69,265.57,243.67,91.71,2.1278,index,simulated,PDI Synthetic Generator — Baseline,,AUBEB mangrove baseline scenario
778,7,Restoration specification — CBEMR design_Entity,Nigeria,2025-03-12,daily_state,ndc_balance,277.07,269.94,267.58,96.57,1.9054,index,simulated,PDI Synthetic Generator — Baseline,,AUBEB mangrove baseline scenario
779,8,Community custodial co-management_Entity,Cameroon,2025-03-12,daily_state,ndc_balance,239.71,265.79,204.66,77.0,1.3937,index,simulated,PDI Synthetic Generator — Baseline,,AUBEB mangrove baseline scenario
780,9,Physical recovery — active regeneration_Entity,Mozambique,2025-03-12,daily_state,ndc_balance,229.78,270.84,213.79,78.94,1.0538,index,simulated,PDI Synthetic Generator — Baseline,,AUBEB mangrove baseline scenario
781,10,Verified restoration — sustained blue economy asset_Entity,Madagascar,2025-03-12,daily_state,ndc_balance,287.85,283.85,246.75,85.72,1.9094,index,simulated,PDI Synthetic Generator — Baseline,,AUBEB mangrove baseline scenario
782,0,Pre-commercial: degraded ecosystem_Entity,Nigeria,2025-03-13,daily_state,ndc_balance,199.72,202.11,140.58,69.56,0.3969,index,simulated,PDI Synthetic Generator — Baseline,,AUBEB mangrove baseline scenario
783,1,Custodial formalisation_Entity,Cameroon,2025-03-13,daily_state,ndc_balance,224.06,245.04,213.05,86.94,2.1005,index,simulated,PDI Synthetic Generator — Baseline,,AUBEB mangrove baseline scenario
784,2,Data extraction — baseline remote sensing_Entity,Mozambique,2025-03-13,daily_state,ndc_balance,272.96,268.33,231.8,84.92,1.8198,index,simulated,PDI Synthetic Generator — Baseline,,AUBEB mangrove baseline scenario
785,3,Specification — carbon quantification_Entity,Madagascar,2025-03-13,daily_state,ndc_balance,256.15,271.25,259.74,95.76,1.1972,index,simulated,PDI Synthetic Generator — Baseline,,AUBEB mangrove baseline scenario
786,4,Certification — verification & registration_Entity,Guinea,2025-03-13,daily_state,ndc_balance,262.73,263.53,233.03,88.43,2.0723,index,simulated,PDI Synthetic Generator — Baseline,,AUBEB mangrove baseline scenario
787,5,Commercialisation outward_Entity,Tanzania,2025-03-13,daily_state,ndc_balance,247.63,264.14,248.33,94.01,2.0525,index,simulated,PDI Synthetic Generator — Baseline,,AUBEB mangrove baseline scenario
788,6,Capital return — Conservation Fund deployment_Entity,Benin,2025-03-13,daily_state,ndc_balance,288.32,266.99,218.56,75.8,0.7722,index,simulated,PDI Synthetic Generator — Baseline,,AUBEB mangrove baseline scenario
789,7,Restoration specification — CBEMR design_Entity,Nigeria,2025-03-13,daily_state,ndc_balance,291.39,290.16,281.1,96.47,1.9058,index,simulated,PDI Synthetic Generator — Baseline,,AUBEB mangrove baseline scenario
790,8,Community custodial co-management_Entity,Cameroon,2025-03-13,daily_state,ndc_balance,229.89,250.66,187.63,74.85,0.7876,index,simulated,PDI Synthetic Generator — Baseline,,AUBEB mangrove baseline scenario
791,9,Physical recovery — active regeneration_Entity,Mozambique,2025-03-13,daily_state,ndc_balance,278.11,255.31,233.21,83.86,1.9415,index,simulated,PDI Synthetic Generator — Baseline,,AUBEB mangrove baseline scenario
792,10,Verified restoration — sustained blue economy asset_Entity,Madagascar,2025-03-13,daily_state,ndc_balance,277.77,258.7,238.42,85.83,0.2379,index,simulated,PDI Synthetic Generator — Baseline,,AUBEB mangrove baseline scenario
793,0,Pre-commercial: degraded ecosystem_Entity,Nigeria,2025-03-14,daily_state,ndc_balance,199.67,221.7,134.4,60.62,0.748,index,simulated,PDI Synthetic Generator — Baseline,,AUBEB mangrove baseline scenario
794,1,Custodial formalisation_Entity,Cameroon,2025-03-14,daily_state,ndc_balance,243.23,257.92,218.72,84.8,0.8928,index,simulated,PDI Synthetic Generator — Baseline,,AUBEB mangrove baseline scenario
795,2,Data extraction — baseline remote sensing_Entity,Mozambique,2025-03-14,daily_state,ndc_balance,255.78,290.3,230.99,79.57,0.8689,index,simulated,PDI Synthetic Generator — Baseline,,AUBEB mangrove baseline scenario
796,3,Specification — carbon quantification_Entity,Madagascar,2025-03-14,daily_state,ndc_balance,251.89,287.64,268.07,93.2,1.8139,index,simulated,PDI Synthetic Generator — Baseline,,AUBEB mangrove baseline scenario
797,4,Certification — verification & registration_Entity,Guinea,2025-03-14,daily_state,ndc_balance,268.36,258.84,226.23,84.3,0.7859,index,simulated,PDI Synthetic Generator — Baseline,,AUBEB mangrove baseline scenario
798,5,Commercialisation outward_Entity,Tanzania,2025-03-14,daily_state,ndc_balance,242.92,276.61,236.19,85.39,2.1644,index,simulated,PDI Synthetic Generator — Baseline,,AUBEB mangrove baseline scenario
799,6,Capital return — Conservation Fund deployment_Entity,Benin,2025-03-14,daily_state,ndc_balance,240.32,246.92,227.48,92.13,2.2996,index,simulated,PDI Synthetic Generator — Baseline,,AUBEB mangrove baseline scenario
800,7,Restoration specification — CBEMR design_Entity,Nigeria,2025-03-14,daily_state,ndc_balance,306.41,269.19,260.22,84.93,1.707,index,simulated,PDI Synthetic Generator — Baseline,,AUBEB mangrove baseline scenario
801,8,Community custodial co-management_Entity,Cameroon,2025-03-14,daily_state,ndc_balance,256.7,239.62,201.14,78.36,1.2792,index,simulated,PDI Synthetic Generator — Baseline,,AUBEB mangrove baseline scenario
802,9,Physical recovery — active regeneration_Entity,Mozambique,2025-03-14,daily_state,ndc_balance,232.63,241.81,212.74,87.98,1.6019,index,simulated,PDI Synthetic Generator — Baseline,,AUBEB mangrove baseline scenario
803,10,Verified restoration — sustained blue economy asset_Entity,Madagascar,2025-03-14,daily_state,ndc_balance,293.02,271.8,241.77,82.51,0.2692,index,simulated,PDI Synthetic Generator — Baseline,,AUBEB mangrove baseline scenario
804,0,Pre-commercial: degraded ecosystem_Entity,Nigeria,2025-03-15,daily_state,ndc_balance,205.83,195.93,131.28,63.78,0.3306,index,simulated,PDI Synthetic Generator — Baseline,,AUBEB mangrove baseline scenario
805,1,Custodial formalisation_Entity,Cameroon,2025-03-15,daily_state,ndc_balance,210.68,260.55,191.12,73.35,1.4784,index,simulated,PDI Synthetic Generator — Baseline,,AUBEB mangrove baseline scenario
806,2,Data extraction — baseline remote sensing_Entity,Mozambique,2025-03-15,daily_state,ndc_balance,250.19,262.85,227.7,86.63,1.9381,index,simulated,PDI Synthetic Generator — Baseline,,AUBEB mangrove baseline scenario
807,3,Specification — carbon quantification_Entity,Madagascar,2025-03-15,daily_state,ndc_balance,298.53,243.89,259.93,87.07,0.4893,index,simulated,PDI Synthetic Generator — Baseline,,AUBEB mangrove baseline scenario
808,4,Certification — verification & registration_Entity,Guinea,2025-03-15,daily_state,ndc_balance,266.42,270.39,263.92,97.61,2.2483,index,simulated,PDI Synthetic Generator — Baseline,,AUBEB mangrove baseline scenario
809,5,Commercialisation outward_Entity,Tanzania,2025-03-15,daily_state,ndc_balance,269.61,294.48,229.9,78.07,0.7675,index,simulated,PDI Synthetic Generator — Baseline,,AUBEB mangrove baseline scenario
810,6,Capital return — Conservation Fund deployment_Entity,Benin,2025-03-15,daily_state,ndc_balance,265.79,271.49,217.24,80.02,1.5545,index,simulated,PDI Synthetic Generator — Baseline,,AUBEB mangrove baseline scenario
811,7,Restoration specification — CBEMR design_Entity,Nigeria,2025-03-15,daily_state,ndc_balance,273.62,283.06,243.93,86.18,1.1663,index,simulated,PDI Synthetic Generator — Baseline,,AUBEB mangrove baseline scenario
812,8,Community custodial co-management_Entity,Cameroon,2025-03-15,daily_state,ndc_balance,262.59,269.58,184.41,68.41,1.3335,index,simulated,PDI Synthetic Generator — Baseline,,AUBEB mangrove baseline scenario
813,9,Physical recovery — active regeneration_Entity,Mozambique,2025-03-15,daily_state,ndc_balance,280.61,265.73,204.89,73.02,0.7093,index,simulated,PDI Synthetic Generator — Baseline,,AUBEB mangrove baseline scenario
814,10,Verified restoration — sustained blue economy asset_Entity,Madagascar,2025-03-15,daily_state,ndc_balance,279.9,270.37,259.87,92.84,2.2468,index,simulated,PDI Synthetic Generator — Baseline,,AUBEB mangrove baseline scenario
815,0,Pre-commercial: degraded ecosystem_Entity,Nigeria,2025-03-16,daily_state,ndc_balance,205.22,206.1,132.69,64.38,1.139,index,simulated,PDI Synthetic Generator — Baseline,,AUBEB mangrove baseline scenario
816,1,Custodial formalisation_Entity,Cameroon,2025-03-16,daily_state,ndc_balance,220.92,258.27,215.94,83.61,1.5605,index,simulated,PDI Synthetic Generator — Baseline,,AUBEB mangrove baseline scenario
817,2,Data extraction — baseline remote sensing_Entity,Mozambique,2025-03-16,daily_state,ndc_balance,259.21,253.44,236.82,91.36,1.6804,index,simulated,PDI Synthetic Generator — Baseline,,AUBEB mangrove baseline scenario
818,3,Specification — carbon quantification_Entity,Madagascar,2025-03-16,daily_state,ndc_balance,272.31,285.04,257.37,90.29,1.9202,index,simulated,PDI Synthetic Generator — Baseline,,AUBEB mangrove baseline scenario
819,4,Certification — verification & registration_Entity,Guinea,2025-03-16,daily_state,ndc_balance,272.98,296.2,213.8,72.18,0.2802,index,simulated,PDI Synthetic Generator — Baseline,,AUBEB mangrove baseline scenario
820,5,Commercialisation outward_Entity,Tanzania,2025-03-16,daily_state,ndc_balance,261.73,254.61,219.95,84.04,0.9811,index,simulated,PDI Synthetic Generator — Baseline,,AUBEB mangrove baseline scenario
821,6,Capital return — Conservation Fund deployment_Entity,Benin,2025-03-16,daily_state,ndc_balance,274.98,268.53,237.91,86.52,0.9786,index,simulated,PDI Synthetic Generator — Baseline,,AUBEB mangrove baseline scenario
822,7,Restoration specification — CBEMR design_Entity,Nigeria,2025-03-16,daily_state,ndc_balance,282.63,286.34,253.18,88.42,1.9934,index,simulated,PDI Synthetic Generator — Baseline,,AUBEB mangrove baseline scenario
823,8,Community custodial co-management_Entity,Cameroon,2025-03-16,daily_state,ndc_balance,243.76,277.49,189.78,68.39,1.0162,index,simulated,PDI Synthetic Generator — Baseline,,AUBEB mangrove baseline scenario
824,9,Physical recovery — active regeneration_Entity,Mozambique,2025-03-16,daily_state,ndc_balance,243.83,247.56,239.09,96.58,1.2458,index,simulated,PDI Synthetic Generator — Baseline,,AUBEB mangrove baseline scenario
825,10,Verified restoration — sustained blue economy asset_Entity,Madagascar,2025-03-16,daily_state,ndc_balance,271.38,266.78,260.76,96.09,1.002,index,simulated,PDI Synthetic Generator — Baseline,,AUBEB mangrove baseline scenario
826,0,Pre-commercial: degraded ecosystem_Entity,Nigeria,2025-03-17,daily_state,ndc_balance,190.97,197.76,130.63,66.05,0.5289,index,simulated,PDI Synthetic Generator — Baseline,,AUBEB mangrove baseline scenario
827,1,Custodial formalisation_Entity,Cameroon,2025-03-17,daily_state,ndc_balance,243.86,237.3,197.86,81.14,0.836,index,simulated,PDI Synthetic Generator — Baseline,,AUBEB mangrove baseline scenario
828,2,Data extraction — baseline remote sensing_Entity,Mozambique,2025-03-17,daily_state,ndc_balance,283.61,286.98,275.84,96.12,2.5676,index,simulated,PDI Synthetic Generator — Baseline,,AUBEB mangrove baseline scenario
829,3,Specification — carbon quantification_Entity,Madagascar,2025-03-17,daily_state,ndc_balance,270.06,278.7,255.83,91.79,1.9229,index,simulated,PDI Synthetic Generator — Baseline,,AUBEB mangrove baseline scenario
830,4,Certification — verification & registration_Entity,Guinea,2025-03-17,daily_state,ndc_balance,251.81,263.61,233.36,88.52,1.0108,index,simulated,PDI Synthetic Generator — Baseline,,AUBEB mangrove baseline scenario
831,5,Commercialisation outward_Entity,Tanzania,2025-03-17,daily_state,ndc_balance,257.48,268.35,240.67,89.69,1.4026,index,simulated,PDI Synthetic Generator — Baseline,,AUBEB mangrove baseline scenario
832,6,Capital return — Conservation Fund deployment_Entity,Benin,2025-03-17,daily_state,ndc_balance,251.6,322.37,242.36,75.18,1.1798,index,simulated,PDI Synthetic Generator — Baseline,,AUBEB mangrove baseline scenario
833,7,Restoration specification — CBEMR design_Entity,Nigeria,2025-03-17,daily_state,ndc_balance,278.09,269.32,246.2,88.53,1.0399,index,simulated,PDI Synthetic Generator — Baseline,,AUBEB mangrove baseline scenario
834,8,Community custodial co-management_Entity,Cameroon,2025-03-17,daily_state,ndc_balance,222.34,239.34,192.1,80.26,0.4596,index,simulated,PDI Synthetic Generator — Baseline,,AUBEB mangrove baseline scenario
835,9,Physical recovery — active regeneration_Entity,Mozambique,2025-03-17,daily_state,ndc_balance,244.8,231.92,226.5,92.52,1.7881,index,simulated,PDI Synthetic Generator — Baseline,,AUBEB mangrove baseline scenario
836,10,Verified restoration — sustained blue economy asset_Entity,Madagascar,2025-03-17,daily_state,ndc_balance,303.47,269.21,275.71,90.85,0.5533,index,simulated,PDI Synthetic Generator — Baseline,,AUBEB mangrove baseline scenario
837,0,Pre-commercial: degraded ecosystem_Entity,Nigeria,2025-03-18,daily_state,ndc_balance,202.74,195.06,141.17,69.63,0.2947,index,simulated,PDI Synthetic Generator — Baseline,,AUBEB mangrove baseline scenario
838,1,Custodial formalisation_Entity,Cameroon,2025-03-18,daily_state,ndc_balance,205.76,280.53,218.27,77.81,0.5081,index,simulated,PDI Synthetic Generator — Baseline,,AUBEB mangrove baseline scenario
839,2,Data extraction — baseline remote sensing_Entity,Mozambique,2025-03-18,daily_state,ndc_balance,254.48,291.8,249.8,85.61,0.8043,index,simulated,PDI Synthetic Generator — Baseline,,AUBEB mangrove baseline scenario
840,3,Specification — carbon quantification_Entity,Madagascar,2025-03-18,daily_state,ndc_balance,305.0,290.53,261.43,85.71,0.6324,index,simulated,PDI Synthetic Generator — Baseline,,AUBEB mangrove baseline scenario
841,4,Certification — verification & registration_Entity,Guinea,2025-03-18,daily_state,ndc_balance,272.76,266.04,259.31,95.07,2.4842,index,simulated,PDI Synthetic Generator — Baseline,,AUBEB mangrove baseline scenario
842,5,Commercialisation outward_Entity,Tanzania,2025-03-18,daily_state,ndc_balance,260.4,284.38,215.12,75.65,0.4021,index,simulated,PDI Synthetic Generator — Baseline,,AUBEB mangrove baseline scenario
843,6,Capital return — Conservation Fund deployment_Entity,Benin,2025-03-18,daily_state,ndc_balance,275.77,282.48,227.95,80.7,0.6453,index,simulated,PDI Synthetic Generator — Baseline,,AUBEB mangrove baseline scenario
844,7,Restoration specification — CBEMR design_Entity,Nigeria,2025-03-18,daily_state,ndc_balance,272.34,277.77,296.94,106.9,1.2562,index,simulated,PDI Synthetic Generator — Baseline,,AUBEB mangrove baseline scenario
845,8,Community custodial co-management_Entity,Cameroon,2025-03-18,daily_state,ndc_balance,229.67,257.57,197.52,76.69,0.6378,index,simulated,PDI Synthetic Generator — Baseline,,AUBEB mangrove baseline scenario
846,9,Physical recovery — active regeneration_Entity,Mozambique,2025-03-18,daily_state,ndc_balance,255.82,256.17,221.52,86.47,1.7154,index,simulated,PDI Synthetic Generator — Baseline,,AUBEB mangrove baseline scenario
847,10,Verified restoration — sustained blue economy asset_Entity,Madagascar,2025-03-18,daily_state,ndc_balance,303.41,287.46,283.67,93.49,1.8278,index,simulated,PDI Synthetic Generator — Baseline,,AUBEB mangrove baseline scenario
848,0,Pre-commercial: degraded ecosystem_Entity,Nigeria,2025-03-19,daily_state,ndc_balance,206.67,205.41,149.04,72.11,0.7706,index,simulated,PDI Synthetic Generator — Baseline,,AUBEB mangrove baseline scenario
849,1,Custodial formalisation_Entity,Cameroon,2025-03-19,daily_state,ndc_balance,193.17,248.79,232.59,93.49,0.6937,index,simulated,PDI Synthetic Generator — Baseline,,AUBEB mangrove baseline scenario
850,2,Data extraction — baseline remote sensing_Entity,Mozambique,2025-03-19,daily_state,ndc_balance,271.56,238.07,264.8,97.51,0.9831,index,simulated,PDI Synthetic Generator — Baseline,,AUBEB mangrove baseline scenario
851,3,Specification — carbon quantification_Entity,Madagascar,2025-03-19,daily_state,ndc_balance,255.33,292.94,263.88,90.08,1.9894,index,simulated,PDI Synthetic Generator — Baseline,,AUBEB mangrove baseline scenario
852,4,Certification — verification & registration_Entity,Guinea,2025-03-19,daily_state,ndc_balance,238.53,291.1,252.37,86.7,0.3445,index,simulated,PDI Synthetic Generator — Baseline,,AUBEB mangrove baseline scenario
853,5,Commercialisation outward_Entity,Tanzania,2025-03-19,daily_state,ndc_balance,268.6,268.6,216.85,80.73,1.6074,index,simulated,PDI Synthetic Generator — Baseline,,AUBEB mangrove baseline scenario
854,6,Capital return — Conservation Fund deployment_Entity,Benin,2025-03-19,daily_state,ndc_balance,270.5,267.51,221.18,81.77,0.8861,index,simulated,PDI Synthetic Generator — Baseline,,AUBEB mangrove baseline scenario
855,7,Restoration specification — CBEMR design_Entity,Nigeria,2025-03-19,daily_state,ndc_balance,277.44,275.06,240.44,86.66,2.1993,index,simulated,PDI Synthetic Generator — Baseline,,AUBEB mangrove baseline scenario
856,8,Community custodial co-management_Entity,Cameroon,2025-03-19,daily_state,ndc_balance,211.22,279.55,215.36,77.04,0.359,index,simulated,PDI Synthetic Generator — Baseline,,AUBEB mangrove baseline scenario
857,9,Physical recovery — active regeneration_Entity,Mozambique,2025-03-19,daily_state,ndc_balance,248.06,254.45,232.11,91.22,1.8326,index,simulated,PDI Synthetic Generator — Baseline,,AUBEB mangrove baseline scenario
858,10,Verified restoration — sustained blue economy asset_Entity,Madagascar,2025-03-19,daily_state,ndc_balance,294.55,259.8,231.5,78.59,1.1471,index,simulated,PDI Synthetic Generator — Baseline,,AUBEB mangrove baseline scenario
859,0,Pre-commercial: degraded ecosystem_Entity,Nigeria,2025-03-20,daily_state,ndc_balance,169.59,186.84,138.26,74.0,0.9377,index,simulated,PDI Synthetic Generator — Baseline,,AUBEB mangrove baseline scenario
860,1,Custodial formalisation_Entity,Cameroon,2025-03-20,daily_state,ndc_balance,201.88,269.77,207.56,76.94,1.2352,index,simulated,PDI Synthetic Generator — Baseline,,AUBEB mangrove baseline scenario
861,2,Data extraction — baseline remote sensing_Entity,Mozambique,2025-03-20,daily_state,ndc_balance,256.13,287.03,236.58,82.42,1.7428,index,simulated,PDI Synthetic Generator — Baseline,,AUBEB mangrove baseline scenario
862,3,Specification — carbon quantification_Entity,Madagascar,2025-03-20,daily_state,ndc_balance,265.18,226.77,240.59,90.73,0.3682,index,simulated,PDI Synthetic Generator — Baseline,,AUBEB mangrove baseline scenario
863,4,Certification — verification & registration_Entity,Guinea,2025-03-20,daily_state,ndc_balance,254.34,264.52,254.24,96.11,2.4456,index,simulated,PDI Synthetic Generator — Baseline,,AUBEB mangrove baseline scenario
864,5,Commercialisation outward_Entity,Tanzania,2025-03-20,daily_state,ndc_balance,235.21,288.92,240.37,83.2,0.6578,index,simulated,PDI Synthetic Generator — Baseline,,AUBEB mangrove baseline scenario
865,6,Capital return — Conservation Fund deployment_Entity,Benin,2025-03-20,daily_state,ndc_balance,264.93,271.02,232.37,85.74,1.021,index,simulated,PDI Synthetic Generator — Baseline,,AUBEB mangrove baseline scenario
866,7,Restoration specification — CBEMR design_Entity,Nigeria,2025-03-20,daily_state,ndc_balance,303.77,273.7,268.69,88.45,1.9273,index,simulated,PDI Synthetic Generator — Baseline,,AUBEB mangrove baseline scenario
867,8,Community custodial co-management_Entity,Cameroon,2025-03-20,daily_state,ndc_balance,209.56,265.7,190.41,71.66,0.8437,index,simulated,PDI Synthetic Generator — Baseline,,AUBEB mangrove baseline scenario
868,9,Physical recovery — active regeneration_Entity,Mozambique,2025-03-20,daily_state,ndc_balance,254.48,247.99,227.66,89.46,1.1311,index,simulated,PDI Synthetic Generator — Baseline,,AUBEB mangrove baseline scenario
869,10,Verified restoration — sustained blue economy asset_Entity,Madagascar,2025-03-20,daily_state,ndc_balance,279.71,271.89,272.53,97.43,1.8716,index,simulated,PDI Synthetic Generator — Baseline,,AUBEB mangrove baseline scenario
870,0,Pre-commercial: degraded ecosystem_Entity,Nigeria,2025-03-21,daily_state,ndc_balance,208.83,195.19,151.56,72.58,0.4522,index,simulated,PDI Synthetic Generator — Baseline,,AUBEB mangrove baseline scenario
871,1,Custodial formalisation_Entity,Cameroon,2025-03-21,daily_state,ndc_balance,197.24,236.78,210.21,88.78,0.7108,index,simulated,PDI Synthetic Generator — Baseline,,AUBEB mangrove baseline scenario
872,2,Data extraction — baseline remote sensing_Entity,Mozambique,2025-03-21,daily_state,ndc_balance,259.88,251.93,248.27,95.53,1.801,index,simulated,PDI Synthetic Generator — Baseline,,AUBEB mangrove baseline scenario
873,3,Specification — carbon quantification_Entity,Madagascar,2025-03-21,daily_state,ndc_balance,255.77,276.01,255.39,92.53,2.0121,index,simulated,PDI Synthetic Generator — Baseline,,AUBEB mangrove baseline scenario
874,4,Certification — verification & registration_Entity,Guinea,2025-03-21,daily_state,ndc_balance,252.5,274.63,250.84,91.34,2.1196,index,simulated,PDI Synthetic Generator — Baseline,,AUBEB mangrove baseline scenario
875,5,Commercialisation outward_Entity,Tanzania,2025-03-21,daily_state,ndc_balance,272.64,268.99,211.45,77.56,0.2548,index,simulated,PDI Synthetic Generator — Baseline,,AUBEB mangrove baseline scenario
876,6,Capital return — Conservation Fund deployment_Entity,Benin,2025-03-21,daily_state,ndc_balance,256.66,276.61,235.49,85.13,1.6203,index,simulated,PDI Synthetic Generator — Baseline,,AUBEB mangrove baseline scenario
877,7,Restoration specification — CBEMR design_Entity,Nigeria,2025-03-21,daily_state,ndc_balance,278.58,264.36,244.52,87.77,2.1661,index,simulated,PDI Synthetic Generator — Baseline,,AUBEB mangrove baseline scenario
878,8,Community custodial co-management_Entity,Cameroon,2025-03-21,daily_state,ndc_balance,230.15,242.73,204.1,84.09,1.7038,index,simulated,PDI Synthetic Generator — Baseline,,AUBEB mangrove baseline scenario
879,9,Physical recovery — active regeneration_Entity,Mozambique,2025-03-21,daily_state,ndc_balance,250.5,244.94,205.55,82.06,1.7245,index,simulated,PDI Synthetic Generator — Baseline,,AUBEB mangrove baseline scenario
880,10,Verified restoration — sustained blue economy asset_Entity,Madagascar,2025-03-21,daily_state,ndc_balance,299.66,248.19,241.07,80.45,0.9814,index,simulated,PDI Synthetic Generator — Baseline,,AUBEB mangrove baseline scenario
881,0,Pre-commercial: degraded ecosystem_Entity,Nigeria,2025-03-22,daily_state,ndc_balance,183.67,174.82,148.64,80.93,1.1343,index,simulated,PDI Synthetic Generator — Baseline,,AUBEB mangrove baseline scenario
882,1,Custodial formalisation_Entity,Cameroon,2025-03-22,daily_state,ndc_balance,223.19,308.43,221.99,71.97,1.3286,index,simulated,PDI Synthetic Generator — Baseline,,AUBEB mangrove baseline scenario
883,2,Data extraction — baseline remote sensing_Entity,Mozambique,2025-03-22,daily_state,ndc_balance,237.8,274.08,251.01,91.58,1.5618,index,simulated,PDI Synthetic Generator — Baseline,,AUBEB mangrove baseline scenario
884,3,Specification — carbon quantification_Entity,Madagascar,2025-03-22,daily_state,ndc_balance,275.01,270.95,248.98,90.53,1.1033,index,simulated,PDI Synthetic Generator — Baseline,,AUBEB mangrove baseline scenario
885,4,Certification — verification & registration_Entity,Guinea,2025-03-22,daily_state,ndc_balance,233.94,252.05,223.93,88.84,2.3243,index,simulated,PDI Synthetic Generator — Baseline,,AUBEB mangrove baseline scenario
886,5,Commercialisation outward_Entity,Tanzania,2025-03-22,daily_state,ndc_balance,259.6,295.89,221.05,74.71,0.5797,index,simulated,PDI Synthetic Generator — Baseline,,AUBEB mangrove baseline scenario
887,6,Capital return — Conservation Fund deployment_Entity,Benin,2025-03-22,daily_state,ndc_balance,300.33,262.18,221.97,73.91,0.7726,index,simulated,PDI Synthetic Generator — Baseline,,AUBEB mangrove baseline scenario
888,7,Restoration specification — CBEMR design_Entity,Nigeria,2025-03-22,daily_state,ndc_balance,282.62,263.62,228.11,80.71,0.7212,index,simulated,PDI Synthetic Generator — Baseline,,AUBEB mangrove baseline scenario
889,8,Community custodial co-management_Entity,Cameroon,2025-03-22,daily_state,ndc_balance,227.56,226.91,189.47,83.26,1.392,index,simulated,PDI Synthetic Generator — Baseline,,AUBEB mangrove baseline scenario
890,9,Physical recovery — active regeneration_Entity,Mozambique,2025-03-22,daily_state,ndc_balance,217.61,258.42,251.63,97.37,1.0283,index,simulated,PDI Synthetic Generator — Baseline,,AUBEB mangrove baseline scenario
891,10,Verified restoration — sustained blue economy asset_Entity,Madagascar,2025-03-22,daily_state,ndc_balance,265.85,292.14,277.02,94.82,2.5963,index,simulated,PDI Synthetic Generator — Baseline,,AUBEB mangrove baseline scenario
892,0,Pre-commercial: degraded ecosystem_Entity,Nigeria,2025-03-23,daily_state,ndc_balance,197.97,181.53,141.68,71.57,0.5995,index,simulated,PDI Synthetic Generator — Baseline,,AUBEB mangrove baseline scenario
893,1,Custodial formalisation_Entity,Cameroon,2025-03-23,daily_state,ndc_balance,220.87,282.09,196.51,69.66,1.0197,index,simulated,PDI Synthetic Generator — Baseline,,AUBEB mangrove baseline scenario
894,2,Data extraction — baseline remote sensing_Entity,Mozambique,2025-03-23,daily_state,ndc_balance,258.46,248.47,254.99,98.66,2.5032,index,simulated,PDI Synthetic Generator — Baseline,,AUBEB mangrove baseline scenario
895,3,Specification — carbon quantification_Entity,Madagascar,2025-03-23,daily_state,ndc_balance,272.71,302.84,263.72,87.08,0.2792,index,simulated,PDI Synthetic Generator — Baseline,,AUBEB mangrove baseline scenario
896,4,Certification — verification & registration_Entity,Guinea,2025-03-23,daily_state,ndc_balance,242.29,286.86,254.83,88.83,0.6627,index,simulated,PDI Synthetic Generator — Baseline,,AUBEB mangrove baseline scenario
897,5,Commercialisation outward_Entity,Tanzania,2025-03-23,daily_state,ndc_balance,260.01,262.33,230.58,87.9,1.9827,index,simulated,PDI Synthetic Generator — Baseline,,AUBEB mangrove baseline scenario
898,6,Capital return — Conservation Fund deployment_Entity,Benin,2025-03-23,daily_state,ndc_balance,271.54,267.02,218.3,80.39,1.5089,index,simulated,PDI Synthetic Generator — Baseline,,AUBEB mangrove baseline scenario
899,7,Restoration specification — CBEMR design_Entity,Nigeria,2025-03-23,daily_state,ndc_balance,310.18,278.03,276.34,89.09,1.8228,index,simulated,PDI Synthetic Generator — Baseline,,AUBEB mangrove baseline scenario
900,8,Community custodial co-management_Entity,Cameroon,2025-03-23,daily_state,ndc_balance,253.11,272.71,181.46,66.54,0.8038,index,simulated,PDI Synthetic Generator — Baseline,,AUBEB mangrove baseline scenario
901,9,Physical recovery — active regeneration_Entity,Mozambique,2025-03-23,daily_state,ndc_balance,254.06,278.4,236.48,84.94,1.511,index,simulated,PDI Synthetic Generator — Baseline,,AUBEB mangrove baseline scenario
902,10,Verified restoration — sustained blue economy asset_Entity,Madagascar,2025-03-23,daily_state,ndc_balance,266.81,286.47,248.25,86.66,2.1651,index,simulated,PDI Synthetic Generator — Baseline,,AUBEB mangrove baseline scenario
903,0,Pre-commercial: degraded ecosystem_Entity,Nigeria,2025-03-24,daily_state,ndc_balance,210.27,198.43,140.7,66.91,0.4382,index,simulated,PDI Synthetic Generator — Baseline,,AUBEB mangrove baseline scenario
904,1,Custodial formalisation_Entity,Cameroon,2025-03-24,daily_state,ndc_balance,211.34,251.34,197.7,78.66,1.6392,index,simulated,PDI Synthetic Generator — Baseline,,AUBEB mangrove baseline scenario
905,2,Data extraction — baseline remote sensing_Entity,Mozambique,2025-03-24,daily_state,ndc_balance,272.29,240.51,237.08,87.07,1.773,index,simulated,PDI Synthetic Generator — Baseline,,AUBEB mangrove baseline scenario
906,3,Specification — carbon quantification_Entity,Madagascar,2025-03-24,daily_state,ndc_balance,256.71,250.75,250.95,97.76,2.2893,index,simulated,PDI Synthetic Generator — Baseline,,AUBEB mangrove baseline scenario
907,4,Certification — verification & registration_Entity,Guinea,2025-03-24,daily_state,ndc_balance,272.7,268.97,247.53,90.77,0.6631,index,simulated,PDI Synthetic Generator — Baseline,,AUBEB mangrove baseline scenario
908,5,Commercialisation outward_Entity,Tanzania,2025-03-24,daily_state,ndc_balance,281.22,281.03,247.9,88.15,1.0245,index,simulated,PDI Synthetic Generator — Baseline,,AUBEB mangrove baseline scenario
909,6,Capital return — Conservation Fund deployment_Entity,Benin,2025-03-24,daily_state,ndc_balance,242.08,281.04,241.45,85.91,0.7296,index,simulated,PDI Synthetic Generator — Baseline,,AUBEB mangrove baseline scenario
910,7,Restoration specification — CBEMR design_Entity,Nigeria,2025-03-24,daily_state,ndc_balance,296.23,259.56,272.8,92.09,0.6089,index,simulated,PDI Synthetic Generator — Baseline,,AUBEB mangrove baseline scenario
911,8,Community custodial co-management_Entity,Cameroon,2025-03-24,daily_state,ndc_balance,243.11,267.15,221.92,83.07,1.354,index,simulated,PDI Synthetic Generator — Baseline,,AUBEB mangrove baseline scenario
912,9,Physical recovery — active regeneration_Entity,Mozambique,2025-03-24,daily_state,ndc_balance,263.02,242.77,219.19,83.34,1.2822,index,simulated,PDI Synthetic Generator — Baseline,,AUBEB mangrove baseline scenario
913,10,Verified restoration — sustained blue economy asset_Entity,Madagascar,2025-03-24,daily_state,ndc_balance,261.53,294.23,250.54,85.15,0.5775,index,simulated,PDI Synthetic Generator — Baseline,,AUBEB mangrove baseline scenario
914,0,Pre-commercial: degraded ecosystem_Entity,Nigeria,2025-03-25,daily_state,ndc_balance,207.7,212.95,146.2,68.65,0.6707,index,simulated,PDI Synthetic Generator — Baseline,,AUBEB mangrove baseline scenario
915,1,Custodial formalisation_Entity,Cameroon,2025-03-25,daily_state,ndc_balance,206.56,270.35,214.59,79.37,0.7536,index,simulated,PDI Synthetic Generator — Baseline,,AUBEB mangrove baseline scenario
916,2,Data extraction — baseline remote sensing_Entity,Mozambique,2025-03-25,daily_state,ndc_balance,266.47,264.65,250.85,94.14,2.0668,index,simulated,PDI Synthetic Generator — Baseline,,AUBEB mangrove baseline scenario
917,3,Specification — carbon quantification_Entity,Madagascar,2025-03-25,daily_state,ndc_balance,224.35,261.51,276.41,105.7,0.3617,index,simulated,PDI Synthetic Generator — Baseline,,AUBEB mangrove baseline scenario
918,4,Certification — verification & registration_Entity,Guinea,2025-03-25,daily_state,ndc_balance,220.67,263.36,224.46,85.23,1.9919,index,simulated,PDI Synthetic Generator — Baseline,,AUBEB mangrove baseline scenario
919,5,Commercialisation outward_Entity,Tanzania,2025-03-25,daily_state,ndc_balance,243.58,257.1,253.48,98.59,1.1339,index,simulated,PDI Synthetic Generator — Baseline,,AUBEB mangrove baseline scenario
920,6,Capital return — Conservation Fund deployment_Entity,Benin,2025-03-25,daily_state,ndc_balance,253.96,305.95,212.32,69.4,0.6462,index,simulated,PDI Synthetic Generator — Baseline,,AUBEB mangrove baseline scenario
921,7,Restoration specification — CBEMR design_Entity,Nigeria,2025-03-25,daily_state,ndc_balance,266.74,268.67,275.85,102.67,1.3835,index,simulated,PDI Synthetic Generator — Baseline,,AUBEB mangrove baseline scenario
922,8,Community custodial co-management_Entity,Cameroon,2025-03-25,daily_state,ndc_balance,222.09,261.44,183.92,70.35,0.2071,index,simulated,PDI Synthetic Generator — Baseline,,AUBEB mangrove baseline scenario
923,9,Physical recovery — active regeneration_Entity,Mozambique,2025-03-25,daily_state,ndc_balance,259.94,246.1,199.11,76.6,0.4412,index,simulated,PDI Synthetic Generator — Baseline,,AUBEB mangrove baseline scenario
924,10,Verified restoration — sustained blue economy asset_Entity,Madagascar,2025-03-25,daily_state,ndc_balance,276.44,291.52,249.84,85.7,0.2349,index,simulated,PDI Synthetic Generator — Baseline,,AUBEB mangrove baseline scenario
925,0,Pre-commercial: degraded ecosystem_Entity,Nigeria,2025-03-26,daily_state,ndc_balance,216.39,207.15,144.52,66.79,0.6447,index,simulated,PDI Synthetic Generator — Baseline,,AUBEB mangrove baseline scenario
926,1,Custodial formalisation_Entity,Cameroon,2025-03-26,daily_state,ndc_balance,186.83,288.1,222.65,77.28,1.3124,index,simulated,PDI Synthetic Generator — Baseline,,AUBEB mangrove baseline scenario
927,2,Data extraction — baseline remote sensing_Entity,Mozambique,2025-03-26,daily_state,ndc_balance,282.24,267.8,222.09,78.69,1.4344,index,simulated,PDI Synthetic Generator — Baseline,,AUBEB mangrove baseline scenario
928,3,Specification — carbon quantification_Entity,Madagascar,2025-03-26,daily_state,ndc_balance,248.3,282.29,271.07,96.03,1.1025,index,simulated,PDI Synthetic Generator — Baseline,,AUBEB mangrove baseline scenario
929,4,Certification — verification & registration_Entity,Guinea,2025-03-26,daily_state,ndc_balance,264.44,274.85,243.0,88.41,1.448,index,simulated,PDI Synthetic Generator — Baseline,,AUBEB mangrove baseline scenario
930,5,Commercialisation outward_Entity,Tanzania,2025-03-26,daily_state,ndc_balance,240.83,273.77,243.71,89.02,1.068,index,simulated,PDI Synthetic Generator — Baseline,,AUBEB mangrove baseline scenario
931,6,Capital return — Conservation Fund deployment_Entity,Benin,2025-03-26,daily_state,ndc_balance,248.64,259.31,249.44,96.19,1.6138,index,simulated,PDI Synthetic Generator — Baseline,,AUBEB mangrove baseline scenario
932,7,Restoration specification — CBEMR design_Entity,Nigeria,2025-03-26,daily_state,ndc_balance,282.66,257.72,235.71,83.39,1.628,index,simulated,PDI Synthetic Generator — Baseline,,AUBEB mangrove baseline scenario
933,8,Community custodial co-management_Entity,Cameroon,2025-03-26,daily_state,ndc_balance,217.11,243.77,220.22,90.34,0.4787,index,simulated,PDI Synthetic Generator — Baseline,,AUBEB mangrove baseline scenario
934,9,Physical recovery — active regeneration_Entity,Mozambique,2025-03-26,daily_state,ndc_balance,267.28,254.94,221.48,82.86,0.3664,index,simulated,PDI Synthetic Generator — Baseline,,AUBEB mangrove baseline scenario
935,10,Verified restoration — sustained blue economy asset_Entity,Madagascar,2025-03-26,daily_state,ndc_balance,281.73,254.57,237.21,84.2,1.1199,index,simulated,PDI Synthetic Generator — Baseline,,AUBEB mangrove baseline scenario
936,0,Pre-commercial: degraded ecosystem_Entity,Nigeria,2025-03-27,daily_state,ndc_balance,210.8,193.64,141.04,66.91,0.6069,index,simulated,PDI Synthetic Generator — Baseline,,AUBEB mangrove baseline scenario
937,1,Custodial formalisation_Entity,Cameroon,2025-03-27,daily_state,ndc_balance,216.7,252.4,219.91,87.13,1.6159,index,simulated,PDI Synthetic Generator — Baseline,,AUBEB mangrove baseline scenario
938,2,Data extraction — baseline remote sensing_Entity,Mozambique,2025-03-27,daily_state,ndc_balance,253.88,296.93,229.67,77.35,1.3576,index,simulated,PDI Synthetic Generator — Baseline,,AUBEB mangrove baseline scenario
939,3,Specification — carbon quantification_Entity,Madagascar,2025-03-27,daily_state,ndc_balance,251.32,300.53,238.47,79.35,0.3984,index,simulated,PDI Synthetic Generator — Baseline,,AUBEB mangrove baseline scenario
940,4,Certification — verification & registration_Entity,Guinea,2025-03-27,daily_state,ndc_balance,253.45,293.98,238.61,81.17,1.1531,index,simulated,PDI Synthetic Generator — Baseline,,AUBEB mangrove baseline scenario
941,5,Commercialisation outward_Entity,Tanzania,2025-03-27,daily_state,ndc_balance,272.57,267.45,232.68,85.37,0.8952,index,simulated,PDI Synthetic Generator — Baseline,,AUBEB mangrove baseline scenario
942,6,Capital return — Conservation Fund deployment_Entity,Benin,2025-03-27,daily_state,ndc_balance,226.26,251.94,239.33,94.99,1.5195,index,simulated,PDI Synthetic Generator — Baseline,,AUBEB mangrove baseline scenario
943,7,Restoration specification — CBEMR design_Entity,Nigeria,2025-03-27,daily_state,ndc_balance,286.3,281.77,257.05,89.78,0.6366,index,simulated,PDI Synthetic Generator — Baseline,,AUBEB mangrove baseline scenario
944,8,Community custodial co-management_Entity,Cameroon,2025-03-27,daily_state,ndc_balance,227.98,265.22,174.11,65.65,1.12,index,simulated,PDI Synthetic Generator — Baseline,,AUBEB mangrove baseline scenario
945,9,Physical recovery — active regeneration_Entity,Mozambique,2025-03-27,daily_state,ndc_balance,296.29,231.96,215.86,72.85,0.5758,index,simulated,PDI Synthetic Generator — Baseline,,AUBEB mangrove baseline scenario
946,10,Verified restoration — sustained blue economy asset_Entity,Madagascar,2025-03-27,daily_state,ndc_balance,285.11,278.77,257.86,90.44,1.8479,index,simulated,PDI Synthetic Generator — Baseline,,AUBEB mangrove baseline scenario
947,0,Pre-commercial: degraded ecosystem_Entity,Nigeria,2025-03-28,daily_state,ndc_balance,189.28,200.86,150.62,74.99,0.3206,index,simulated,PDI Synthetic Generator — Baseline,,AUBEB mangrove baseline scenario
948,1,Custodial formalisation_Entity,Cameroon,2025-03-28,daily_state,ndc_balance,225.39,246.39,194.28,78.85,0.72,index,simulated,PDI Synthetic Generator — Baseline,,AUBEB mangrove baseline scenario
949,2,Data extraction — baseline remote sensing_Entity,Mozambique,2025-03-28,daily_state,ndc_balance,235.75,278.89,236.38,84.76,1.3125,index,simulated,PDI Synthetic Generator — Baseline,,AUBEB mangrove baseline scenario
950,3,Specification — carbon quantification_Entity,Madagascar,2025-03-28,daily_state,ndc_balance,300.91,262.62,267.12,88.77,1.1477,index,simulated,PDI Synthetic Generator — Baseline,,AUBEB mangrove baseline scenario
951,4,Certification — verification & registration_Entity,Guinea,2025-03-28,daily_state,ndc_balance,271.72,272.37,242.17,88.91,1.168,index,simulated,PDI Synthetic Generator — Baseline,,AUBEB mangrove baseline scenario
952,5,Commercialisation outward_Entity,Tanzania,2025-03-28,daily_state,ndc_balance,285.19,276.7,226.66,79.48,1.4396,index,simulated,PDI Synthetic Generator — Baseline,,AUBEB mangrove baseline scenario
953,6,Capital return — Conservation Fund deployment_Entity,Benin,2025-03-28,daily_state,ndc_balance,272.52,259.37,221.59,81.31,1.1831,index,simulated,PDI Synthetic Generator — Baseline,,AUBEB mangrove baseline scenario
954,7,Restoration specification — CBEMR design_Entity,Nigeria,2025-03-28,daily_state,ndc_balance,291.12,282.02,270.45,92.9,2.2205,index,simulated,PDI Synthetic Generator — Baseline,,AUBEB mangrove baseline scenario
955,8,Community custodial co-management_Entity,Cameroon,2025-03-28,daily_state,ndc_balance,240.91,249.46,187.08,74.99,1.5146,index,simulated,PDI Synthetic Generator — Baseline,,AUBEB mangrove baseline scenario
956,9,Physical recovery — active regeneration_Entity,Mozambique,2025-03-28,daily_state,ndc_balance,249.16,257.31,235.56,91.55,0.2936,index,simulated,PDI Synthetic Generator — Baseline,,AUBEB mangrove baseline scenario
957,10,Verified restoration — sustained blue economy asset_Entity,Madagascar,2025-03-28,daily_state,ndc_balance,275.77,271.81,241.42,87.54,1.4509,index,simulated,PDI Synthetic Generator — Baseline,,AUBEB mangrove baseline scenario
958,0,Pre-commercial: degraded ecosystem_Entity,Nigeria,2025-03-29,daily_state,ndc_balance,193.98,212.64,136.01,63.96,0.7231,index,simulated,PDI Synthetic Generator — Baseline,,AUBEB mangrove baseline scenario
959,1,Custodial formalisation_Entity,Cameroon,2025-03-29,daily_state,ndc_balance,226.38,271.85,214.92,79.06,0.5643,index,simulated,PDI Synthetic Generator — Baseline,,AUBEB mangrove baseline scenario
960,2,Data extraction — baseline remote sensing_Entity,Mozambique,2025-03-29,daily_state,ndc_balance,241.52,275.68,219.53,79.63,0.6885,index,simulated,PDI Synthetic Generator — Baseline,,AUBEB mangrove baseline scenario
961,3,Specification — carbon quantification_Entity,Madagascar,2025-03-29,daily_state,ndc_balance,260.41,276.29,242.49,87.77,1.6093,index,simulated,PDI Synthetic Generator — Baseline,,AUBEB mangrove baseline scenario
962,4,Certification — verification & registration_Entity,Guinea,2025-03-29,daily_state,ndc_balance,271.13,289.08,216.87,75.02,1.1019,index,simulated,PDI Synthetic Generator — Baseline,,AUBEB mangrove baseline scenario
963,5,Commercialisation outward_Entity,Tanzania,2025-03-29,daily_state,ndc_balance,269.46,288.93,224.71,77.77,1.7308,index,simulated,PDI Synthetic Generator — Baseline,,AUBEB mangrove baseline scenario
964,6,Capital return — Conservation Fund deployment_Entity,Benin,2025-03-29,daily_state,ndc_balance,263.25,248.95,198.67,75.47,1.3025,index,simulated,PDI Synthetic Generator — Baseline,,AUBEB mangrove baseline scenario
965,7,Restoration specification — CBEMR design_Entity,Nigeria,2025-03-29,daily_state,ndc_balance,264.25,273.59,255.4,93.35,0.4093,index,simulated,PDI Synthetic Generator — Baseline,,AUBEB mangrove baseline scenario
966,8,Community custodial co-management_Entity,Cameroon,2025-03-29,daily_state,ndc_balance,252.06,252.9,198.54,78.51,0.529,index,simulated,PDI Synthetic Generator — Baseline,,AUBEB mangrove baseline scenario
967,9,Physical recovery — active regeneration_Entity,Mozambique,2025-03-29,daily_state,ndc_balance,263.98,244.16,217.88,82.54,0.2898,index,simulated,PDI Synthetic Generator — Baseline,,AUBEB mangrove baseline scenario
968,10,Verified restoration — sustained blue economy asset_Entity,Madagascar,2025-03-29,daily_state,ndc_balance,283.5,286.34,253.35,88.48,1.7223,index,simulated,PDI Synthetic Generator — Baseline,,AUBEB mangrove baseline scenario
969,0,Pre-commercial: degraded ecosystem_Entity,Nigeria,2025-03-30,daily_state,ndc_balance,177.63,196.98,145.39,73.81,0.9641,index,simulated,PDI Synthetic Generator — Baseline,,AUBEB mangrove baseline scenario
970,1,Custodial formalisation_Entity,Cameroon,2025-03-30,daily_state,ndc_balance,203.44,282.94,229.52,81.12,0.8464,index,simulated,PDI Synthetic Generator — Baseline,,AUBEB mangrove baseline scenario
971,2,Data extraction — baseline remote sensing_Entity,Mozambique,2025-03-30,daily_state,ndc_balance,239.35,246.54,228.91,92.85,2.3704,index,simulated,PDI Synthetic Generator — Baseline,,AUBEB mangrove baseline scenario
972,3,Specification — carbon quantification_Entity,Madagascar,2025-03-30,daily_state,ndc_balance,278.29,256.85,255.52,91.82,2.2281,index,simulated,PDI Synthetic Generator — Baseline,,AUBEB mangrove baseline scenario
973,4,Certification — verification & registration_Entity,Guinea,2025-03-30,daily_state,ndc_balance,242.17,273.54,224.63,82.12,0.4553,index,simulated,PDI Synthetic Generator — Baseline,,AUBEB mangrove baseline scenario
974,5,Commercialisation outward_Entity,Tanzania,2025-03-30,daily_state,ndc_balance,248.78,275.31,237.83,86.39,1.5204,index,simulated,PDI Synthetic Generator — Baseline,,AUBEB mangrove baseline scenario
975,6,Capital return — Conservation Fund deployment_Entity,Benin,2025-03-30,daily_state,ndc_balance,262.4,282.19,214.84,76.13,0.3591,index,simulated,PDI Synthetic Generator — Baseline,,AUBEB mangrove baseline scenario
976,7,Restoration specification — CBEMR design_Entity,Nigeria,2025-03-30,daily_state,ndc_balance,300.34,275.67,279.4,93.03,1.9426,index,simulated,PDI Synthetic Generator — Baseline,,AUBEB mangrove baseline scenario
977,8,Community custodial co-management_Entity,Cameroon,2025-03-30,daily_state,ndc_balance,219.94,258.03,197.7,76.62,1.497,index,simulated,PDI Synthetic Generator — Baseline,,AUBEB mangrove baseline scenario
978,9,Physical recovery — active regeneration_Entity,Mozambique,2025-03-30,daily_state,ndc_balance,260.69,256.45,233.58,89.6,1.484,index,simulated,PDI Synthetic Generator — Baseline,,AUBEB mangrove baseline scenario
979,10,Verified restoration — sustained blue economy asset_Entity,Madagascar,2025-03-30,daily_state,ndc_balance,292.54,291.51,274.34,93.78,0.3966,index,simulated,PDI Synthetic Generator — Baseline,,AUBEB mangrove baseline scenario
980,0,Pre-commercial: degraded ecosystem_Entity,Nigeria,2025-03-31,daily_state,ndc_balance,203.81,199.61,147.36,72.3,1.5094,index,simulated,PDI Synthetic Generator — Baseline,,AUBEB mangrove baseline scenario
981,1,Custodial formalisation_Entity,Cameroon,2025-03-31,daily_state,ndc_balance,198.71,259.72,233.24,89.8,1.6829,index,simulated,PDI Synthetic Generator — Baseline,,AUBEB mangrove baseline scenario
982,2,Data extraction — baseline remote sensing_Entity,Mozambique,2025-03-31,daily_state,ndc_balance,258.86,270.56,249.04,92.05,1.2818,index,simulated,PDI Synthetic Generator — Baseline,,AUBEB mangrove baseline scenario
983,3,Specification — carbon quantification_Entity,Madagascar,2025-03-31,daily_state,ndc_balance,313.73,270.51,270.9,86.35,1.4332,index,simulated,PDI Synthetic Generator — Baseline,,AUBEB mangrove baseline scenario
984,4,Certification — verification & registration_Entity,Guinea,2025-03-31,daily_state,ndc_balance,285.8,280.37,212.57,74.38,0.4376,index,simulated,PDI Synthetic Generator — Baseline,,AUBEB mangrove baseline scenario
985,5,Commercialisation outward_Entity,Tanzania,2025-03-31,daily_state,ndc_balance,253.42,261.21,230.93,88.41,1.1914,index,simulated,PDI Synthetic Generator — Baseline,,AUBEB mangrove baseline scenario
986,6,Capital return — Conservation Fund deployment_Entity,Benin,2025-03-31,daily_state,ndc_balance,245.9,262.07,223.65,85.34,0.9765,index,simulated,PDI Synthetic Generator — Baseline,,AUBEB mangrove baseline scenario
987,7,Restoration specification — CBEMR design_Entity,Nigeria,2025-03-31,daily_state,ndc_balance,288.77,278.92,263.38,91.21,1.1925,index,simulated,PDI Synthetic Generator — Baseline,,AUBEB mangrove baseline scenario
988,8,Community custodial co-management_Entity,Cameroon,2025-03-31,daily_state,ndc_balance,223.05,260.08,200.27,77.0,0.9397,index,simulated,PDI Synthetic Generator — Baseline,,AUBEB mangrove baseline scenario
989,9,Physical recovery — active regeneration_Entity,Mozambique,2025-03-31,daily_state,ndc_balance,248.79,249.18,236.49,94.91,0.556,index,simulated,PDI Synthetic Generator — Baseline,,AUBEB mangrove baseline scenario
990,10,Verified restoration — sustained blue economy asset_Entity,Madagascar,2025-03-31,daily_state,ndc_balance,260.57,263.43,255.9,97.14,1.8207,index,simulated,PDI Synthetic Generator — Baseline,,AUBEB mangrove baseline scenario
991,0,Pre-commercial: degraded ecosystem_Entity,Nigeria,2025-04-01,daily_state,ndc_balance,211.97,177.39,143.92,67.9,0.7881,index,simulated,PDI Synthetic Generator — Baseline,,AUBEB mangrove baseline scenario
992,1,Custodial formalisation_Entity,Cameroon,2025-04-01,daily_state,ndc_balance,193.81,268.66,215.77,80.31,1.1162,index,simulated,PDI Synthetic Generator — Baseline,,AUBEB mangrove baseline scenario
993,2,Data extraction — baseline remote sensing_Entity,Mozambique,2025-04-01,daily_state,ndc_balance,259.55,301.14,246.51,81.86,1.2668,index,simulated,PDI Synthetic Generator — Baseline,,AUBEB mangrove baseline scenario
994,3,Specification — carbon quantification_Entity,Madagascar,2025-04-01,daily_state,ndc_balance,264.04,270.51,230.93,85.37,1.5895,index,simulated,PDI Synthetic Generator — Baseline,,AUBEB mangrove baseline scenario
995,4,Certification — verification & registration_Entity,Guinea,2025-04-01,daily_state,ndc_balance,266.84,277.04,227.72,82.2,1.7698,index,simulated,PDI Synthetic Generator — Baseline,,AUBEB mangrove baseline scenario
996,5,Commercialisation outward_Entity,Tanzania,2025-04-01,daily_state,ndc_balance,261.62,265.07,260.98,98.46,1.3604,index,simulated,PDI Synthetic Generator — Baseline,,AUBEB mangrove baseline scenario
997,6,Capital return — Conservation Fund deployment_Entity,Benin,2025-04-01,daily_state,ndc_balance,269.17,295.79,233.42,78.91,0.3849,index,simulated,PDI Synthetic Generator — Baseline,,AUBEB mangrove baseline scenario
998,7,Restoration specification — CBEMR design_Entity,Nigeria,2025-04-01,daily_state,ndc_balance,258.61,295.77,253.0,85.54,1.5783,index,simulated,PDI Synthetic Generator — Baseline,,AUBEB mangrove baseline scenario
999,8,Community custodial co-management_Entity,Cameroon,2025-04-01,daily_state,ndc_balance,230.6,269.34,205.62,76.34,0.574,index,simulated,PDI Synthetic Generator — Baseline,,AUBEB mangrove baseline scenario
1000,9,Physical recovery — active regeneration_Entity,Mozambique,2025-04-01,daily_state,ndc_balance,270.14,261.73,221.4,81.96,0.8646,index,simulated,PDI Synthetic Generator — Baseline,,AUBEB mangrove baseline scenario
1001,10,Verified restoration — sustained blue economy asset_Entity,Madagascar,2025-04-01,daily_state,ndc_balance,275.94,296.34,255.49,86.22,1.796,index,simulated,PDI Synthetic Generator — Baseline,,AUBEB mangrove baseline scenario
1002,0,Pre-commercial: degraded ecosystem_Entity,Nigeria,2025-04-02,daily_state,ndc_balance,187.61,188.53,142.9,75.8,1.0331,index,simulated,PDI Synthetic Generator — Baseline,,AUBEB mangrove baseline scenario
1003,1,Custodial formalisation_Entity,Cameroon,2025-04-02,daily_state,ndc_balance,211.74,285.96,201.83,70.58,1.1391,index,simulated,PDI Synthetic Generator — Baseline,,AUBEB mangrove baseline scenario
1004,2,Data extraction — baseline remote sensing_Entity,Mozambique,2025-04-02,daily_state,ndc_balance,275.92,286.68,226.09,78.86,1.4424,index,simulated,PDI Synthetic Generator — Baseline,,AUBEB mangrove baseline scenario
1005,3,Specification — carbon quantification_Entity,Madagascar,2025-04-02,daily_state,ndc_balance,255.41,280.33,262.64,93.69,1.2127,index,simulated,PDI Synthetic Generator — Baseline,,AUBEB mangrove baseline scenario
1006,4,Certification — verification & registration_Entity,Guinea,2025-04-02,daily_state,ndc_balance,269.22,261.11,253.34,94.1,1.9322,index,simulated,PDI Synthetic Generator — Baseline,,AUBEB mangrove baseline scenario
1007,5,Commercialisation outward_Entity,Tanzania,2025-04-02,daily_state,ndc_balance,257.52,262.69,234.4,89.23,0.4347,index,simulated,PDI Synthetic Generator — Baseline,,AUBEB mangrove baseline scenario
1008,6,Capital return — Conservation Fund deployment_Entity,Benin,2025-04-02,daily_state,ndc_balance,259.65,294.76,253.81,86.11,1.094,index,simulated,PDI Synthetic Generator — Baseline,,AUBEB mangrove baseline scenario
1009,7,Restoration specification — CBEMR design_Entity,Nigeria,2025-04-02,daily_state,ndc_balance,290.95,276.53,255.68,87.88,1.033,index,simulated,PDI Synthetic Generator — Baseline,,AUBEB mangrove baseline scenario
1010,8,Community custodial co-management_Entity,Cameroon,2025-04-02,daily_state,ndc_balance,237.89,277.09,194.42,70.16,0.8402,index,simulated,PDI Synthetic Generator — Baseline,,AUBEB mangrove baseline scenario
1011,9,Physical recovery — active regeneration_Entity,Mozambique,2025-04-02,daily_state,ndc_balance,247.13,232.19,257.41,104.16,2.2011,index,simulated,PDI Synthetic Generator — Baseline,,AUBEB mangrove baseline scenario
1012,10,Verified restoration — sustained blue economy asset_Entity,Madagascar,2025-04-02,daily_state,ndc_balance,269.59,261.84,258.84,96.01,1.9115,index,simulated,PDI Synthetic Generator — Baseline,,AUBEB mangrove baseline scenario
1013,0,Pre-commercial: degraded ecosystem_Entity,Nigeria,2025-04-03,daily_state,ndc_balance,203.27,190.71,153.27,75.4,0.9624,index,simulated,PDI Synthetic Generator — Baseline,,AUBEB mangrove baseline scenario
1014,1,Custodial formalisation_Entity,Cameroon,2025-04-03,daily_state,ndc_balance,215.61,273.14,220.74,80.82,0.2595,index,simulated,PDI Synthetic Generator — Baseline,,AUBEB mangrove baseline scenario
1015,2,Data extraction — baseline remote sensing_Entity,Mozambique,2025-04-03,daily_state,ndc_balance,256.02,272.39,270.16,99.18,2.3659,index,simulated,PDI Synthetic Generator — Baseline,,AUBEB mangrove baseline scenario
1016,3,Specification — carbon quantification_Entity,Madagascar,2025-04-03,daily_state,ndc_balance,327.61,262.12,269.33,82.21,1.2722,index,simulated,PDI Synthetic Generator — Baseline,,AUBEB mangrove baseline scenario
1017,4,Certification — verification & registration_Entity,Guinea,2025-04-03,daily_state,ndc_balance,234.66,269.03,243.64,90.56,0.876,index,simulated,PDI Synthetic Generator — Baseline,,AUBEB mangrove baseline scenario
1018,5,Commercialisation outward_Entity,Tanzania,2025-04-03,daily_state,ndc_balance,262.83,289.41,205.78,71.1,0.6268,index,simulated,PDI Synthetic Generator — Baseline,,AUBEB mangrove baseline scenario
1019,6,Capital return — Conservation Fund deployment_Entity,Benin,2025-04-03,daily_state,ndc_balance,272.22,269.0,221.91,81.52,1.8675,index,simulated,PDI Synthetic Generator — Baseline,,AUBEB mangrove baseline scenario
1020,7,Restoration specification — CBEMR design_Entity,Nigeria,2025-04-03,daily_state,ndc_balance,273.15,260.68,246.67,90.31,1.1411,index,simulated,PDI Synthetic Generator — Baseline,,AUBEB mangrove baseline scenario
1021,8,Community custodial co-management_Entity,Cameroon,2025-04-03,daily_state,ndc_balance,240.31,259.69,188.18,72.46,1.2959,index,simulated,PDI Synthetic Generator — Baseline,,AUBEB mangrove baseline scenario
1022,9,Physical recovery — active regeneration_Entity,Mozambique,2025-04-03,daily_state,ndc_balance,287.24,281.76,225.32,78.44,1.5356,index,simulated,PDI Synthetic Generator — Baseline,,AUBEB mangrove baseline scenario
1023,10,Verified restoration — sustained blue economy asset_Entity,Madagascar,2025-04-03,daily_state,ndc_balance,256.95,260.61,274.25,105.23,2.6344,index,simulated,PDI Synthetic Generator — Baseline,,AUBEB mangrove baseline scenario
1024,0,Pre-commercial: degraded ecosystem_Entity,Nigeria,2025-04-04,daily_state,ndc_balance,196.73,201.44,120.3,59.72,0.5488,index,simulated,PDI Synthetic Generator — Baseline,,AUBEB mangrove baseline scenario
1025,1,Custodial formalisation_Entity,Cameroon,2025-04-04,daily_state,ndc_balance,195.6,277.3,219.26,79.07,0.3016,index,simulated,PDI Synthetic Generator — Baseline,,AUBEB mangrove baseline scenario
1026,2,Data extraction — baseline remote sensing_Entity,Mozambique,2025-04-04,daily_state,ndc_balance,257.31,237.04,208.16,80.9,1.3925,index,simulated,PDI Synthetic Generator — Baseline,,AUBEB mangrove baseline scenario
1027,3,Specification — carbon quantification_Entity,Madagascar,2025-04-04,daily_state,ndc_balance,281.84,286.1,274.87,96.07,0.3011,index,simulated,PDI Synthetic Generator — Baseline,,AUBEB mangrove baseline scenario
1028,4,Certification — verification & registration_Entity,Guinea,2025-04-04,daily_state,ndc_balance,254.8,278.09,228.62,82.21,0.3725,index,simulated,PDI Synthetic Generator — Baseline,,AUBEB mangrove baseline scenario
1029,5,Commercialisation outward_Entity,Tanzania,2025-04-04,daily_state,ndc_balance,246.65,245.14,261.74,106.12,1.7868,index,simulated,PDI Synthetic Generator — Baseline,,AUBEB mangrove baseline scenario
1030,6,Capital return — Conservation Fund deployment_Entity,Benin,2025-04-04,daily_state,ndc_balance,276.6,251.05,252.18,91.17,0.8533,index,simulated,PDI Synthetic Generator — Baseline,,AUBEB mangrove baseline scenario
1031,7,Restoration specification — CBEMR design_Entity,Nigeria,2025-04-04,daily_state,ndc_balance,304.08,263.93,267.01,87.81,0.647,index,simulated,PDI Synthetic Generator — Baseline,,AUBEB mangrove baseline scenario
1032,8,Community custodial co-management_Entity,Cameroon,2025-04-04,daily_state,ndc_balance,227.07,253.15,172.22,68.03,0.3972,index,simulated,PDI Synthetic Generator — Baseline,,AUBEB mangrove baseline scenario
1033,9,Physical recovery — active regeneration_Entity,Mozambique,2025-04-04,daily_state,ndc_balance,255.35,262.96,227.02,86.33,0.4383,index,simulated,PDI Synthetic Generator — Baseline,,AUBEB mangrove baseline scenario
1034,10,Verified restoration — sustained blue economy asset_Entity,Madagascar,2025-04-04,daily_state,ndc_balance,273.37,293.48,243.96,83.13,1.4451,index,simulated,PDI Synthetic Generator — Baseline,,AUBEB mangrove baseline scenario
1035,0,Pre-commercial: degraded ecosystem_Entity,Nigeria,2025-04-05,daily_state,ndc_balance,184.6,186.62,139.58,74.79,0.8963,index,simulated,PDI Synthetic Generator — Baseline,,AUBEB mangrove baseline scenario
1036,1,Custodial formalisation_Entity,Cameroon,2025-04-05,daily_state,ndc_balance,211.04,258.2,202.77,78.53,1.8258,index,simulated,PDI Synthetic Generator — Baseline,,AUBEB mangrove baseline scenario
1037,2,Data extraction — baseline remote sensing_Entity,Mozambique,2025-04-05,daily_state,ndc_balance,280.7,252.17,201.01,71.61,1.4221,index,simulated,PDI Synthetic Generator — Baseline,,AUBEB mangrove baseline scenario
1038,3,Specification — carbon quantification_Entity,Madagascar,2025-04-05,daily_state,ndc_balance,282.8,269.81,267.73,94.67,1.6644,index,simulated,PDI Synthetic Generator — Baseline,,AUBEB mangrove baseline scenario
1039,4,Certification — verification & registration_Entity,Guinea,2025-04-05,daily_state,ndc_balance,286.35,281.76,220.35,76.95,0.981,index,simulated,PDI Synthetic Generator — Baseline,,AUBEB mangrove baseline scenario
1040,5,Commercialisation outward_Entity,Tanzania,2025-04-05,daily_state,ndc_balance,262.64,252.49,246.18,93.73,0.6782,index,simulated,PDI Synthetic Generator — Baseline,,AUBEB mangrove baseline scenario
1041,6,Capital return — Conservation Fund deployment_Entity,Benin,2025-04-05,daily_state,ndc_balance,283.89,268.28,208.65,73.5,0.1793,index,simulated,PDI Synthetic Generator — Baseline,,AUBEB mangrove baseline scenario
1042,7,Restoration specification — CBEMR design_Entity,Nigeria,2025-04-05,daily_state,ndc_balance,286.38,277.25,271.34,94.75,1.0581,index,simulated,PDI Synthetic Generator — Baseline,,AUBEB mangrove baseline scenario
1043,8,Community custodial co-management_Entity,Cameroon,2025-04-05,daily_state,ndc_balance,227.66,248.25,187.75,75.63,0.8995,index,simulated,PDI Synthetic Generator — Baseline,,AUBEB mangrove baseline scenario
1044,9,Physical recovery — active regeneration_Entity,Mozambique,2025-04-05,daily_state,ndc_balance,248.66,241.06,224.3,90.2,1.3398,index,simulated,PDI Synthetic Generator — Baseline,,AUBEB mangrove baseline scenario
1045,10,Verified restoration — sustained blue economy asset_Entity,Madagascar,2025-04-05,daily_state,ndc_balance,286.41,296.57,234.13,78.95,0.6575,index,simulated,PDI Synthetic Generator — Baseline,,AUBEB mangrove baseline scenario
1046,0,Pre-commercial: degraded ecosystem_Entity,Nigeria,2025-04-06,daily_state,ndc_balance,216.93,202.71,146.09,67.34,0.8412,index,simulated,PDI Synthetic Generator — Baseline,,AUBEB mangrove baseline scenario
1047,1,Custodial formalisation_Entity,Cameroon,2025-04-06,daily_state,ndc_balance,212.78,279.42,211.83,75.81,0.8431,index,simulated,PDI Synthetic Generator — Baseline,,AUBEB mangrove baseline scenario
1048,2,Data extraction — baseline remote sensing_Entity,Mozambique,2025-04-06,daily_state,ndc_balance,267.18,265.29,248.57,93.03,2.5012,index,simulated,PDI Synthetic Generator — Baseline,,AUBEB mangrove baseline scenario
1049,3,Specification — carbon quantification_Entity,Madagascar,2025-04-06,daily_state,ndc_balance,297.94,295.85,265.07,88.97,2.3651,index,simulated,PDI Synthetic Generator — Baseline,,AUBEB mangrove baseline scenario
1050,4,Certification — verification & registration_Entity,Guinea,2025-04-06,daily_state,ndc_balance,276.44,283.51,224.02,79.02,1.402,index,simulated,PDI Synthetic Generator — Baseline,,AUBEB mangrove baseline scenario
1051,5,Commercialisation outward_Entity,Tanzania,2025-04-06,daily_state,ndc_balance,262.9,258.55,216.25,82.26,0.9308,index,simulated,PDI Synthetic Generator — Baseline,,AUBEB mangrove baseline scenario
1052,6,Capital return — Conservation Fund deployment_Entity,Benin,2025-04-06,daily_state,ndc_balance,252.31,269.9,224.5,83.18,1.7278,index,simulated,PDI Synthetic Generator — Baseline,,AUBEB mangrove baseline scenario
1053,7,Restoration specification — CBEMR design_Entity,Nigeria,2025-04-06,daily_state,ndc_balance,256.57,275.38,239.02,86.8,0.9602,index,simulated,PDI Synthetic Generator — Baseline,,AUBEB mangrove baseline scenario
1054,8,Community custodial co-management_Entity,Cameroon,2025-04-06,daily_state,ndc_balance,239.96,222.93,185.91,77.48,0.5977,index,simulated,PDI Synthetic Generator — Baseline,,AUBEB mangrove baseline scenario
1055,9,Physical recovery — active regeneration_Entity,Mozambique,2025-04-06,daily_state,ndc_balance,259.63,252.96,257.15,99.04,0.8213,index,simulated,PDI Synthetic Generator — Baseline,,AUBEB mangrove baseline scenario
1056,10,Verified restoration — sustained blue economy asset_Entity,Madagascar,2025-04-06,daily_state,ndc_balance,248.05,251.02,244.84,97.54,0.7337,index,simulated,PDI Synthetic Generator — Baseline,,AUBEB mangrove baseline scenario
1057,0,Pre-commercial: degraded ecosystem_Entity,Nigeria,2025-04-07,daily_state,ndc_balance,202.13,188.96,137.43,67.99,1.058,index,simulated,PDI Synthetic Generator — Baseline,,AUBEB mangrove baseline scenario
1058,1,Custodial formalisation_Entity,Cameroon,2025-04-07,daily_state,ndc_balance,198.97,284.29,205.0,72.11,0.5583,index,simulated,PDI Synthetic Generator — Baseline,,AUBEB mangrove baseline scenario
1059,2,Data extraction — baseline remote sensing_Entity,Mozambique,2025-04-07,daily_state,ndc_balance,250.19,265.28,256.11,96.54,1.1287,index,simulated,PDI Synthetic Generator — Baseline,,AUBEB mangrove baseline scenario
1060,3,Specification — carbon quantification_Entity,Madagascar,2025-04-07,daily_state,ndc_balance,306.51,257.58,242.25,79.03,1.6191,index,simulated,PDI Synthetic Generator — Baseline,,AUBEB mangrove baseline scenario
1061,4,Certification — verification & registration_Entity,Guinea,2025-04-07,daily_state,ndc_balance,268.36,276.21,239.7,86.78,0.8184,index,simulated,PDI Synthetic Generator — Baseline,,AUBEB mangrove baseline scenario
1062,5,Commercialisation outward_Entity,Tanzania,2025-04-07,daily_state,ndc_balance,273.49,269.43,252.99,92.5,0.8834,index,simulated,PDI Synthetic Generator — Baseline,,AUBEB mangrove baseline scenario
1063,6,Capital return — Conservation Fund deployment_Entity,Benin,2025-04-07,daily_state,ndc_balance,230.75,283.04,217.08,76.7,1.7099,index,simulated,PDI Synthetic Generator — Baseline,,AUBEB mangrove baseline scenario
1064,7,Restoration specification — CBEMR design_Entity,Nigeria,2025-04-07,daily_state,ndc_balance,296.93,263.08,256.96,86.54,0.2714,index,simulated,PDI Synthetic Generator — Baseline,,AUBEB mangrove baseline scenario
1065,8,Community custodial co-management_Entity,Cameroon,2025-04-07,daily_state,ndc_balance,233.1,233.6,213.0,91.18,0.4292,index,simulated,PDI Synthetic Generator — Baseline,,AUBEB mangrove baseline scenario
1066,9,Physical recovery — active regeneration_Entity,Mozambique,2025-04-07,daily_state,ndc_balance,243.41,255.52,238.65,93.4,0.4119,index,simulated,PDI Synthetic Generator — Baseline,,AUBEB mangrove baseline scenario
1067,10,Verified restoration — sustained blue economy asset_Entity,Madagascar,2025-04-07,daily_state,ndc_balance,295.32,257.79,270.18,91.49,1.9799,index,simulated,PDI Synthetic Generator — Baseline,,AUBEB mangrove baseline scenario
1068,0,Pre-commercial: degraded ecosystem_Entity,Nigeria,2025-04-08,daily_state,ndc_balance,201.99,208.11,145.32,69.83,0.3507,index,simulated,PDI Synthetic Generator — Baseline,,AUBEB mangrove baseline scenario
1069,1,Custodial formalisation_Entity,Cameroon,2025-04-08,daily_state,ndc_balance,197.09,243.92,209.49,85.88,0.7872,index,simulated,PDI Synthetic Generator — Baseline,,AUBEB mangrove baseline scenario
1070,2,Data extraction — baseline remote sensing_Entity,Mozambique,2025-04-08,daily_state,ndc_balance,266.78,265.93,237.48,89.02,2.0317,index,simulated,PDI Synthetic Generator — Baseline,,AUBEB mangrove baseline scenario
1071,3,Specification — carbon quantification_Entity,Madagascar,2025-04-08,daily_state,ndc_balance,304.4,276.3,265.74,87.3,1.2084,index,simulated,PDI Synthetic Generator — Baseline,,AUBEB mangrove baseline scenario
1072,4,Certification — verification & registration_Entity,Guinea,2025-04-08,daily_state,ndc_balance,249.36,292.1,235.21,80.52,0.6714,index,simulated,PDI Synthetic Generator — Baseline,,AUBEB mangrove baseline scenario
1073,5,Commercialisation outward_Entity,Tanzania,2025-04-08,daily_state,ndc_balance,221.23,286.65,230.18,80.3,1.2338,index,simulated,PDI Synthetic Generator — Baseline,,AUBEB mangrove baseline scenario
1074,6,Capital return — Conservation Fund deployment_Entity,Benin,2025-04-08,daily_state,ndc_balance,250.78,256.23,214.68,83.78,1.2795,index,simulated,PDI Synthetic Generator — Baseline,,AUBEB mangrove baseline scenario
1075,7,Restoration specification — CBEMR design_Entity,Nigeria,2025-04-08,daily_state,ndc_balance,256.26,268.58,246.89,91.92,1.4848,index,simulated,PDI Synthetic Generator — Baseline,,AUBEB mangrove baseline scenario
1076,8,Community custodial co-management_Entity,Cameroon,2025-04-08,daily_state,ndc_balance,248.17,261.59,184.04,70.35,0.6373,index,simulated,PDI Synthetic Generator — Baseline,,AUBEB mangrove baseline scenario
1077,9,Physical recovery — active regeneration_Entity,Mozambique,2025-04-08,daily_state,ndc_balance,251.21,264.84,258.7,97.68,2.4708,index,simulated,PDI Synthetic Generator — Baseline,,AUBEB mangrove baseline scenario
1078,10,Verified restoration — sustained blue economy asset_Entity,Madagascar,2025-04-08,daily_state,ndc_balance,280.02,261.78,269.31,96.18,0.2983,index,simulated,PDI Synthetic Generator — Baseline,,AUBEB mangrove baseline scenario
1079,0,Pre-commercial: degraded ecosystem_Entity,Nigeria,2025-04-09,daily_state,ndc_balance,225.67,186.33,140.86,62.42,0.5697,index,simulated,PDI Synthetic Generator — Baseline,,AUBEB mangrove baseline scenario
1080,1,Custodial formalisation_Entity,Cameroon,2025-04-09,daily_state,ndc_balance,212.25,268.85,221.93,82.55,0.2177,index,simulated,PDI Synthetic Generator — Baseline,,AUBEB mangrove baseline scenario
1081,2,Data extraction — baseline remote sensing_Entity,Mozambique,2025-04-09,daily_state,ndc_balance,244.91,283.99,229.43,80.79,0.4835,index,simulated,PDI Synthetic Generator — Baseline,,AUBEB mangrove baseline scenario
1082,3,Specification — carbon quantification_Entity,Madagascar,2025-04-09,daily_state,ndc_balance,273.75,270.69,241.73,88.3,1.0305,index,simulated,PDI Synthetic Generator — Baseline,,AUBEB mangrove baseline scenario
1083,4,Certification — verification & registration_Entity,Guinea,2025-04-09,daily_state,ndc_balance,258.67,289.04,239.59,82.89,1.8943,index,simulated,PDI Synthetic Generator — Baseline,,AUBEB mangrove baseline scenario
1084,5,Commercialisation outward_Entity,Tanzania,2025-04-09,daily_state,ndc_balance,286.47,280.77,213.14,74.4,0.5916,index,simulated,PDI Synthetic Generator — Baseline,,AUBEB mangrove baseline scenario
1085,6,Capital return — Conservation Fund deployment_Entity,Benin,2025-04-09,daily_state,ndc_balance,258.74,242.34,206.0,79.62,0.5023,index,simulated,PDI Synthetic Generator — Baseline,,AUBEB mangrove baseline scenario
1086,7,Restoration specification — CBEMR design_Entity,Nigeria,2025-04-09,daily_state,ndc_balance,297.13,266.28,272.86,91.83,1.6595,index,simulated,PDI Synthetic Generator — Baseline,,AUBEB mangrove baseline scenario
1087,8,Community custodial co-management_Entity,Cameroon,2025-04-09,daily_state,ndc_balance,233.26,277.24,196.89,71.02,0.2189,index,simulated,PDI Synthetic Generator — Baseline,,AUBEB mangrove baseline scenario
1088,9,Physical recovery — active regeneration_Entity,Mozambique,2025-04-09,daily_state,ndc_balance,254.77,242.53,231.05,90.69,0.4739,index,simulated,PDI Synthetic Generator — Baseline,,AUBEB mangrove baseline scenario
1089,10,Verified restoration — sustained blue economy asset_Entity,Madagascar,2025-04-09,daily_state,ndc_balance,276.8,297.68,253.4,85.12,0.5122,index,simulated,PDI Synthetic Generator — Baseline,,AUBEB mangrove baseline scenario
1090,0,Pre-commercial: degraded ecosystem_Entity,Nigeria,2025-04-10,daily_state,ndc_balance,191.35,189.03,142.31,74.37,0.6312,index,simulated,PDI Synthetic Generator — Baseline,,AUBEB mangrove baseline scenario
1091,1,Custodial formalisation_Entity,Cameroon,2025-04-10,daily_state,ndc_balance,225.69,217.3,190.96,84.61,0.8531,index,simulated,PDI Synthetic Generator — Baseline,,AUBEB mangrove baseline scenario
1092,2,Data extraction — baseline remote sensing_Entity,Mozambique,2025-04-10,daily_state,ndc_balance,262.15,294.27,213.14,72.43,0.2368,index,simulated,PDI Synthetic Generator — Baseline,,AUBEB mangrove baseline scenario
1093,3,Specification — carbon quantification_Entity,Madagascar,2025-04-10,daily_state,ndc_balance,281.04,265.8,247.1,87.92,1.9884,index,simulated,PDI Synthetic Generator — Baseline,,AUBEB mangrove baseline scenario
1094,4,Certification — verification & registration_Entity,Guinea,2025-04-10,daily_state,ndc_balance,261.9,284.56,213.55,75.05,0.3544,index,simulated,PDI Synthetic Generator — Baseline,,AUBEB mangrove baseline scenario
1095,5,Commercialisation outward_Entity,Tanzania,2025-04-10,daily_state,ndc_balance,261.34,259.73,235.01,89.93,1.8531,index,simulated,PDI Synthetic Generator — Baseline,,AUBEB mangrove baseline scenario
1096,6,Capital return — Conservation Fund deployment_Entity,Benin,2025-04-10,daily_state,ndc_balance,243.27,289.74,232.19,80.14,1.5295,index,simulated,PDI Synthetic Generator — Baseline,,AUBEB mangrove baseline scenario
1097,7,Restoration specification — CBEMR design_Entity,Nigeria,2025-04-10,daily_state,ndc_balance,232.76,265.87,229.46,86.31,0.8511,index,simulated,PDI Synthetic Generator — Baseline,,AUBEB mangrove baseline scenario
1098,8,Community custodial co-management_Entity,Cameroon,2025-04-10,daily_state,ndc_balance,239.64,246.41,210.85,85.57,0.3031,index,simulated,PDI Synthetic Generator — Baseline,,AUBEB mangrove baseline scenario
1099,9,Physical recovery — active regeneration_Entity,Mozambique,2025-04-10,daily_state,ndc_balance,268.94,244.97,232.58,86.48,0.6256,index,simulated,PDI Synthetic Generator — Baseline,,AUBEB mangrove baseline scenario
1100,10,Verified restoration — sustained blue economy asset_Entity,Madagascar,2025-04-10,daily_state,ndc_balance,303.96,296.78,235.17,77.37,0.5316,index,simulated,PDI Synthetic Generator — Baseline,,AUBEB mangrove baseline scenario
1101,0,Pre-commercial: degraded ecosystem_Entity,Nigeria,2025-04-11,daily_state,ndc_balance,212.89,211.07,139.67,65.61,0.45,index,simulated,PDI Synthetic Generator — Baseline,,AUBEB mangrove baseline scenario
1102,1,Custodial formalisation_Entity,Cameroon,2025-04-11,daily_state,ndc_balance,218.87,293.03,228.4,77.94,0.1969,index,simulated,PDI Synthetic Generator — Baseline,,AUBEB mangrove baseline scenario
1103,2,Data extraction — baseline remote sensing_Entity,Mozambique,2025-04-11,daily_state,ndc_balance,281.94,279.45,223.6,79.31,0.8194,index,simulated,PDI Synthetic Generator — Baseline,,AUBEB mangrove baseline scenario
1104,3,Specification — carbon quantification_Entity,Madagascar,2025-04-11,daily_state,ndc_balance,283.5,280.09,261.82,92.35,0.4664,index,simulated,PDI Synthetic Generator — Baseline,,AUBEB mangrove baseline scenario
1105,4,Certification — verification & registration_Entity,Guinea,2025-04-11,daily_state,ndc_balance,233.5,246.41,258.0,104.7,0.5058,index,simulated,PDI Synthetic Generator — Baseline,,AUBEB mangrove baseline scenario
1106,5,Commercialisation outward_Entity,Tanzania,2025-04-11,daily_state,ndc_balance,259.58,256.4,215.86,83.16,1.6852,index,simulated,PDI Synthetic Generator — Baseline,,AUBEB mangrove baseline scenario
1107,6,Capital return — Conservation Fund deployment_Entity,Benin,2025-04-11,daily_state,ndc_balance,267.99,280.44,253.06,90.24,1.9079,index,simulated,PDI Synthetic Generator — Baseline,,AUBEB mangrove baseline scenario
1108,7,Restoration specification — CBEMR design_Entity,Nigeria,2025-04-11,daily_state,ndc_balance,276.6,278.0,236.73,85.15,0.5953,index,simulated,PDI Synthetic Generator — Baseline,,AUBEB mangrove baseline scenario
1109,8,Community custodial co-management_Entity,Cameroon,2025-04-11,daily_state,ndc_balance,231.03,242.58,212.67,87.67,1.2377,index,simulated,PDI Synthetic Generator — Baseline,,AUBEB mangrove baseline scenario
1110,9,Physical recovery — active regeneration_Entity,Mozambique,2025-04-11,daily_state,ndc_balance,276.23,240.33,237.47,85.97,1.6126,index,simulated,PDI Synthetic Generator — Baseline,,AUBEB mangrove baseline scenario
1111,10,Verified restoration — sustained blue economy asset_Entity,Madagascar,2025-04-11,daily_state,ndc_balance,283.99,281.75,240.69,84.75,0.7495,index,simulated,PDI Synthetic Generator — Baseline,,AUBEB mangrove baseline scenario
1112,0,Pre-commercial: degraded ecosystem_Entity,Nigeria,2025-04-12,daily_state,ndc_balance,215.93,213.02,125.52,58.13,0.6073,index,simulated,PDI Synthetic Generator — Baseline,,AUBEB mangrove baseline scenario
1113,1,Custodial formalisation_Entity,Cameroon,2025-04-12,daily_state,ndc_balance,218.7,275.97,210.17,76.16,0.7489,index,simulated,PDI Synthetic Generator — Baseline,,AUBEB mangrove baseline scenario
1114,2,Data extraction — baseline remote sensing_Entity,Mozambique,2025-04-12,daily_state,ndc_balance,267.52,295.27,243.09,82.33,0.897,index,simulated,PDI Synthetic Generator — Baseline,,AUBEB mangrove baseline scenario
1115,3,Specification — carbon quantification_Entity,Madagascar,2025-04-12,daily_state,ndc_balance,281.29,274.92,273.59,97.26,0.8937,index,simulated,PDI Synthetic Generator — Baseline,,AUBEB mangrove baseline scenario
1116,4,Certification — verification & registration_Entity,Guinea,2025-04-12,daily_state,ndc_balance,238.87,267.67,217.42,81.23,1.158,index,simulated,PDI Synthetic Generator — Baseline,,AUBEB mangrove baseline scenario
1117,5,Commercialisation outward_Entity,Tanzania,2025-04-12,daily_state,ndc_balance,245.55,284.92,215.3,75.57,1.1164,index,simulated,PDI Synthetic Generator — Baseline,,AUBEB mangrove baseline scenario
1118,6,Capital return — Conservation Fund deployment_Entity,Benin,2025-04-12,daily_state,ndc_balance,260.3,261.71,246.65,94.25,0.5314,index,simulated,PDI Synthetic Generator — Baseline,,AUBEB mangrove baseline scenario
1119,7,Restoration specification — CBEMR design_Entity,Nigeria,2025-04-12,daily_state,ndc_balance,273.82,271.12,256.07,93.52,2.3249,index,simulated,PDI Synthetic Generator — Baseline,,AUBEB mangrove baseline scenario
1120,8,Community custodial co-management_Entity,Cameroon,2025-04-12,daily_state,ndc_balance,229.58,261.25,208.95,79.98,0.3625,index,simulated,PDI Synthetic Generator — Baseline,,AUBEB mangrove baseline scenario
1121,9,Physical recovery — active regeneration_Entity,Mozambique,2025-04-12,daily_state,ndc_balance,226.05,239.59,223.66,93.35,1.9116,index,simulated,PDI Synthetic Generator — Baseline,,AUBEB mangrove baseline scenario
1122,10,Verified restoration — sustained blue economy asset_Entity,Madagascar,2025-04-12,daily_state,ndc_balance,262.82,271.42,269.61,99.33,1.9103,index,simulated,PDI Synthetic Generator — Baseline,,AUBEB mangrove baseline scenario
1123,0,Pre-commercial: degraded ecosystem_Entity,Nigeria,2025-04-13,daily_state,ndc_balance,224.99,211.93,144.54,64.24,1.1153,index,simulated,PDI Synthetic Generator — Baseline,,AUBEB mangrove baseline scenario
1124,1,Custodial formalisation_Entity,Cameroon,2025-04-13,daily_state,ndc_balance,226.3,297.7,224.06,75.26,0.2628,index,simulated,PDI Synthetic Generator — Baseline,,AUBEB mangrove baseline scenario
1125,2,Data extraction — baseline remote sensing_Entity,Mozambique,2025-04-13,daily_state,ndc_balance,222.13,258.27,230.91,89.41,1.7688,index,simulated,PDI Synthetic Generator — Baseline,,AUBEB mangrove baseline scenario
1126,3,Specification — carbon quantification_Entity,Madagascar,2025-04-13,daily_state,ndc_balance,288.12,277.73,246.15,85.43,0.2991,index,simulated,PDI Synthetic Generator — Baseline,,AUBEB mangrove baseline scenario
1127,4,Certification — verification & registration_Entity,Guinea,2025-04-13,daily_state,ndc_balance,272.0,277.95,272.14,97.91,0.539,index,simulated,PDI Synthetic Generator — Baseline,,AUBEB mangrove baseline scenario
1128,5,Commercialisation outward_Entity,Tanzania,2025-04-13,daily_state,ndc_balance,246.47,268.88,215.99,80.33,0.5237,index,simulated,PDI Synthetic Generator — Baseline,,AUBEB mangrove baseline scenario
1129,6,Capital return — Conservation Fund deployment_Entity,Benin,2025-04-13,daily_state,ndc_balance,248.36,269.98,222.91,82.57,1.5835,index,simulated,PDI Synthetic Generator — Baseline,,AUBEB mangrove baseline scenario
1130,7,Restoration specification — CBEMR design_Entity,Nigeria,2025-04-13,daily_state,ndc_balance,272.53,265.36,255.63,93.8,1.781,index,simulated,PDI Synthetic Generator — Baseline,,AUBEB mangrove baseline scenario
1131,8,Community custodial co-management_Entity,Cameroon,2025-04-13,daily_state,ndc_balance,226.15,269.25,183.64,68.2,0.3491,index,simulated,PDI Synthetic Generator — Baseline,,AUBEB mangrove baseline scenario
1132,9,Physical recovery — active regeneration_Entity,Mozambique,2025-04-13,daily_state,ndc_balance,225.03,258.49,245.83,95.1,1.0955,index,simulated,PDI Synthetic Generator — Baseline,,AUBEB mangrove baseline scenario
1133,10,Verified restoration — sustained blue economy asset_Entity,Madagascar,2025-04-13,daily_state,ndc_balance,312.94,321.16,241.64,75.24,0.6515,index,simulated,PDI Synthetic Generator — Baseline,,AUBEB mangrove baseline scenario
1134,0,Pre-commercial: degraded ecosystem_Entity,Nigeria,2025-04-14,daily_state,ndc_balance,203.92,210.62,141.6,67.23,0.5892,index,simulated,PDI Synthetic Generator — Baseline,,AUBEB mangrove baseline scenario
1135,1,Custodial formalisation_Entity,Cameroon,2025-04-14,daily_state,ndc_balance,213.2,254.75,210.36,82.58,1.2413,index,simulated,PDI Synthetic Generator — Baseline,,AUBEB mangrove baseline scenario
1136,2,Data extraction — baseline remote sensing_Entity,Mozambique,2025-04-14,daily_state,ndc_balance,235.21,278.25,267.2,96.03,2.5826,index,simulated,PDI Synthetic Generator — Baseline,,AUBEB mangrove baseline scenario
1137,3,Specification — carbon quantification_Entity,Madagascar,2025-04-14,daily_state,ndc_balance,278.9,313.66,242.32,77.26,1.3495,index,simulated,PDI Synthetic Generator — Baseline,,AUBEB mangrove baseline scenario
1138,4,Certification — verification & registration_Entity,Guinea,2025-04-14,daily_state,ndc_balance,265.08,293.84,235.95,80.3,1.0946,index,simulated,PDI Synthetic Generator — Baseline,,AUBEB mangrove baseline scenario
1139,5,Commercialisation outward_Entity,Tanzania,2025-04-14,daily_state,ndc_balance,273.21,271.43,229.92,84.16,1.8487,index,simulated,PDI Synthetic Generator — Baseline,,AUBEB mangrove baseline scenario
1140,6,Capital return — Conservation Fund deployment_Entity,Benin,2025-04-14,daily_state,ndc_balance,270.5,302.04,232.47,76.97,1.2809,index,simulated,PDI Synthetic Generator — Baseline,,AUBEB mangrove baseline scenario
1141,7,Restoration specification — CBEMR design_Entity,Nigeria,2025-04-14,daily_state,ndc_balance,276.54,292.45,219.64,75.1,0.4048,index,simulated,PDI Synthetic Generator — Baseline,,AUBEB mangrove baseline scenario
1142,8,Community custodial co-management_Entity,Cameroon,2025-04-14,daily_state,ndc_balance,224.8,270.0,198.59,73.55,0.3645,index,simulated,PDI Synthetic Generator — Baseline,,AUBEB mangrove baseline scenario
1143,9,Physical recovery — active regeneration_Entity,Mozambique,2025-04-14,daily_state,ndc_balance,238.6,266.81,235.72,88.35,0.4278,index,simulated,PDI Synthetic Generator — Baseline,,AUBEB mangrove baseline scenario
1144,10,Verified restoration — sustained blue economy asset_Entity,Madagascar,2025-04-14,daily_state,ndc_balance,310.5,242.51,275.14,88.61,1.7922,index,simulated,PDI Synthetic Generator — Baseline,,AUBEB mangrove baseline scenario
1145,0,Pre-commercial: degraded ecosystem_Entity,Nigeria,2025-04-15,daily_state,ndc_balance,196.48,179.0,149.42,76.05,1.2503,index,simulated,PDI Synthetic Generator — Baseline,,AUBEB mangrove baseline scenario
1146,1,Custodial formalisation_Entity,Cameroon,2025-04-15,daily_state,ndc_balance,233.04,240.39,200.14,83.26,1.3219,index,simulated,PDI Synthetic Generator — Baseline,,AUBEB mangrove baseline scenario
1147,2,Data extraction — baseline remote sensing_Entity,Mozambique,2025-04-15,daily_state,ndc_balance,248.25,297.12,237.77,80.02,0.2888,index,simulated,PDI Synthetic Generator — Baseline,,AUBEB mangrove baseline scenario
1148,3,Specification — carbon quantification_Entity,Madagascar,2025-04-15,daily_state,ndc_balance,276.87,273.98,242.86,87.72,1.9284,index,simulated,PDI Synthetic Generator — Baseline,,AUBEB mangrove baseline scenario
1149,4,Certification — verification & registration_Entity,Guinea,2025-04-15,daily_state,ndc_balance,232.83,288.44,245.0,84.94,1.488,index,simulated,PDI Synthetic Generator — Baseline,,AUBEB mangrove baseline scenario
1150,5,Commercialisation outward_Entity,Tanzania,2025-04-15,daily_state,ndc_balance,251.84,270.02,231.73,85.82,1.7669,index,simulated,PDI Synthetic Generator — Baseline,,AUBEB mangrove baseline scenario
1151,6,Capital return — Conservation Fund deployment_Entity,Benin,2025-04-15,daily_state,ndc_balance,250.16,281.37,245.55,87.27,0.5361,index,simulated,PDI Synthetic Generator — Baseline,,AUBEB mangrove baseline scenario
1152,7,Restoration specification — CBEMR design_Entity,Nigeria,2025-04-15,daily_state,ndc_balance,285.36,260.47,251.84,88.25,0.3399,index,simulated,PDI Synthetic Generator — Baseline,,AUBEB mangrove baseline scenario
1153,8,Community custodial co-management_Entity,Cameroon,2025-04-15,daily_state,ndc_balance,234.37,240.76,181.1,75.22,0.9408,index,simulated,PDI Synthetic Generator — Baseline,,AUBEB mangrove baseline scenario
1154,9,Physical recovery — active regeneration_Entity,Mozambique,2025-04-15,daily_state,ndc_balance,258.81,254.18,244.39,94.43,1.2168,index,simulated,PDI Synthetic Generator — Baseline,,AUBEB mangrove baseline scenario
1155,10,Verified restoration — sustained blue economy asset_Entity,Madagascar,2025-04-15,daily_state,ndc_balance,284.7,277.0,250.62,88.03,1.0677,index,simulated,PDI Synthetic Generator — Baseline,,AUBEB mangrove baseline scenario
1156,0,Pre-commercial: degraded ecosystem_Entity,Nigeria,2025-04-16,daily_state,ndc_balance,198.34,212.19,147.12,69.33,1.1486,index,simulated,PDI Synthetic Generator — Baseline,,AUBEB mangrove baseline scenario
1157,1,Custodial formalisation_Entity,Cameroon,2025-04-16,daily_state,ndc_balance,216.68,278.42,199.23,71.56,1.0554,index,simulated,PDI Synthetic Generator — Baseline,,AUBEB mangrove baseline scenario
1158,2,Data extraction — baseline remote sensing_Entity,Mozambique,2025-04-16,daily_state,ndc_balance,249.53,279.5,262.03,93.75,2.0094,index,simulated,PDI Synthetic Generator — Baseline,,AUBEB mangrove baseline scenario
1159,3,Specification — carbon quantification_Entity,Madagascar,2025-04-16,daily_state,ndc_balance,280.15,278.29,259.28,92.55,2.3942,index,simulated,PDI Synthetic Generator — Baseline,,AUBEB mangrove baseline scenario
1160,4,Certification — verification & registration_Entity,Guinea,2025-04-16,daily_state,ndc_balance,246.4,292.6,249.38,85.23,1.0486,index,simulated,PDI Synthetic Generator — Baseline,,AUBEB mangrove baseline scenario
1161,5,Commercialisation outward_Entity,Tanzania,2025-04-16,daily_state,ndc_balance,252.05,283.7,230.43,81.22,0.7409,index,simulated,PDI Synthetic Generator — Baseline,,AUBEB mangrove baseline scenario
1162,6,Capital return — Conservation Fund deployment_Entity,Benin,2025-04-16,daily_state,ndc_balance,258.08,294.52,227.53,77.25,1.7746,index,simulated,PDI Synthetic Generator — Baseline,,AUBEB mangrove baseline scenario
1163,7,Restoration specification — CBEMR design_Entity,Nigeria,2025-04-16,daily_state,ndc_balance,271.18,275.25,278.82,101.3,0.8611,index,simulated,PDI Synthetic Generator — Baseline,,AUBEB mangrove baseline scenario
1164,8,Community custodial co-management_Entity,Cameroon,2025-04-16,daily_state,ndc_balance,243.28,237.85,210.11,86.37,1.9412,index,simulated,PDI Synthetic Generator — Baseline,,AUBEB mangrove baseline scenario
1165,9,Physical recovery — active regeneration_Entity,Mozambique,2025-04-16,daily_state,ndc_balance,255.85,255.29,263.33,102.92,2.8026,index,simulated,PDI Synthetic Generator — Baseline,,AUBEB mangrove baseline scenario
1166,10,Verified restoration — sustained blue economy asset_Entity,Madagascar,2025-04-16,daily_state,ndc_balance,267.89,273.16,252.7,92.51,1.8599,index,simulated,PDI Synthetic Generator — Baseline,,AUBEB mangrove baseline scenario
1167,0,Pre-commercial: degraded ecosystem_Entity,Nigeria,2025-04-17,daily_state,ndc_balance,210.04,208.45,147.77,70.35,0.8675,index,simulated,PDI Synthetic Generator — Baseline,,AUBEB mangrove baseline scenario
1168,1,Custodial formalisation_Entity,Cameroon,2025-04-17,daily_state,ndc_balance,213.24,277.69,227.91,82.07,0.6725,index,simulated,PDI Synthetic Generator — Baseline,,AUBEB mangrove baseline scenario
1169,2,Data extraction — baseline remote sensing_Entity,Mozambique,2025-04-17,daily_state,ndc_balance,231.29,274.81,257.25,93.61,0.3064,index,simulated,PDI Synthetic Generator — Baseline,,AUBEB mangrove baseline scenario
1170,3,Specification — carbon quantification_Entity,Madagascar,2025-04-17,daily_state,ndc_balance,300.19,251.11,245.66,81.83,0.2795,index,simulated,PDI Synthetic Generator — Baseline,,AUBEB mangrove baseline scenario
1171,4,Certification — verification & registration_Entity,Guinea,2025-04-17,daily_state,ndc_balance,266.12,283.7,242.83,85.59,0.3248,index,simulated,PDI Synthetic Generator — Baseline,,AUBEB mangrove baseline scenario
1172,5,Commercialisation outward_Entity,Tanzania,2025-04-17,daily_state,ndc_balance,239.01,270.81,231.51,85.49,0.9861,index,simulated,PDI Synthetic Generator — Baseline,,AUBEB mangrove baseline scenario
1173,6,Capital return — Conservation Fund deployment_Entity,Benin,2025-04-17,daily_state,ndc_balance,255.93,303.62,214.3,70.58,0.1751,index,simulated,PDI Synthetic Generator — Baseline,,AUBEB mangrove baseline scenario
1174,7,Restoration specification — CBEMR design_Entity,Nigeria,2025-04-17,daily_state,ndc_balance,251.64,287.89,235.8,81.91,0.62,index,simulated,PDI Synthetic Generator — Baseline,,AUBEB mangrove baseline scenario
1175,8,Community custodial co-management_Entity,Cameroon,2025-04-17,daily_state,ndc_balance,207.59,284.68,204.3,71.76,1.3598,index,simulated,PDI Synthetic Generator — Baseline,,AUBEB mangrove baseline scenario
1176,9,Physical recovery — active regeneration_Entity,Mozambique,2025-04-17,daily_state,ndc_balance,259.71,242.48,231.23,89.03,1.3094,index,simulated,PDI Synthetic Generator — Baseline,,AUBEB mangrove baseline scenario
1177,10,Verified restoration — sustained blue economy asset_Entity,Madagascar,2025-04-17,daily_state,ndc_balance,242.96,281.73,266.43,94.57,1.5467,index,simulated,PDI Synthetic Generator — Baseline,,AUBEB mangrove baseline scenario
1178,0,Pre-commercial: degraded ecosystem_Entity,Nigeria,2025-04-18,daily_state,ndc_balance,201.22,193.99,149.37,74.23,0.3989,index,simulated,PDI Synthetic Generator — Baseline,,AUBEB mangrove baseline scenario
1179,1,Custodial formalisation_Entity,Cameroon,2025-04-18,daily_state,ndc_balance,205.23,284.48,206.38,72.55,1.548,index,simulated,PDI Synthetic Generator — Baseline,,AUBEB mangrove baseline scenario
1180,2,Data extraction — baseline remote sensing_Entity,Mozambique,2025-04-18,daily_state,ndc_balance,248.02,242.17,242.79,97.89,1.9066,index,simulated,PDI Synthetic Generator — Baseline,,AUBEB mangrove baseline scenario
1181,3,Specification — carbon quantification_Entity,Madagascar,2025-04-18,daily_state,ndc_balance,305.55,248.3,258.49,84.6,1.287,index,simulated,PDI Synthetic Generator — Baseline,,AUBEB mangrove baseline scenario
1182,4,Certification — verification & registration_Entity,Guinea,2025-04-18,daily_state,ndc_balance,256.5,270.23,246.04,91.05,2.2568,index,simulated,PDI Synthetic Generator — Baseline,,AUBEB mangrove baseline scenario
1183,5,Commercialisation outward_Entity,Tanzania,2025-04-18,daily_state,ndc_balance,256.31,266.17,206.75,77.68,1.1787,index,simulated,PDI Synthetic Generator — Baseline,,AUBEB mangrove baseline scenario
1184,6,Capital return — Conservation Fund deployment_Entity,Benin,2025-04-18,daily_state,ndc_balance,286.76,263.74,222.0,77.42,0.5688,index,simulated,PDI Synthetic Generator — Baseline,,AUBEB mangrove baseline scenario
1185,7,Restoration specification — CBEMR design_Entity,Nigeria,2025-04-18,daily_state,ndc_balance,305.59,307.49,263.4,85.66,1.2944,index,simulated,PDI Synthetic Generator — Baseline,,AUBEB mangrove baseline scenario
1186,8,Community custodial co-management_Entity,Cameroon,2025-04-18,daily_state,ndc_balance,229.2,258.25,202.19,78.29,1.0798,index,simulated,PDI Synthetic Generator — Baseline,,AUBEB mangrove baseline scenario
1187,9,Physical recovery — active regeneration_Entity,Mozambique,2025-04-18,daily_state,ndc_balance,261.33,223.36,225.09,86.13,1.2718,index,simulated,PDI Synthetic Generator — Baseline,,AUBEB mangrove baseline scenario
1188,10,Verified restoration — sustained blue economy asset_Entity,Madagascar,2025-04-18,daily_state,ndc_balance,304.47,307.55,292.93,95.25,2.6622,index,simulated,PDI Synthetic Generator — Baseline,,AUBEB mangrove baseline scenario
1189,0,Pre-commercial: degraded ecosystem_Entity,Nigeria,2025-04-19,daily_state,ndc_balance,217.08,222.06,148.46,66.86,0.8067,index,simulated,PDI Synthetic Generator — Baseline,,AUBEB mangrove baseline scenario
1190,1,Custodial formalisation_Entity,Cameroon,2025-04-19,daily_state,ndc_balance,206.47,279.77,210.96,75.4,0.6581,index,simulated,PDI Synthetic Generator — Baseline,,AUBEB mangrove baseline scenario
1191,2,Data extraction — baseline remote sensing_Entity,Mozambique,2025-04-19,daily_state,ndc_balance,274.01,253.95,245.91,89.74,1.142,index,simulated,PDI Synthetic Generator — Baseline,,AUBEB mangrove baseline scenario
1192,3,Specification — carbon quantification_Entity,Madagascar,2025-04-19,daily_state,ndc_balance,245.56,257.02,265.83,103.43,3.0179,index,simulated,PDI Synthetic Generator — Baseline,,AUBEB mangrove baseline scenario
1193,4,Certification — verification & registration_Entity,Guinea,2025-04-19,daily_state,ndc_balance,288.56,248.56,234.3,81.2,0.3878,index,simulated,PDI Synthetic Generator — Baseline,,AUBEB mangrove baseline scenario
1194,5,Commercialisation outward_Entity,Tanzania,2025-04-19,daily_state,ndc_balance,286.81,283.03,254.74,88.82,1.5402,index,simulated,PDI Synthetic Generator — Baseline,,AUBEB mangrove baseline scenario
1195,6,Capital return — Conservation Fund deployment_Entity,Benin,2025-04-19,daily_state,ndc_balance,257.87,293.0,230.2,78.57,1.3308,index,simulated,PDI Synthetic Generator — Baseline,,AUBEB mangrove baseline scenario
1196,7,Restoration specification — CBEMR design_Entity,Nigeria,2025-04-19,daily_state,ndc_balance,292.12,256.21,269.85,92.38,1.3541,index,simulated,PDI Synthetic Generator — Baseline,,AUBEB mangrove baseline scenario
1197,8,Community custodial co-management_Entity,Cameroon,2025-04-19,daily_state,ndc_balance,216.71,255.69,193.31,75.6,1.4866,index,simulated,PDI Synthetic Generator — Baseline,,AUBEB mangrove baseline scenario
1198,9,Physical recovery — active regeneration_Entity,Mozambique,2025-04-19,daily_state,ndc_balance,237.78,243.79,233.41,95.74,0.7533,index,simulated,PDI Synthetic Generator — Baseline,,AUBEB mangrove baseline scenario
1199,10,Verified restoration — sustained blue economy asset_Entity,Madagascar,2025-04-19,daily_state,ndc_balance,307.99,277.58,267.08,86.72,1.0642,index,simulated,PDI Synthetic Generator — Baseline,,AUBEB mangrove baseline scenario
1200,0,Pre-commercial: degraded ecosystem_Entity,Nigeria,2025-04-20,daily_state,ndc_balance,200.9,198.28,116.63,58.05,0.7907,index,simulated,PDI Synthetic Generator — Baseline,,AUBEB mangrove baseline scenario
1201,1,Custodial formalisation_Entity,Cameroon,2025-04-20,daily_state,ndc_balance,238.63,287.08,238.57,83.1,1.1207,index,simulated,PDI Synthetic Generator — Baseline,,AUBEB mangrove baseline scenario
1202,2,Data extraction — baseline remote sensing_Entity,Mozambique,2025-04-20,daily_state,ndc_balance,253.22,263.82,257.37,97.56,0.9196,index,simulated,PDI Synthetic Generator — Baseline,,AUBEB mangrove baseline scenario
1203,3,Specification — carbon quantification_Entity,Madagascar,2025-04-20,daily_state,ndc_balance,275.94,274.68,255.61,92.63,0.9823,index,simulated,PDI Synthetic Generator — Baseline,,AUBEB mangrove baseline scenario
1204,4,Certification — verification & registration_Entity,Guinea,2025-04-20,daily_state,ndc_balance,244.8,251.45,222.84,88.62,1.4948,index,simulated,PDI Synthetic Generator — Baseline,,AUBEB mangrove baseline scenario
1205,5,Commercialisation outward_Entity,Tanzania,2025-04-20,daily_state,ndc_balance,228.54,266.74,236.9,88.81,1.1984,index,simulated,PDI Synthetic Generator — Baseline,,AUBEB mangrove baseline scenario
1206,6,Capital return — Conservation Fund deployment_Entity,Benin,2025-04-20,daily_state,ndc_balance,241.59,274.24,225.42,82.2,2.0194,index,simulated,PDI Synthetic Generator — Baseline,,AUBEB mangrove baseline scenario
1207,7,Restoration specification — CBEMR design_Entity,Nigeria,2025-04-20,daily_state,ndc_balance,263.26,270.08,250.2,92.64,1.4534,index,simulated,PDI Synthetic Generator — Baseline,,AUBEB mangrove baseline scenario
1208,8,Community custodial co-management_Entity,Cameroon,2025-04-20,daily_state,ndc_balance,217.99,252.67,193.26,76.49,0.6354,index,simulated,PDI Synthetic Generator — Baseline,,AUBEB mangrove baseline scenario
1209,9,Physical recovery — active regeneration_Entity,Mozambique,2025-04-20,daily_state,ndc_balance,241.67,259.7,240.29,92.53,1.2333,index,simulated,PDI Synthetic Generator — Baseline,,AUBEB mangrove baseline scenario
1210,10,Verified restoration — sustained blue economy asset_Entity,Madagascar,2025-04-20,daily_state,ndc_balance,263.49,267.86,251.66,93.95,1.4969,index,simulated,PDI Synthetic Generator — Baseline,,AUBEB mangrove baseline scenario
1211,0,Pre-commercial: degraded ecosystem_Entity,Nigeria,2025-04-21,daily_state,ndc_balance,214.15,217.6,128.98,59.27,0.2128,index,simulated,PDI Synthetic Generator — Baseline,,AUBEB mangrove baseline scenario
1212,1,Custodial formalisation_Entity,Cameroon,2025-04-21,daily_state,ndc_balance,218.09,278.91,183.37,65.75,0.9421,index,simulated,PDI Synthetic Generator — Baseline,,AUBEB mangrove baseline scenario
1213,2,Data extraction — baseline remote sensing_Entity,Mozambique,2025-04-21,daily_state,ndc_balance,266.47,284.67,234.28,82.3,1.2827,index,simulated,PDI Synthetic Generator — Baseline,,AUBEB mangrove baseline scenario
1214,3,Specification — carbon quantification_Entity,Madagascar,2025-04-21,daily_state,ndc_balance,283.2,269.45,246.93,87.19,1.1614,index,simulated,PDI Synthetic Generator — Baseline,,AUBEB mangrove baseline scenario
1215,4,Certification — verification & registration_Entity,Guinea,2025-04-21,daily_state,ndc_balance,259.99,297.04,259.27,87.28,1.7063,index,simulated,PDI Synthetic Generator — Baseline,,AUBEB mangrove baseline scenario
1216,5,Commercialisation outward_Entity,Tanzania,2025-04-21,daily_state,ndc_balance,244.67,277.73,237.82,85.63,1.1097,index,simulated,PDI Synthetic Generator — Baseline,,AUBEB mangrove baseline scenario
1217,6,Capital return — Conservation Fund deployment_Entity,Benin,2025-04-21,daily_state,ndc_balance,247.62,287.08,210.85,73.45,0.9071,index,simulated,PDI Synthetic Generator — Baseline,,AUBEB mangrove baseline scenario
1218,7,Restoration specification — CBEMR design_Entity,Nigeria,2025-04-21,daily_state,ndc_balance,299.79,287.14,247.42,82.53,0.9043,index,simulated,PDI Synthetic Generator — Baseline,,AUBEB mangrove baseline scenario
1219,8,Community custodial co-management_Entity,Cameroon,2025-04-21,daily_state,ndc_balance,239.58,222.34,180.18,75.21,0.3989,index,simulated,PDI Synthetic Generator — Baseline,,AUBEB mangrove baseline scenario
1220,9,Physical recovery — active regeneration_Entity,Mozambique,2025-04-21,daily_state,ndc_balance,243.12,258.45,226.56,87.66,1.7079,index,simulated,PDI Synthetic Generator — Baseline,,AUBEB mangrove baseline scenario
1221,10,Verified restoration — sustained blue economy asset_Entity,Madagascar,2025-04-21,daily_state,ndc_balance,267.35,278.8,256.94,92.16,1.6914,index,simulated,PDI Synthetic Generator — Baseline,,AUBEB mangrove baseline scenario
1222,0,Pre-commercial: degraded ecosystem_Entity,Nigeria,2025-04-22,daily_state,ndc_balance,187.04,204.71,145.05,70.86,0.4256,index,simulated,PDI Synthetic Generator — Baseline,,AUBEB mangrove baseline scenario
1223,1,Custodial formalisation_Entity,Cameroon,2025-04-22,daily_state,ndc_balance,205.02,263.32,188.71,71.67,0.9078,index,simulated,PDI Synthetic Generator — Baseline,,AUBEB mangrove baseline scenario
1224,2,Data extraction — baseline remote sensing_Entity,Mozambique,2025-04-22,daily_state,ndc_balance,263.76,305.77,244.09,79.83,0.6005,index,simulated,PDI Synthetic Generator — Baseline,,AUBEB mangrove baseline scenario
1225,3,Specification — carbon quantification_Entity,Madagascar,2025-04-22,daily_state,ndc_balance,263.81,262.17,251.7,95.41,1.748,index,simulated,PDI Synthetic Generator — Baseline,,AUBEB mangrove baseline scenario
1226,4,Certification — verification & registration_Entity,Guinea,2025-04-22,daily_state,ndc_balance,263.4,272.68,255.97,93.87,1.7389,index,simulated,PDI Synthetic Generator — Baseline,,AUBEB mangrove baseline scenario
1227,5,Commercialisation outward_Entity,Tanzania,2025-04-22,daily_state,ndc_balance,232.75,261.22,240.55,92.09,1.7502,index,simulated,PDI Synthetic Generator — Baseline,,AUBEB mangrove baseline scenario
1228,6,Capital return — Conservation Fund deployment_Entity,Benin,2025-04-22,daily_state,ndc_balance,262.67,303.16,235.16,77.57,1.2641,index,simulated,PDI Synthetic Generator — Baseline,,AUBEB mangrove baseline scenario
1229,7,Restoration specification — CBEMR design_Entity,Nigeria,2025-04-22,daily_state,ndc_balance,287.43,260.31,256.21,89.14,1.1329,index,simulated,PDI Synthetic Generator — Baseline,,AUBEB mangrove baseline scenario
1230,8,Community custodial co-management_Entity,Cameroon,2025-04-22,daily_state,ndc_balance,233.85,265.99,211.81,79.63,1.2365,index,simulated,PDI Synthetic Generator — Baseline,,AUBEB mangrove baseline scenario
1231,9,Physical recovery — active regeneration_Entity,Mozambique,2025-04-22,daily_state,ndc_balance,244.7,233.03,235.03,96.05,1.4109,index,simulated,PDI Synthetic Generator — Baseline,,AUBEB mangrove baseline scenario
1232,10,Verified restoration — sustained blue economy asset_Entity,Madagascar,2025-04-22,daily_state,ndc_balance,269.79,238.77,238.14,88.27,0.4296,index,simulated,PDI Synthetic Generator — Baseline,,AUBEB mangrove baseline scenario
1233,0,Pre-commercial: degraded ecosystem_Entity,Nigeria,2025-04-23,daily_state,ndc_balance,196.49,210.96,139.69,66.22,0.6374,index,simulated,PDI Synthetic Generator — Baseline,,AUBEB mangrove baseline scenario
1234,1,Custodial formalisation_Entity,Cameroon,2025-04-23,daily_state,ndc_balance,215.28,259.09,209.68,80.93,0.4344,index,simulated,PDI Synthetic Generator — Baseline,,AUBEB mangrove baseline scenario
1235,2,Data extraction — baseline remote sensing_Entity,Mozambique,2025-04-23,daily_state,ndc_balance,251.8,259.71,225.47,86.82,1.6421,index,simulated,PDI Synthetic Generator — Baseline,,AUBEB mangrove baseline scenario
1236,3,Specification — carbon quantification_Entity,Madagascar,2025-04-23,daily_state,ndc_balance,276.53,266.01,252.2,91.2,1.8884,index,simulated,PDI Synthetic Generator — Baseline,,AUBEB mangrove baseline scenario
1237,4,Certification — verification & registration_Entity,Guinea,2025-04-23,daily_state,ndc_balance,228.26,237.09,216.3,91.23,2.3484,index,simulated,PDI Synthetic Generator — Baseline,,AUBEB mangrove baseline scenario
1238,5,Commercialisation outward_Entity,Tanzania,2025-04-23,daily_state,ndc_balance,262.44,285.38,232.01,81.3,1.2848,index,simulated,PDI Synthetic Generator — Baseline,,AUBEB mangrove baseline scenario
1239,6,Capital return — Conservation Fund deployment_Entity,Benin,2025-04-23,daily_state,ndc_balance,252.27,290.21,241.83,83.33,0.4515,index,simulated,PDI Synthetic Generator — Baseline,,AUBEB mangrove baseline scenario
1240,7,Restoration specification — CBEMR design_Entity,Nigeria,2025-04-23,daily_state,ndc_balance,279.51,253.75,244.98,87.65,1.541,index,simulated,PDI Synthetic Generator — Baseline,,AUBEB mangrove baseline scenario
1241,8,Community custodial co-management_Entity,Cameroon,2025-04-23,daily_state,ndc_balance,227.09,256.46,181.73,70.86,1.4783,index,simulated,PDI Synthetic Generator — Baseline,,AUBEB mangrove baseline scenario
1242,9,Physical recovery — active regeneration_Entity,Mozambique,2025-04-23,daily_state,ndc_balance,236.93,255.33,233.03,91.27,1.6565,index,simulated,PDI Synthetic Generator — Baseline,,AUBEB mangrove baseline scenario
1243,10,Verified restoration — sustained blue economy asset_Entity,Madagascar,2025-04-23,daily_state,ndc_balance,304.06,293.39,272.41,89.59,1.1381,index,simulated,PDI Synthetic Generator — Baseline,,AUBEB mangrove baseline scenario
1244,0,Pre-commercial: degraded ecosystem_Entity,Nigeria,2025-04-24,daily_state,ndc_balance,157.58,192.27,151.44,78.76,1.254,index,simulated,PDI Synthetic Generator — Baseline,,AUBEB mangrove baseline scenario
1245,1,Custodial formalisation_Entity,Cameroon,2025-04-24,daily_state,ndc_balance,220.5,272.78,208.54,76.45,0.661,index,simulated,PDI Synthetic Generator — Baseline,,AUBEB mangrove baseline scenario
1246,2,Data extraction — baseline remote sensing_Entity,Mozambique,2025-04-24,daily_state,ndc_balance,282.61,257.57,242.46,85.79,0.233,index,simulated,PDI Synthetic Generator — Baseline,,AUBEB mangrove baseline scenario
1247,3,Specification — carbon quantification_Entity,Madagascar,2025-04-24,daily_state,ndc_balance,273.98,258.28,253.58,92.55,0.3243,index,simulated,PDI Synthetic Generator — Baseline,,AUBEB mangrove baseline scenario
1248,4,Certification — verification & registration_Entity,Guinea,2025-04-24,daily_state,ndc_balance,238.7,278.59,249.42,89.53,0.9718,index,simulated,PDI Synthetic Generator — Baseline,,AUBEB mangrove baseline scenario
1249,5,Commercialisation outward_Entity,Tanzania,2025-04-24,daily_state,ndc_balance,243.74,239.89,238.89,98.01,1.537,index,simulated,PDI Synthetic Generator — Baseline,,AUBEB mangrove baseline scenario
1250,6,Capital return — Conservation Fund deployment_Entity,Benin,2025-04-24,daily_state,ndc_balance,238.51,247.99,208.22,83.96,1.2336,index,simulated,PDI Synthetic Generator — Baseline,,AUBEB mangrove baseline scenario
1251,7,Restoration specification — CBEMR design_Entity,Nigeria,2025-04-24,daily_state,ndc_balance,265.01,296.58,230.64,77.77,1.545,index,simulated,PDI Synthetic Generator — Baseline,,AUBEB mangrove baseline scenario
1252,8,Community custodial co-management_Entity,Cameroon,2025-04-24,daily_state,ndc_balance,248.01,248.47,213.99,86.12,0.8544,index,simulated,PDI Synthetic Generator — Baseline,,AUBEB mangrove baseline scenario
1253,9,Physical recovery — active regeneration_Entity,Mozambique,2025-04-24,daily_state,ndc_balance,241.93,249.69,223.12,89.36,2.1541,index,simulated,PDI Synthetic Generator — Baseline,,AUBEB mangrove baseline scenario
1254,10,Verified restoration — sustained blue economy asset_Entity,Madagascar,2025-04-24,daily_state,ndc_balance,252.32,245.86,287.17,113.81,1.3695,index,simulated,PDI Synthetic Generator — Baseline,,AUBEB mangrove baseline scenario
1255,0,Pre-commercial: degraded ecosystem_Entity,Nigeria,2025-04-25,daily_state,ndc_balance,233.75,206.7,130.53,55.84,0.5743,index,simulated,PDI Synthetic Generator — Baseline,,AUBEB mangrove baseline scenario
1256,1,Custodial formalisation_Entity,Cameroon,2025-04-25,daily_state,ndc_balance,194.55,255.13,223.99,87.79,2.0306,index,simulated,PDI Synthetic Generator — Baseline,,AUBEB mangrove baseline scenario
1257,2,Data extraction — baseline remote sensing_Entity,Mozambique,2025-04-25,daily_state,ndc_balance,256.23,246.49,241.54,94.27,1.2596,index,simulated,PDI Synthetic Generator — Baseline,,AUBEB mangrove baseline scenario
1258,3,Specification — carbon quantification_Entity,Madagascar,2025-04-25,daily_state,ndc_balance,283.91,259.98,257.21,90.6,1.2477,index,simulated,PDI Synthetic Generator — Baseline,,AUBEB mangrove baseline scenario
1259,4,Certification — verification & registration_Entity,Guinea,2025-04-25,daily_state,ndc_balance,270.37,268.53,235.75,87.2,1.8394,index,simulated,PDI Synthetic Generator — Baseline,,AUBEB mangrove baseline scenario
1260,5,Commercialisation outward_Entity,Tanzania,2025-04-25,daily_state,ndc_balance,267.2,278.27,202.55,72.79,0.7938,index,simulated,PDI Synthetic Generator — Baseline,,AUBEB mangrove baseline scenario
1261,6,Capital return — Conservation Fund deployment_Entity,Benin,2025-04-25,daily_state,ndc_balance,277.69,274.92,220.07,79.25,1.7547,index,simulated,PDI Synthetic Generator — Baseline,,AUBEB mangrove baseline scenario
1262,7,Restoration specification — CBEMR design_Entity,Nigeria,2025-04-25,daily_state,ndc_balance,280.0,269.81,233.7,83.46,1.6677,index,simulated,PDI Synthetic Generator — Baseline,,AUBEB mangrove baseline scenario
1263,8,Community custodial co-management_Entity,Cameroon,2025-04-25,daily_state,ndc_balance,253.83,280.39,208.14,74.23,1.1721,index,simulated,PDI Synthetic Generator — Baseline,,AUBEB mangrove baseline scenario
1264,9,Physical recovery — active regeneration_Entity,Mozambique,2025-04-25,daily_state,ndc_balance,219.94,268.32,249.63,93.03,1.3332,index,simulated,PDI Synthetic Generator — Baseline,,AUBEB mangrove baseline scenario
1265,10,Verified restoration — sustained blue economy asset_Entity,Madagascar,2025-04-25,daily_state,ndc_balance,275.38,252.68,290.5,105.49,2.3982,index,simulated,PDI Synthetic Generator — Baseline,,AUBEB mangrove baseline scenario
1266,0,Pre-commercial: degraded ecosystem_Entity,Nigeria,2025-04-26,daily_state,ndc_balance,200.72,195.75,139.97,69.73,0.7589,index,simulated,PDI Synthetic Generator — Baseline,,AUBEB mangrove baseline scenario
1267,1,Custodial formalisation_Entity,Cameroon,2025-04-26,daily_state,ndc_balance,226.78,277.66,207.01,74.56,1.0336,index,simulated,PDI Synthetic Generator — Baseline,,AUBEB mangrove baseline scenario
1268,2,Data extraction — baseline remote sensing_Entity,Mozambique,2025-04-26,daily_state,ndc_balance,244.82,258.89,271.45,104.85,1.2823,index,simulated,PDI Synthetic Generator — Baseline,,AUBEB mangrove baseline scenario
1269,3,Specification — carbon quantification_Entity,Madagascar,2025-04-26,daily_state,ndc_balance,284.78,284.29,250.0,87.79,0.476,index,simulated,PDI Synthetic Generator — Baseline,,AUBEB mangrove baseline scenario
1270,4,Certification — verification & registration_Entity,Guinea,2025-04-26,daily_state,ndc_balance,275.26,279.72,247.21,88.38,0.2665,index,simulated,PDI Synthetic Generator — Baseline,,AUBEB mangrove baseline scenario
1271,5,Commercialisation outward_Entity,Tanzania,2025-04-26,daily_state,ndc_balance,246.58,258.32,236.5,91.55,0.9722,index,simulated,PDI Synthetic Generator — Baseline,,AUBEB mangrove baseline scenario
1272,6,Capital return — Conservation Fund deployment_Entity,Benin,2025-04-26,daily_state,ndc_balance,273.95,288.05,245.66,85.28,0.7745,index,simulated,PDI Synthetic Generator — Baseline,,AUBEB mangrove baseline scenario
1273,7,Restoration specification — CBEMR design_Entity,Nigeria,2025-04-26,daily_state,ndc_balance,280.21,278.27,241.59,86.22,1.1134,index,simulated,PDI Synthetic Generator — Baseline,,AUBEB mangrove baseline scenario
1274,8,Community custodial co-management_Entity,Cameroon,2025-04-26,daily_state,ndc_balance,227.59,267.86,205.67,76.78,1.2521,index,simulated,PDI Synthetic Generator — Baseline,,AUBEB mangrove baseline scenario
1275,9,Physical recovery — active regeneration_Entity,Mozambique,2025-04-26,daily_state,ndc_balance,255.96,255.11,225.14,87.96,1.4774,index,simulated,PDI Synthetic Generator — Baseline,,AUBEB mangrove baseline scenario
1276,10,Verified restoration — sustained blue economy asset_Entity,Madagascar,2025-04-26,daily_state,ndc_balance,284.7,246.08,238.98,83.94,1.5419,index,simulated,PDI Synthetic Generator — Baseline,,AUBEB mangrove baseline scenario
1277,0,Pre-commercial: degraded ecosystem_Entity,Nigeria,2025-04-27,daily_state,ndc_balance,192.27,193.07,147.53,76.41,1.2328,index,simulated,PDI Synthetic Generator — Baseline,,AUBEB mangrove baseline scenario
1278,1,Custodial formalisation_Entity,Cameroon,2025-04-27,daily_state,ndc_balance,193.68,228.95,205.8,89.89,1.8911,index,simulated,PDI Synthetic Generator — Baseline,,AUBEB mangrove baseline scenario
1279,2,Data extraction — baseline remote sensing_Entity,Mozambique,2025-04-27,daily_state,ndc_balance,248.02,273.86,255.6,93.33,1.3627,index,simulated,PDI Synthetic Generator — Baseline,,AUBEB mangrove baseline scenario
1280,3,Specification — carbon quantification_Entity,Madagascar,2025-04-27,daily_state,ndc_balance,245.17,248.17,263.45,106.16,2.4991,index,simulated,PDI Synthetic Generator — Baseline,,AUBEB mangrove baseline scenario
1281,4,Certification — verification & registration_Entity,Guinea,2025-04-27,daily_state,ndc_balance,248.94,274.56,242.65,88.38,1.5354,index,simulated,PDI Synthetic Generator — Baseline,,AUBEB mangrove baseline scenario
1282,5,Commercialisation outward_Entity,Tanzania,2025-04-27,daily_state,ndc_balance,290.58,285.9,225.74,77.69,1.3211,index,simulated,PDI Synthetic Generator — Baseline,,AUBEB mangrove baseline scenario
1283,6,Capital return — Conservation Fund deployment_Entity,Benin,2025-04-27,daily_state,ndc_balance,246.02,247.21,240.16,97.15,0.3603,index,simulated,PDI Synthetic Generator — Baseline,,AUBEB mangrove baseline scenario
1284,7,Restoration specification — CBEMR design_Entity,Nigeria,2025-04-27,daily_state,ndc_balance,267.57,256.99,254.17,94.99,1.3944,index,simulated,PDI Synthetic Generator — Baseline,,AUBEB mangrove baseline scenario
1285,8,Community custodial co-management_Entity,Cameroon,2025-04-27,daily_state,ndc_balance,247.55,279.07,191.14,68.49,0.2711,index,simulated,PDI Synthetic Generator — Baseline,,AUBEB mangrove baseline scenario
1286,9,Physical recovery — active regeneration_Entity,Mozambique,2025-04-27,daily_state,ndc_balance,247.18,263.12,210.26,79.91,0.7534,index,simulated,PDI Synthetic Generator — Baseline,,AUBEB mangrove baseline scenario
1287,10,Verified restoration — sustained blue economy asset_Entity,Madagascar,2025-04-27,daily_state,ndc_balance,262.41,248.65,239.84,91.4,1.1831,index,simulated,PDI Synthetic Generator — Baseline,,AUBEB mangrove baseline scenario
1288,0,Pre-commercial: degraded ecosystem_Entity,Nigeria,2025-04-28,daily_state,ndc_balance,197.52,189.03,134.61,68.15,1.3606,index,simulated,PDI Synthetic Generator — Baseline,,AUBEB mangrove baseline scenario
1289,1,Custodial formalisation_Entity,Cameroon,2025-04-28,daily_state,ndc_balance,203.35,281.93,219.68,77.92,1.4679,index,simulated,PDI Synthetic Generator — Baseline,,AUBEB mangrove baseline scenario
1290,2,Data extraction — baseline remote sensing_Entity,Mozambique,2025-04-28,daily_state,ndc_balance,237.1,245.62,253.14,103.06,1.8803,index,simulated,PDI Synthetic Generator — Baseline,,AUBEB mangrove baseline scenario
1291,3,Specification — carbon quantification_Entity,Madagascar,2025-04-28,daily_state,ndc_balance,282.15,295.97,288.46,97.46,1.7576,index,simulated,PDI Synthetic Generator — Baseline,,AUBEB mangrove baseline scenario
1292,4,Certification — verification & registration_Entity,Guinea,2025-04-28,daily_state,ndc_balance,276.95,250.22,239.6,86.51,1.16,index,simulated,PDI Synthetic Generator — Baseline,,AUBEB mangrove baseline scenario
1293,5,Commercialisation outward_Entity,Tanzania,2025-04-28,daily_state,ndc_balance,232.73,261.71,248.63,95.0,0.4404,index,simulated,PDI Synthetic Generator — Baseline,,AUBEB mangrove baseline scenario
1294,6,Capital return — Conservation Fund deployment_Entity,Benin,2025-04-28,daily_state,ndc_balance,294.86,295.22,244.91,82.96,1.6397,index,simulated,PDI Synthetic Generator — Baseline,,AUBEB mangrove baseline scenario
1295,7,Restoration specification — CBEMR design_Entity,Nigeria,2025-04-28,daily_state,ndc_balance,265.79,285.14,248.48,87.14,1.903,index,simulated,PDI Synthetic Generator — Baseline,,AUBEB mangrove baseline scenario
1296,8,Community custodial co-management_Entity,Cameroon,2025-04-28,daily_state,ndc_balance,230.79,281.21,179.46,63.82,0.8217,index,simulated,PDI Synthetic Generator — Baseline,,AUBEB mangrove baseline scenario
1297,9,Physical recovery — active regeneration_Entity,Mozambique,2025-04-28,daily_state,ndc_balance,260.52,252.01,243.18,93.34,1.1788,index,simulated,PDI Synthetic Generator — Baseline,,AUBEB mangrove baseline scenario
1298,10,Verified restoration — sustained blue economy asset_Entity,Madagascar,2025-04-28,daily_state,ndc_balance,296.67,262.5,250.25,84.35,1.5228,index,simulated,PDI Synthetic Generator — Baseline,,AUBEB mangrove baseline scenario
1299,0,Pre-commercial: degraded ecosystem_Entity,Nigeria,2025-04-29,daily_state,ndc_balance,193.66,214.25,148.21,69.18,1.3624,index,simulated,PDI Synthetic Generator — Baseline,,AUBEB mangrove baseline scenario
1300,1,Custodial formalisation_Entity,Cameroon,2025-04-29,daily_state,ndc_balance,206.38,229.4,227.5,99.17,1.2092,index,simulated,PDI Synthetic Generator — Baseline,,AUBEB mangrove baseline scenario
1301,2,Data extraction — baseline remote sensing_Entity,Mozambique,2025-04-29,daily_state,ndc_balance,257.66,273.11,257.78,94.39,0.5741,index,simulated,PDI Synthetic Generator — Baseline,,AUBEB mangrove baseline scenario
1302,3,Specification — carbon quantification_Entity,Madagascar,2025-04-29,daily_state,ndc_balance,278.54,267.71,271.24,97.38,1.6898,index,simulated,PDI Synthetic Generator — Baseline,,AUBEB mangrove baseline scenario
1303,4,Certification — verification & registration_Entity,Guinea,2025-04-29,daily_state,ndc_balance,282.98,280.34,243.79,86.15,1.9485,index,simulated,PDI Synthetic Generator — Baseline,,AUBEB mangrove baseline scenario
1304,5,Commercialisation outward_Entity,Tanzania,2025-04-29,daily_state,ndc_balance,246.71,279.94,225.35,80.5,1.423,index,simulated,PDI Synthetic Generator — Baseline,,AUBEB mangrove baseline scenario
1305,6,Capital return — Conservation Fund deployment_Entity,Benin,2025-04-29,daily_state,ndc_balance,249.25,280.81,219.02,78.0,1.0779,index,simulated,PDI Synthetic Generator — Baseline,,AUBEB mangrove baseline scenario
1306,7,Restoration specification — CBEMR design_Entity,Nigeria,2025-04-29,daily_state,ndc_balance,291.06,262.32,237.37,81.55,0.5375,index,simulated,PDI Synthetic Generator — Baseline,,AUBEB mangrove baseline scenario
1307,8,Community custodial co-management_Entity,Cameroon,2025-04-29,daily_state,ndc_balance,211.91,279.16,199.65,71.52,1.5309,index,simulated,PDI Synthetic Generator — Baseline,,AUBEB mangrove baseline scenario
1308,9,Physical recovery — active regeneration_Entity,Mozambique,2025-04-29,daily_state,ndc_balance,244.61,248.09,226.42,91.27,0.4112,index,simulated,PDI Synthetic Generator — Baseline,,AUBEB mangrove baseline scenario
1309,10,Verified restoration — sustained blue economy asset_Entity,Madagascar,2025-04-29,daily_state,ndc_balance,306.73,274.57,238.66,77.81,1.8002,index,simulated,PDI Synthetic Generator — Baseline,,AUBEB mangrove baseline scenario
1310,0,Pre-commercial: degraded ecosystem_Entity,Nigeria,2025-04-30,daily_state,ndc_balance,201.07,214.83,148.2,68.98,0.6771,index,simulated,PDI Synthetic Generator — Baseline,,AUBEB mangrove baseline scenario
1311,1,Custodial formalisation_Entity,Cameroon,2025-04-30,daily_state,ndc_balance,190.41,279.85,202.34,72.3,0.4106,index,simulated,PDI Synthetic Generator — Baseline,,AUBEB mangrove baseline scenario
1312,2,Data extraction — baseline remote sensing_Entity,Mozambique,2025-04-30,daily_state,ndc_balance,246.13,251.35,241.91,96.24,1.4035,index,simulated,PDI Synthetic Generator — Baseline,,AUBEB mangrove baseline scenario
1313,3,Specification — carbon quantification_Entity,Madagascar,2025-04-30,daily_state,ndc_balance,273.38,280.26,240.96,85.98,1.9119,index,simulated,PDI Synthetic Generator — Baseline,,AUBEB mangrove baseline scenario
1314,4,Certification — verification & registration_Entity,Guinea,2025-04-30,daily_state,ndc_balance,247.48,273.6,254.8,93.13,1.2222,index,simulated,PDI Synthetic Generator — Baseline,,AUBEB mangrove baseline scenario
1315,5,Commercialisation outward_Entity,Tanzania,2025-04-30,daily_state,ndc_balance,245.71,267.54,250.95,93.8,1.9384,index,simulated,PDI Synthetic Generator — Baseline,,AUBEB mangrove baseline scenario
1316,6,Capital return — Conservation Fund deployment_Entity,Benin,2025-04-30,daily_state,ndc_balance,257.24,286.17,239.28,83.61,1.5132,index,simulated,PDI Synthetic Generator — Baseline,,AUBEB mangrove baseline scenario
1317,7,Restoration specification — CBEMR design_Entity,Nigeria,2025-04-30,daily_state,ndc_balance,297.08,292.61,295.14,99.35,2.3717,index,simulated,PDI Synthetic Generator — Baseline,,AUBEB mangrove baseline scenario
1318,8,Community custodial co-management_Entity,Cameroon,2025-04-30,daily_state,ndc_balance,231.82,249.95,197.04,78.83,1.6796,index,simulated,PDI Synthetic Generator — Baseline,,AUBEB mangrove baseline scenario
1319,9,Physical recovery — active regeneration_Entity,Mozambique,2025-04-30,daily_state,ndc_balance,266.53,261.02,231.14,86.72,0.3842,index,simulated,PDI Synthetic Generator — Baseline,,AUBEB mangrove baseline scenario
1320,10,Verified restoration — sustained blue economy asset_Entity,Madagascar,2025-04-30,daily_state,ndc_balance,237.36,252.51,234.62,92.92,0.9874,index,simulated,PDI Synthetic Generator — Baseline,,AUBEB mangrove baseline scenario
1321,0,Pre-commercial: degraded ecosystem_Entity,Nigeria,2025-05-01,daily_state,ndc_balance,210.41,203.58,143.71,68.3,0.7857,index,simulated,PDI Synthetic Generator — Baseline,,AUBEB mangrove baseline scenario
1322,1,Custodial formalisation_Entity,Cameroon,2025-05-01,daily_state,ndc_balance,197.92,245.94,216.99,88.23,1.1184,index,simulated,PDI Synthetic Generator — Baseline,,AUBEB mangrove baseline scenario
1323,2,Data extraction — baseline remote sensing_Entity,Mozambique,2025-05-01,daily_state,ndc_balance,282.64,264.84,242.05,85.64,2.0475,index,simulated,PDI Synthetic Generator — Baseline,,AUBEB mangrove baseline scenario
1324,3,Specification — carbon quantification_Entity,Madagascar,2025-05-01,daily_state,ndc_balance,284.37,271.91,232.15,81.64,1.2143,index,simulated,PDI Synthetic Generator — Baseline,,AUBEB mangrove baseline scenario
1325,4,Certification — verification & registration_Entity,Guinea,2025-05-01,daily_state,ndc_balance,276.36,278.95,240.26,86.13,2.2062,index,simulated,PDI Synthetic Generator — Baseline,,AUBEB mangrove baseline scenario
1326,5,Commercialisation outward_Entity,Tanzania,2025-05-01,daily_state,ndc_balance,264.44,280.26,214.76,76.63,0.6309,index,simulated,PDI Synthetic Generator — Baseline,,AUBEB mangrove baseline scenario
1327,6,Capital return — Conservation Fund deployment_Entity,Benin,2025-05-01,daily_state,ndc_balance,276.08,281.6,235.6,83.66,0.4605,index,simulated,PDI Synthetic Generator — Baseline,,AUBEB mangrove baseline scenario
1328,7,Restoration specification — CBEMR design_Entity,Nigeria,2025-05-01,daily_state,ndc_balance,269.11,265.77,281.3,104.53,0.3697,index,simulated,PDI Synthetic Generator — Baseline,,AUBEB mangrove baseline scenario
1329,8,Community custodial co-management_Entity,Cameroon,2025-05-01,daily_state,ndc_balance,242.7,262.14,190.36,72.62,0.7941,index,simulated,PDI Synthetic Generator — Baseline,,AUBEB mangrove baseline scenario
1330,9,Physical recovery — active regeneration_Entity,Mozambique,2025-05-01,daily_state,ndc_balance,247.28,256.18,222.83,86.98,1.6585,index,simulated,PDI Synthetic Generator — Baseline,,AUBEB mangrove baseline scenario
1331,10,Verified restoration — sustained blue economy asset_Entity,Madagascar,2025-05-01,daily_state,ndc_balance,250.02,274.77,264.07,96.11,0.4876,index,simulated,PDI Synthetic Generator — Baseline,,AUBEB mangrove baseline scenario
1332,0,Pre-commercial: degraded ecosystem_Entity,Nigeria,2025-05-02,daily_state,ndc_balance,191.62,217.14,157.7,72.63,0.3778,index,simulated,PDI Synthetic Generator — Baseline,,AUBEB mangrove baseline scenario
1333,1,Custodial formalisation_Entity,Cameroon,2025-05-02,daily_state,ndc_balance,171.59,273.32,214.2,78.37,0.9142,index,simulated,PDI Synthetic Generator — Baseline,,AUBEB mangrove baseline scenario
1334,2,Data extraction — baseline remote sensing_Entity,Mozambique,2025-05-02,daily_state,ndc_balance,244.77,264.71,235.37,88.92,1.8048,index,simulated,PDI Synthetic Generator — Baseline,,AUBEB mangrove baseline scenario
1335,3,Specification — carbon quantification_Entity,Madagascar,2025-05-02,daily_state,ndc_balance,266.45,291.35,257.26,88.3,0.5867,index,simulated,PDI Synthetic Generator — Baseline,,AUBEB mangrove baseline scenario
1336,4,Certification — verification & registration_Entity,Guinea,2025-05-02,daily_state,ndc_balance,252.26,260.88,245.19,93.99,2.0446,index,simulated,PDI Synthetic Generator — Baseline,,AUBEB mangrove baseline scenario
1337,5,Commercialisation outward_Entity,Tanzania,2025-05-02,daily_state,ndc_balance,260.29,251.88,217.08,83.4,1.0999,index,simulated,PDI Synthetic Generator — Baseline,,AUBEB mangrove baseline scenario
1338,6,Capital return — Conservation Fund deployment_Entity,Benin,2025-05-02,daily_state,ndc_balance,276.72,292.19,250.96,85.89,0.2449,index,simulated,PDI Synthetic Generator — Baseline,,AUBEB mangrove baseline scenario
1339,7,Restoration specification — CBEMR design_Entity,Nigeria,2025-05-02,daily_state,ndc_balance,296.45,264.14,235.22,79.35,1.3497,index,simulated,PDI Synthetic Generator — Baseline,,AUBEB mangrove baseline scenario
1340,8,Community custodial co-management_Entity,Cameroon,2025-05-02,daily_state,ndc_balance,203.41,289.2,202.7,70.09,0.9929,index,simulated,PDI Synthetic Generator — Baseline,,AUBEB mangrove baseline scenario
1341,9,Physical recovery — active regeneration_Entity,Mozambique,2025-05-02,daily_state,ndc_balance,267.47,247.63,257.06,96.11,1.1125,index,simulated,PDI Synthetic Generator — Baseline,,AUBEB mangrove baseline scenario
1342,10,Verified restoration — sustained blue economy asset_Entity,Madagascar,2025-05-02,daily_state,ndc_balance,263.64,271.2,261.92,96.58,1.9277,index,simulated,PDI Synthetic Generator — Baseline,,AUBEB mangrove baseline scenario
1343,0,Pre-commercial: degraded ecosystem_Entity,Nigeria,2025-05-03,daily_state,ndc_balance,183.98,213.06,141.92,66.61,0.8384,index,simulated,PDI Synthetic Generator — Baseline,,AUBEB mangrove baseline scenario
1344,1,Custodial formalisation_Entity,Cameroon,2025-05-03,daily_state,ndc_balance,191.29,277.02,223.91,80.83,1.4136,index,simulated,PDI Synthetic Generator — Baseline,,AUBEB mangrove baseline scenario
1345,2,Data extraction — baseline remote sensing_Entity,Mozambique,2025-05-03,daily_state,ndc_balance,264.25,290.59,230.17,79.21,0.2085,index,simulated,PDI Synthetic Generator — Baseline,,AUBEB mangrove baseline scenario
1346,3,Specification — carbon quantification_Entity,Madagascar,2025-05-03,daily_state,ndc_balance,251.94,278.25,261.16,93.86,1.325,index,simulated,PDI Synthetic Generator — Baseline,,AUBEB mangrove baseline scenario
1347,4,Certification — verification & registration_Entity,Guinea,2025-05-03,daily_state,ndc_balance,262.43,285.08,239.09,83.87,0.3856,index,simulated,PDI Synthetic Generator — Baseline,,AUBEB mangrove baseline scenario
1348,5,Commercialisation outward_Entity,Tanzania,2025-05-03,daily_state,ndc_balance,263.2,294.1,225.3,76.61,1.4999,index,simulated,PDI Synthetic Generator — Baseline,,AUBEB mangrove baseline scenario
1349,6,Capital return — Conservation Fund deployment_Entity,Benin,2025-05-03,daily_state,ndc_balance,281.17,264.88,227.19,80.8,1.7056,index,simulated,PDI Synthetic Generator — Baseline,,AUBEB mangrove baseline scenario
1350,7,Restoration specification — CBEMR design_Entity,Nigeria,2025-05-03,daily_state,ndc_balance,271.8,288.34,268.1,92.98,2.3599,index,simulated,PDI Synthetic Generator — Baseline,,AUBEB mangrove baseline scenario
1351,8,Community custodial co-management_Entity,Cameroon,2025-05-03,daily_state,ndc_balance,202.13,239.81,210.4,87.74,0.7575,index,simulated,PDI Synthetic Generator — Baseline,,AUBEB mangrove baseline scenario
1352,9,Physical recovery — active regeneration_Entity,Mozambique,2025-05-03,daily_state,ndc_balance,237.82,217.29,239.76,100.82,2.0579,index,simulated,PDI Synthetic Generator — Baseline,,AUBEB mangrove baseline scenario
1353,10,Verified restoration — sustained blue economy asset_Entity,Madagascar,2025-05-03,daily_state,ndc_balance,291.95,265.87,225.34,77.18,1.4171,index,simulated,PDI Synthetic Generator — Baseline,,AUBEB mangrove baseline scenario
1354,0,Pre-commercial: degraded ecosystem_Entity,Nigeria,2025-05-04,daily_state,ndc_balance,211.49,196.83,146.54,69.29,0.24,index,simulated,PDI Synthetic Generator — Baseline,,AUBEB mangrove baseline scenario
1355,1,Custodial formalisation_Entity,Cameroon,2025-05-04,daily_state,ndc_balance,214.12,256.2,210.77,82.27,1.9493,index,simulated,PDI Synthetic Generator — Baseline,,AUBEB mangrove baseline scenario
1356,2,Data extraction — baseline remote sensing_Entity,Mozambique,2025-05-04,daily_state,ndc_balance,260.69,270.38,258.65,95.66,1.4895,index,simulated,PDI Synthetic Generator — Baseline,,AUBEB mangrove baseline scenario
1357,3,Specification — carbon quantification_Entity,Madagascar,2025-05-04,daily_state,ndc_balance,300.78,262.28,264.8,88.04,0.5336,index,simulated,PDI Synthetic Generator — Baseline,,AUBEB mangrove baseline scenario
1358,4,Certification — verification & registration_Entity,Guinea,2025-05-04,daily_state,ndc_balance,276.35,273.34,228.04,82.52,1.3871,index,simulated,PDI Synthetic Generator — Baseline,,AUBEB mangrove baseline scenario
1359,5,Commercialisation outward_Entity,Tanzania,2025-05-04,daily_state,ndc_balance,281.1,258.5,237.33,84.43,1.3135,index,simulated,PDI Synthetic Generator — Baseline,,AUBEB mangrove baseline scenario
1360,6,Capital return — Conservation Fund deployment_Entity,Benin,2025-05-04,daily_state,ndc_balance,263.67,271.93,243.93,89.7,2.1892,index,simulated,PDI Synthetic Generator — Baseline,,AUBEB mangrove baseline scenario
1361,7,Restoration specification — CBEMR design_Entity,Nigeria,2025-05-04,daily_state,ndc_balance,294.26,290.78,272.39,92.57,0.8735,index,simulated,PDI Synthetic Generator — Baseline,,AUBEB mangrove baseline scenario
1362,8,Community custodial co-management_Entity,Cameroon,2025-05-04,daily_state,ndc_balance,227.43,245.72,171.75,69.9,0.9046,index,simulated,PDI Synthetic Generator — Baseline,,AUBEB mangrove baseline scenario
1363,9,Physical recovery — active regeneration_Entity,Mozambique,2025-05-04,daily_state,ndc_balance,216.31,248.54,218.06,87.74,1.9852,index,simulated,PDI Synthetic Generator — Baseline,,AUBEB mangrove baseline scenario
1364,10,Verified restoration — sustained blue economy asset_Entity,Madagascar,2025-05-04,daily_state,ndc_balance,281.05,277.53,228.66,81.36,1.1639,index,simulated,PDI Synthetic Generator — Baseline,,AUBEB mangrove baseline scenario
1365,0,Pre-commercial: degraded ecosystem_Entity,Nigeria,2025-05-05,daily_state,ndc_balance,229.79,200.62,146.05,63.56,0.7399,index,simulated,PDI Synthetic Generator — Baseline,,AUBEB mangrove baseline scenario
1366,1,Custodial formalisation_Entity,Cameroon,2025-05-05,daily_state,ndc_balance,198.72,286.13,208.22,72.77,1.1338,index,simulated,PDI Synthetic Generator — Baseline,,AUBEB mangrove baseline scenario
1367,2,Data extraction — baseline remote sensing_Entity,Mozambique,2025-05-05,daily_state,ndc_balance,238.37,285.5,249.15,87.27,1.3278,index,simulated,PDI Synthetic Generator — Baseline,,AUBEB mangrove baseline scenario
1368,3,Specification — carbon quantification_Entity,Madagascar,2025-05-05,daily_state,ndc_balance,278.13,278.48,255.46,91.73,1.2968,index,simulated,PDI Synthetic Generator — Baseline,,AUBEB mangrove baseline scenario
1369,4,Certification — verification & registration_Entity,Guinea,2025-05-05,daily_state,ndc_balance,262.33,248.55,239.8,91.41,1.1174,index,simulated,PDI Synthetic Generator — Baseline,,AUBEB mangrove baseline scenario
1370,5,Commercialisation outward_Entity,Tanzania,2025-05-05,daily_state,ndc_balance,263.96,281.12,253.11,90.04,2.2053,index,simulated,PDI Synthetic Generator — Baseline,,AUBEB mangrove baseline scenario
1371,6,Capital return — Conservation Fund deployment_Entity,Benin,2025-05-05,daily_state,ndc_balance,249.97,260.73,245.75,94.25,2.0303,index,simulated,PDI Synthetic Generator — Baseline,,AUBEB mangrove baseline scenario
1372,7,Restoration specification — CBEMR design_Entity,Nigeria,2025-05-05,daily_state,ndc_balance,292.09,278.82,259.63,88.89,1.7724,index,simulated,PDI Synthetic Generator — Baseline,,AUBEB mangrove baseline scenario
1373,8,Community custodial co-management_Entity,Cameroon,2025-05-05,daily_state,ndc_balance,222.31,246.18,209.53,85.11,0.8192,index,simulated,PDI Synthetic Generator — Baseline,,AUBEB mangrove baseline scenario
1374,9,Physical recovery — active regeneration_Entity,Mozambique,2025-05-05,daily_state,ndc_balance,259.27,223.98,227.39,87.7,1.1639,index,simulated,PDI Synthetic Generator — Baseline,,AUBEB mangrove baseline scenario
1375,10,Verified restoration — sustained blue economy asset_Entity,Madagascar,2025-05-05,daily_state,ndc_balance,284.61,271.88,280.29,98.48,0.4031,index,simulated,PDI Synthetic Generator — Baseline,,AUBEB mangrove baseline scenario
1376,0,Pre-commercial: degraded ecosystem_Entity,Nigeria,2025-05-06,daily_state,ndc_balance,207.29,216.04,152.45,70.57,1.0466,index,simulated,PDI Synthetic Generator — Baseline,,AUBEB mangrove baseline scenario
1377,1,Custodial formalisation_Entity,Cameroon,2025-05-06,daily_state,ndc_balance,193.5,278.35,218.11,78.36,1.1446,index,simulated,PDI Synthetic Generator — Baseline,,AUBEB mangrove baseline scenario
1378,2,Data extraction — baseline remote sensing_Entity,Mozambique,2025-05-06,daily_state,ndc_balance,249.8,275.98,241.18,87.39,0.5211,index,simulated,PDI Synthetic Generator — Baseline,,AUBEB mangrove baseline scenario
1379,3,Specification — carbon quantification_Entity,Madagascar,2025-05-06,daily_state,ndc_balance,269.23,256.84,261.11,96.98,2.0632,index,simulated,PDI Synthetic Generator — Baseline,,AUBEB mangrove baseline scenario
1380,4,Certification — verification & registration_Entity,Guinea,2025-05-06,daily_state,ndc_balance,257.65,278.84,244.42,87.66,0.3341,index,simulated,PDI Synthetic Generator — Baseline,,AUBEB mangrove baseline scenario
1381,5,Commercialisation outward_Entity,Tanzania,2025-05-06,daily_state,ndc_balance,250.23,299.14,224.77,75.14,1.0703,index,simulated,PDI Synthetic Generator — Baseline,,AUBEB mangrove baseline scenario
1382,6,Capital return — Conservation Fund deployment_Entity,Benin,2025-05-06,daily_state,ndc_balance,262.59,275.2,223.07,81.06,1.079,index,simulated,PDI Synthetic Generator — Baseline,,AUBEB mangrove baseline scenario
1383,7,Restoration specification — CBEMR design_Entity,Nigeria,2025-05-06,daily_state,ndc_balance,283.61,261.02,257.35,90.74,2.0512,index,simulated,PDI Synthetic Generator — Baseline,,AUBEB mangrove baseline scenario
1384,8,Community custodial co-management_Entity,Cameroon,2025-05-06,daily_state,ndc_balance,221.94,278.99,194.02,69.54,0.5685,index,simulated,PDI Synthetic Generator — Baseline,,AUBEB mangrove baseline scenario
1385,9,Physical recovery — active regeneration_Entity,Mozambique,2025-05-06,daily_state,ndc_balance,271.58,249.01,250.3,92.16,2.0738,index,simulated,PDI Synthetic Generator — Baseline,,AUBEB mangrove baseline scenario
1386,10,Verified restoration — sustained blue economy asset_Entity,Madagascar,2025-05-06,daily_state,ndc_balance,304.29,273.95,234.56,77.08,0.7165,index,simulated,PDI Synthetic Generator — Baseline,,AUBEB mangrove baseline scenario
1387,0,Pre-commercial: degraded ecosystem_Entity,Nigeria,2025-05-07,daily_state,ndc_balance,204.81,204.56,130.67,63.8,0.7303,index,simulated,PDI Synthetic Generator — Baseline,,AUBEB mangrove baseline scenario
1388,1,Custodial formalisation_Entity,Cameroon,2025-05-07,daily_state,ndc_balance,221.98,237.52,223.95,94.29,0.3644,index,simulated,PDI Synthetic Generator — Baseline,,AUBEB mangrove baseline scenario
1389,2,Data extraction — baseline remote sensing_Entity,Mozambique,2025-05-07,daily_state,ndc_balance,280.1,290.59,223.77,77.01,0.2029,index,simulated,PDI Synthetic Generator — Baseline,,AUBEB mangrove baseline scenario
1390,3,Specification — carbon quantification_Entity,Madagascar,2025-05-07,daily_state,ndc_balance,261.09,270.16,257.14,95.18,0.7106,index,simulated,PDI Synthetic Generator — Baseline,,AUBEB mangrove baseline scenario
1391,4,Certification — verification & registration_Entity,Guinea,2025-05-07,daily_state,ndc_balance,279.2,284.59,249.23,87.58,1.902,index,simulated,PDI Synthetic Generator — Baseline,,AUBEB mangrove baseline scenario
1392,5,Commercialisation outward_Entity,Tanzania,2025-05-07,daily_state,ndc_balance,249.44,275.54,211.75,76.85,0.5059,index,simulated,PDI Synthetic Generator — Baseline,,AUBEB mangrove baseline scenario
1393,6,Capital return — Conservation Fund deployment_Entity,Benin,2025-05-07,daily_state,ndc_balance,247.88,256.71,201.42,78.46,1.1995,index,simulated,PDI Synthetic Generator — Baseline,,AUBEB mangrove baseline scenario
1394,7,Restoration specification — CBEMR design_Entity,Nigeria,2025-05-07,daily_state,ndc_balance,300.81,282.0,254.23,84.52,1.1783,index,simulated,PDI Synthetic Generator — Baseline,,AUBEB mangrove baseline scenario
1395,8,Community custodial co-management_Entity,Cameroon,2025-05-07,daily_state,ndc_balance,254.93,249.37,198.21,77.75,0.1888,index,simulated,PDI Synthetic Generator — Baseline,,AUBEB mangrove baseline scenario
1396,9,Physical recovery — active regeneration_Entity,Mozambique,2025-05-07,daily_state,ndc_balance,238.31,252.68,239.96,94.97,1.5616,index,simulated,PDI Synthetic Generator — Baseline,,AUBEB mangrove baseline scenario
1397,10,Verified restoration — sustained blue economy asset_Entity,Madagascar,2025-05-07,daily_state,ndc_balance,293.13,280.75,256.33,87.45,0.6821,index,simulated,PDI Synthetic Generator — Baseline,,AUBEB mangrove baseline scenario
1398,0,Pre-commercial: degraded ecosystem_Entity,Nigeria,2025-05-08,daily_state,ndc_balance,185.09,202.24,129.6,64.08,0.4297,index,simulated,PDI Synthetic Generator — Baseline,,AUBEB mangrove baseline scenario
1399,1,Custodial formalisation_Entity,Cameroon,2025-05-08,daily_state,ndc_balance,219.86,299.32,199.7,66.72,0.7037,index,simulated,PDI Synthetic Generator — Baseline,,AUBEB mangrove baseline scenario
1400,2,Data extraction — baseline remote sensing_Entity,Mozambique,2025-05-08,daily_state,ndc_balance,218.89,282.85,262.43,92.78,0.3585,index,simulated,PDI Synthetic Generator — Baseline,,AUBEB mangrove baseline scenario
1401,3,Specification — carbon quantification_Entity,Madagascar,2025-05-08,daily_state,ndc_balance,271.56,261.44,244.24,89.94,2.0012,index,simulated,PDI Synthetic Generator — Baseline,,AUBEB mangrove baseline scenario
1402,4,Certification — verification & registration_Entity,Guinea,2025-05-08,daily_state,ndc_balance,265.62,272.26,233.76,85.86,1.6949,index,simulated,PDI Synthetic Generator — Baseline,,AUBEB mangrove baseline scenario
1403,5,Commercialisation outward_Entity,Tanzania,2025-05-08,daily_state,ndc_balance,268.64,267.38,236.56,88.06,0.4756,index,simulated,PDI Synthetic Generator — Baseline,,AUBEB mangrove baseline scenario
1404,6,Capital return — Conservation Fund deployment_Entity,Benin,2025-05-08,daily_state,ndc_balance,242.47,292.62,215.55,73.66,1.0311,index,simulated,PDI Synthetic Generator — Baseline,,AUBEB mangrove baseline scenario
1405,7,Restoration specification — CBEMR design_Entity,Nigeria,2025-05-08,daily_state,ndc_balance,274.86,281.65,246.05,87.36,1.8341,index,simulated,PDI Synthetic Generator — Baseline,,AUBEB mangrove baseline scenario
1406,8,Community custodial co-management_Entity,Cameroon,2025-05-08,daily_state,ndc_balance,224.73,252.79,200.74,79.41,1.4453,index,simulated,PDI Synthetic Generator — Baseline,,AUBEB mangrove baseline scenario
1407,9,Physical recovery — active regeneration_Entity,Mozambique,2025-05-08,daily_state,ndc_balance,262.04,241.3,235.89,90.02,1.303,index,simulated,PDI Synthetic Generator — Baseline,,AUBEB mangrove baseline scenario
1408,10,Verified restoration — sustained blue economy asset_Entity,Madagascar,2025-05-08,daily_state,ndc_balance,298.64,279.05,249.56,83.57,1.959,index,simulated,PDI Synthetic Generator — Baseline,,AUBEB mangrove baseline scenario
1409,0,Pre-commercial: degraded ecosystem_Entity,Nigeria,2025-05-09,daily_state,ndc_balance,188.59,203.31,150.9,74.22,1.1053,index,simulated,PDI Synthetic Generator — Baseline,,AUBEB mangrove baseline scenario
1410,1,Custodial formalisation_Entity,Cameroon,2025-05-09,daily_state,ndc_balance,227.34,282.84,211.69,74.84,0.3605,index,simulated,PDI Synthetic Generator — Baseline,,AUBEB mangrove baseline scenario
1411,2,Data extraction — baseline remote sensing_Entity,Mozambique,2025-05-09,daily_state,ndc_balance,254.09,266.65,261.63,98.12,1.4808,index,simulated,PDI Synthetic Generator — Baseline,,AUBEB mangrove baseline scenario
1412,3,Specification — carbon quantification_Entity,Madagascar,2025-05-09,daily_state,ndc_balance,304.82,279.11,269.45,88.4,2.1045,index,simulated,PDI Synthetic Generator — Baseline,,AUBEB mangrove baseline scenario
1413,4,Certification — verification & registration_Entity,Guinea,2025-05-09,daily_state,ndc_balance,238.09,254.54,225.29,88.51,0.5944,index,simulated,PDI Synthetic Generator — Baseline,,AUBEB mangrove baseline scenario
1414,5,Commercialisation outward_Entity,Tanzania,2025-05-09,daily_state,ndc_balance,243.64,303.51,227.87,75.08,0.3007,index,simulated,PDI Synthetic Generator — Baseline,,AUBEB mangrove baseline scenario
1415,6,Capital return — Conservation Fund deployment_Entity,Benin,2025-05-09,daily_state,ndc_balance,271.26,257.2,247.38,91.2,2.129,index,simulated,PDI Synthetic Generator — Baseline,,AUBEB mangrove baseline scenario
1416,7,Restoration specification — CBEMR design_Entity,Nigeria,2025-05-09,daily_state,ndc_balance,279.39,267.19,276.06,98.81,2.2335,index,simulated,PDI Synthetic Generator — Baseline,,AUBEB mangrove baseline scenario
1417,8,Community custodial co-management_Entity,Cameroon,2025-05-09,daily_state,ndc_balance,236.27,269.67,174.23,64.61,0.7922,index,simulated,PDI Synthetic Generator — Baseline,,AUBEB mangrove baseline scenario
1418,9,Physical recovery — active regeneration_Entity,Mozambique,2025-05-09,daily_state,ndc_balance,236.73,263.71,247.7,93.93,0.2768,index,simulated,PDI Synthetic Generator — Baseline,,AUBEB mangrove baseline scenario
1419,10,Verified restoration — sustained blue economy asset_Entity,Madagascar,2025-05-09,daily_state,ndc_balance,284.77,271.42,229.27,80.51,0.2533,index,simulated,PDI Synthetic Generator — Baseline,,AUBEB mangrove baseline scenario
1420,0,Pre-commercial: degraded ecosystem_Entity,Nigeria,2025-05-10,daily_state,ndc_balance,203.76,186.55,140.11,68.76,1.1606,index,simulated,PDI Synthetic Generator — Baseline,,AUBEB mangrove baseline scenario
1421,1,Custodial formalisation_Entity,Cameroon,2025-05-10,daily_state,ndc_balance,218.05,255.86,213.97,83.63,0.2333,index,simulated,PDI Synthetic Generator — Baseline,,AUBEB mangrove baseline scenario
1422,2,Data extraction — baseline remote sensing_Entity,Mozambique,2025-05-10,daily_state,ndc_balance,275.61,267.44,207.55,75.31,0.3733,index,simulated,PDI Synthetic Generator — Baseline,,AUBEB mangrove baseline scenario
1423,3,Specification — carbon quantification_Entity,Madagascar,2025-05-10,daily_state,ndc_balance,273.11,294.6,271.84,92.27,0.9562,index,simulated,PDI Synthetic Generator — Baseline,,AUBEB mangrove baseline scenario
1424,4,Certification — verification & registration_Entity,Guinea,2025-05-10,daily_state,ndc_balance,269.63,262.68,210.99,78.25,1.4192,index,simulated,PDI Synthetic Generator — Baseline,,AUBEB mangrove baseline scenario
1425,5,Commercialisation outward_Entity,Tanzania,2025-05-10,daily_state,ndc_balance,276.98,274.75,236.89,85.53,1.02,index,simulated,PDI Synthetic Generator — Baseline,,AUBEB mangrove baseline scenario
1426,6,Capital return — Conservation Fund deployment_Entity,Benin,2025-05-10,daily_state,ndc_balance,228.53,275.89,216.19,78.36,0.954,index,simulated,PDI Synthetic Generator — Baseline,,AUBEB mangrove baseline scenario
1427,7,Restoration specification — CBEMR design_Entity,Nigeria,2025-05-10,daily_state,ndc_balance,257.7,247.92,280.89,109.0,1.4243,index,simulated,PDI Synthetic Generator — Baseline,,AUBEB mangrove baseline scenario
1428,8,Community custodial co-management_Entity,Cameroon,2025-05-10,daily_state,ndc_balance,248.88,271.84,198.53,73.03,0.5485,index,simulated,PDI Synthetic Generator — Baseline,,AUBEB mangrove baseline scenario
1429,9,Physical recovery — active regeneration_Entity,Mozambique,2025-05-10,daily_state,ndc_balance,269.83,245.72,239.79,88.87,0.4095,index,simulated,PDI Synthetic Generator — Baseline,,AUBEB mangrove baseline scenario
1430,10,Verified restoration — sustained blue economy asset_Entity,Madagascar,2025-05-10,daily_state,ndc_balance,251.57,291.51,238.01,81.65,0.2986,index,simulated,PDI Synthetic Generator — Baseline,,AUBEB mangrove baseline scenario
1431,0,Pre-commercial: degraded ecosystem_Entity,Nigeria,2025-05-11,daily_state,ndc_balance,216.93,193.94,145.15,66.91,0.5762,index,simulated,PDI Synthetic Generator — Baseline,,AUBEB mangrove baseline scenario
1432,1,Custodial formalisation_Entity,Cameroon,2025-05-11,daily_state,ndc_balance,208.01,260.59,204.7,78.55,0.4771,index,simulated,PDI Synthetic Generator — Baseline,,AUBEB mangrove baseline scenario
1433,2,Data extraction — baseline remote sensing_Entity,Mozambique,2025-05-11,daily_state,ndc_balance,250.67,269.81,240.51,89.14,2.3436,index,simulated,PDI Synthetic Generator — Baseline,,AUBEB mangrove baseline scenario
1434,3,Specification — carbon quantification_Entity,Madagascar,2025-05-11,daily_state,ndc_balance,269.0,272.57,264.55,97.06,1.4996,index,simulated,PDI Synthetic Generator — Baseline,,AUBEB mangrove baseline scenario
1435,4,Certification — verification & registration_Entity,Guinea,2025-05-11,daily_state,ndc_balance,279.07,263.98,247.48,88.68,1.8178,index,simulated,PDI Synthetic Generator — Baseline,,AUBEB mangrove baseline scenario
1436,5,Commercialisation outward_Entity,Tanzania,2025-05-11,daily_state,ndc_balance,257.28,274.34,245.88,89.63,0.8208,index,simulated,PDI Synthetic Generator — Baseline,,AUBEB mangrove baseline scenario
1437,6,Capital return — Conservation Fund deployment_Entity,Benin,2025-05-11,daily_state,ndc_balance,254.66,260.09,240.66,92.53,1.3808,index,simulated,PDI Synthetic Generator — Baseline,,AUBEB mangrove baseline scenario
1438,7,Restoration specification — CBEMR design_Entity,Nigeria,2025-05-11,daily_state,ndc_balance,285.99,263.77,250.71,87.66,1.7034,index,simulated,PDI Synthetic Generator — Baseline,,AUBEB mangrove baseline scenario
1439,8,Community custodial co-management_Entity,Cameroon,2025-05-11,daily_state,ndc_balance,228.39,238.94,191.7,80.23,1.5833,index,simulated,PDI Synthetic Generator — Baseline,,AUBEB mangrove baseline scenario
1440,9,Physical recovery — active regeneration_Entity,Mozambique,2025-05-11,daily_state,ndc_balance,272.32,277.9,224.44,80.76,1.8527,index,simulated,PDI Synthetic Generator — Baseline,,AUBEB mangrove baseline scenario
1441,10,Verified restoration — sustained blue economy asset_Entity,Madagascar,2025-05-11,daily_state,ndc_balance,312.47,285.8,248.96,79.67,1.7295,index,simulated,PDI Synthetic Generator — Baseline,,AUBEB mangrove baseline scenario
1442,0,Pre-commercial: degraded ecosystem_Entity,Nigeria,2025-05-12,daily_state,ndc_balance,201.28,192.82,162.73,80.85,0.3891,index,simulated,PDI Synthetic Generator — Baseline,,AUBEB mangrove baseline scenario
1443,1,Custodial formalisation_Entity,Cameroon,2025-05-12,daily_state,ndc_balance,208.81,296.89,186.94,62.97,0.6763,index,simulated,PDI Synthetic Generator — Baseline,,AUBEB mangrove baseline scenario
1444,2,Data extraction — baseline remote sensing_Entity,Mozambique,2025-05-12,daily_state,ndc_balance,256.72,262.53,234.29,89.24,2.3239,index,simulated,PDI Synthetic Generator — Baseline,,AUBEB mangrove baseline scenario
1445,3,Specification — carbon quantification_Entity,Madagascar,2025-05-12,daily_state,ndc_balance,271.36,269.76,247.46,91.19,1.697,index,simulated,PDI Synthetic Generator — Baseline,,AUBEB mangrove baseline scenario
1446,4,Certification — verification & registration_Entity,Guinea,2025-05-12,daily_state,ndc_balance,273.87,270.48,242.98,88.72,2.0889,index,simulated,PDI Synthetic Generator — Baseline,,AUBEB mangrove baseline scenario
1447,5,Commercialisation outward_Entity,Tanzania,2025-05-12,daily_state,ndc_balance,264.2,311.37,224.15,71.99,0.6351,index,simulated,PDI Synthetic Generator — Baseline,,AUBEB mangrove baseline scenario
1448,6,Capital return — Conservation Fund deployment_Entity,Benin,2025-05-12,daily_state,ndc_balance,247.32,263.19,219.3,83.32,1.3206,index,simulated,PDI Synthetic Generator — Baseline,,AUBEB mangrove baseline scenario
1449,7,Restoration specification — CBEMR design_Entity,Nigeria,2025-05-12,daily_state,ndc_balance,269.43,242.38,239.88,89.03,0.5202,index,simulated,PDI Synthetic Generator — Baseline,,AUBEB mangrove baseline scenario
1450,8,Community custodial co-management_Entity,Cameroon,2025-05-12,daily_state,ndc_balance,240.07,258.31,189.0,73.17,0.5364,index,simulated,PDI Synthetic Generator — Baseline,,AUBEB mangrove baseline scenario
1451,9,Physical recovery — active regeneration_Entity,Mozambique,2025-05-12,daily_state,ndc_balance,212.02,255.97,233.54,91.24,1.0434,index,simulated,PDI Synthetic Generator — Baseline,,AUBEB mangrove baseline scenario
1452,10,Verified restoration — sustained blue economy asset_Entity,Madagascar,2025-05-12,daily_state,ndc_balance,274.81,262.53,257.52,93.71,2.4545,index,simulated,PDI Synthetic Generator — Baseline,,AUBEB mangrove baseline scenario
1453,0,Pre-commercial: degraded ecosystem_Entity,Nigeria,2025-05-13,daily_state,ndc_balance,197.66,190.45,158.06,79.97,1.3881,index,simulated,PDI Synthetic Generator — Baseline,,AUBEB mangrove baseline scenario
1454,1,Custodial formalisation_Entity,Cameroon,2025-05-13,daily_state,ndc_balance,207.92,267.27,206.62,77.31,0.5632,index,simulated,PDI Synthetic Generator — Baseline,,AUBEB mangrove baseline scenario
1455,2,Data extraction — baseline remote sensing_Entity,Mozambique,2025-05-13,daily_state,ndc_balance,268.96,275.64,250.93,91.04,0.6615,index,simulated,PDI Synthetic Generator — Baseline,,AUBEB mangrove baseline scenario
1456,3,Specification — carbon quantification_Entity,Madagascar,2025-05-13,daily_state,ndc_balance,289.31,267.99,255.43,88.29,0.9009,index,simulated,PDI Synthetic Generator — Baseline,,AUBEB mangrove baseline scenario
1457,4,Certification — verification & registration_Entity,Guinea,2025-05-13,daily_state,ndc_balance,251.62,285.1,229.76,80.59,0.7236,index,simulated,PDI Synthetic Generator — Baseline,,AUBEB mangrove baseline scenario
1458,5,Commercialisation outward_Entity,Tanzania,2025-05-13,daily_state,ndc_balance,257.7,286.58,226.18,78.92,1.0268,index,simulated,PDI Synthetic Generator — Baseline,,AUBEB mangrove baseline scenario
1459,6,Capital return — Conservation Fund deployment_Entity,Benin,2025-05-13,daily_state,ndc_balance,270.55,286.3,228.46,79.8,1.4607,index,simulated,PDI Synthetic Generator — Baseline,,AUBEB mangrove baseline scenario
1460,7,Restoration specification — CBEMR design_Entity,Nigeria,2025-05-13,daily_state,ndc_balance,281.41,286.47,249.93,87.24,1.6782,index,simulated,PDI Synthetic Generator — Baseline,,AUBEB mangrove baseline scenario
1461,8,Community custodial co-management_Entity,Cameroon,2025-05-13,daily_state,ndc_balance,224.44,258.07,227.02,87.97,1.4309,index,simulated,PDI Synthetic Generator — Baseline,,AUBEB mangrove baseline scenario
1462,9,Physical recovery — active regeneration_Entity,Mozambique,2025-05-13,daily_state,ndc_balance,237.36,263.76,247.4,93.8,2.4182,index,simulated,PDI Synthetic Generator — Baseline,,AUBEB mangrove baseline scenario
1463,10,Verified restoration — sustained blue economy asset_Entity,Madagascar,2025-05-13,daily_state,ndc_balance,256.0,280.88,251.22,89.44,0.5411,index,simulated,PDI Synthetic Generator — Baseline,,AUBEB mangrove baseline scenario
1464,0,Pre-commercial: degraded ecosystem_Entity,Nigeria,2025-05-14,daily_state,ndc_balance,174.41,190.22,139.7,73.44,0.7467,index,simulated,PDI Synthetic Generator — Baseline,,AUBEB mangrove baseline scenario
1465,1,Custodial formalisation_Entity,Cameroon,2025-05-14,daily_state,ndc_balance,219.47,257.08,216.59,84.25,1.442,index,simulated,PDI Synthetic Generator — Baseline,,AUBEB mangrove baseline scenario
1466,2,Data extraction — baseline remote sensing_Entity,Mozambique,2025-05-14,daily_state,ndc_balance,258.84,261.99,237.83,90.78,2.3291,index,simulated,PDI Synthetic Generator — Baseline,,AUBEB mangrove baseline scenario
1467,3,Specification — carbon quantification_Entity,Madagascar,2025-05-14,daily_state,ndc_balance,279.37,275.43,240.74,86.17,1.5692,index,simulated,PDI Synthetic Generator — Baseline,,AUBEB mangrove baseline scenario
1468,4,Certification — verification & registration_Entity,Guinea,2025-05-14,daily_state,ndc_balance,255.95,288.67,246.92,85.54,0.6036,index,simulated,PDI Synthetic Generator — Baseline,,AUBEB mangrove baseline scenario
1469,5,Commercialisation outward_Entity,Tanzania,2025-05-14,daily_state,ndc_balance,251.22,292.26,261.66,89.53,1.0219,index,simulated,PDI Synthetic Generator — Baseline,,AUBEB mangrove baseline scenario
1470,6,Capital return — Conservation Fund deployment_Entity,Benin,2025-05-14,daily_state,ndc_balance,248.12,291.14,250.59,86.07,0.9616,index,simulated,PDI Synthetic Generator — Baseline,,AUBEB mangrove baseline scenario
1471,7,Restoration specification — CBEMR design_Entity,Nigeria,2025-05-14,daily_state,ndc_balance,270.41,281.57,227.23,80.7,1.7328,index,simulated,PDI Synthetic Generator — Baseline,,AUBEB mangrove baseline scenario
1472,8,Community custodial co-management_Entity,Cameroon,2025-05-14,daily_state,ndc_balance,267.37,277.12,205.92,74.31,0.8279,index,simulated,PDI Synthetic Generator — Baseline,,AUBEB mangrove baseline scenario
1473,9,Physical recovery — active regeneration_Entity,Mozambique,2025-05-14,daily_state,ndc_balance,279.25,250.73,226.92,81.26,1.9281,index,simulated,PDI Synthetic Generator — Baseline,,AUBEB mangrove baseline scenario
1474,10,Verified restoration — sustained blue economy asset_Entity,Madagascar,2025-05-14,daily_state,ndc_balance,309.52,241.15,270.0,87.23,0.515,index,simulated,PDI Synthetic Generator — Baseline,,AUBEB mangrove baseline scenario
1475,0,Pre-commercial: degraded ecosystem_Entity,Nigeria,2025-05-15,daily_state,ndc_balance,195.65,197.35,144.53,73.24,1.4172,index,simulated,PDI Synthetic Generator — Baseline,,AUBEB mangrove baseline scenario
1476,1,Custodial formalisation_Entity,Cameroon,2025-05-15,daily_state,ndc_balance,225.93,278.02,212.6,76.47,1.6913,index,simulated,PDI Synthetic Generator — Baseline,,AUBEB mangrove baseline scenario
1477,2,Data extraction — baseline remote sensing_Entity,Mozambique,2025-05-15,daily_state,ndc_balance,256.25,264.98,215.76,81.43,0.9409,index,simulated,PDI Synthetic Generator — Baseline,,AUBEB mangrove baseline scenario
1478,3,Specification — carbon quantification_Entity,Madagascar,2025-05-15,daily_state,ndc_balance,300.07,247.88,248.66,82.87,1.6063,index,simulated,PDI Synthetic Generator — Baseline,,AUBEB mangrove baseline scenario
1479,4,Certification — verification & registration_Entity,Guinea,2025-05-15,daily_state,ndc_balance,266.53,279.94,224.64,80.25,0.2666,index,simulated,PDI Synthetic Generator — Baseline,,AUBEB mangrove baseline scenario
1480,5,Commercialisation outward_Entity,Tanzania,2025-05-15,daily_state,ndc_balance,273.41,286.27,209.47,73.17,0.6,index,simulated,PDI Synthetic Generator — Baseline,,AUBEB mangrove baseline scenario
1481,6,Capital return — Conservation Fund deployment_Entity,Benin,2025-05-15,daily_state,ndc_balance,243.79,265.37,229.95,86.65,0.7578,index,simulated,PDI Synthetic Generator — Baseline,,AUBEB mangrove baseline scenario
1482,7,Restoration specification — CBEMR design_Entity,Nigeria,2025-05-15,daily_state,ndc_balance,280.2,301.77,244.18,80.92,1.0318,index,simulated,PDI Synthetic Generator — Baseline,,AUBEB mangrove baseline scenario
1483,8,Community custodial co-management_Entity,Cameroon,2025-05-15,daily_state,ndc_balance,219.0,229.3,184.13,80.3,1.391,index,simulated,PDI Synthetic Generator — Baseline,,AUBEB mangrove baseline scenario
1484,9,Physical recovery — active regeneration_Entity,Mozambique,2025-05-15,daily_state,ndc_balance,260.75,252.25,240.04,92.06,0.8885,index,simulated,PDI Synthetic Generator — Baseline,,AUBEB mangrove baseline scenario
1485,10,Verified restoration — sustained blue economy asset_Entity,Madagascar,2025-05-15,daily_state,ndc_balance,286.24,271.78,254.44,88.89,1.4436,index,simulated,PDI Synthetic Generator — Baseline,,AUBEB mangrove baseline scenario
1486,0,Pre-commercial: degraded ecosystem_Entity,Nigeria,2025-05-16,daily_state,ndc_balance,184.18,211.42,133.18,62.99,0.6291,index,simulated,PDI Synthetic Generator — Baseline,,AUBEB mangrove baseline scenario
1487,1,Custodial formalisation_Entity,Cameroon,2025-05-16,daily_state,ndc_balance,209.8,264.26,196.33,74.29,1.4253,index,simulated,PDI Synthetic Generator — Baseline,,AUBEB mangrove baseline scenario
1488,2,Data extraction — baseline remote sensing_Entity,Mozambique,2025-05-16,daily_state,ndc_balance,254.42,274.95,247.32,89.95,0.9411,index,simulated,PDI Synthetic Generator — Baseline,,AUBEB mangrove baseline scenario
1489,3,Specification — carbon quantification_Entity,Madagascar,2025-05-16,daily_state,ndc_balance,286.54,265.9,263.38,91.92,1.2104,index,simulated,PDI Synthetic Generator — Baseline,,AUBEB mangrove baseline scenario
1490,4,Certification — verification & registration_Entity,Guinea,2025-05-16,daily_state,ndc_balance,270.65,285.03,230.97,81.03,0.7109,index,simulated,PDI Synthetic Generator — Baseline,,AUBEB mangrove baseline scenario
1491,5,Commercialisation outward_Entity,Tanzania,2025-05-16,daily_state,ndc_balance,224.02,264.91,209.25,78.99,0.4959,index,simulated,PDI Synthetic Generator — Baseline,,AUBEB mangrove baseline scenario
1492,6,Capital return — Conservation Fund deployment_Entity,Benin,2025-05-16,daily_state,ndc_balance,257.68,294.61,241.85,82.09,1.1915,index,simulated,PDI Synthetic Generator — Baseline,,AUBEB mangrove baseline scenario
1493,7,Restoration specification — CBEMR design_Entity,Nigeria,2025-05-16,daily_state,ndc_balance,301.89,250.05,246.91,81.79,1.4387,index,simulated,PDI Synthetic Generator — Baseline,,AUBEB mangrove baseline scenario
1494,8,Community custodial co-management_Entity,Cameroon,2025-05-16,daily_state,ndc_balance,225.0,253.4,191.11,75.42,1.0614,index,simulated,PDI Synthetic Generator — Baseline,,AUBEB mangrove baseline scenario
1495,9,Physical recovery — active regeneration_Entity,Mozambique,2025-05-16,daily_state,ndc_balance,253.08,249.82,219.58,86.76,1.2114,index,simulated,PDI Synthetic Generator — Baseline,,AUBEB mangrove baseline scenario
1496,10,Verified restoration — sustained blue economy asset_Entity,Madagascar,2025-05-16,daily_state,ndc_balance,278.15,252.72,283.37,101.88,0.5984,index,simulated,PDI Synthetic Generator — Baseline,,AUBEB mangrove baseline scenario
1497,0,Pre-commercial: degraded ecosystem_Entity,Nigeria,2025-05-17,daily_state,ndc_balance,204.79,207.0,148.86,71.91,1.0117,index,simulated,PDI Synthetic Generator — Baseline,,AUBEB mangrove baseline scenario
1498,1,Custodial formalisation_Entity,Cameroon,2025-05-17,daily_state,ndc_balance,237.12,281.76,199.39,70.77,0.8697,index,simulated,PDI Synthetic Generator — Baseline,,AUBEB mangrove baseline scenario
1499,2,Data extraction — baseline remote sensing_Entity,Mozambique,2025-05-17,daily_state,ndc_balance,231.51,263.34,255.22,96.92,0.4755,index,simulated,PDI Synthetic Generator — Baseline,,AUBEB mangrove baseline scenario
1500,3,Specification — carbon quantification_Entity,Madagascar,2025-05-17,daily_state,ndc_balance,292.25,287.51,225.26,77.08,0.9474,index,simulated,PDI Synthetic Generator — Baseline,,AUBEB mangrove baseline scenario
1501,4,Certification — verification & registration_Entity,Guinea,2025-05-17,daily_state,ndc_balance,254.41,286.34,250.26,87.4,1.4618,index,simulated,PDI Synthetic Generator — Baseline,,AUBEB mangrove baseline scenario
1502,5,Commercialisation outward_Entity,Tanzania,2025-05-17,daily_state,ndc_balance,230.1,273.27,220.25,80.6,1.44,index,simulated,PDI Synthetic Generator — Baseline,,AUBEB mangrove baseline scenario
1503,6,Capital return — Conservation Fund deployment_Entity,Benin,2025-05-17,daily_state,ndc_balance,288.17,277.38,233.68,81.09,0.45,index,simulated,PDI Synthetic Generator — Baseline,,AUBEB mangrove baseline scenario
1504,7,Restoration specification — CBEMR design_Entity,Nigeria,2025-05-17,daily_state,ndc_balance,312.62,273.24,259.74,83.08,0.4498,index,simulated,PDI Synthetic Generator — Baseline,,AUBEB mangrove baseline scenario
1505,8,Community custodial co-management_Entity,Cameroon,2025-05-17,daily_state,ndc_balance,255.1,267.16,197.0,73.74,1.3004,index,simulated,PDI Synthetic Generator — Baseline,,AUBEB mangrove baseline scenario
1506,9,Physical recovery — active regeneration_Entity,Mozambique,2025-05-17,daily_state,ndc_balance,246.06,252.21,228.88,90.75,0.4868,index,simulated,PDI Synthetic Generator — Baseline,,AUBEB mangrove baseline scenario
1507,10,Verified restoration — sustained blue economy asset_Entity,Madagascar,2025-05-17,daily_state,ndc_balance,285.39,253.12,262.17,91.86,0.8297,index,simulated,PDI Synthetic Generator — Baseline,,AUBEB mangrove baseline scenario
1508,0,Pre-commercial: degraded ecosystem_Entity,Nigeria,2025-05-18,daily_state,ndc_balance,202.2,216.29,147.11,68.02,1.0812,index,simulated,PDI Synthetic Generator — Baseline,,AUBEB mangrove baseline scenario
1509,1,Custodial formalisation_Entity,Cameroon,2025-05-18,daily_state,ndc_balance,217.78,236.07,220.6,93.45,0.6976,index,simulated,PDI Synthetic Generator — Baseline,,AUBEB mangrove baseline scenario
1510,2,Data extraction — baseline remote sensing_Entity,Mozambique,2025-05-18,daily_state,ndc_balance,287.76,267.76,248.11,86.22,1.9208,index,simulated,PDI Synthetic Generator — Baseline,,AUBEB mangrove baseline scenario
1511,3,Specification — carbon quantification_Entity,Madagascar,2025-05-18,daily_state,ndc_balance,318.25,257.78,251.74,79.1,1.0335,index,simulated,PDI Synthetic Generator — Baseline,,AUBEB mangrove baseline scenario
1512,4,Certification — verification & registration_Entity,Guinea,2025-05-18,daily_state,ndc_balance,267.54,270.37,227.47,84.13,1.3022,index,simulated,PDI Synthetic Generator — Baseline,,AUBEB mangrove baseline scenario
1513,5,Commercialisation outward_Entity,Tanzania,2025-05-18,daily_state,ndc_balance,276.65,284.51,242.74,85.32,0.5948,index,simulated,PDI Synthetic Generator — Baseline,,AUBEB mangrove baseline scenario
1514,6,Capital return — Conservation Fund deployment_Entity,Benin,2025-05-18,daily_state,ndc_balance,260.96,265.01,258.0,97.35,1.6589,index,simulated,PDI Synthetic Generator — Baseline,,AUBEB mangrove baseline scenario
1515,7,Restoration specification — CBEMR design_Entity,Nigeria,2025-05-18,daily_state,ndc_balance,287.55,270.77,256.02,89.03,1.7527,index,simulated,PDI Synthetic Generator — Baseline,,AUBEB mangrove baseline scenario
1516,8,Community custodial co-management_Entity,Cameroon,2025-05-18,daily_state,ndc_balance,252.35,242.31,207.67,82.29,1.0071,index,simulated,PDI Synthetic Generator — Baseline,,AUBEB mangrove baseline scenario
1517,9,Physical recovery — active regeneration_Entity,Mozambique,2025-05-18,daily_state,ndc_balance,261.22,249.49,224.64,86.0,0.6497,index,simulated,PDI Synthetic Generator — Baseline,,AUBEB mangrove baseline scenario
1518,10,Verified restoration — sustained blue economy asset_Entity,Madagascar,2025-05-18,daily_state,ndc_balance,292.98,273.12,262.41,89.57,2.3733,index,simulated,PDI Synthetic Generator — Baseline,,AUBEB mangrove baseline scenario
1519,0,Pre-commercial: degraded ecosystem_Entity,Nigeria,2025-05-19,daily_state,ndc_balance,204.14,204.07,151.49,74.21,1.2131,index,simulated,PDI Synthetic Generator — Baseline,,AUBEB mangrove baseline scenario
1520,1,Custodial formalisation_Entity,Cameroon,2025-05-19,daily_state,ndc_balance,228.25,267.6,211.71,79.11,0.7423,index,simulated,PDI Synthetic Generator — Baseline,,AUBEB mangrove baseline scenario
1521,2,Data extraction — baseline remote sensing_Entity,Mozambique,2025-05-19,daily_state,ndc_balance,265.37,280.86,232.82,82.9,2.0173,index,simulated,PDI Synthetic Generator — Baseline,,AUBEB mangrove baseline scenario
1522,3,Specification — carbon quantification_Entity,Madagascar,2025-05-19,daily_state,ndc_balance,271.43,252.54,263.76,97.17,1.0242,index,simulated,PDI Synthetic Generator — Baseline,,AUBEB mangrove baseline scenario
1523,4,Certification — verification & registration_Entity,Guinea,2025-05-19,daily_state,ndc_balance,266.2,263.67,262.81,98.73,1.5442,index,simulated,PDI Synthetic Generator — Baseline,,AUBEB mangrove baseline scenario
1524,5,Commercialisation outward_Entity,Tanzania,2025-05-19,daily_state,ndc_balance,272.67,267.58,225.07,82.54,2.0417,index,simulated,PDI Synthetic Generator — Baseline,,AUBEB mangrove baseline scenario
1525,6,Capital return — Conservation Fund deployment_Entity,Benin,2025-05-19,daily_state,ndc_balance,252.66,272.4,210.36,77.22,0.3158,index,simulated,PDI Synthetic Generator — Baseline,,AUBEB mangrove baseline scenario
1526,7,Restoration specification — CBEMR design_Entity,Nigeria,2025-05-19,daily_state,ndc_balance,289.35,282.25,263.99,91.24,1.577,index,simulated,PDI Synthetic Generator — Baseline,,AUBEB mangrove baseline scenario
1527,8,Community custodial co-management_Entity,Cameroon,2025-05-19,daily_state,ndc_balance,261.89,276.87,200.26,72.33,1.5345,index,simulated,PDI Synthetic Generator — Baseline,,AUBEB mangrove baseline scenario
1528,9,Physical recovery — active regeneration_Entity,Mozambique,2025-05-19,daily_state,ndc_balance,251.23,241.26,248.96,99.1,2.9213,index,simulated,PDI Synthetic Generator — Baseline,,AUBEB mangrove baseline scenario
1529,10,Verified restoration — sustained blue economy asset_Entity,Madagascar,2025-05-19,daily_state,ndc_balance,302.99,293.71,253.08,83.53,1.5533,index,simulated,PDI Synthetic Generator — Baseline,,AUBEB mangrove baseline scenario
1530,0,Pre-commercial: degraded ecosystem_Entity,Nigeria,2025-05-20,daily_state,ndc_balance,190.42,191.66,138.65,72.34,1.2725,index,simulated,PDI Synthetic Generator — Baseline,,AUBEB mangrove baseline scenario
1531,1,Custodial formalisation_Entity,Cameroon,2025-05-20,daily_state,ndc_balance,204.04,259.04,195.82,75.59,0.7955,index,simulated,PDI Synthetic Generator — Baseline,,AUBEB mangrove baseline scenario
1532,2,Data extraction — baseline remote sensing_Entity,Mozambique,2025-05-20,daily_state,ndc_balance,259.16,258.86,244.14,94.2,2.1064,index,simulated,PDI Synthetic Generator — Baseline,,AUBEB mangrove baseline scenario
1533,3,Specification — carbon quantification_Entity,Madagascar,2025-05-20,daily_state,ndc_balance,289.93,279.78,235.31,81.16,0.437,index,simulated,PDI Synthetic Generator — Baseline,,AUBEB mangrove baseline scenario
1534,4,Certification — verification & registration_Entity,Guinea,2025-05-20,daily_state,ndc_balance,260.38,276.36,240.76,87.12,0.3675,index,simulated,PDI Synthetic Generator — Baseline,,AUBEB mangrove baseline scenario
1535,5,Commercialisation outward_Entity,Tanzania,2025-05-20,daily_state,ndc_balance,241.78,232.72,217.4,89.92,0.576,index,simulated,PDI Synthetic Generator — Baseline,,AUBEB mangrove baseline scenario
1536,6,Capital return — Conservation Fund deployment_Entity,Benin,2025-05-20,daily_state,ndc_balance,275.82,266.71,224.71,81.47,0.3362,index,simulated,PDI Synthetic Generator — Baseline,,AUBEB mangrove baseline scenario
1537,7,Restoration specification — CBEMR design_Entity,Nigeria,2025-05-20,daily_state,ndc_balance,280.29,244.12,254.69,90.87,1.7237,index,simulated,PDI Synthetic Generator — Baseline,,AUBEB mangrove baseline scenario
1538,8,Community custodial co-management_Entity,Cameroon,2025-05-20,daily_state,ndc_balance,226.83,244.06,196.56,80.54,0.7964,index,simulated,PDI Synthetic Generator — Baseline,,AUBEB mangrove baseline scenario
1539,9,Physical recovery — active regeneration_Entity,Mozambique,2025-05-20,daily_state,ndc_balance,264.09,237.32,236.39,89.51,1.1715,index,simulated,PDI Synthetic Generator — Baseline,,AUBEB mangrove baseline scenario
1540,10,Verified restoration — sustained blue economy asset_Entity,Madagascar,2025-05-20,daily_state,ndc_balance,278.75,285.82,247.33,86.53,0.8606,index,simulated,PDI Synthetic Generator — Baseline,,AUBEB mangrove baseline scenario
1541,0,Pre-commercial: degraded ecosystem_Entity,Nigeria,2025-05-21,daily_state,ndc_balance,190.51,209.34,152.64,72.91,1.3945,index,simulated,PDI Synthetic Generator — Baseline,,AUBEB mangrove baseline scenario
1542,1,Custodial formalisation_Entity,Cameroon,2025-05-21,daily_state,ndc_balance,215.33,263.65,231.9,87.96,1.2587,index,simulated,PDI Synthetic Generator — Baseline,,AUBEB mangrove baseline scenario
1543,2,Data extraction — baseline remote sensing_Entity,Mozambique,2025-05-21,daily_state,ndc_balance,272.17,291.36,236.0,81.0,1.3926,index,simulated,PDI Synthetic Generator — Baseline,,AUBEB mangrove baseline scenario
1544,3,Specification — carbon quantification_Entity,Madagascar,2025-05-21,daily_state,ndc_balance,280.64,258.71,237.19,84.52,1.3179,index,simulated,PDI Synthetic Generator — Baseline,,AUBEB mangrove baseline scenario
1545,4,Certification — verification & registration_Entity,Guinea,2025-05-21,daily_state,ndc_balance,229.73,276.83,223.78,80.84,1.0688,index,simulated,PDI Synthetic Generator — Baseline,,AUBEB mangrove baseline scenario
1546,5,Commercialisation outward_Entity,Tanzania,2025-05-21,daily_state,ndc_balance,259.35,294.23,229.48,77.99,0.7619,index,simulated,PDI Synthetic Generator — Baseline,,AUBEB mangrove baseline scenario
1547,6,Capital return — Conservation Fund deployment_Entity,Benin,2025-05-21,daily_state,ndc_balance,273.58,270.0,233.11,85.21,1.8584,index,simulated,PDI Synthetic Generator — Baseline,,AUBEB mangrove baseline scenario
1548,7,Restoration specification — CBEMR design_Entity,Nigeria,2025-05-21,daily_state,ndc_balance,280.9,256.36,272.24,96.92,0.35,index,simulated,PDI Synthetic Generator — Baseline,,AUBEB mangrove baseline scenario
1549,8,Community custodial co-management_Entity,Cameroon,2025-05-21,daily_state,ndc_balance,246.04,247.15,204.86,82.89,0.8691,index,simulated,PDI Synthetic Generator — Baseline,,AUBEB mangrove baseline scenario
1550,9,Physical recovery — active regeneration_Entity,Mozambique,2025-05-21,daily_state,ndc_balance,259.99,238.78,249.54,95.98,0.8923,index,simulated,PDI Synthetic Generator — Baseline,,AUBEB mangrove baseline scenario
1551,10,Verified restoration — sustained blue economy asset_Entity,Madagascar,2025-05-21,daily_state,ndc_balance,266.55,254.46,259.76,97.45,1.0668,index,simulated,PDI Synthetic Generator — Baseline,,AUBEB mangrove baseline scenario
1552,0,Pre-commercial: degraded ecosystem_Entity,Nigeria,2025-05-22,daily_state,ndc_balance,197.64,198.75,143.45,72.18,0.615,index,simulated,PDI Synthetic Generator — Baseline,,AUBEB mangrove baseline scenario
1553,1,Custodial formalisation_Entity,Cameroon,2025-05-22,daily_state,ndc_balance,187.38,279.92,187.97,67.15,0.4599,index,simulated,PDI Synthetic Generator — Baseline,,AUBEB mangrove baseline scenario
1554,2,Data extraction — baseline remote sensing_Entity,Mozambique,2025-05-22,daily_state,ndc_balance,242.29,264.76,224.69,84.87,2.133,index,simulated,PDI Synthetic Generator — Baseline,,AUBEB mangrove baseline scenario
1555,3,Specification — carbon quantification_Entity,Madagascar,2025-05-22,daily_state,ndc_balance,267.98,283.28,231.83,81.84,0.3819,index,simulated,PDI Synthetic Generator — Baseline,,AUBEB mangrove baseline scenario
1556,4,Certification — verification & registration_Entity,Guinea,2025-05-22,daily_state,ndc_balance,247.52,265.3,226.48,85.37,1.2079,index,simulated,PDI Synthetic Generator — Baseline,,AUBEB mangrove baseline scenario
1557,5,Commercialisation outward_Entity,Tanzania,2025-05-22,daily_state,ndc_balance,261.33,257.2,223.03,85.34,1.0759,index,simulated,PDI Synthetic Generator — Baseline,,AUBEB mangrove baseline scenario
1558,6,Capital return — Conservation Fund deployment_Entity,Benin,2025-05-22,daily_state,ndc_balance,250.21,240.36,229.51,91.73,2.0406,index,simulated,PDI Synthetic Generator — Baseline,,AUBEB mangrove baseline scenario
1559,7,Restoration specification — CBEMR design_Entity,Nigeria,2025-05-22,daily_state,ndc_balance,291.19,254.95,250.9,86.16,2.2197,index,simulated,PDI Synthetic Generator — Baseline,,AUBEB mangrove baseline scenario
1560,8,Community custodial co-management_Entity,Cameroon,2025-05-22,daily_state,ndc_balance,240.3,247.03,200.86,81.31,1.5244,index,simulated,PDI Synthetic Generator — Baseline,,AUBEB mangrove baseline scenario
1561,9,Physical recovery — active regeneration_Entity,Mozambique,2025-05-22,daily_state,ndc_balance,276.42,267.92,243.49,88.09,0.3737,index,simulated,PDI Synthetic Generator — Baseline,,AUBEB mangrove baseline scenario
1562,10,Verified restoration — sustained blue economy asset_Entity,Madagascar,2025-05-22,daily_state,ndc_balance,288.54,277.86,238.52,82.66,0.592,index,simulated,PDI Synthetic Generator — Baseline,,AUBEB mangrove baseline scenario
1563,0,Pre-commercial: degraded ecosystem_Entity,Nigeria,2025-05-23,daily_state,ndc_balance,204.93,183.29,137.08,66.89,0.6572,index,simulated,PDI Synthetic Generator — Baseline,,AUBEB mangrove baseline scenario
1564,1,Custodial formalisation_Entity,Cameroon,2025-05-23,daily_state,ndc_balance,233.76,261.44,210.88,80.66,0.9019,index,simulated,PDI Synthetic Generator — Baseline,,AUBEB mangrove baseline scenario
1565,2,Data extraction — baseline remote sensing_Entity,Mozambique,2025-05-23,daily_state,ndc_balance,244.06,259.32,243.78,94.01,0.3095,index,simulated,PDI Synthetic Generator — Baseline,,AUBEB mangrove baseline scenario
1566,3,Specification — carbon quantification_Entity,Madagascar,2025-05-23,daily_state,ndc_balance,269.43,262.6,227.58,84.47,1.3253,index,simulated,PDI Synthetic Generator — Baseline,,AUBEB mangrove baseline scenario
1567,4,Certification — verification & registration_Entity,Guinea,2025-05-23,daily_state,ndc_balance,269.21,312.63,237.22,75.88,1.6296,index,simulated,PDI Synthetic Generator — Baseline,,AUBEB mangrove baseline scenario
1568,5,Commercialisation outward_Entity,Tanzania,2025-05-23,daily_state,ndc_balance,242.51,249.94,229.06,91.65,1.9961,index,simulated,PDI Synthetic Generator — Baseline,,AUBEB mangrove baseline scenario
1569,6,Capital return — Conservation Fund deployment_Entity,Benin,2025-05-23,daily_state,ndc_balance,241.56,280.53,217.32,77.47,0.7703,index,simulated,PDI Synthetic Generator — Baseline,,AUBEB mangrove baseline scenario
1570,7,Restoration specification — CBEMR design_Entity,Nigeria,2025-05-23,daily_state,ndc_balance,265.4,277.58,258.91,93.27,1.8708,index,simulated,PDI Synthetic Generator — Baseline,,AUBEB mangrove baseline scenario
1571,8,Community custodial co-management_Entity,Cameroon,2025-05-23,daily_state,ndc_balance,231.3,271.61,186.74,68.75,0.224,index,simulated,PDI Synthetic Generator — Baseline,,AUBEB mangrove baseline scenario
1572,9,Physical recovery — active regeneration_Entity,Mozambique,2025-05-23,daily_state,ndc_balance,277.87,256.49,246.81,88.82,1.9913,index,simulated,PDI Synthetic Generator — Baseline,,AUBEB mangrove baseline scenario
1573,10,Verified restoration — sustained blue economy asset_Entity,Madagascar,2025-05-23,daily_state,ndc_balance,272.14,262.02,242.44,89.09,0.4814,index,simulated,PDI Synthetic Generator — Baseline,,AUBEB mangrove baseline scenario
1574,0,Pre-commercial: degraded ecosystem_Entity,Nigeria,2025-05-24,daily_state,ndc_balance,192.73,203.22,147.98,72.82,1.3434,index,simulated,PDI Synthetic Generator — Baseline,,AUBEB mangrove baseline scenario
1575,1,Custodial formalisation_Entity,Cameroon,2025-05-24,daily_state,ndc_balance,196.12,276.67,196.02,70.85,0.2007,index,simulated,PDI Synthetic Generator — Baseline,,AUBEB mangrove baseline scenario
1576,2,Data extraction — baseline remote sensing_Entity,Mozambique,2025-05-24,daily_state,ndc_balance,264.66,276.77,249.65,90.2,0.8117,index,simulated,PDI Synthetic Generator — Baseline,,AUBEB mangrove baseline scenario
1577,3,Specification — carbon quantification_Entity,Madagascar,2025-05-24,daily_state,ndc_balance,288.13,249.41,270.53,93.89,2.5585,index,simulated,PDI Synthetic Generator — Baseline,,AUBEB mangrove baseline scenario
1578,4,Certification — verification & registration_Entity,Guinea,2025-05-24,daily_state,ndc_balance,287.28,268.74,238.25,82.93,1.8026,index,simulated,PDI Synthetic Generator — Baseline,,AUBEB mangrove baseline scenario
1579,5,Commercialisation outward_Entity,Tanzania,2025-05-24,daily_state,ndc_balance,278.29,283.14,253.17,89.42,1.1184,index,simulated,PDI Synthetic Generator — Baseline,,AUBEB mangrove baseline scenario
1580,6,Capital return — Conservation Fund deployment_Entity,Benin,2025-05-24,daily_state,ndc_balance,235.16,256.38,244.22,95.26,0.4935,index,simulated,PDI Synthetic Generator — Baseline,,AUBEB mangrove baseline scenario
1581,7,Restoration specification — CBEMR design_Entity,Nigeria,2025-05-24,daily_state,ndc_balance,305.26,262.84,256.68,84.09,1.6142,index,simulated,PDI Synthetic Generator — Baseline,,AUBEB mangrove baseline scenario
1582,8,Community custodial co-management_Entity,Cameroon,2025-05-24,daily_state,ndc_balance,241.33,273.03,190.16,69.65,1.2313,index,simulated,PDI Synthetic Generator — Baseline,,AUBEB mangrove baseline scenario
1583,9,Physical recovery — active regeneration_Entity,Mozambique,2025-05-24,daily_state,ndc_balance,285.28,241.11,232.67,81.56,0.6271,index,simulated,PDI Synthetic Generator — Baseline,,AUBEB mangrove baseline scenario
1584,10,Verified restoration — sustained blue economy asset_Entity,Madagascar,2025-05-24,daily_state,ndc_balance,314.91,293.28,274.28,87.1,0.902,index,simulated,PDI Synthetic Generator — Baseline,,AUBEB mangrove baseline scenario
1585,0,Pre-commercial: degraded ecosystem_Entity,Nigeria,2025-05-25,daily_state,ndc_balance,189.71,193.97,141.94,73.18,0.772,index,simulated,PDI Synthetic Generator — Baseline,,AUBEB mangrove baseline scenario
1586,1,Custodial formalisation_Entity,Cameroon,2025-05-25,daily_state,ndc_balance,202.67,278.24,219.24,78.8,1.8122,index,simulated,PDI Synthetic Generator — Baseline,,AUBEB mangrove baseline scenario
1587,2,Data extraction — baseline remote sensing_Entity,Mozambique,2025-05-25,daily_state,ndc_balance,245.07,276.64,228.68,82.66,0.8963,index,simulated,PDI Synthetic Generator — Baseline,,AUBEB mangrove baseline scenario
1588,3,Specification — carbon quantification_Entity,Madagascar,2025-05-25,daily_state,ndc_balance,269.6,285.5,252.74,88.53,1.1318,index,simulated,PDI Synthetic Generator — Baseline,,AUBEB mangrove baseline scenario
1589,4,Certification — verification & registration_Entity,Guinea,2025-05-25,daily_state,ndc_balance,243.55,233.73,262.39,107.74,1.4858,index,simulated,PDI Synthetic Generator — Baseline,,AUBEB mangrove baseline scenario
1590,5,Commercialisation outward_Entity,Tanzania,2025-05-25,daily_state,ndc_balance,234.8,265.52,207.65,78.21,0.2183,index,simulated,PDI Synthetic Generator — Baseline,,AUBEB mangrove baseline scenario
1591,6,Capital return — Conservation Fund deployment_Entity,Benin,2025-05-25,daily_state,ndc_balance,280.82,267.39,240.0,85.46,2.0746,index,simulated,PDI Synthetic Generator — Baseline,,AUBEB mangrove baseline scenario
1592,7,Restoration specification — CBEMR design_Entity,Nigeria,2025-05-25,daily_state,ndc_balance,259.22,261.52,227.17,86.87,0.7147,index,simulated,PDI Synthetic Generator — Baseline,,AUBEB mangrove baseline scenario
1593,8,Community custodial co-management_Entity,Cameroon,2025-05-25,daily_state,ndc_balance,224.48,251.7,206.79,82.16,1.6828,index,simulated,PDI Synthetic Generator — Baseline,,AUBEB mangrove baseline scenario
1594,9,Physical recovery — active regeneration_Entity,Mozambique,2025-05-25,daily_state,ndc_balance,248.3,273.87,252.48,92.19,2.223,index,simulated,PDI Synthetic Generator — Baseline,,AUBEB mangrove baseline scenario
1595,10,Verified restoration — sustained blue economy asset_Entity,Madagascar,2025-05-25,daily_state,ndc_balance,251.83,295.08,221.93,75.21,0.56,index,simulated,PDI Synthetic Generator — Baseline,,AUBEB mangrove baseline scenario
1596,0,Pre-commercial: degraded ecosystem_Entity,Nigeria,2025-05-26,daily_state,ndc_balance,220.65,218.83,150.51,68.21,0.4354,index,simulated,PDI Synthetic Generator — Baseline,,AUBEB mangrove baseline scenario
1597,1,Custodial formalisation_Entity,Cameroon,2025-05-26,daily_state,ndc_balance,218.59,305.25,228.59,74.89,1.4999,index,simulated,PDI Synthetic Generator — Baseline,,AUBEB mangrove baseline scenario
1598,2,Data extraction — baseline remote sensing_Entity,Mozambique,2025-05-26,daily_state,ndc_balance,245.06,273.75,228.19,83.36,0.272,index,simulated,PDI Synthetic Generator — Baseline,,AUBEB mangrove baseline scenario
1599,3,Specification — carbon quantification_Entity,Madagascar,2025-05-26,daily_state,ndc_balance,300.89,249.39,273.2,90.8,1.1665,index,simulated,PDI Synthetic Generator — Baseline,,AUBEB mangrove baseline scenario
1600,4,Certification — verification & registration_Entity,Guinea,2025-05-26,daily_state,ndc_balance,253.57,286.06,218.92,76.53,1.5621,index,simulated,PDI Synthetic Generator — Baseline,,AUBEB mangrove baseline scenario
1601,5,Commercialisation outward_Entity,Tanzania,2025-05-26,daily_state,ndc_balance,272.43,244.48,227.72,83.59,0.8734,index,simulated,PDI Synthetic Generator — Baseline,,AUBEB mangrove baseline scenario
1602,6,Capital return — Conservation Fund deployment_Entity,Benin,2025-05-26,daily_state,ndc_balance,242.43,248.04,213.93,86.25,1.705,index,simulated,PDI Synthetic Generator — Baseline,,AUBEB mangrove baseline scenario
1603,7,Restoration specification — CBEMR design_Entity,Nigeria,2025-05-26,daily_state,ndc_balance,276.21,273.11,272.51,98.66,1.9482,index,simulated,PDI Synthetic Generator — Baseline,,AUBEB mangrove baseline scenario
1604,8,Community custodial co-management_Entity,Cameroon,2025-05-26,daily_state,ndc_balance,242.52,258.12,189.85,73.55,0.7475,index,simulated,PDI Synthetic Generator — Baseline,,AUBEB mangrove baseline scenario
1605,9,Physical recovery — active regeneration_Entity,Mozambique,2025-05-26,daily_state,ndc_balance,242.92,242.53,240.12,98.85,1.6554,index,simulated,PDI Synthetic Generator — Baseline,,AUBEB mangrove baseline scenario
1606,10,Verified restoration — sustained blue economy asset_Entity,Madagascar,2025-05-26,daily_state,ndc_balance,284.86,302.2,249.54,82.57,1.6095,index,simulated,PDI Synthetic Generator — Baseline,,AUBEB mangrove baseline scenario
1607,0,Pre-commercial: degraded ecosystem_Entity,Nigeria,2025-05-27,daily_state,ndc_balance,210.45,185.03,143.98,68.42,0.745,index,simulated,PDI Synthetic Generator — Baseline,,AUBEB mangrove baseline scenario
1608,1,Custodial formalisation_Entity,Cameroon,2025-05-27,daily_state,ndc_balance,201.24,270.82,203.11,75.0,1.2128,index,simulated,PDI Synthetic Generator — Baseline,,AUBEB mangrove baseline scenario
1609,2,Data extraction — baseline remote sensing_Entity,Mozambique,2025-05-27,daily_state,ndc_balance,268.77,246.08,247.78,92.19,0.6724,index,simulated,PDI Synthetic Generator — Baseline,,AUBEB mangrove baseline scenario
1610,3,Specification — carbon quantification_Entity,Madagascar,2025-05-27,daily_state,ndc_balance,296.49,300.01,230.99,76.99,1.5933,index,simulated,PDI Synthetic Generator — Baseline,,AUBEB mangrove baseline scenario
1611,4,Certification — verification & registration_Entity,Guinea,2025-05-27,daily_state,ndc_balance,266.06,311.19,256.25,82.35,1.3506,index,simulated,PDI Synthetic Generator — Baseline,,AUBEB mangrove baseline scenario
1612,5,Commercialisation outward_Entity,Tanzania,2025-05-27,daily_state,ndc_balance,249.54,308.78,212.12,68.7,0.3942,index,simulated,PDI Synthetic Generator — Baseline,,AUBEB mangrove baseline scenario
1613,6,Capital return — Conservation Fund deployment_Entity,Benin,2025-05-27,daily_state,ndc_balance,257.14,262.54,217.18,82.72,0.686,index,simulated,PDI Synthetic Generator — Baseline,,AUBEB mangrove baseline scenario
1614,7,Restoration specification — CBEMR design_Entity,Nigeria,2025-05-27,daily_state,ndc_balance,290.36,285.25,259.69,89.44,2.2858,index,simulated,PDI Synthetic Generator — Baseline,,AUBEB mangrove baseline scenario
1615,8,Community custodial co-management_Entity,Cameroon,2025-05-27,daily_state,ndc_balance,252.69,272.44,171.73,63.03,0.6059,index,simulated,PDI Synthetic Generator — Baseline,,AUBEB mangrove baseline scenario
1616,9,Physical recovery — active regeneration_Entity,Mozambique,2025-05-27,daily_state,ndc_balance,265.46,248.49,226.77,85.43,1.6249,index,simulated,PDI Synthetic Generator — Baseline,,AUBEB mangrove baseline scenario
1617,10,Verified restoration — sustained blue economy asset_Entity,Madagascar,2025-05-27,daily_state,ndc_balance,292.2,302.24,257.53,85.21,1.1865,index,simulated,PDI Synthetic Generator — Baseline,,AUBEB mangrove baseline scenario
1618,0,Pre-commercial: degraded ecosystem_Entity,Nigeria,2025-05-28,daily_state,ndc_balance,190.31,216.16,154.25,71.36,0.9778,index,simulated,PDI Synthetic Generator — Baseline,,AUBEB mangrove baseline scenario
1619,1,Custodial formalisation_Entity,Cameroon,2025-05-28,daily_state,ndc_balance,222.37,271.6,207.12,76.26,0.8159,index,simulated,PDI Synthetic Generator — Baseline,,AUBEB mangrove baseline scenario
1620,2,Data extraction — baseline remote sensing_Entity,Mozambique,2025-05-28,daily_state,ndc_balance,241.65,280.22,252.58,90.14,0.818,index,simulated,PDI Synthetic Generator — Baseline,,AUBEB mangrove baseline scenario
1621,3,Specification — carbon quantification_Entity,Madagascar,2025-05-28,daily_state,ndc_balance,252.93,248.01,241.01,95.29,1.3956,index,simulated,PDI Synthetic Generator — Baseline,,AUBEB mangrove baseline scenario
1622,4,Certification — verification & registration_Entity,Guinea,2025-05-28,daily_state,ndc_balance,277.3,280.71,238.49,84.96,0.8465,index,simulated,PDI Synthetic Generator — Baseline,,AUBEB mangrove baseline scenario
1623,5,Commercialisation outward_Entity,Tanzania,2025-05-28,daily_state,ndc_balance,251.67,248.71,227.99,90.59,1.8773,index,simulated,PDI Synthetic Generator — Baseline,,AUBEB mangrove baseline scenario
1624,6,Capital return — Conservation Fund deployment_Entity,Benin,2025-05-28,daily_state,ndc_balance,236.15,271.71,235.14,86.54,0.3435,index,simulated,PDI Synthetic Generator — Baseline,,AUBEB mangrove baseline scenario
1625,7,Restoration specification — CBEMR design_Entity,Nigeria,2025-05-28,daily_state,ndc_balance,273.89,282.36,294.89,104.44,3.0935,index,simulated,PDI Synthetic Generator — Baseline,,AUBEB mangrove baseline scenario
1626,8,Community custodial co-management_Entity,Cameroon,2025-05-28,daily_state,ndc_balance,209.88,276.3,192.75,69.76,1.1292,index,simulated,PDI Synthetic Generator — Baseline,,AUBEB mangrove baseline scenario
1627,9,Physical recovery — active regeneration_Entity,Mozambique,2025-05-28,daily_state,ndc_balance,263.1,255.26,224.33,85.26,0.9928,index,simulated,PDI Synthetic Generator — Baseline,,AUBEB mangrove baseline scenario
1628,10,Verified restoration — sustained blue economy asset_Entity,Madagascar,2025-05-28,daily_state,ndc_balance,270.26,242.5,284.11,105.12,2.0012,index,simulated,PDI Synthetic Generator — Baseline,,AUBEB mangrove baseline scenario
1629,0,Pre-commercial: degraded ecosystem_Entity,Nigeria,2025-05-29,daily_state,ndc_balance,191.85,195.49,122.34,62.58,1.0458,index,simulated,PDI Synthetic Generator — Baseline,,AUBEB mangrove baseline scenario
1630,1,Custodial formalisation_Entity,Cameroon,2025-05-29,daily_state,ndc_balance,211.31,281.64,221.23,78.55,1.0688,index,simulated,PDI Synthetic Generator — Baseline,,AUBEB mangrove baseline scenario
1631,2,Data extraction — baseline remote sensing_Entity,Mozambique,2025-05-29,daily_state,ndc_balance,260.81,278.33,250.34,89.94,2.1467,index,simulated,PDI Synthetic Generator — Baseline,,AUBEB mangrove baseline scenario
1632,3,Specification — carbon quantification_Entity,Madagascar,2025-05-29,daily_state,ndc_balance,282.41,285.76,234.95,82.22,1.8934,index,simulated,PDI Synthetic Generator — Baseline,,AUBEB mangrove baseline scenario
1633,4,Certification — verification & registration_Entity,Guinea,2025-05-29,daily_state,ndc_balance,253.44,304.69,219.66,72.09,0.5261,index,simulated,PDI Synthetic Generator — Baseline,,AUBEB mangrove baseline scenario
1634,5,Commercialisation outward_Entity,Tanzania,2025-05-29,daily_state,ndc_balance,242.79,258.7,260.25,100.6,1.1658,index,simulated,PDI Synthetic Generator — Baseline,,AUBEB mangrove baseline scenario
1635,6,Capital return — Conservation Fund deployment_Entity,Benin,2025-05-29,daily_state,ndc_balance,286.48,271.05,244.64,85.4,1.5132,index,simulated,PDI Synthetic Generator — Baseline,,AUBEB mangrove baseline scenario
1636,7,Restoration specification — CBEMR design_Entity,Nigeria,2025-05-29,daily_state,ndc_balance,306.77,273.61,247.23,80.59,0.4555,index,simulated,PDI Synthetic Generator — Baseline,,AUBEB mangrove baseline scenario
1637,8,Community custodial co-management_Entity,Cameroon,2025-05-29,daily_state,ndc_balance,236.48,260.12,194.82,74.9,0.8293,index,simulated,PDI Synthetic Generator — Baseline,,AUBEB mangrove baseline scenario
1638,9,Physical recovery — active regeneration_Entity,Mozambique,2025-05-29,daily_state,ndc_balance,275.61,286.6,232.04,80.96,0.2688,index,simulated,PDI Synthetic Generator — Baseline,,AUBEB mangrove baseline scenario
1639,10,Verified restoration — sustained blue economy asset_Entity,Madagascar,2025-05-29,daily_state,ndc_balance,263.62,292.11,237.24,81.22,1.7043,index,simulated,PDI Synthetic Generator — Baseline,,AUBEB mangrove baseline scenario
1640,0,Pre-commercial: degraded ecosystem_Entity,Nigeria,2025-05-30,daily_state,ndc_balance,201.3,204.13,138.75,67.97,0.2553,index,simulated,PDI Synthetic Generator — Baseline,,AUBEB mangrove baseline scenario
1641,1,Custodial formalisation_Entity,Cameroon,2025-05-30,daily_state,ndc_balance,217.43,264.41,220.48,83.39,0.7207,index,simulated,PDI Synthetic Generator — Baseline,,AUBEB mangrove baseline scenario
1642,2,Data extraction — baseline remote sensing_Entity,Mozambique,2025-05-30,daily_state,ndc_balance,271.95,288.77,230.75,79.91,1.1976,index,simulated,PDI Synthetic Generator — Baseline,,AUBEB mangrove baseline scenario
1643,3,Specification — carbon quantification_Entity,Madagascar,2025-05-30,daily_state,ndc_balance,300.2,268.46,242.55,80.8,0.3313,index,simulated,PDI Synthetic Generator — Baseline,,AUBEB mangrove baseline scenario
1644,4,Certification — verification & registration_Entity,Guinea,2025-05-30,daily_state,ndc_balance,253.03,274.81,216.68,78.85,1.676,index,simulated,PDI Synthetic Generator — Baseline,,AUBEB mangrove baseline scenario
1645,5,Commercialisation outward_Entity,Tanzania,2025-05-30,daily_state,ndc_balance,283.28,276.01,227.09,80.16,1.2171,index,simulated,PDI Synthetic Generator — Baseline,,AUBEB mangrove baseline scenario
1646,6,Capital return — Conservation Fund deployment_Entity,Benin,2025-05-30,daily_state,ndc_balance,245.84,301.64,221.1,73.3,0.3843,index,simulated,PDI Synthetic Generator — Baseline,,AUBEB mangrove baseline scenario
1647,7,Restoration specification — CBEMR design_Entity,Nigeria,2025-05-30,daily_state,ndc_balance,307.64,287.0,243.05,79.0,1.797,index,simulated,PDI Synthetic Generator — Baseline,,AUBEB mangrove baseline scenario
1648,8,Community custodial co-management_Entity,Cameroon,2025-05-30,daily_state,ndc_balance,222.87,254.62,195.29,76.7,1.7168,index,simulated,PDI Synthetic Generator — Baseline,,AUBEB mangrove baseline scenario
1649,9,Physical recovery — active regeneration_Entity,Mozambique,2025-05-30,daily_state,ndc_balance,231.36,221.14,222.72,96.27,2.1154,index,simulated,PDI Synthetic Generator — Baseline,,AUBEB mangrove baseline scenario
1650,10,Verified restoration — sustained blue economy asset_Entity,Madagascar,2025-05-30,daily_state,ndc_balance,304.28,292.42,249.75,82.08,0.5866,index,simulated,PDI Synthetic Generator — Baseline,,AUBEB mangrove baseline scenario
1651,0,Pre-commercial: degraded ecosystem_Entity,Nigeria,2025-05-31,daily_state,ndc_balance,216.44,205.19,140.72,65.02,0.2075,index,simulated,PDI Synthetic Generator — Baseline,,AUBEB mangrove baseline scenario
1652,1,Custodial formalisation_Entity,Cameroon,2025-05-31,daily_state,ndc_balance,215.85,287.27,209.27,72.85,0.7307,index,simulated,PDI Synthetic Generator — Baseline,,AUBEB mangrove baseline scenario
1653,2,Data extraction — baseline remote sensing_Entity,Mozambique,2025-05-31,daily_state,ndc_balance,273.39,310.02,247.18,79.73,1.6536,index,simulated,PDI Synthetic Generator — Baseline,,AUBEB mangrove baseline scenario
1654,3,Specification — carbon quantification_Entity,Madagascar,2025-05-31,daily_state,ndc_balance,274.57,286.76,279.9,97.61,1.0188,index,simulated,PDI Synthetic Generator — Baseline,,AUBEB mangrove baseline scenario
1655,4,Certification — verification & registration_Entity,Guinea,2025-05-31,daily_state,ndc_balance,260.37,248.22,250.05,96.04,1.3534,index,simulated,PDI Synthetic Generator — Baseline,,AUBEB mangrove baseline scenario
1656,5,Commercialisation outward_Entity,Tanzania,2025-05-31,daily_state,ndc_balance,272.46,276.88,221.7,80.07,1.378,index,simulated,PDI Synthetic Generator — Baseline,,AUBEB mangrove baseline scenario
1657,6,Capital return — Conservation Fund deployment_Entity,Benin,2025-05-31,daily_state,ndc_balance,275.67,289.74,237.12,81.84,1.0863,index,simulated,PDI Synthetic Generator — Baseline,,AUBEB mangrove baseline scenario
1658,7,Restoration specification — CBEMR design_Entity,Nigeria,2025-05-31,daily_state,ndc_balance,262.48,285.96,240.66,84.16,1.2892,index,simulated,PDI Synthetic Generator — Baseline,,AUBEB mangrove baseline scenario
1659,8,Community custodial co-management_Entity,Cameroon,2025-05-31,daily_state,ndc_balance,214.93,268.0,202.07,75.4,0.8369,index,simulated,PDI Synthetic Generator — Baseline,,AUBEB mangrove baseline scenario
1660,9,Physical recovery — active regeneration_Entity,Mozambique,2025-05-31,daily_state,ndc_balance,232.65,248.12,234.8,94.63,1.095,index,simulated,PDI Synthetic Generator — Baseline,,AUBEB mangrove baseline scenario
1661,10,Verified restoration — sustained blue economy asset_Entity,Madagascar,2025-05-31,daily_state,ndc_balance,268.34,274.64,251.54,91.59,1.3735,index,simulated,PDI Synthetic Generator — Baseline,,AUBEB mangrove baseline scenario
1662,0,Pre-commercial: degraded ecosystem_Entity,Nigeria,2025-06-01,daily_state,ndc_balance,193.59,189.95,134.44,69.45,0.5232,index,simulated,PDI Synthetic Generator — Baseline,,AUBEB mangrove baseline scenario
1663,1,Custodial formalisation_Entity,Cameroon,2025-06-01,daily_state,ndc_balance,186.38,285.65,205.82,72.05,0.3349,index,simulated,PDI Synthetic Generator — Baseline,,AUBEB mangrove baseline scenario
1664,2,Data extraction — baseline remote sensing_Entity,Mozambique,2025-06-01,daily_state,ndc_balance,257.22,297.68,226.97,76.25,0.9955,index,simulated,PDI Synthetic Generator — Baseline,,AUBEB mangrove baseline scenario
1665,3,Specification — carbon quantification_Entity,Madagascar,2025-06-01,daily_state,ndc_balance,278.52,276.9,261.15,93.76,0.5192,index,simulated,PDI Synthetic Generator — Baseline,,AUBEB mangrove baseline scenario
1666,4,Certification — verification & registration_Entity,Guinea,2025-06-01,daily_state,ndc_balance,262.19,265.52,240.89,90.72,1.7156,index,simulated,PDI Synthetic Generator — Baseline,,AUBEB mangrove baseline scenario
1667,5,Commercialisation outward_Entity,Tanzania,2025-06-01,daily_state,ndc_balance,249.16,266.8,232.82,87.26,1.2636,index,simulated,PDI Synthetic Generator — Baseline,,AUBEB mangrove baseline scenario
1668,6,Capital return — Conservation Fund deployment_Entity,Benin,2025-06-01,daily_state,ndc_balance,266.44,290.13,242.27,83.5,0.5472,index,simulated,PDI Synthetic Generator — Baseline,,AUBEB mangrove baseline scenario
1669,7,Restoration specification — CBEMR design_Entity,Nigeria,2025-06-01,daily_state,ndc_balance,286.94,286.85,278.8,97.16,1.0419,index,simulated,PDI Synthetic Generator — Baseline,,AUBEB mangrove baseline scenario
1670,8,Community custodial co-management_Entity,Cameroon,2025-06-01,daily_state,ndc_balance,250.48,241.55,189.25,75.55,1.2043,index,simulated,PDI Synthetic Generator — Baseline,,AUBEB mangrove baseline scenario
1671,9,Physical recovery — active regeneration_Entity,Mozambique,2025-06-01,daily_state,ndc_balance,243.55,243.67,260.69,106.98,0.9219,index,simulated,PDI Synthetic Generator — Baseline,,AUBEB mangrove baseline scenario
1672,10,Verified restoration — sustained blue economy asset_Entity,Madagascar,2025-06-01,daily_state,ndc_balance,272.94,282.73,278.29,98.43,1.8708,index,simulated,PDI Synthetic Generator — Baseline,,AUBEB mangrove baseline scenario
1673,0,Pre-commercial: degraded ecosystem_Entity,Nigeria,2025-06-02,daily_state,ndc_balance,203.94,195.89,141.1,69.19,0.2944,index,simulated,PDI Synthetic Generator — Baseline,,AUBEB mangrove baseline scenario
1674,1,Custodial formalisation_Entity,Cameroon,2025-06-02,daily_state,ndc_balance,211.7,280.78,225.83,80.43,1.4024,index,simulated,PDI Synthetic Generator — Baseline,,AUBEB mangrove baseline scenario
1675,2,Data extraction — baseline remote sensing_Entity,Mozambique,2025-06-02,daily_state,ndc_balance,283.1,240.87,229.5,81.07,1.2946,index,simulated,PDI Synthetic Generator — Baseline,,AUBEB mangrove baseline scenario
1676,3,Specification — carbon quantification_Entity,Madagascar,2025-06-02,daily_state,ndc_balance,268.41,287.23,254.62,88.65,1.6654,index,simulated,PDI Synthetic Generator — Baseline,,AUBEB mangrove baseline scenario
1677,4,Certification — verification & registration_Entity,Guinea,2025-06-02,daily_state,ndc_balance,254.27,256.78,235.6,91.75,0.2841,index,simulated,PDI Synthetic Generator — Baseline,,AUBEB mangrove baseline scenario
1678,5,Commercialisation outward_Entity,Tanzania,2025-06-02,daily_state,ndc_balance,267.63,274.23,234.62,85.56,2.1377,index,simulated,PDI Synthetic Generator — Baseline,,AUBEB mangrove baseline scenario
1679,6,Capital return — Conservation Fund deployment_Entity,Benin,2025-06-02,daily_state,ndc_balance,266.76,263.34,217.16,81.41,0.9786,index,simulated,PDI Synthetic Generator — Baseline,,AUBEB mangrove baseline scenario
1680,7,Restoration specification — CBEMR design_Entity,Nigeria,2025-06-02,daily_state,ndc_balance,260.44,251.75,232.99,89.46,0.6526,index,simulated,PDI Synthetic Generator — Baseline,,AUBEB mangrove baseline scenario
1681,8,Community custodial co-management_Entity,Cameroon,2025-06-02,daily_state,ndc_balance,231.03,272.27,193.56,71.09,0.3783,index,simulated,PDI Synthetic Generator — Baseline,,AUBEB mangrove baseline scenario
1682,9,Physical recovery — active regeneration_Entity,Mozambique,2025-06-02,daily_state,ndc_balance,252.52,265.55,250.81,94.45,2.5892,index,simulated,PDI Synthetic Generator — Baseline,,AUBEB mangrove baseline scenario
1683,10,Verified restoration — sustained blue economy asset_Entity,Madagascar,2025-06-02,daily_state,ndc_balance,247.23,277.76,246.18,88.63,1.4434,index,simulated,PDI Synthetic Generator — Baseline,,AUBEB mangrove baseline scenario
1684,0,Pre-commercial: degraded ecosystem_Entity,Nigeria,2025-06-03,daily_state,ndc_balance,195.89,201.95,139.62,69.14,0.1536,index,simulated,PDI Synthetic Generator — Baseline,,AUBEB mangrove baseline scenario
1685,1,Custodial formalisation_Entity,Cameroon,2025-06-03,daily_state,ndc_balance,198.28,253.15,237.63,93.87,2.0179,index,simulated,PDI Synthetic Generator — Baseline,,AUBEB mangrove baseline scenario
1686,2,Data extraction — baseline remote sensing_Entity,Mozambique,2025-06-03,daily_state,ndc_balance,252.16,254.9,232.5,91.21,0.9028,index,simulated,PDI Synthetic Generator — Baseline,,AUBEB mangrove baseline scenario
1687,3,Specification — carbon quantification_Entity,Madagascar,2025-06-03,daily_state,ndc_balance,260.67,273.48,239.17,87.45,1.6309,index,simulated,PDI Synthetic Generator — Baseline,,AUBEB mangrove baseline scenario
1688,4,Certification — verification & registration_Entity,Guinea,2025-06-03,daily_state,ndc_balance,248.39,279.68,222.91,79.7,1.4157,index,simulated,PDI Synthetic Generator — Baseline,,AUBEB mangrove baseline scenario
1689,5,Commercialisation outward_Entity,Tanzania,2025-06-03,daily_state,ndc_balance,243.92,268.98,230.96,85.87,1.9986,index,simulated,PDI Synthetic Generator — Baseline,,AUBEB mangrove baseline scenario
1690,6,Capital return — Conservation Fund deployment_Entity,Benin,2025-06-03,daily_state,ndc_balance,265.17,255.97,236.74,89.28,1.3039,index,simulated,PDI Synthetic Generator — Baseline,,AUBEB mangrove baseline scenario
1691,7,Restoration specification — CBEMR design_Entity,Nigeria,2025-06-03,daily_state,ndc_balance,294.38,266.36,251.0,85.26,0.7834,index,simulated,PDI Synthetic Generator — Baseline,,AUBEB mangrove baseline scenario
1692,8,Community custodial co-management_Entity,Cameroon,2025-06-03,daily_state,ndc_balance,233.25,261.01,206.09,78.96,0.5777,index,simulated,PDI Synthetic Generator — Baseline,,AUBEB mangrove baseline scenario
1693,9,Physical recovery — active regeneration_Entity,Mozambique,2025-06-03,daily_state,ndc_balance,258.27,284.51,222.92,78.35,1.5806,index,simulated,PDI Synthetic Generator — Baseline,,AUBEB mangrove baseline scenario
1694,10,Verified restoration — sustained blue economy asset_Entity,Madagascar,2025-06-03,daily_state,ndc_balance,299.32,267.22,248.23,82.93,0.7511,index,simulated,PDI Synthetic Generator — Baseline,,AUBEB mangrove baseline scenario
1695,0,Pre-commercial: degraded ecosystem_Entity,Nigeria,2025-06-04,daily_state,ndc_balance,192.69,170.47,148.35,76.99,1.3534,index,simulated,PDI Synthetic Generator — Baseline,,AUBEB mangrove baseline scenario
1696,1,Custodial formalisation_Entity,Cameroon,2025-06-04,daily_state,ndc_balance,195.51,280.34,191.03,68.14,1.1981,index,simulated,PDI Synthetic Generator — Baseline,,AUBEB mangrove baseline scenario
1697,2,Data extraction — baseline remote sensing_Entity,Mozambique,2025-06-04,daily_state,ndc_balance,246.98,262.79,242.9,92.43,0.5541,index,simulated,PDI Synthetic Generator — Baseline,,AUBEB mangrove baseline scenario
1698,3,Specification — carbon quantification_Entity,Madagascar,2025-06-04,daily_state,ndc_balance,255.08,278.95,276.99,99.3,0.5644,index,simulated,PDI Synthetic Generator — Baseline,,AUBEB mangrove baseline scenario
1699,4,Certification — verification & registration_Entity,Guinea,2025-06-04,daily_state,ndc_balance,217.05,298.2,234.76,78.73,0.2647,index,simulated,PDI Synthetic Generator — Baseline,,AUBEB mangrove baseline scenario
1700,5,Commercialisation outward_Entity,Tanzania,2025-06-04,daily_state,ndc_balance,270.09,305.45,236.28,77.35,0.7564,index,simulated,PDI Synthetic Generator — Baseline,,AUBEB mangrove baseline scenario
1701,6,Capital return — Conservation Fund deployment_Entity,Benin,2025-06-04,daily_state,ndc_balance,275.9,297.71,231.76,77.85,0.286,index,simulated,PDI Synthetic Generator — Baseline,,AUBEB mangrove baseline scenario
1702,7,Restoration specification — CBEMR design_Entity,Nigeria,2025-06-04,daily_state,ndc_balance,277.36,251.49,260.85,94.05,0.5536,index,simulated,PDI Synthetic Generator — Baseline,,AUBEB mangrove baseline scenario
1703,8,Community custodial co-management_Entity,Cameroon,2025-06-04,daily_state,ndc_balance,237.77,267.7,190.08,71.0,0.2148,index,simulated,PDI Synthetic Generator — Baseline,,AUBEB mangrove baseline scenario
1704,9,Physical recovery — active regeneration_Entity,Mozambique,2025-06-04,daily_state,ndc_balance,263.95,260.58,225.33,85.37,0.5161,index,simulated,PDI Synthetic Generator — Baseline,,AUBEB mangrove baseline scenario
1705,10,Verified restoration — sustained blue economy asset_Entity,Madagascar,2025-06-04,daily_state,ndc_balance,272.57,253.73,243.39,89.29,2.2341,index,simulated,PDI Synthetic Generator — Baseline,,AUBEB mangrove baseline scenario
1706,0,Pre-commercial: degraded ecosystem_Entity,Nigeria,2025-06-05,daily_state,ndc_balance,183.57,187.74,145.59,77.55,1.5469,index,simulated,PDI Synthetic Generator — Baseline,,AUBEB mangrove baseline scenario
1707,1,Custodial formalisation_Entity,Cameroon,2025-06-05,daily_state,ndc_balance,216.61,276.96,195.86,70.72,1.4293,index,simulated,PDI Synthetic Generator — Baseline,,AUBEB mangrove baseline scenario
1708,2,Data extraction — baseline remote sensing_Entity,Mozambique,2025-06-05,daily_state,ndc_balance,238.83,274.13,239.18,87.25,0.445,index,simulated,PDI Synthetic Generator — Baseline,,AUBEB mangrove baseline scenario
1709,3,Specification — carbon quantification_Entity,Madagascar,2025-06-05,daily_state,ndc_balance,256.72,247.94,264.64,103.09,1.1569,index,simulated,PDI Synthetic Generator — Baseline,,AUBEB mangrove baseline scenario
1710,4,Certification — verification & registration_Entity,Guinea,2025-06-05,daily_state,ndc_balance,255.16,253.91,244.09,95.66,2.0845,index,simulated,PDI Synthetic Generator — Baseline,,AUBEB mangrove baseline scenario
1711,5,Commercialisation outward_Entity,Tanzania,2025-06-05,daily_state,ndc_balance,278.27,285.76,229.14,80.19,1.6661,index,simulated,PDI Synthetic Generator — Baseline,,AUBEB mangrove baseline scenario
1712,6,Capital return — Conservation Fund deployment_Entity,Benin,2025-06-05,daily_state,ndc_balance,267.32,256.3,234.32,87.66,1.8259,index,simulated,PDI Synthetic Generator — Baseline,,AUBEB mangrove baseline scenario
1713,7,Restoration specification — CBEMR design_Entity,Nigeria,2025-06-05,daily_state,ndc_balance,280.9,301.69,242.27,80.3,0.3419,index,simulated,PDI Synthetic Generator — Baseline,,AUBEB mangrove baseline scenario
1714,8,Community custodial co-management_Entity,Cameroon,2025-06-05,daily_state,ndc_balance,250.1,238.08,210.17,84.03,0.8995,index,simulated,PDI Synthetic Generator — Baseline,,AUBEB mangrove baseline scenario
1715,9,Physical recovery — active regeneration_Entity,Mozambique,2025-06-05,daily_state,ndc_balance,247.59,244.54,233.32,94.24,0.8135,index,simulated,PDI Synthetic Generator — Baseline,,AUBEB mangrove baseline scenario
1716,10,Verified restoration — sustained blue economy asset_Entity,Madagascar,2025-06-05,daily_state,ndc_balance,262.42,277.39,240.03,86.53,1.0521,index,simulated,PDI Synthetic Generator — Baseline,,AUBEB mangrove baseline scenario
1717,0,Pre-commercial: degraded ecosystem_Entity,Nigeria,2025-06-06,daily_state,ndc_balance,177.31,206.02,144.23,70.01,0.1864,index,simulated,PDI Synthetic Generator — Baseline,,AUBEB mangrove baseline scenario
1718,1,Custodial formalisation_Entity,Cameroon,2025-06-06,daily_state,ndc_balance,200.42,273.41,214.43,78.43,1.5235,index,simulated,PDI Synthetic Generator — Baseline,,AUBEB mangrove baseline scenario
1719,2,Data extraction — baseline remote sensing_Entity,Mozambique,2025-06-06,daily_state,ndc_balance,262.06,269.62,226.64,84.06,0.5255,index,simulated,PDI Synthetic Generator — Baseline,,AUBEB mangrove baseline scenario
1720,3,Specification — carbon quantification_Entity,Madagascar,2025-06-06,daily_state,ndc_balance,323.71,297.51,266.8,82.42,1.4146,index,simulated,PDI Synthetic Generator — Baseline,,AUBEB mangrove baseline scenario
1721,4,Certification — verification & registration_Entity,Guinea,2025-06-06,daily_state,ndc_balance,238.78,244.66,256.86,104.99,2.4536,index,simulated,PDI Synthetic Generator — Baseline,,AUBEB mangrove baseline scenario
1722,5,Commercialisation outward_Entity,Tanzania,2025-06-06,daily_state,ndc_balance,267.83,261.45,218.68,81.65,0.7323,index,simulated,PDI Synthetic Generator — Baseline,,AUBEB mangrove baseline scenario
1723,6,Capital return — Conservation Fund deployment_Entity,Benin,2025-06-06,daily_state,ndc_balance,240.75,286.25,217.95,76.14,1.3364,index,simulated,PDI Synthetic Generator — Baseline,,AUBEB mangrove baseline scenario
1724,7,Restoration specification — CBEMR design_Entity,Nigeria,2025-06-06,daily_state,ndc_balance,275.27,273.73,250.97,91.17,0.8773,index,simulated,PDI Synthetic Generator — Baseline,,AUBEB mangrove baseline scenario
1725,8,Community custodial co-management_Entity,Cameroon,2025-06-06,daily_state,ndc_balance,204.62,250.0,192.07,76.83,0.504,index,simulated,PDI Synthetic Generator — Baseline,,AUBEB mangrove baseline scenario
1726,9,Physical recovery — active regeneration_Entity,Mozambique,2025-06-06,daily_state,ndc_balance,236.36,226.39,226.21,95.71,1.8873,index,simulated,PDI Synthetic Generator — Baseline,,AUBEB mangrove baseline scenario
1727,10,Verified restoration — sustained blue economy asset_Entity,Madagascar,2025-06-06,daily_state,ndc_balance,268.61,239.72,258.07,96.08,0.7686,index,simulated,PDI Synthetic Generator — Baseline,,AUBEB mangrove baseline scenario
1728,0,Pre-commercial: degraded ecosystem_Entity,Nigeria,2025-06-07,daily_state,ndc_balance,188.02,198.95,144.22,72.49,0.6322,index,simulated,PDI Synthetic Generator — Baseline,,AUBEB mangrove baseline scenario
1729,1,Custodial formalisation_Entity,Cameroon,2025-06-07,daily_state,ndc_balance,208.75,245.54,240.88,98.1,1.0265,index,simulated,PDI Synthetic Generator — Baseline,,AUBEB mangrove baseline scenario
1730,2,Data extraction — baseline remote sensing_Entity,Mozambique,2025-06-07,daily_state,ndc_balance,289.93,289.26,253.17,87.32,1.302,index,simulated,PDI Synthetic Generator — Baseline,,AUBEB mangrove baseline scenario
1731,3,Specification — carbon quantification_Entity,Madagascar,2025-06-07,daily_state,ndc_balance,280.44,262.37,284.1,101.31,1.9497,index,simulated,PDI Synthetic Generator — Baseline,,AUBEB mangrove baseline scenario
1732,4,Certification — verification & registration_Entity,Guinea,2025-06-07,daily_state,ndc_balance,264.85,273.53,262.6,96.0,2.0844,index,simulated,PDI Synthetic Generator — Baseline,,AUBEB mangrove baseline scenario
1733,5,Commercialisation outward_Entity,Tanzania,2025-06-07,daily_state,ndc_balance,267.52,271.35,245.56,90.5,1.6321,index,simulated,PDI Synthetic Generator — Baseline,,AUBEB mangrove baseline scenario
1734,6,Capital return — Conservation Fund deployment_Entity,Benin,2025-06-07,daily_state,ndc_balance,265.54,268.88,232.4,86.43,1.5371,index,simulated,PDI Synthetic Generator — Baseline,,AUBEB mangrove baseline scenario
1735,7,Restoration specification — CBEMR design_Entity,Nigeria,2025-06-07,daily_state,ndc_balance,290.01,281.69,250.63,86.42,2.2062,index,simulated,PDI Synthetic Generator — Baseline,,AUBEB mangrove baseline scenario
1736,8,Community custodial co-management_Entity,Cameroon,2025-06-07,daily_state,ndc_balance,220.5,271.73,162.8,59.91,0.6558,index,simulated,PDI Synthetic Generator — Baseline,,AUBEB mangrove baseline scenario
1737,9,Physical recovery — active regeneration_Entity,Mozambique,2025-06-07,daily_state,ndc_balance,268.74,238.9,214.6,79.85,0.7945,index,simulated,PDI Synthetic Generator — Baseline,,AUBEB mangrove baseline scenario
1738,10,Verified restoration — sustained blue economy asset_Entity,Madagascar,2025-06-07,daily_state,ndc_balance,275.31,265.84,281.19,102.14,2.3264,index,simulated,PDI Synthetic Generator — Baseline,,AUBEB mangrove baseline scenario
1739,0,Pre-commercial: degraded ecosystem_Entity,Nigeria,2025-06-08,daily_state,ndc_balance,191.1,183.22,135.62,70.97,0.5969,index,simulated,PDI Synthetic Generator — Baseline,,AUBEB mangrove baseline scenario
1740,1,Custodial formalisation_Entity,Cameroon,2025-06-08,daily_state,ndc_balance,210.82,245.61,201.24,81.93,0.8562,index,simulated,PDI Synthetic Generator — Baseline,,AUBEB mangrove baseline scenario
1741,2,Data extraction — baseline remote sensing_Entity,Mozambique,2025-06-08,daily_state,ndc_balance,275.78,286.86,245.85,85.7,0.3437,index,simulated,PDI Synthetic Generator — Baseline,,AUBEB mangrove baseline scenario
1742,3,Specification — carbon quantification_Entity,Madagascar,2025-06-08,daily_state,ndc_balance,273.88,286.19,245.7,85.85,1.109,index,simulated,PDI Synthetic Generator — Baseline,,AUBEB mangrove baseline scenario
1743,4,Certification — verification & registration_Entity,Guinea,2025-06-08,daily_state,ndc_balance,247.01,286.6,223.31,77.92,0.8293,index,simulated,PDI Synthetic Generator — Baseline,,AUBEB mangrove baseline scenario
1744,5,Commercialisation outward_Entity,Tanzania,2025-06-08,daily_state,ndc_balance,250.06,270.35,249.37,92.24,1.2279,index,simulated,PDI Synthetic Generator — Baseline,,AUBEB mangrove baseline scenario
1745,6,Capital return — Conservation Fund deployment_Entity,Benin,2025-06-08,daily_state,ndc_balance,226.45,285.88,192.1,67.2,1.1398,index,simulated,PDI Synthetic Generator — Baseline,,AUBEB mangrove baseline scenario
1746,7,Restoration specification — CBEMR design_Entity,Nigeria,2025-06-08,daily_state,ndc_balance,282.97,277.24,258.21,91.25,1.8486,index,simulated,PDI Synthetic Generator — Baseline,,AUBEB mangrove baseline scenario
1747,8,Community custodial co-management_Entity,Cameroon,2025-06-08,daily_state,ndc_balance,251.2,273.42,199.85,73.09,0.467,index,simulated,PDI Synthetic Generator — Baseline,,AUBEB mangrove baseline scenario
1748,9,Physical recovery — active regeneration_Entity,Mozambique,2025-06-08,daily_state,ndc_balance,246.26,227.3,236.86,96.18,2.6356,index,simulated,PDI Synthetic Generator — Baseline,,AUBEB mangrove baseline scenario
1749,10,Verified restoration — sustained blue economy asset_Entity,Madagascar,2025-06-08,daily_state,ndc_balance,251.8,301.42,242.41,80.42,0.4051,index,simulated,PDI Synthetic Generator — Baseline,,AUBEB mangrove baseline scenario
1750,0,Pre-commercial: degraded ecosystem_Entity,Nigeria,2025-06-09,daily_state,ndc_balance,192.67,196.9,140.94,71.58,0.3658,index,simulated,PDI Synthetic Generator — Baseline,,AUBEB mangrove baseline scenario
1751,1,Custodial formalisation_Entity,Cameroon,2025-06-09,daily_state,ndc_balance,185.01,308.21,208.16,67.54,1.1113,index,simulated,PDI Synthetic Generator — Baseline,,AUBEB mangrove baseline scenario
1752,2,Data extraction — baseline remote sensing_Entity,Mozambique,2025-06-09,daily_state,ndc_balance,272.74,285.66,258.16,90.37,0.3523,index,simulated,PDI Synthetic Generator — Baseline,,AUBEB mangrove baseline scenario
1753,3,Specification — carbon quantification_Entity,Madagascar,2025-06-09,daily_state,ndc_balance,307.74,250.9,263.12,85.5,1.1841,index,simulated,PDI Synthetic Generator — Baseline,,AUBEB mangrove baseline scenario
1754,4,Certification — verification & registration_Entity,Guinea,2025-06-09,daily_state,ndc_balance,288.18,282.86,247.19,85.78,1.9499,index,simulated,PDI Synthetic Generator — Baseline,,AUBEB mangrove baseline scenario
1755,5,Commercialisation outward_Entity,Tanzania,2025-06-09,daily_state,ndc_balance,242.32,282.54,205.51,72.74,1.2748,index,simulated,PDI Synthetic Generator — Baseline,,AUBEB mangrove baseline scenario
1756,6,Capital return — Conservation Fund deployment_Entity,Benin,2025-06-09,daily_state,ndc_balance,246.55,246.27,232.4,94.26,1.7196,index,simulated,PDI Synthetic Generator — Baseline,,AUBEB mangrove baseline scenario
1757,7,Restoration specification — CBEMR design_Entity,Nigeria,2025-06-09,daily_state,ndc_balance,281.49,252.71,235.96,83.83,1.0628,index,simulated,PDI Synthetic Generator — Baseline,,AUBEB mangrove baseline scenario
1758,8,Community custodial co-management_Entity,Cameroon,2025-06-09,daily_state,ndc_balance,239.76,265.1,188.23,71.0,1.2399,index,simulated,PDI Synthetic Generator — Baseline,,AUBEB mangrove baseline scenario
1759,9,Physical recovery — active regeneration_Entity,Mozambique,2025-06-09,daily_state,ndc_balance,244.06,238.66,234.51,96.09,1.6256,index,simulated,PDI Synthetic Generator — Baseline,,AUBEB mangrove baseline scenario
1760,10,Verified restoration — sustained blue economy asset_Entity,Madagascar,2025-06-09,daily_state,ndc_balance,296.76,305.11,246.63,80.83,1.4943,index,simulated,PDI Synthetic Generator — Baseline,,AUBEB mangrove baseline scenario
1761,0,Pre-commercial: degraded ecosystem_Entity,Nigeria,2025-06-10,daily_state,ndc_balance,185.36,180.91,139.05,75.02,1.3785,index,simulated,PDI Synthetic Generator — Baseline,,AUBEB mangrove baseline scenario
1762,1,Custodial formalisation_Entity,Cameroon,2025-06-10,daily_state,ndc_balance,196.02,266.46,197.18,74.0,0.3473,index,simulated,PDI Synthetic Generator — Baseline,,AUBEB mangrove baseline scenario
1763,2,Data extraction — baseline remote sensing_Entity,Mozambique,2025-06-10,daily_state,ndc_balance,246.65,268.11,228.95,85.39,0.3229,index,simulated,PDI Synthetic Generator — Baseline,,AUBEB mangrove baseline scenario
1764,3,Specification — carbon quantification_Entity,Madagascar,2025-06-10,daily_state,ndc_balance,265.05,262.44,252.73,95.35,1.4409,index,simulated,PDI Synthetic Generator — Baseline,,AUBEB mangrove baseline scenario
1765,4,Certification — verification & registration_Entity,Guinea,2025-06-10,daily_state,ndc_balance,266.3,267.01,246.28,92.24,0.2988,index,simulated,PDI Synthetic Generator — Baseline,,AUBEB mangrove baseline scenario
1766,5,Commercialisation outward_Entity,Tanzania,2025-06-10,daily_state,ndc_balance,256.17,274.8,222.79,81.07,1.4494,index,simulated,PDI Synthetic Generator — Baseline,,AUBEB mangrove baseline scenario
1767,6,Capital return — Conservation Fund deployment_Entity,Benin,2025-06-10,daily_state,ndc_balance,272.87,260.53,235.57,86.33,1.0321,index,simulated,PDI Synthetic Generator — Baseline,,AUBEB mangrove baseline scenario
1768,7,Restoration specification — CBEMR design_Entity,Nigeria,2025-06-10,daily_state,ndc_balance,258.5,303.19,260.39,85.88,0.2676,index,simulated,PDI Synthetic Generator — Baseline,,AUBEB mangrove baseline scenario
1769,8,Community custodial co-management_Entity,Cameroon,2025-06-10,daily_state,ndc_balance,222.47,262.13,202.53,77.26,0.5936,index,simulated,PDI Synthetic Generator — Baseline,,AUBEB mangrove baseline scenario
1770,9,Physical recovery — active regeneration_Entity,Mozambique,2025-06-10,daily_state,ndc_balance,241.8,257.2,237.22,92.23,0.6414,index,simulated,PDI Synthetic Generator — Baseline,,AUBEB mangrove baseline scenario
1771,10,Verified restoration — sustained blue economy asset_Entity,Madagascar,2025-06-10,daily_state,ndc_balance,287.97,281.86,266.08,92.4,1.1949,index,simulated,PDI Synthetic Generator — Baseline,,AUBEB mangrove baseline scenario
1772,0,Pre-commercial: degraded ecosystem_Entity,Nigeria,2025-06-11,daily_state,ndc_balance,205.48,208.06,152.28,73.19,0.6312,index,simulated,PDI Synthetic Generator — Baseline,,AUBEB mangrove baseline scenario
1773,1,Custodial formalisation_Entity,Cameroon,2025-06-11,daily_state,ndc_balance,216.35,272.96,204.35,74.86,0.7929,index,simulated,PDI Synthetic Generator — Baseline,,AUBEB mangrove baseline scenario
1774,2,Data extraction — baseline remote sensing_Entity,Mozambique,2025-06-11,daily_state,ndc_balance,264.6,264.88,255.64,96.51,2.3611,index,simulated,PDI Synthetic Generator — Baseline,,AUBEB mangrove baseline scenario
1775,3,Specification — carbon quantification_Entity,Madagascar,2025-06-11,daily_state,ndc_balance,288.19,279.57,257.27,89.27,1.2998,index,simulated,PDI Synthetic Generator — Baseline,,AUBEB mangrove baseline scenario
1776,4,Certification — verification & registration_Entity,Guinea,2025-06-11,daily_state,ndc_balance,239.28,272.24,223.92,82.25,0.4132,index,simulated,PDI Synthetic Generator — Baseline,,AUBEB mangrove baseline scenario
1777,5,Commercialisation outward_Entity,Tanzania,2025-06-11,daily_state,ndc_balance,276.19,278.79,219.58,78.76,0.8686,index,simulated,PDI Synthetic Generator — Baseline,,AUBEB mangrove baseline scenario
1778,6,Capital return — Conservation Fund deployment_Entity,Benin,2025-06-11,daily_state,ndc_balance,269.89,275.47,257.49,93.47,0.8971,index,simulated,PDI Synthetic Generator — Baseline,,AUBEB mangrove baseline scenario
1779,7,Restoration specification — CBEMR design_Entity,Nigeria,2025-06-11,daily_state,ndc_balance,304.53,266.43,252.45,82.9,1.6631,index,simulated,PDI Synthetic Generator — Baseline,,AUBEB mangrove baseline scenario
1780,8,Community custodial co-management_Entity,Cameroon,2025-06-11,daily_state,ndc_balance,254.01,250.72,207.32,81.62,0.3508,index,simulated,PDI Synthetic Generator — Baseline,,AUBEB mangrove baseline scenario
1781,9,Physical recovery — active regeneration_Entity,Mozambique,2025-06-11,daily_state,ndc_balance,245.29,244.32,246.24,100.39,2.9833,index,simulated,PDI Synthetic Generator — Baseline,,AUBEB mangrove baseline scenario
1782,10,Verified restoration — sustained blue economy asset_Entity,Madagascar,2025-06-11,daily_state,ndc_balance,276.75,276.05,236.38,85.41,1.0535,index,simulated,PDI Synthetic Generator — Baseline,,AUBEB mangrove baseline scenario
1783,0,Pre-commercial: degraded ecosystem_Entity,Nigeria,2025-06-12,daily_state,ndc_balance,211.17,193.05,151.52,71.75,1.3073,index,simulated,PDI Synthetic Generator — Baseline,,AUBEB mangrove baseline scenario
1784,1,Custodial formalisation_Entity,Cameroon,2025-06-12,daily_state,ndc_balance,212.09,261.34,246.16,94.19,0.2675,index,simulated,PDI Synthetic Generator — Baseline,,AUBEB mangrove baseline scenario
1785,2,Data extraction — baseline remote sensing_Entity,Mozambique,2025-06-12,daily_state,ndc_balance,272.11,264.4,220.22,80.93,0.8688,index,simulated,PDI Synthetic Generator — Baseline,,AUBEB mangrove baseline scenario
1786,3,Specification — carbon quantification_Entity,Madagascar,2025-06-12,daily_state,ndc_balance,261.46,258.27,274.53,105.0,2.0726,index,simulated,PDI Synthetic Generator — Baseline,,AUBEB mangrove baseline scenario
1787,4,Certification — verification & registration_Entity,Guinea,2025-06-12,daily_state,ndc_balance,255.25,271.68,236.75,87.14,0.8442,index,simulated,PDI Synthetic Generator — Baseline,,AUBEB mangrove baseline scenario
1788,5,Commercialisation outward_Entity,Tanzania,2025-06-12,daily_state,ndc_balance,239.97,265.38,237.38,89.45,0.5417,index,simulated,PDI Synthetic Generator — Baseline,,AUBEB mangrove baseline scenario
1789,6,Capital return — Conservation Fund deployment_Entity,Benin,2025-06-12,daily_state,ndc_balance,248.16,267.41,211.83,79.22,1.8104,index,simulated,PDI Synthetic Generator — Baseline,,AUBEB mangrove baseline scenario
1790,7,Restoration specification — CBEMR design_Entity,Nigeria,2025-06-12,daily_state,ndc_balance,289.56,261.72,272.82,94.22,1.0876,index,simulated,PDI Synthetic Generator — Baseline,,AUBEB mangrove baseline scenario
1791,8,Community custodial co-management_Entity,Cameroon,2025-06-12,daily_state,ndc_balance,234.31,281.61,187.55,66.6,1.3103,index,simulated,PDI Synthetic Generator — Baseline,,AUBEB mangrove baseline scenario
1792,9,Physical recovery — active regeneration_Entity,Mozambique,2025-06-12,daily_state,ndc_balance,255.33,242.86,246.01,96.35,1.7812,index,simulated,PDI Synthetic Generator — Baseline,,AUBEB mangrove baseline scenario
1793,10,Verified restoration — sustained blue economy asset_Entity,Madagascar,2025-06-12,daily_state,ndc_balance,305.65,274.49,254.41,83.24,1.0992,index,simulated,PDI Synthetic Generator — Baseline,,AUBEB mangrove baseline scenario
1794,0,Pre-commercial: degraded ecosystem_Entity,Nigeria,2025-06-13,daily_state,ndc_balance,199.39,214.6,134.61,62.73,0.557,index,simulated,PDI Synthetic Generator — Baseline,,AUBEB mangrove baseline scenario
1795,1,Custodial formalisation_Entity,Cameroon,2025-06-13,daily_state,ndc_balance,227.69,256.44,214.24,83.54,1.6931,index,simulated,PDI Synthetic Generator — Baseline,,AUBEB mangrove baseline scenario
1796,2,Data extraction — baseline remote sensing_Entity,Mozambique,2025-06-13,daily_state,ndc_balance,236.97,268.12,238.28,88.87,0.3029,index,simulated,PDI Synthetic Generator — Baseline,,AUBEB mangrove baseline scenario
1797,3,Specification — carbon quantification_Entity,Madagascar,2025-06-13,daily_state,ndc_balance,292.36,250.81,250.25,85.6,1.8277,index,simulated,PDI Synthetic Generator — Baseline,,AUBEB mangrove baseline scenario
1798,4,Certification — verification & registration_Entity,Guinea,2025-06-13,daily_state,ndc_balance,247.15,279.19,226.12,80.99,0.5106,index,simulated,PDI Synthetic Generator — Baseline,,AUBEB mangrove baseline scenario
1799,5,Commercialisation outward_Entity,Tanzania,2025-06-13,daily_state,ndc_balance,262.72,246.94,248.56,94.61,2.5313,index,simulated,PDI Synthetic Generator — Baseline,,AUBEB mangrove baseline scenario
1800,6,Capital return — Conservation Fund deployment_Entity,Benin,2025-06-13,daily_state,ndc_balance,260.92,261.14,232.32,88.96,0.2797,index,simulated,PDI Synthetic Generator — Baseline,,AUBEB mangrove baseline scenario
1801,7,Restoration specification — CBEMR design_Entity,Nigeria,2025-06-13,daily_state,ndc_balance,272.63,308.11,247.88,80.45,1.2662,index,simulated,PDI Synthetic Generator — Baseline,,AUBEB mangrove baseline scenario
1802,8,Community custodial co-management_Entity,Cameroon,2025-06-13,daily_state,ndc_balance,240.79,247.99,213.67,86.16,0.6923,index,simulated,PDI Synthetic Generator — Baseline,,AUBEB mangrove baseline scenario
1803,9,Physical recovery — active regeneration_Entity,Mozambique,2025-06-13,daily_state,ndc_balance,237.65,252.56,227.18,89.95,1.7872,index,simulated,PDI Synthetic Generator — Baseline,,AUBEB mangrove baseline scenario
1804,10,Verified restoration — sustained blue economy asset_Entity,Madagascar,2025-06-13,daily_state,ndc_balance,315.73,274.74,264.78,83.86,1.7702,index,simulated,PDI Synthetic Generator — Baseline,,AUBEB mangrove baseline scenario
1805,0,Pre-commercial: degraded ecosystem_Entity,Nigeria,2025-06-14,daily_state,ndc_balance,180.75,214.72,132.98,61.93,0.6865,index,simulated,PDI Synthetic Generator — Baseline,,AUBEB mangrove baseline scenario
1806,1,Custodial formalisation_Entity,Cameroon,2025-06-14,daily_state,ndc_balance,205.75,260.69,199.07,76.36,1.2493,index,simulated,PDI Synthetic Generator — Baseline,,AUBEB mangrove baseline scenario
1807,2,Data extraction — baseline remote sensing_Entity,Mozambique,2025-06-14,daily_state,ndc_balance,250.82,269.61,246.7,91.5,0.8381,index,simulated,PDI Synthetic Generator — Baseline,,AUBEB mangrove baseline scenario
1808,3,Specification — carbon quantification_Entity,Madagascar,2025-06-14,daily_state,ndc_balance,284.45,261.37,252.28,88.69,1.3469,index,simulated,PDI Synthetic Generator — Baseline,,AUBEB mangrove baseline scenario
1809,4,Certification — verification & registration_Entity,Guinea,2025-06-14,daily_state,ndc_balance,262.05,261.57,218.61,83.42,1.5109,index,simulated,PDI Synthetic Generator — Baseline,,AUBEB mangrove baseline scenario
1810,5,Commercialisation outward_Entity,Tanzania,2025-06-14,daily_state,ndc_balance,216.43,259.8,230.81,88.84,1.4304,index,simulated,PDI Synthetic Generator — Baseline,,AUBEB mangrove baseline scenario
1811,6,Capital return — Conservation Fund deployment_Entity,Benin,2025-06-14,daily_state,ndc_balance,224.75,282.98,208.19,73.57,0.2382,index,simulated,PDI Synthetic Generator — Baseline,,AUBEB mangrove baseline scenario
1812,7,Restoration specification — CBEMR design_Entity,Nigeria,2025-06-14,daily_state,ndc_balance,248.85,288.1,245.96,85.37,2.1769,index,simulated,PDI Synthetic Generator — Baseline,,AUBEB mangrove baseline scenario
1813,8,Community custodial co-management_Entity,Cameroon,2025-06-14,daily_state,ndc_balance,232.78,278.93,185.11,66.36,1.0347,index,simulated,PDI Synthetic Generator — Baseline,,AUBEB mangrove baseline scenario
1814,9,Physical recovery — active regeneration_Entity,Mozambique,2025-06-14,daily_state,ndc_balance,254.98,260.03,226.35,87.05,0.7959,index,simulated,PDI Synthetic Generator — Baseline,,AUBEB mangrove baseline scenario
1815,10,Verified restoration — sustained blue economy asset_Entity,Madagascar,2025-06-14,daily_state,ndc_balance,263.93,280.58,265.06,94.47,0.4649,index,simulated,PDI Synthetic Generator — Baseline,,AUBEB mangrove baseline scenario
1816,0,Pre-commercial: degraded ecosystem_Entity,Nigeria,2025-06-15,daily_state,ndc_balance,200.26,197.55,141.16,70.49,1.1384,index,simulated,PDI Synthetic Generator — Baseline,,AUBEB mangrove baseline scenario
1817,1,Custodial formalisation_Entity,Cameroon,2025-06-15,daily_state,ndc_balance,225.23,269.65,221.65,82.2,0.5028,index,simulated,PDI Synthetic Generator — Baseline,,AUBEB mangrove baseline scenario
1818,2,Data extraction — baseline remote sensing_Entity,Mozambique,2025-06-15,daily_state,ndc_balance,261.25,263.47,261.97,99.43,0.5548,index,simulated,PDI Synthetic Generator — Baseline,,AUBEB mangrove baseline scenario
1819,3,Specification — carbon quantification_Entity,Madagascar,2025-06-15,daily_state,ndc_balance,249.72,275.72,238.92,86.65,0.903,index,simulated,PDI Synthetic Generator — Baseline,,AUBEB mangrove baseline scenario
1820,4,Certification — verification & registration_Entity,Guinea,2025-06-15,daily_state,ndc_balance,247.98,271.98,244.82,90.01,0.7645,index,simulated,PDI Synthetic Generator — Baseline,,AUBEB mangrove baseline scenario
1821,5,Commercialisation outward_Entity,Tanzania,2025-06-15,daily_state,ndc_balance,257.18,276.6,220.54,79.73,1.8103,index,simulated,PDI Synthetic Generator — Baseline,,AUBEB mangrove baseline scenario
1822,6,Capital return — Conservation Fund deployment_Entity,Benin,2025-06-15,daily_state,ndc_balance,284.0,275.65,210.15,74.0,1.2939,index,simulated,PDI Synthetic Generator — Baseline,,AUBEB mangrove baseline scenario
1823,7,Restoration specification — CBEMR design_Entity,Nigeria,2025-06-15,daily_state,ndc_balance,264.41,256.79,256.6,97.05,0.3673,index,simulated,PDI Synthetic Generator — Baseline,,AUBEB mangrove baseline scenario
1824,8,Community custodial co-management_Entity,Cameroon,2025-06-15,daily_state,ndc_balance,238.57,244.46,217.04,88.78,0.3749,index,simulated,PDI Synthetic Generator — Baseline,,AUBEB mangrove baseline scenario
1825,9,Physical recovery — active regeneration_Entity,Mozambique,2025-06-15,daily_state,ndc_balance,275.59,276.36,221.94,80.31,1.2839,index,simulated,PDI Synthetic Generator — Baseline,,AUBEB mangrove baseline scenario
1826,10,Verified restoration — sustained blue economy asset_Entity,Madagascar,2025-06-15,daily_state,ndc_balance,285.08,294.49,264.25,89.73,1.4574,index,simulated,PDI Synthetic Generator — Baseline,,AUBEB mangrove baseline scenario
1827,0,Pre-commercial: degraded ecosystem_Entity,Nigeria,2025-06-16,daily_state,ndc_balance,196.72,211.3,153.73,72.75,0.492,index,simulated,PDI Synthetic Generator — Baseline,,AUBEB mangrove baseline scenario
1828,1,Custodial formalisation_Entity,Cameroon,2025-06-16,daily_state,ndc_balance,224.03,252.58,202.01,79.98,0.2102,index,simulated,PDI Synthetic Generator — Baseline,,AUBEB mangrove baseline scenario
1829,2,Data extraction — baseline remote sensing_Entity,Mozambique,2025-06-16,daily_state,ndc_balance,235.61,291.37,257.76,88.46,0.9524,index,simulated,PDI Synthetic Generator — Baseline,,AUBEB mangrove baseline scenario
1830,3,Specification — carbon quantification_Entity,Madagascar,2025-06-16,daily_state,ndc_balance,264.01,298.36,246.7,82.69,1.0433,index,simulated,PDI Synthetic Generator — Baseline,,AUBEB mangrove baseline scenario
1831,4,Certification — verification & registration_Entity,Guinea,2025-06-16,daily_state,ndc_balance,255.19,281.41,253.34,90.03,0.3909,index,simulated,PDI Synthetic Generator — Baseline,,AUBEB mangrove baseline scenario
1832,5,Commercialisation outward_Entity,Tanzania,2025-06-16,daily_state,ndc_balance,272.62,274.62,224.11,81.61,1.2305,index,simulated,PDI Synthetic Generator — Baseline,,AUBEB mangrove baseline scenario
1833,6,Capital return — Conservation Fund deployment_Entity,Benin,2025-06-16,daily_state,ndc_balance,252.2,262.46,209.6,79.86,0.9569,index,simulated,PDI Synthetic Generator — Baseline,,AUBEB mangrove baseline scenario
1834,7,Restoration specification — CBEMR design_Entity,Nigeria,2025-06-16,daily_state,ndc_balance,292.85,273.25,278.98,95.26,0.4205,index,simulated,PDI Synthetic Generator — Baseline,,AUBEB mangrove baseline scenario
1835,8,Community custodial co-management_Entity,Cameroon,2025-06-16,daily_state,ndc_balance,230.28,271.22,215.08,79.3,0.717,index,simulated,PDI Synthetic Generator — Baseline,,AUBEB mangrove baseline scenario
1836,9,Physical recovery — active regeneration_Entity,Mozambique,2025-06-16,daily_state,ndc_balance,245.66,271.63,217.05,79.91,0.4457,index,simulated,PDI Synthetic Generator — Baseline,,AUBEB mangrove baseline scenario
1837,10,Verified restoration — sustained blue economy asset_Entity,Madagascar,2025-06-16,daily_state,ndc_balance,274.45,285.95,253.68,88.71,1.4823,index,simulated,PDI Synthetic Generator — Baseline,,AUBEB mangrove baseline scenario
1838,0,Pre-commercial: degraded ecosystem_Entity,Nigeria,2025-06-17,daily_state,ndc_balance,201.12,198.2,139.36,69.29,0.8014,index,simulated,PDI Synthetic Generator — Baseline,,AUBEB mangrove baseline scenario
1839,1,Custodial formalisation_Entity,Cameroon,2025-06-17,daily_state,ndc_balance,224.83,244.23,205.56,84.17,0.5958,index,simulated,PDI Synthetic Generator — Baseline,,AUBEB mangrove baseline scenario
1840,2,Data extraction — baseline remote sensing_Entity,Mozambique,2025-06-17,daily_state,ndc_balance,260.76,296.02,229.09,77.39,0.732,index,simulated,PDI Synthetic Generator — Baseline,,AUBEB mangrove baseline scenario
1841,3,Specification — carbon quantification_Entity,Madagascar,2025-06-17,daily_state,ndc_balance,267.23,250.13,277.73,103.93,1.2898,index,simulated,PDI Synthetic Generator — Baseline,,AUBEB mangrove baseline scenario
1842,4,Certification — verification & registration_Entity,Guinea,2025-06-17,daily_state,ndc_balance,257.61,235.07,220.65,85.65,1.4405,index,simulated,PDI Synthetic Generator — Baseline,,AUBEB mangrove baseline scenario
1843,5,Commercialisation outward_Entity,Tanzania,2025-06-17,daily_state,ndc_balance,251.9,276.75,209.34,75.64,0.2368,index,simulated,PDI Synthetic Generator — Baseline,,AUBEB mangrove baseline scenario
1844,6,Capital return — Conservation Fund deployment_Entity,Benin,2025-06-17,daily_state,ndc_balance,267.8,272.27,230.16,84.53,0.6447,index,simulated,PDI Synthetic Generator — Baseline,,AUBEB mangrove baseline scenario
1845,7,Restoration specification — CBEMR design_Entity,Nigeria,2025-06-17,daily_state,ndc_balance,282.9,294.65,253.7,86.1,2.1292,index,simulated,PDI Synthetic Generator — Baseline,,AUBEB mangrove baseline scenario
1846,8,Community custodial co-management_Entity,Cameroon,2025-06-17,daily_state,ndc_balance,259.01,243.64,212.83,82.17,0.5769,index,simulated,PDI Synthetic Generator — Baseline,,AUBEB mangrove baseline scenario
1847,9,Physical recovery — active regeneration_Entity,Mozambique,2025-06-17,daily_state,ndc_balance,270.4,293.97,229.44,78.05,0.2321,index,simulated,PDI Synthetic Generator — Baseline,,AUBEB mangrove baseline scenario
1848,10,Verified restoration — sustained blue economy asset_Entity,Madagascar,2025-06-17,daily_state,ndc_balance,284.99,282.13,263.4,92.42,0.7046,index,simulated,PDI Synthetic Generator — Baseline,,AUBEB mangrove baseline scenario
1849,0,Pre-commercial: degraded ecosystem_Entity,Nigeria,2025-06-18,daily_state,ndc_balance,182.45,189.52,144.01,75.99,0.4816,index,simulated,PDI Synthetic Generator — Baseline,,AUBEB mangrove baseline scenario
1850,1,Custodial formalisation_Entity,Cameroon,2025-06-18,daily_state,ndc_balance,212.85,287.58,236.64,82.29,1.5173,index,simulated,PDI Synthetic Generator — Baseline,,AUBEB mangrove baseline scenario
1851,2,Data extraction — baseline remote sensing_Entity,Mozambique,2025-06-18,daily_state,ndc_balance,245.55,289.54,244.32,84.38,1.834,index,simulated,PDI Synthetic Generator — Baseline,,AUBEB mangrove baseline scenario
1852,3,Specification — carbon quantification_Entity,Madagascar,2025-06-18,daily_state,ndc_balance,283.15,274.85,255.31,90.17,1.731,index,simulated,PDI Synthetic Generator — Baseline,,AUBEB mangrove baseline scenario
1853,4,Certification — verification & registration_Entity,Guinea,2025-06-18,daily_state,ndc_balance,240.12,291.8,263.68,90.36,0.9176,index,simulated,PDI Synthetic Generator — Baseline,,AUBEB mangrove baseline scenario
1854,5,Commercialisation outward_Entity,Tanzania,2025-06-18,daily_state,ndc_balance,283.49,273.84,258.41,91.15,1.732,index,simulated,PDI Synthetic Generator — Baseline,,AUBEB mangrove baseline scenario
1855,6,Capital return — Conservation Fund deployment_Entity,Benin,2025-06-18,daily_state,ndc_balance,299.98,255.79,257.38,85.8,1.9667,index,simulated,PDI Synthetic Generator — Baseline,,AUBEB mangrove baseline scenario
1856,7,Restoration specification — CBEMR design_Entity,Nigeria,2025-06-18,daily_state,ndc_balance,279.5,280.36,255.37,91.09,2.3191,index,simulated,PDI Synthetic Generator — Baseline,,AUBEB mangrove baseline scenario
1857,8,Community custodial co-management_Entity,Cameroon,2025-06-18,daily_state,ndc_balance,238.57,246.38,187.79,76.22,1.1147,index,simulated,PDI Synthetic Generator — Baseline,,AUBEB mangrove baseline scenario
1858,9,Physical recovery — active regeneration_Entity,Mozambique,2025-06-18,daily_state,ndc_balance,262.14,263.21,231.49,87.95,0.3285,index,simulated,PDI Synthetic Generator — Baseline,,AUBEB mangrove baseline scenario
1859,10,Verified restoration — sustained blue economy asset_Entity,Madagascar,2025-06-18,daily_state,ndc_balance,271.89,264.96,228.65,84.1,0.8379,index,simulated,PDI Synthetic Generator — Baseline,,AUBEB mangrove baseline scenario
1860,0,Pre-commercial: degraded ecosystem_Entity,Nigeria,2025-06-19,daily_state,ndc_balance,195.32,220.2,146.99,66.75,1.1838,index,simulated,PDI Synthetic Generator — Baseline,,AUBEB mangrove baseline scenario
1861,1,Custodial formalisation_Entity,Cameroon,2025-06-19,daily_state,ndc_balance,231.91,237.54,219.6,92.45,0.4443,index,simulated,PDI Synthetic Generator — Baseline,,AUBEB mangrove baseline scenario
1862,2,Data extraction — baseline remote sensing_Entity,Mozambique,2025-06-19,daily_state,ndc_balance,249.08,248.32,246.94,99.14,0.467,index,simulated,PDI Synthetic Generator — Baseline,,AUBEB mangrove baseline scenario
1863,3,Specification — carbon quantification_Entity,Madagascar,2025-06-19,daily_state,ndc_balance,252.01,270.53,245.73,90.83,1.3582,index,simulated,PDI Synthetic Generator — Baseline,,AUBEB mangrove baseline scenario
1864,4,Certification — verification & registration_Entity,Guinea,2025-06-19,daily_state,ndc_balance,245.29,257.98,240.8,93.34,1.1409,index,simulated,PDI Synthetic Generator — Baseline,,AUBEB mangrove baseline scenario
1865,5,Commercialisation outward_Entity,Tanzania,2025-06-19,daily_state,ndc_balance,251.55,247.68,221.95,88.23,1.0763,index,simulated,PDI Synthetic Generator — Baseline,,AUBEB mangrove baseline scenario
1866,6,Capital return — Conservation Fund deployment_Entity,Benin,2025-06-19,daily_state,ndc_balance,260.4,291.02,220.35,75.72,0.2286,index,simulated,PDI Synthetic Generator — Baseline,,AUBEB mangrove baseline scenario
1867,7,Restoration specification — CBEMR design_Entity,Nigeria,2025-06-19,daily_state,ndc_balance,282.15,282.79,261.91,92.62,0.966,index,simulated,PDI Synthetic Generator — Baseline,,AUBEB mangrove baseline scenario
1868,8,Community custodial co-management_Entity,Cameroon,2025-06-19,daily_state,ndc_balance,225.23,271.3,186.15,68.61,1.3304,index,simulated,PDI Synthetic Generator — Baseline,,AUBEB mangrove baseline scenario
1869,9,Physical recovery — active regeneration_Entity,Mozambique,2025-06-19,daily_state,ndc_balance,238.55,265.6,236.89,89.19,1.1934,index,simulated,PDI Synthetic Generator — Baseline,,AUBEB mangrove baseline scenario
1870,10,Verified restoration — sustained blue economy asset_Entity,Madagascar,2025-06-19,daily_state,ndc_balance,285.26,259.12,271.27,95.1,1.4073,index,simulated,PDI Synthetic Generator — Baseline,,AUBEB mangrove baseline scenario
1871,0,Pre-commercial: degraded ecosystem_Entity,Nigeria,2025-06-20,daily_state,ndc_balance,190.84,191.28,133.44,69.76,1.2031,index,simulated,PDI Synthetic Generator — Baseline,,AUBEB mangrove baseline scenario
1872,1,Custodial formalisation_Entity,Cameroon,2025-06-20,daily_state,ndc_balance,214.64,265.45,224.45,84.55,0.5611,index,simulated,PDI Synthetic Generator — Baseline,,AUBEB mangrove baseline scenario
1873,2,Data extraction — baseline remote sensing_Entity,Mozambique,2025-06-20,daily_state,ndc_balance,258.25,295.38,239.17,80.97,1.6882,index,simulated,PDI Synthetic Generator — Baseline,,AUBEB mangrove baseline scenario
1874,3,Specification — carbon quantification_Entity,Madagascar,2025-06-20,daily_state,ndc_balance,285.39,248.63,255.22,89.43,1.9369,index,simulated,PDI Synthetic Generator — Baseline,,AUBEB mangrove baseline scenario
1875,4,Certification — verification & registration_Entity,Guinea,2025-06-20,daily_state,ndc_balance,266.36,268.69,241.6,89.92,0.6798,index,simulated,PDI Synthetic Generator — Baseline,,AUBEB mangrove baseline scenario
1876,5,Commercialisation outward_Entity,Tanzania,2025-06-20,daily_state,ndc_balance,261.89,276.8,244.8,88.44,0.8739,index,simulated,PDI Synthetic Generator — Baseline,,AUBEB mangrove baseline scenario
1877,6,Capital return — Conservation Fund deployment_Entity,Benin,2025-06-20,daily_state,ndc_balance,269.48,249.31,225.71,83.76,2.1008,index,simulated,PDI Synthetic Generator — Baseline,,AUBEB mangrove baseline scenario
1878,7,Restoration specification — CBEMR design_Entity,Nigeria,2025-06-20,daily_state,ndc_balance,305.96,299.27,251.75,82.28,1.5555,index,simulated,PDI Synthetic Generator — Baseline,,AUBEB mangrove baseline scenario
1879,8,Community custodial co-management_Entity,Cameroon,2025-06-20,daily_state,ndc_balance,237.58,254.95,189.31,74.25,1.3312,index,simulated,PDI Synthetic Generator — Baseline,,AUBEB mangrove baseline scenario
1880,9,Physical recovery — active regeneration_Entity,Mozambique,2025-06-20,daily_state,ndc_balance,278.76,239.31,241.11,86.49,1.3959,index,simulated,PDI Synthetic Generator — Baseline,,AUBEB mangrove baseline scenario
1881,10,Verified restoration — sustained blue economy asset_Entity,Madagascar,2025-06-20,daily_state,ndc_balance,269.36,256.72,229.19,85.09,0.509,index,simulated,PDI Synthetic Generator — Baseline,,AUBEB mangrove baseline scenario
1882,0,Pre-commercial: degraded ecosystem_Entity,Nigeria,2025-06-21,daily_state,ndc_balance,198.39,193.11,145.67,73.43,1.2522,index,simulated,PDI Synthetic Generator — Baseline,,AUBEB mangrove baseline scenario
1883,1,Custodial formalisation_Entity,Cameroon,2025-06-21,daily_state,ndc_balance,196.88,275.14,217.82,79.17,1.4107,index,simulated,PDI Synthetic Generator — Baseline,,AUBEB mangrove baseline scenario
1884,2,Data extraction — baseline remote sensing_Entity,Mozambique,2025-06-21,daily_state,ndc_balance,230.8,243.93,249.2,102.16,1.1953,index,simulated,PDI Synthetic Generator — Baseline,,AUBEB mangrove baseline scenario
1885,3,Specification — carbon quantification_Entity,Madagascar,2025-06-21,daily_state,ndc_balance,290.97,297.88,253.6,85.13,1.098,index,simulated,PDI Synthetic Generator — Baseline,,AUBEB mangrove baseline scenario
1886,4,Certification — verification & registration_Entity,Guinea,2025-06-21,daily_state,ndc_balance,249.87,257.24,233.03,90.59,1.5258,index,simulated,PDI Synthetic Generator — Baseline,,AUBEB mangrove baseline scenario
1887,5,Commercialisation outward_Entity,Tanzania,2025-06-21,daily_state,ndc_balance,285.87,300.23,258.45,86.08,1.8916,index,simulated,PDI Synthetic Generator — Baseline,,AUBEB mangrove baseline scenario
1888,6,Capital return — Conservation Fund deployment_Entity,Benin,2025-06-21,daily_state,ndc_balance,261.73,262.9,241.1,91.71,1.8095,index,simulated,PDI Synthetic Generator — Baseline,,AUBEB mangrove baseline scenario
1889,7,Restoration specification — CBEMR design_Entity,Nigeria,2025-06-21,daily_state,ndc_balance,256.04,288.17,238.94,82.92,0.2494,index,simulated,PDI Synthetic Generator — Baseline,,AUBEB mangrove baseline scenario
1890,8,Community custodial co-management_Entity,Cameroon,2025-06-21,daily_state,ndc_balance,233.06,263.65,170.08,64.51,0.2975,index,simulated,PDI Synthetic Generator — Baseline,,AUBEB mangrove baseline scenario
1891,9,Physical recovery — active regeneration_Entity,Mozambique,2025-06-21,daily_state,ndc_balance,264.94,248.03,219.98,83.03,1.3382,index,simulated,PDI Synthetic Generator — Baseline,,AUBEB mangrove baseline scenario
1892,10,Verified restoration — sustained blue economy asset_Entity,Madagascar,2025-06-21,daily_state,ndc_balance,263.37,302.64,223.21,73.75,0.4631,index,simulated,PDI Synthetic Generator — Baseline,,AUBEB mangrove baseline scenario
1893,0,Pre-commercial: degraded ecosystem_Entity,Nigeria,2025-06-22,daily_state,ndc_balance,188.53,209.41,143.54,68.54,0.8634,index,simulated,PDI Synthetic Generator — Baseline,,AUBEB mangrove baseline scenario
1894,1,Custodial formalisation_Entity,Cameroon,2025-06-22,daily_state,ndc_balance,217.65,238.96,221.13,92.54,0.4725,index,simulated,PDI Synthetic Generator — Baseline,,AUBEB mangrove baseline scenario
1895,2,Data extraction — baseline remote sensing_Entity,Mozambique,2025-06-22,daily_state,ndc_balance,271.45,284.62,264.83,93.05,1.4019,index,simulated,PDI Synthetic Generator — Baseline,,AUBEB mangrove baseline scenario
1896,3,Specification — carbon quantification_Entity,Madagascar,2025-06-22,daily_state,ndc_balance,285.14,274.4,262.4,92.02,2.456,index,simulated,PDI Synthetic Generator — Baseline,,AUBEB mangrove baseline scenario
1897,4,Certification — verification & registration_Entity,Guinea,2025-06-22,daily_state,ndc_balance,257.6,283.62,235.07,82.88,0.3126,index,simulated,PDI Synthetic Generator — Baseline,,AUBEB mangrove baseline scenario
1898,5,Commercialisation outward_Entity,Tanzania,2025-06-22,daily_state,ndc_balance,254.99,262.05,232.0,88.53,2.0545,index,simulated,PDI Synthetic Generator — Baseline,,AUBEB mangrove baseline scenario
1899,6,Capital return — Conservation Fund deployment_Entity,Benin,2025-06-22,daily_state,ndc_balance,252.27,277.07,242.08,87.37,1.2147,index,simulated,PDI Synthetic Generator — Baseline,,AUBEB mangrove baseline scenario
1900,7,Restoration specification — CBEMR design_Entity,Nigeria,2025-06-22,daily_state,ndc_balance,293.35,308.92,267.77,86.68,1.9816,index,simulated,PDI Synthetic Generator — Baseline,,AUBEB mangrove baseline scenario
1901,8,Community custodial co-management_Entity,Cameroon,2025-06-22,daily_state,ndc_balance,242.58,263.6,179.16,67.97,0.7308,index,simulated,PDI Synthetic Generator — Baseline,,AUBEB mangrove baseline scenario
1902,9,Physical recovery — active regeneration_Entity,Mozambique,2025-06-22,daily_state,ndc_balance,261.83,223.55,212.94,81.33,1.2476,index,simulated,PDI Synthetic Generator — Baseline,,AUBEB mangrove baseline scenario
1903,10,Verified restoration — sustained blue economy asset_Entity,Madagascar,2025-06-22,daily_state,ndc_balance,254.47,271.61,254.7,93.77,0.6026,index,simulated,PDI Synthetic Generator — Baseline,,AUBEB mangrove baseline scenario
1904,0,Pre-commercial: degraded ecosystem_Entity,Nigeria,2025-06-23,daily_state,ndc_balance,201.45,211.15,145.36,68.84,1.1755,index,simulated,PDI Synthetic Generator — Baseline,,AUBEB mangrove baseline scenario
1905,1,Custodial formalisation_Entity,Cameroon,2025-06-23,daily_state,ndc_balance,184.43,266.2,223.3,83.88,1.3057,index,simulated,PDI Synthetic Generator — Baseline,,AUBEB mangrove baseline scenario
1906,2,Data extraction — baseline remote sensing_Entity,Mozambique,2025-06-23,daily_state,ndc_balance,244.26,270.93,231.02,85.27,1.9476,index,simulated,PDI Synthetic Generator — Baseline,,AUBEB mangrove baseline scenario
1907,3,Specification — carbon quantification_Entity,Madagascar,2025-06-23,daily_state,ndc_balance,254.9,278.87,253.91,91.05,1.6208,index,simulated,PDI Synthetic Generator — Baseline,,AUBEB mangrove baseline scenario
1908,4,Certification — verification & registration_Entity,Guinea,2025-06-23,daily_state,ndc_balance,247.27,275.73,229.76,83.33,0.6754,index,simulated,PDI Synthetic Generator — Baseline,,AUBEB mangrove baseline scenario
1909,5,Commercialisation outward_Entity,Tanzania,2025-06-23,daily_state,ndc_balance,280.51,256.4,203.33,72.49,0.4179,index,simulated,PDI Synthetic Generator — Baseline,,AUBEB mangrove baseline scenario
1910,6,Capital return — Conservation Fund deployment_Entity,Benin,2025-06-23,daily_state,ndc_balance,268.98,257.17,223.26,83.0,1.9658,index,simulated,PDI Synthetic Generator — Baseline,,AUBEB mangrove baseline scenario
1911,7,Restoration specification — CBEMR design_Entity,Nigeria,2025-06-23,daily_state,ndc_balance,282.2,304.93,248.83,81.6,0.7246,index,simulated,PDI Synthetic Generator — Baseline,,AUBEB mangrove baseline scenario
1912,8,Community custodial co-management_Entity,Cameroon,2025-06-23,daily_state,ndc_balance,255.69,276.56,186.86,67.57,1.0274,index,simulated,PDI Synthetic Generator — Baseline,,AUBEB mangrove baseline scenario
1913,9,Physical recovery — active regeneration_Entity,Mozambique,2025-06-23,daily_state,ndc_balance,255.6,269.26,250.72,93.11,2.5901,index,simulated,PDI Synthetic Generator — Baseline,,AUBEB mangrove baseline scenario
1914,10,Verified restoration — sustained blue economy asset_Entity,Madagascar,2025-06-23,daily_state,ndc_balance,278.98,278.82,258.34,92.6,2.032,index,simulated,PDI Synthetic Generator — Baseline,,AUBEB mangrove baseline scenario
1915,0,Pre-commercial: degraded ecosystem_Entity,Nigeria,2025-06-24,daily_state,ndc_balance,193.96,211.67,141.82,67.0,0.6948,index,simulated,PDI Synthetic Generator — Baseline,,AUBEB mangrove baseline scenario
1916,1,Custodial formalisation_Entity,Cameroon,2025-06-24,daily_state,ndc_balance,227.11,294.52,221.74,75.29,1.3175,index,simulated,PDI Synthetic Generator — Baseline,,AUBEB mangrove baseline scenario
1917,2,Data extraction — baseline remote sensing_Entity,Mozambique,2025-06-24,daily_state,ndc_balance,237.34,290.35,252.04,86.81,0.2479,index,simulated,PDI Synthetic Generator — Baseline,,AUBEB mangrove baseline scenario
1918,3,Specification — carbon quantification_Entity,Madagascar,2025-06-24,daily_state,ndc_balance,266.71,299.37,279.71,93.43,1.0329,index,simulated,PDI Synthetic Generator — Baseline,,AUBEB mangrove baseline scenario
1919,4,Certification — verification & registration_Entity,Guinea,2025-06-24,daily_state,ndc_balance,259.85,253.21,254.38,97.89,0.9144,index,simulated,PDI Synthetic Generator — Baseline,,AUBEB mangrove baseline scenario
1920,5,Commercialisation outward_Entity,Tanzania,2025-06-24,daily_state,ndc_balance,268.18,280.53,230.63,82.21,1.7,index,simulated,PDI Synthetic Generator — Baseline,,AUBEB mangrove baseline scenario
1921,6,Capital return — Conservation Fund deployment_Entity,Benin,2025-06-24,daily_state,ndc_balance,265.19,263.63,235.28,88.72,0.8613,index,simulated,PDI Synthetic Generator — Baseline,,AUBEB mangrove baseline scenario
1922,7,Restoration specification — CBEMR design_Entity,Nigeria,2025-06-24,daily_state,ndc_balance,280.88,256.13,248.75,88.56,0.3996,index,simulated,PDI Synthetic Generator — Baseline,,AUBEB mangrove baseline scenario
1923,8,Community custodial co-management_Entity,Cameroon,2025-06-24,daily_state,ndc_balance,237.82,232.98,202.31,85.07,0.6405,index,simulated,PDI Synthetic Generator — Baseline,,AUBEB mangrove baseline scenario
1924,9,Physical recovery — active regeneration_Entity,Mozambique,2025-06-24,daily_state,ndc_balance,263.7,274.14,237.5,86.63,0.6632,index,simulated,PDI Synthetic Generator — Baseline,,AUBEB mangrove baseline scenario
1925,10,Verified restoration — sustained blue economy asset_Entity,Madagascar,2025-06-24,daily_state,ndc_balance,269.5,242.66,263.26,97.68,2.132,index,simulated,PDI Synthetic Generator — Baseline,,AUBEB mangrove baseline scenario
1926,0,Pre-commercial: degraded ecosystem_Entity,Nigeria,2025-06-25,daily_state,ndc_balance,184.09,209.53,136.89,65.33,0.4834,index,simulated,PDI Synthetic Generator — Baseline,,AUBEB mangrove baseline scenario
1927,1,Custodial formalisation_Entity,Cameroon,2025-06-25,daily_state,ndc_balance,213.16,272.51,216.06,79.29,1.765,index,simulated,PDI Synthetic Generator — Baseline,,AUBEB mangrove baseline scenario
1928,2,Data extraction — baseline remote sensing_Entity,Mozambique,2025-06-25,daily_state,ndc_balance,230.04,263.5,250.63,95.12,0.4946,index,simulated,PDI Synthetic Generator — Baseline,,AUBEB mangrove baseline scenario
1929,3,Specification — carbon quantification_Entity,Madagascar,2025-06-25,daily_state,ndc_balance,235.4,295.23,251.76,85.28,1.5316,index,simulated,PDI Synthetic Generator — Baseline,,AUBEB mangrove baseline scenario
1930,4,Certification — verification & registration_Entity,Guinea,2025-06-25,daily_state,ndc_balance,268.7,278.21,267.04,95.99,2.2588,index,simulated,PDI Synthetic Generator — Baseline,,AUBEB mangrove baseline scenario
1931,5,Commercialisation outward_Entity,Tanzania,2025-06-25,daily_state,ndc_balance,264.58,263.34,240.22,90.79,0.487,index,simulated,PDI Synthetic Generator — Baseline,,AUBEB mangrove baseline scenario
1932,6,Capital return — Conservation Fund deployment_Entity,Benin,2025-06-25,daily_state,ndc_balance,274.02,262.23,244.62,89.27,0.6469,index,simulated,PDI Synthetic Generator — Baseline,,AUBEB mangrove baseline scenario
1933,7,Restoration specification — CBEMR design_Entity,Nigeria,2025-06-25,daily_state,ndc_balance,285.59,291.65,259.11,88.84,0.6924,index,simulated,PDI Synthetic Generator — Baseline,,AUBEB mangrove baseline scenario
1934,8,Community custodial co-management_Entity,Cameroon,2025-06-25,daily_state,ndc_balance,233.31,250.11,201.69,80.64,0.9012,index,simulated,PDI Synthetic Generator — Baseline,,AUBEB mangrove baseline scenario
1935,9,Physical recovery — active regeneration_Entity,Mozambique,2025-06-25,daily_state,ndc_balance,245.93,265.73,228.01,85.81,1.8412,index,simulated,PDI Synthetic Generator — Baseline,,AUBEB mangrove baseline scenario
1936,10,Verified restoration — sustained blue economy asset_Entity,Madagascar,2025-06-25,daily_state,ndc_balance,281.59,262.79,243.13,86.34,0.3592,index,simulated,PDI Synthetic Generator — Baseline,,AUBEB mangrove baseline scenario
1937,0,Pre-commercial: degraded ecosystem_Entity,Nigeria,2025-06-26,daily_state,ndc_balance,202.0,209.97,122.21,58.2,0.1948,index,simulated,PDI Synthetic Generator — Baseline,,AUBEB mangrove baseline scenario
1938,1,Custodial formalisation_Entity,Cameroon,2025-06-26,daily_state,ndc_balance,190.85,223.46,204.21,91.39,2.1682,index,simulated,PDI Synthetic Generator — Baseline,,AUBEB mangrove baseline scenario
1939,2,Data extraction — baseline remote sensing_Entity,Mozambique,2025-06-26,daily_state,ndc_balance,274.39,308.33,209.68,68.01,1.0082,index,simulated,PDI Synthetic Generator — Baseline,,AUBEB mangrove baseline scenario
1940,3,Specification — carbon quantification_Entity,Madagascar,2025-06-26,daily_state,ndc_balance,252.15,252.86,219.86,86.95,1.6429,index,simulated,PDI Synthetic Generator — Baseline,,AUBEB mangrove baseline scenario
1941,4,Certification — verification & registration_Entity,Guinea,2025-06-26,daily_state,ndc_balance,249.08,292.17,247.32,84.65,1.8625,index,simulated,PDI Synthetic Generator — Baseline,,AUBEB mangrove baseline scenario
1942,5,Commercialisation outward_Entity,Tanzania,2025-06-26,daily_state,ndc_balance,250.91,257.35,234.42,91.09,1.6122,index,simulated,PDI Synthetic Generator — Baseline,,AUBEB mangrove baseline scenario
1943,6,Capital return — Conservation Fund deployment_Entity,Benin,2025-06-26,daily_state,ndc_balance,246.82,263.84,222.66,84.39,1.3433,index,simulated,PDI Synthetic Generator — Baseline,,AUBEB mangrove baseline scenario
1944,7,Restoration specification — CBEMR design_Entity,Nigeria,2025-06-26,daily_state,ndc_balance,270.56,283.84,251.2,88.5,1.5384,index,simulated,PDI Synthetic Generator — Baseline,,AUBEB mangrove baseline scenario
1945,8,Community custodial co-management_Entity,Cameroon,2025-06-26,daily_state,ndc_balance,245.7,248.03,194.5,78.42,1.2135,index,simulated,PDI Synthetic Generator — Baseline,,AUBEB mangrove baseline scenario
1946,9,Physical recovery — active regeneration_Entity,Mozambique,2025-06-26,daily_state,ndc_balance,226.63,265.62,237.98,89.59,0.8837,index,simulated,PDI Synthetic Generator — Baseline,,AUBEB mangrove baseline scenario
1947,10,Verified restoration — sustained blue economy asset_Entity,Madagascar,2025-06-26,daily_state,ndc_balance,286.58,281.0,288.7,100.74,1.9432,index,simulated,PDI Synthetic Generator — Baseline,,AUBEB mangrove baseline scenario
1948,0,Pre-commercial: degraded ecosystem_Entity,Nigeria,2025-06-27,daily_state,ndc_balance,206.42,218.55,137.34,62.84,0.4689,index,simulated,PDI Synthetic Generator — Baseline,,AUBEB mangrove baseline scenario
1949,1,Custodial formalisation_Entity,Cameroon,2025-06-27,daily_state,ndc_balance,208.79,295.08,214.02,72.53,1.5463,index,simulated,PDI Synthetic Generator — Baseline,,AUBEB mangrove baseline scenario
1950,2,Data extraction — baseline remote sensing_Entity,Mozambique,2025-06-27,daily_state,ndc_balance,237.41,263.95,233.36,88.41,0.2845,index,simulated,PDI Synthetic Generator — Baseline,,AUBEB mangrove baseline scenario
1951,3,Specification — carbon quantification_Entity,Madagascar,2025-06-27,daily_state,ndc_balance,288.62,259.99,257.93,89.37,2.1946,index,simulated,PDI Synthetic Generator — Baseline,,AUBEB mangrove baseline scenario
1952,4,Certification — verification & registration_Entity,Guinea,2025-06-27,daily_state,ndc_balance,279.4,265.72,228.71,81.86,1.4446,index,simulated,PDI Synthetic Generator — Baseline,,AUBEB mangrove baseline scenario
1953,5,Commercialisation outward_Entity,Tanzania,2025-06-27,daily_state,ndc_balance,255.93,250.07,223.94,87.5,1.1441,index,simulated,PDI Synthetic Generator — Baseline,,AUBEB mangrove baseline scenario
1954,6,Capital return — Conservation Fund deployment_Entity,Benin,2025-06-27,daily_state,ndc_balance,269.31,304.93,230.05,75.44,0.2783,index,simulated,PDI Synthetic Generator — Baseline,,AUBEB mangrove baseline scenario
1955,7,Restoration specification — CBEMR design_Entity,Nigeria,2025-06-27,daily_state,ndc_balance,288.43,293.65,258.44,88.01,0.4243,index,simulated,PDI Synthetic Generator — Baseline,,AUBEB mangrove baseline scenario
1956,8,Community custodial co-management_Entity,Cameroon,2025-06-27,daily_state,ndc_balance,243.43,231.8,183.81,75.51,1.6055,index,simulated,PDI Synthetic Generator — Baseline,,AUBEB mangrove baseline scenario
1957,9,Physical recovery — active regeneration_Entity,Mozambique,2025-06-27,daily_state,ndc_balance,252.52,258.08,231.11,89.55,1.8031,index,simulated,PDI Synthetic Generator — Baseline,,AUBEB mangrove baseline scenario
1958,10,Verified restoration — sustained blue economy asset_Entity,Madagascar,2025-06-27,daily_state,ndc_balance,265.66,272.32,264.53,97.14,0.9174,index,simulated,PDI Synthetic Generator — Baseline,,AUBEB mangrove baseline scenario
1959,0,Pre-commercial: degraded ecosystem_Entity,Nigeria,2025-06-28,daily_state,ndc_balance,197.12,212.77,137.53,64.64,1.0067,index,simulated,PDI Synthetic Generator — Baseline,,AUBEB mangrove baseline scenario
1960,1,Custodial formalisation_Entity,Cameroon,2025-06-28,daily_state,ndc_balance,204.37,310.35,229.51,73.95,0.7521,index,simulated,PDI Synthetic Generator — Baseline,,AUBEB mangrove baseline scenario
1961,2,Data extraction — baseline remote sensing_Entity,Mozambique,2025-06-28,daily_state,ndc_balance,264.19,287.31,219.25,76.31,1.3702,index,simulated,PDI Synthetic Generator — Baseline,,AUBEB mangrove baseline scenario
1962,3,Specification — carbon quantification_Entity,Madagascar,2025-06-28,daily_state,ndc_balance,279.09,284.28,232.19,81.68,0.2358,index,simulated,PDI Synthetic Generator — Baseline,,AUBEB mangrove baseline scenario
1963,4,Certification — verification & registration_Entity,Guinea,2025-06-28,daily_state,ndc_balance,237.5,293.71,239.79,81.64,1.2711,index,simulated,PDI Synthetic Generator — Baseline,,AUBEB mangrove baseline scenario
1964,5,Commercialisation outward_Entity,Tanzania,2025-06-28,daily_state,ndc_balance,224.86,287.07,251.45,87.59,0.7632,index,simulated,PDI Synthetic Generator — Baseline,,AUBEB mangrove baseline scenario
1965,6,Capital return — Conservation Fund deployment_Entity,Benin,2025-06-28,daily_state,ndc_balance,243.29,276.06,215.73,78.15,0.3018,index,simulated,PDI Synthetic Generator — Baseline,,AUBEB mangrove baseline scenario
1966,7,Restoration specification — CBEMR design_Entity,Nigeria,2025-06-28,daily_state,ndc_balance,296.2,284.0,264.88,89.43,0.574,index,simulated,PDI Synthetic Generator — Baseline,,AUBEB mangrove baseline scenario
1967,8,Community custodial co-management_Entity,Cameroon,2025-06-28,daily_state,ndc_balance,236.84,258.29,177.09,68.56,0.7648,index,simulated,PDI Synthetic Generator — Baseline,,AUBEB mangrove baseline scenario
1968,9,Physical recovery — active regeneration_Entity,Mozambique,2025-06-28,daily_state,ndc_balance,251.89,284.05,218.06,76.77,1.7211,index,simulated,PDI Synthetic Generator — Baseline,,AUBEB mangrove baseline scenario
1969,10,Verified restoration — sustained blue economy asset_Entity,Madagascar,2025-06-28,daily_state,ndc_balance,266.38,285.54,242.11,84.79,1.0092,index,simulated,PDI Synthetic Generator — Baseline,,AUBEB mangrove baseline scenario
1970,0,Pre-commercial: degraded ecosystem_Entity,Nigeria,2025-06-29,daily_state,ndc_balance,187.61,226.28,146.64,64.8,0.5623,index,simulated,PDI Synthetic Generator — Baseline,,AUBEB mangrove baseline scenario
1971,1,Custodial formalisation_Entity,Cameroon,2025-06-29,daily_state,ndc_balance,204.34,267.7,203.96,76.19,1.6052,index,simulated,PDI Synthetic Generator — Baseline,,AUBEB mangrove baseline scenario
1972,2,Data extraction — baseline remote sensing_Entity,Mozambique,2025-06-29,daily_state,ndc_balance,260.59,268.62,225.86,84.08,1.1448,index,simulated,PDI Synthetic Generator — Baseline,,AUBEB mangrove baseline scenario
1973,3,Specification — carbon quantification_Entity,Madagascar,2025-06-29,daily_state,ndc_balance,270.22,248.66,236.45,87.5,1.7506,index,simulated,PDI Synthetic Generator — Baseline,,AUBEB mangrove baseline scenario
1974,4,Certification — verification & registration_Entity,Guinea,2025-06-29,daily_state,ndc_balance,231.04,272.21,241.78,88.82,1.9687,index,simulated,PDI Synthetic Generator — Baseline,,AUBEB mangrove baseline scenario
1975,5,Commercialisation outward_Entity,Tanzania,2025-06-29,daily_state,ndc_balance,244.06,254.03,226.48,89.15,0.7993,index,simulated,PDI Synthetic Generator — Baseline,,AUBEB mangrove baseline scenario
1976,6,Capital return — Conservation Fund deployment_Entity,Benin,2025-06-29,daily_state,ndc_balance,238.75,248.29,234.74,94.54,0.8818,index,simulated,PDI Synthetic Generator — Baseline,,AUBEB mangrove baseline scenario
1977,7,Restoration specification — CBEMR design_Entity,Nigeria,2025-06-29,daily_state,ndc_balance,246.86,247.94,253.3,102.16,2.4857,index,simulated,PDI Synthetic Generator — Baseline,,AUBEB mangrove baseline scenario
1978,8,Community custodial co-management_Entity,Cameroon,2025-06-29,daily_state,ndc_balance,234.13,234.9,175.33,74.64,0.7653,index,simulated,PDI Synthetic Generator — Baseline,,AUBEB mangrove baseline scenario
1979,9,Physical recovery — active regeneration_Entity,Mozambique,2025-06-29,daily_state,ndc_balance,224.13,235.24,224.02,95.23,1.3077,index,simulated,PDI Synthetic Generator — Baseline,,AUBEB mangrove baseline scenario
1980,10,Verified restoration — sustained blue economy asset_Entity,Madagascar,2025-06-29,daily_state,ndc_balance,278.74,277.99,244.75,87.81,0.8604,index,simulated,PDI Synthetic Generator — Baseline,,AUBEB mangrove baseline scenario
1981,0,Pre-commercial: degraded ecosystem_Entity,Nigeria,2025-06-30,daily_state,ndc_balance,217.23,196.45,136.58,62.87,0.5579,index,simulated,PDI Synthetic Generator — Baseline,,AUBEB mangrove baseline scenario
1982,1,Custodial formalisation_Entity,Cameroon,2025-06-30,daily_state,ndc_balance,219.33,290.78,198.55,68.28,0.2518,index,simulated,PDI Synthetic Generator — Baseline,,AUBEB mangrove baseline scenario
1983,2,Data extraction — baseline remote sensing_Entity,Mozambique,2025-06-30,daily_state,ndc_balance,238.56,250.66,238.48,95.14,2.1014,index,simulated,PDI Synthetic Generator — Baseline,,AUBEB mangrove baseline scenario
1984,3,Specification — carbon quantification_Entity,Madagascar,2025-06-30,daily_state,ndc_balance,287.73,286.88,250.39,87.02,0.8572,index,simulated,PDI Synthetic Generator — Baseline,,AUBEB mangrove baseline scenario
1985,4,Certification — verification & registration_Entity,Guinea,2025-06-30,daily_state,ndc_balance,288.63,269.55,243.43,84.34,1.5507,index,simulated,PDI Synthetic Generator — Baseline,,AUBEB mangrove baseline scenario
1986,5,Commercialisation outward_Entity,Tanzania,2025-06-30,daily_state,ndc_balance,260.06,248.5,229.82,88.37,1.78,index,simulated,PDI Synthetic Generator — Baseline,,AUBEB mangrove baseline scenario
1987,6,Capital return — Conservation Fund deployment_Entity,Benin,2025-06-30,daily_state,ndc_balance,267.23,285.89,226.4,79.19,0.4963,index,simulated,PDI Synthetic Generator — Baseline,,AUBEB mangrove baseline scenario
1988,7,Restoration specification — CBEMR design_Entity,Nigeria,2025-06-30,daily_state,ndc_balance,269.3,288.94,246.74,85.39,1.8222,index,simulated,PDI Synthetic Generator — Baseline,,AUBEB mangrove baseline scenario
1989,8,Community custodial co-management_Entity,Cameroon,2025-06-30,daily_state,ndc_balance,237.94,260.92,204.14,78.24,0.6123,index,simulated,PDI Synthetic Generator — Baseline,,AUBEB mangrove baseline scenario
1990,9,Physical recovery — active regeneration_Entity,Mozambique,2025-06-30,daily_state,ndc_balance,275.27,264.67,224.74,81.64,1.3281,index,simulated,PDI Synthetic Generator — Baseline,,AUBEB mangrove baseline scenario
1991,10,Verified restoration — sustained blue economy asset_Entity,Madagascar,2025-06-30,daily_state,ndc_balance,255.99,248.85,261.41,102.12,1.3763,index,simulated,PDI Synthetic Generator — Baseline,,AUBEB mangrove baseline scenario
1992,0,Pre-commercial: degraded ecosystem_Entity,Nigeria,2025-07-01,daily_state,ndc_balance,208.64,198.16,149.69,71.75,0.9684,index,simulated,PDI Synthetic Generator — Baseline,,AUBEB mangrove baseline scenario
1993,1,Custodial formalisation_Entity,Cameroon,2025-07-01,daily_state,ndc_balance,193.17,275.38,216.66,78.68,1.4422,index,simulated,PDI Synthetic Generator — Baseline,,AUBEB mangrove baseline scenario
1994,2,Data extraction — baseline remote sensing_Entity,Mozambique,2025-07-01,daily_state,ndc_balance,259.23,293.55,243.87,83.08,2.0474,index,simulated,PDI Synthetic Generator — Baseline,,AUBEB mangrove baseline scenario
1995,3,Specification — carbon quantification_Entity,Madagascar,2025-07-01,daily_state,ndc_balance,296.76,283.34,277.94,93.66,2.6005,index,simulated,PDI Synthetic Generator — Baseline,,AUBEB mangrove baseline scenario
1996,4,Certification — verification & registration_Entity,Guinea,2025-07-01,daily_state,ndc_balance,260.97,274.7,204.96,74.61,0.8783,index,simulated,PDI Synthetic Generator — Baseline,,AUBEB mangrove baseline scenario
1997,5,Commercialisation outward_Entity,Tanzania,2025-07-01,daily_state,ndc_balance,251.41,286.77,212.78,74.2,1.6508,index,simulated,PDI Synthetic Generator — Baseline,,AUBEB mangrove baseline scenario
1998,6,Capital return — Conservation Fund deployment_Entity,Benin,2025-07-01,daily_state,ndc_balance,283.79,287.83,199.15,69.19,1.0033,index,simulated,PDI Synthetic Generator — Baseline,,AUBEB mangrove baseline scenario
1999,7,Restoration specification — CBEMR design_Entity,Nigeria,2025-07-01,daily_state,ndc_balance,275.83,275.88,243.63,88.31,0.4449,index,simulated,PDI Synthetic Generator — Baseline,,AUBEB mangrove baseline scenario
2000,8,Community custodial co-management_Entity,Cameroon,2025-07-01,daily_state,ndc_balance,245.97,233.09,200.87,81.66,1.5059,index,simulated,PDI Synthetic Generator — Baseline,,AUBEB mangrove baseline scenario
2001,9,Physical recovery — active regeneration_Entity,Mozambique,2025-07-01,daily_state,ndc_balance,258.3,246.65,210.4,81.46,0.6997,index,simulated,PDI Synthetic Generator — Baseline,,AUBEB mangrove baseline scenario
2002,10,Verified restoration — sustained blue economy asset_Entity,Madagascar,2025-07-01,daily_state,ndc_balance,259.76,262.6,228.31,86.94,0.9787,index,simulated,PDI Synthetic Generator — Baseline,,AUBEB mangrove baseline scenario
2003,0,Pre-commercial: degraded ecosystem_Entity,Nigeria,2025-07-02,daily_state,ndc_balance,187.05,188.09,133.31,70.88,0.4056,index,simulated,PDI Synthetic Generator — Baseline,,AUBEB mangrove baseline scenario
2004,1,Custodial formalisation_Entity,Cameroon,2025-07-02,daily_state,ndc_balance,214.04,312.87,210.21,67.19,1.1259,index,simulated,PDI Synthetic Generator — Baseline,,AUBEB mangrove baseline scenario
2005,2,Data extraction — baseline remote sensing_Entity,Mozambique,2025-07-02,daily_state,ndc_balance,270.44,273.61,268.38,98.09,1.1343,index,simulated,PDI Synthetic Generator — Baseline,,AUBEB mangrove baseline scenario
2006,3,Specification — carbon quantification_Entity,Madagascar,2025-07-02,daily_state,ndc_balance,288.65,251.05,264.22,91.54,1.1567,index,simulated,PDI Synthetic Generator — Baseline,,AUBEB mangrove baseline scenario
2007,4,Certification — verification & registration_Entity,Guinea,2025-07-02,daily_state,ndc_balance,255.12,267.63,208.27,77.82,1.7037,index,simulated,PDI Synthetic Generator — Baseline,,AUBEB mangrove baseline scenario
2008,5,Commercialisation outward_Entity,Tanzania,2025-07-02,daily_state,ndc_balance,275.81,304.08,230.73,75.88,1.5799,index,simulated,PDI Synthetic Generator — Baseline,,AUBEB mangrove baseline scenario
2009,6,Capital return — Conservation Fund deployment_Entity,Benin,2025-07-02,daily_state,ndc_balance,258.72,258.45,231.58,89.51,1.3654,index,simulated,PDI Synthetic Generator — Baseline,,AUBEB mangrove baseline scenario
2010,7,Restoration specification — CBEMR design_Entity,Nigeria,2025-07-02,daily_state,ndc_balance,288.79,243.05,238.99,82.76,1.1386,index,simulated,PDI Synthetic Generator — Baseline,,AUBEB mangrove baseline scenario
2011,8,Community custodial co-management_Entity,Cameroon,2025-07-02,daily_state,ndc_balance,253.55,275.74,190.42,69.06,0.8496,index,simulated,PDI Synthetic Generator — Baseline,,AUBEB mangrove baseline scenario
2012,9,Physical recovery — active regeneration_Entity,Mozambique,2025-07-02,daily_state,ndc_balance,273.44,258.48,227.0,83.02,1.0372,index,simulated,PDI Synthetic Generator — Baseline,,AUBEB mangrove baseline scenario
2013,10,Verified restoration — sustained blue economy asset_Entity,Madagascar,2025-07-02,daily_state,ndc_balance,298.51,287.99,255.6,85.63,1.7111,index,simulated,PDI Synthetic Generator — Baseline,,AUBEB mangrove baseline scenario
2014,0,Pre-commercial: degraded ecosystem_Entity,Nigeria,2025-07-03,daily_state,ndc_balance,208.26,197.21,138.89,66.69,0.6557,index,simulated,PDI Synthetic Generator — Baseline,,AUBEB mangrove baseline scenario
2015,1,Custodial formalisation_Entity,Cameroon,2025-07-03,daily_state,ndc_balance,210.4,262.58,237.88,90.59,1.9443,index,simulated,PDI Synthetic Generator — Baseline,,AUBEB mangrove baseline scenario
2016,2,Data extraction — baseline remote sensing_Entity,Mozambique,2025-07-03,daily_state,ndc_balance,241.69,274.33,254.06,92.61,1.3603,index,simulated,PDI Synthetic Generator — Baseline,,AUBEB mangrove baseline scenario
2017,3,Specification — carbon quantification_Entity,Madagascar,2025-07-03,daily_state,ndc_balance,286.89,266.98,269.54,93.95,1.9937,index,simulated,PDI Synthetic Generator — Baseline,,AUBEB mangrove baseline scenario
2018,4,Certification — verification & registration_Entity,Guinea,2025-07-03,daily_state,ndc_balance,274.53,293.1,249.79,85.22,1.9278,index,simulated,PDI Synthetic Generator — Baseline,,AUBEB mangrove baseline scenario
2019,5,Commercialisation outward_Entity,Tanzania,2025-07-03,daily_state,ndc_balance,284.19,260.43,216.8,76.29,0.767,index,simulated,PDI Synthetic Generator — Baseline,,AUBEB mangrove baseline scenario
2020,6,Capital return — Conservation Fund deployment_Entity,Benin,2025-07-03,daily_state,ndc_balance,246.74,266.59,207.04,77.66,0.8025,index,simulated,PDI Synthetic Generator — Baseline,,AUBEB mangrove baseline scenario
2021,7,Restoration specification — CBEMR design_Entity,Nigeria,2025-07-03,daily_state,ndc_balance,266.46,255.67,269.0,100.95,0.9209,index,simulated,PDI Synthetic Generator — Baseline,,AUBEB mangrove baseline scenario
2022,8,Community custodial co-management_Entity,Cameroon,2025-07-03,daily_state,ndc_balance,215.77,260.92,199.35,76.4,0.3156,index,simulated,PDI Synthetic Generator — Baseline,,AUBEB mangrove baseline scenario
2023,9,Physical recovery — active regeneration_Entity,Mozambique,2025-07-03,daily_state,ndc_balance,249.9,216.49,232.77,93.15,1.1217,index,simulated,PDI Synthetic Generator — Baseline,,AUBEB mangrove baseline scenario
2024,10,Verified restoration — sustained blue economy asset_Entity,Madagascar,2025-07-03,daily_state,ndc_balance,271.66,296.49,224.75,75.8,1.0675,index,simulated,PDI Synthetic Generator — Baseline,,AUBEB mangrove baseline scenario
2025,0,Pre-commercial: degraded ecosystem_Entity,Nigeria,2025-07-04,daily_state,ndc_balance,204.29,200.05,125.9,61.63,1.1187,index,simulated,PDI Synthetic Generator — Baseline,,AUBEB mangrove baseline scenario
2026,1,Custodial formalisation_Entity,Cameroon,2025-07-04,daily_state,ndc_balance,206.53,265.41,224.03,84.41,1.5205,index,simulated,PDI Synthetic Generator — Baseline,,AUBEB mangrove baseline scenario
2027,2,Data extraction — baseline remote sensing_Entity,Mozambique,2025-07-04,daily_state,ndc_balance,261.37,253.07,234.7,89.8,1.1025,index,simulated,PDI Synthetic Generator — Baseline,,AUBEB mangrove baseline scenario
2028,3,Specification — carbon quantification_Entity,Madagascar,2025-07-04,daily_state,ndc_balance,272.9,254.39,252.92,92.68,0.5933,index,simulated,PDI Synthetic Generator — Baseline,,AUBEB mangrove baseline scenario
2029,4,Certification — verification & registration_Entity,Guinea,2025-07-04,daily_state,ndc_balance,287.83,261.08,222.25,77.22,1.1471,index,simulated,PDI Synthetic Generator — Baseline,,AUBEB mangrove baseline scenario
2030,5,Commercialisation outward_Entity,Tanzania,2025-07-04,daily_state,ndc_balance,260.02,286.7,249.41,86.99,1.8643,index,simulated,PDI Synthetic Generator — Baseline,,AUBEB mangrove baseline scenario
2031,6,Capital return — Conservation Fund deployment_Entity,Benin,2025-07-04,daily_state,ndc_balance,253.86,250.9,213.86,84.24,0.4495,index,simulated,PDI Synthetic Generator — Baseline,,AUBEB mangrove baseline scenario
2032,7,Restoration specification — CBEMR design_Entity,Nigeria,2025-07-04,daily_state,ndc_balance,327.71,297.55,251.53,76.75,0.9375,index,simulated,PDI Synthetic Generator — Baseline,,AUBEB mangrove baseline scenario
2033,8,Community custodial co-management_Entity,Cameroon,2025-07-04,daily_state,ndc_balance,243.85,240.19,192.75,79.04,1.8426,index,simulated,PDI Synthetic Generator — Baseline,,AUBEB mangrove baseline scenario
2034,9,Physical recovery — active regeneration_Entity,Mozambique,2025-07-04,daily_state,ndc_balance,237.9,237.85,255.73,107.49,1.0037,index,simulated,PDI Synthetic Generator — Baseline,,AUBEB mangrove baseline scenario
2035,10,Verified restoration — sustained blue economy asset_Entity,Madagascar,2025-07-04,daily_state,ndc_balance,276.67,242.41,253.46,91.61,2.2128,index,simulated,PDI Synthetic Generator — Baseline,,AUBEB mangrove baseline scenario
2036,0,Pre-commercial: degraded ecosystem_Entity,Nigeria,2025-07-05,daily_state,ndc_balance,196.25,205.98,150.89,73.25,0.7287,index,simulated,PDI Synthetic Generator — Baseline,,AUBEB mangrove baseline scenario
2037,1,Custodial formalisation_Entity,Cameroon,2025-07-05,daily_state,ndc_balance,230.58,269.65,235.78,87.44,1.3605,index,simulated,PDI Synthetic Generator — Baseline,,AUBEB mangrove baseline scenario
2038,2,Data extraction — baseline remote sensing_Entity,Mozambique,2025-07-05,daily_state,ndc_balance,217.57,259.18,261.72,100.98,3.0324,index,simulated,PDI Synthetic Generator — Baseline,,AUBEB mangrove baseline scenario
2039,3,Specification — carbon quantification_Entity,Madagascar,2025-07-05,daily_state,ndc_balance,280.81,255.76,244.61,87.11,1.6543,index,simulated,PDI Synthetic Generator — Baseline,,AUBEB mangrove baseline scenario
2040,4,Certification — verification & registration_Entity,Guinea,2025-07-05,daily_state,ndc_balance,257.78,282.87,264.47,93.5,1.1916,index,simulated,PDI Synthetic Generator — Baseline,,AUBEB mangrove baseline scenario
2041,5,Commercialisation outward_Entity,Tanzania,2025-07-05,daily_state,ndc_balance,277.73,291.98,210.88,72.22,1.3534,index,simulated,PDI Synthetic Generator — Baseline,,AUBEB mangrove baseline scenario
2042,6,Capital return — Conservation Fund deployment_Entity,Benin,2025-07-05,daily_state,ndc_balance,246.35,267.47,214.29,80.12,0.4763,index,simulated,PDI Synthetic Generator — Baseline,,AUBEB mangrove baseline scenario
2043,7,Restoration specification — CBEMR design_Entity,Nigeria,2025-07-05,daily_state,ndc_balance,296.83,291.16,249.84,84.17,0.6298,index,simulated,PDI Synthetic Generator — Baseline,,AUBEB mangrove baseline scenario
2044,8,Community custodial co-management_Entity,Cameroon,2025-07-05,daily_state,ndc_balance,243.66,255.75,176.83,69.14,0.1552,index,simulated,PDI Synthetic Generator — Baseline,,AUBEB mangrove baseline scenario
2045,9,Physical recovery — active regeneration_Entity,Mozambique,2025-07-05,daily_state,ndc_balance,249.02,232.43,214.82,86.27,0.5198,index,simulated,PDI Synthetic Generator — Baseline,,AUBEB mangrove baseline scenario
2046,10,Verified restoration — sustained blue economy asset_Entity,Madagascar,2025-07-05,daily_state,ndc_balance,234.81,288.4,250.05,86.7,1.9338,index,simulated,PDI Synthetic Generator — Baseline,,AUBEB mangrove baseline scenario
2047,0,Pre-commercial: degraded ecosystem_Entity,Nigeria,2025-07-06,daily_state,ndc_balance,204.82,197.58,147.29,71.91,0.2284,index,simulated,PDI Synthetic Generator — Baseline,,AUBEB mangrove baseline scenario
2048,1,Custodial formalisation_Entity,Cameroon,2025-07-06,daily_state,ndc_balance,210.71,295.47,210.71,71.31,0.9674,index,simulated,PDI Synthetic Generator — Baseline,,AUBEB mangrove baseline scenario
2049,2,Data extraction — baseline remote sensing_Entity,Mozambique,2025-07-06,daily_state,ndc_balance,277.18,267.67,239.84,86.53,0.7115,index,simulated,PDI Synthetic Generator — Baseline,,AUBEB mangrove baseline scenario
2050,3,Specification — carbon quantification_Entity,Madagascar,2025-07-06,daily_state,ndc_balance,282.51,247.16,258.68,91.56,2.4124,index,simulated,PDI Synthetic Generator — Baseline,,AUBEB mangrove baseline scenario
2051,4,Certification — verification & registration_Entity,Guinea,2025-07-06,daily_state,ndc_balance,251.32,259.03,228.9,88.37,1.6227,index,simulated,PDI Synthetic Generator — Baseline,,AUBEB mangrove baseline scenario
2052,5,Commercialisation outward_Entity,Tanzania,2025-07-06,daily_state,ndc_balance,234.05,277.66,205.45,73.99,1.1256,index,simulated,PDI Synthetic Generator — Baseline,,AUBEB mangrove baseline scenario
2053,6,Capital return — Conservation Fund deployment_Entity,Benin,2025-07-06,daily_state,ndc_balance,256.42,295.45,224.33,75.93,0.3016,index,simulated,PDI Synthetic Generator — Baseline,,AUBEB mangrove baseline scenario
2054,7,Restoration specification — CBEMR design_Entity,Nigeria,2025-07-06,daily_state,ndc_balance,286.29,247.79,253.52,88.55,1.3145,index,simulated,PDI Synthetic Generator — Baseline,,AUBEB mangrove baseline scenario
2055,8,Community custodial co-management_Entity,Cameroon,2025-07-06,daily_state,ndc_balance,254.28,258.89,187.56,72.45,1.2137,index,simulated,PDI Synthetic Generator — Baseline,,AUBEB mangrove baseline scenario
2056,9,Physical recovery — active regeneration_Entity,Mozambique,2025-07-06,daily_state,ndc_balance,246.67,254.63,224.5,88.17,1.2494,index,simulated,PDI Synthetic Generator — Baseline,,AUBEB mangrove baseline scenario
2057,10,Verified restoration — sustained blue economy asset_Entity,Madagascar,2025-07-06,daily_state,ndc_balance,268.98,258.28,248.69,92.46,0.403,index,simulated,PDI Synthetic Generator — Baseline,,AUBEB mangrove baseline scenario
2058,0,Pre-commercial: degraded ecosystem_Entity,Nigeria,2025-07-07,daily_state,ndc_balance,197.62,217.96,133.78,61.38,0.3011,index,simulated,PDI Synthetic Generator — Baseline,,AUBEB mangrove baseline scenario
2059,1,Custodial formalisation_Entity,Cameroon,2025-07-07,daily_state,ndc_balance,212.98,268.99,198.13,73.66,1.3525,index,simulated,PDI Synthetic Generator — Baseline,,AUBEB mangrove baseline scenario
2060,2,Data extraction — baseline remote sensing_Entity,Mozambique,2025-07-07,daily_state,ndc_balance,249.43,252.31,244.27,96.81,1.7609,index,simulated,PDI Synthetic Generator — Baseline,,AUBEB mangrove baseline scenario
2061,3,Specification — carbon quantification_Entity,Madagascar,2025-07-07,daily_state,ndc_balance,273.3,243.91,275.34,100.75,2.9509,index,simulated,PDI Synthetic Generator — Baseline,,AUBEB mangrove baseline scenario
2062,4,Certification — verification & registration_Entity,Guinea,2025-07-07,daily_state,ndc_balance,278.34,280.24,232.59,83.0,1.3209,index,simulated,PDI Synthetic Generator — Baseline,,AUBEB mangrove baseline scenario
2063,5,Commercialisation outward_Entity,Tanzania,2025-07-07,daily_state,ndc_balance,268.46,290.78,235.24,80.9,0.424,index,simulated,PDI Synthetic Generator — Baseline,,AUBEB mangrove baseline scenario
2064,6,Capital return — Conservation Fund deployment_Entity,Benin,2025-07-07,daily_state,ndc_balance,252.41,274.63,236.84,86.24,1.3526,index,simulated,PDI Synthetic Generator — Baseline,,AUBEB mangrove baseline scenario
2065,7,Restoration specification — CBEMR design_Entity,Nigeria,2025-07-07,daily_state,ndc_balance,282.67,268.5,269.82,95.45,1.1677,index,simulated,PDI Synthetic Generator — Baseline,,AUBEB mangrove baseline scenario
2066,8,Community custodial co-management_Entity,Cameroon,2025-07-07,daily_state,ndc_balance,233.88,240.51,192.6,80.08,1.829,index,simulated,PDI Synthetic Generator — Baseline,,AUBEB mangrove baseline scenario
2067,9,Physical recovery — active regeneration_Entity,Mozambique,2025-07-07,daily_state,ndc_balance,264.79,252.01,248.97,94.03,2.1338,index,simulated,PDI Synthetic Generator — Baseline,,AUBEB mangrove baseline scenario
2068,10,Verified restoration — sustained blue economy asset_Entity,Madagascar,2025-07-07,daily_state,ndc_balance,273.26,262.43,241.03,88.21,1.4456,index,simulated,PDI Synthetic Generator — Baseline,,AUBEB mangrove baseline scenario
2069,0,Pre-commercial: degraded ecosystem_Entity,Nigeria,2025-07-08,daily_state,ndc_balance,195.07,186.27,149.91,76.85,1.0354,index,simulated,PDI Synthetic Generator — Baseline,,AUBEB mangrove baseline scenario
2070,1,Custodial formalisation_Entity,Cameroon,2025-07-08,daily_state,ndc_balance,210.96,273.86,218.65,79.84,1.6021,index,simulated,PDI Synthetic Generator — Baseline,,AUBEB mangrove baseline scenario
2071,2,Data extraction — baseline remote sensing_Entity,Mozambique,2025-07-08,daily_state,ndc_balance,256.8,282.5,234.53,83.02,1.9884,index,simulated,PDI Synthetic Generator — Baseline,,AUBEB mangrove baseline scenario
2072,3,Specification — carbon quantification_Entity,Madagascar,2025-07-08,daily_state,ndc_balance,310.23,262.88,250.56,80.77,0.8281,index,simulated,PDI Synthetic Generator — Baseline,,AUBEB mangrove baseline scenario
2073,4,Certification — verification & registration_Entity,Guinea,2025-07-08,daily_state,ndc_balance,275.05,288.45,247.78,85.9,0.982,index,simulated,PDI Synthetic Generator — Baseline,,AUBEB mangrove baseline scenario
2074,5,Commercialisation outward_Entity,Tanzania,2025-07-08,daily_state,ndc_balance,265.39,285.57,224.96,78.78,0.3257,index,simulated,PDI Synthetic Generator — Baseline,,AUBEB mangrove baseline scenario
2075,6,Capital return — Conservation Fund deployment_Entity,Benin,2025-07-08,daily_state,ndc_balance,259.57,289.17,223.18,77.18,0.2922,index,simulated,PDI Synthetic Generator — Baseline,,AUBEB mangrove baseline scenario
2076,7,Restoration specification — CBEMR design_Entity,Nigeria,2025-07-08,daily_state,ndc_balance,260.44,266.19,202.73,76.16,1.2653,index,simulated,PDI Synthetic Generator — Baseline,,AUBEB mangrove baseline scenario
2077,8,Community custodial co-management_Entity,Cameroon,2025-07-08,daily_state,ndc_balance,240.82,269.87,184.01,68.18,0.8988,index,simulated,PDI Synthetic Generator — Baseline,,AUBEB mangrove baseline scenario
2078,9,Physical recovery — active regeneration_Entity,Mozambique,2025-07-08,daily_state,ndc_balance,228.59,244.36,236.9,96.95,2.8005,index,simulated,PDI Synthetic Generator — Baseline,,AUBEB mangrove baseline scenario
2079,10,Verified restoration — sustained blue economy asset_Entity,Madagascar,2025-07-08,daily_state,ndc_balance,276.48,273.51,250.11,90.46,0.5209,index,simulated,PDI Synthetic Generator — Baseline,,AUBEB mangrove baseline scenario
2080,0,Pre-commercial: degraded ecosystem_Entity,Nigeria,2025-07-09,daily_state,ndc_balance,197.08,211.66,148.85,70.33,0.2364,index,simulated,PDI Synthetic Generator — Baseline,,AUBEB mangrove baseline scenario
2081,1,Custodial formalisation_Entity,Cameroon,2025-07-09,daily_state,ndc_balance,204.31,260.05,207.88,79.94,1.6908,index,simulated,PDI Synthetic Generator — Baseline,,AUBEB mangrove baseline scenario
2082,2,Data extraction — baseline remote sensing_Entity,Mozambique,2025-07-09,daily_state,ndc_balance,266.62,272.35,245.03,89.97,1.0671,index,simulated,PDI Synthetic Generator — Baseline,,AUBEB mangrove baseline scenario
2083,3,Specification — carbon quantification_Entity,Madagascar,2025-07-09,daily_state,ndc_balance,296.07,268.9,284.78,96.19,0.7165,index,simulated,PDI Synthetic Generator — Baseline,,AUBEB mangrove baseline scenario
2084,4,Certification — verification & registration_Entity,Guinea,2025-07-09,daily_state,ndc_balance,281.8,270.1,225.89,80.16,1.6177,index,simulated,PDI Synthetic Generator — Baseline,,AUBEB mangrove baseline scenario
2085,5,Commercialisation outward_Entity,Tanzania,2025-07-09,daily_state,ndc_balance,240.9,273.31,224.42,82.11,1.2063,index,simulated,PDI Synthetic Generator — Baseline,,AUBEB mangrove baseline scenario
2086,6,Capital return — Conservation Fund deployment_Entity,Benin,2025-07-09,daily_state,ndc_balance,230.26,244.86,210.7,86.05,0.5635,index,simulated,PDI Synthetic Generator — Baseline,,AUBEB mangrove baseline scenario
2087,7,Restoration specification — CBEMR design_Entity,Nigeria,2025-07-09,daily_state,ndc_balance,295.76,266.65,238.0,80.47,1.8867,index,simulated,PDI Synthetic Generator — Baseline,,AUBEB mangrove baseline scenario
2088,8,Community custodial co-management_Entity,Cameroon,2025-07-09,daily_state,ndc_balance,255.24,235.77,192.87,75.56,1.4812,index,simulated,PDI Synthetic Generator — Baseline,,AUBEB mangrove baseline scenario
2089,9,Physical recovery — active regeneration_Entity,Mozambique,2025-07-09,daily_state,ndc_balance,244.18,253.14,249.75,98.66,0.7007,index,simulated,PDI Synthetic Generator — Baseline,,AUBEB mangrove baseline scenario
2090,10,Verified restoration — sustained blue economy asset_Entity,Madagascar,2025-07-09,daily_state,ndc_balance,281.2,283.16,265.65,93.82,2.0117,index,simulated,PDI Synthetic Generator — Baseline,,AUBEB mangrove baseline scenario
2091,0,Pre-commercial: degraded ecosystem_Entity,Nigeria,2025-07-10,daily_state,ndc_balance,218.24,206.29,155.19,71.11,0.4918,index,simulated,PDI Synthetic Generator — Baseline,,AUBEB mangrove baseline scenario
2092,1,Custodial formalisation_Entity,Cameroon,2025-07-10,daily_state,ndc_balance,208.82,252.17,200.37,79.46,0.5015,index,simulated,PDI Synthetic Generator — Baseline,,AUBEB mangrove baseline scenario
2093,2,Data extraction — baseline remote sensing_Entity,Mozambique,2025-07-10,daily_state,ndc_balance,283.39,269.48,231.29,81.62,0.9692,index,simulated,PDI Synthetic Generator — Baseline,,AUBEB mangrove baseline scenario
2094,3,Specification — carbon quantification_Entity,Madagascar,2025-07-10,daily_state,ndc_balance,279.81,303.46,245.59,80.93,1.636,index,simulated,PDI Synthetic Generator — Baseline,,AUBEB mangrove baseline scenario
2095,4,Certification — verification & registration_Entity,Guinea,2025-07-10,daily_state,ndc_balance,249.53,302.32,251.8,83.29,0.7939,index,simulated,PDI Synthetic Generator — Baseline,,AUBEB mangrove baseline scenario
2096,5,Commercialisation outward_Entity,Tanzania,2025-07-10,daily_state,ndc_balance,254.83,277.6,236.05,85.03,1.642,index,simulated,PDI Synthetic Generator — Baseline,,AUBEB mangrove baseline scenario
2097,6,Capital return — Conservation Fund deployment_Entity,Benin,2025-07-10,daily_state,ndc_balance,268.82,268.67,250.2,93.07,1.556,index,simulated,PDI Synthetic Generator — Baseline,,AUBEB mangrove baseline scenario
2098,7,Restoration specification — CBEMR design_Entity,Nigeria,2025-07-10,daily_state,ndc_balance,289.78,238.79,253.38,87.44,2.2156,index,simulated,PDI Synthetic Generator — Baseline,,AUBEB mangrove baseline scenario
2099,8,Community custodial co-management_Entity,Cameroon,2025-07-10,daily_state,ndc_balance,221.01,264.42,194.38,73.51,0.9136,index,simulated,PDI Synthetic Generator — Baseline,,AUBEB mangrove baseline scenario
2100,9,Physical recovery — active regeneration_Entity,Mozambique,2025-07-10,daily_state,ndc_balance,234.84,283.64,232.62,82.01,1.4692,index,simulated,PDI Synthetic Generator — Baseline,,AUBEB mangrove baseline scenario
2101,10,Verified restoration — sustained blue economy asset_Entity,Madagascar,2025-07-10,daily_state,ndc_balance,260.73,284.64,276.46,97.13,2.102,index,simulated,PDI Synthetic Generator — Baseline,,AUBEB mangrove baseline scenario
2102,0,Pre-commercial: degraded ecosystem_Entity,Nigeria,2025-07-11,daily_state,ndc_balance,189.45,194.14,128.44,66.16,0.4199,index,simulated,PDI Synthetic Generator — Baseline,,AUBEB mangrove baseline scenario
2103,1,Custodial formalisation_Entity,Cameroon,2025-07-11,daily_state,ndc_balance,209.84,232.03,224.71,96.85,1.6187,index,simulated,PDI Synthetic Generator — Baseline,,AUBEB mangrove baseline scenario
2104,2,Data extraction — baseline remote sensing_Entity,Mozambique,2025-07-11,daily_state,ndc_balance,227.65,254.73,230.37,90.44,2.3756,index,simulated,PDI Synthetic Generator — Baseline,,AUBEB mangrove baseline scenario
2105,3,Specification — carbon quantification_Entity,Madagascar,2025-07-11,daily_state,ndc_balance,264.14,241.99,246.11,93.17,0.4365,index,simulated,PDI Synthetic Generator — Baseline,,AUBEB mangrove baseline scenario
2106,4,Certification — verification & registration_Entity,Guinea,2025-07-11,daily_state,ndc_balance,258.36,282.44,223.49,79.13,1.7981,index,simulated,PDI Synthetic Generator — Baseline,,AUBEB mangrove baseline scenario
2107,5,Commercialisation outward_Entity,Tanzania,2025-07-11,daily_state,ndc_balance,246.53,279.44,228.21,81.67,1.8461,index,simulated,PDI Synthetic Generator — Baseline,,AUBEB mangrove baseline scenario
2108,6,Capital return — Conservation Fund deployment_Entity,Benin,2025-07-11,daily_state,ndc_balance,265.47,272.03,246.1,90.47,1.9392,index,simulated,PDI Synthetic Generator — Baseline,,AUBEB mangrove baseline scenario
2109,7,Restoration specification — CBEMR design_Entity,Nigeria,2025-07-11,daily_state,ndc_balance,290.46,281.28,249.17,85.78,1.6872,index,simulated,PDI Synthetic Generator — Baseline,,AUBEB mangrove baseline scenario
2110,8,Community custodial co-management_Entity,Cameroon,2025-07-11,daily_state,ndc_balance,245.44,246.23,192.55,78.2,0.6867,index,simulated,PDI Synthetic Generator — Baseline,,AUBEB mangrove baseline scenario
2111,9,Physical recovery — active regeneration_Entity,Mozambique,2025-07-11,daily_state,ndc_balance,271.81,243.15,234.72,86.35,1.156,index,simulated,PDI Synthetic Generator — Baseline,,AUBEB mangrove baseline scenario
2112,10,Verified restoration — sustained blue economy asset_Entity,Madagascar,2025-07-11,daily_state,ndc_balance,275.99,258.05,243.06,88.07,0.9777,index,simulated,PDI Synthetic Generator — Baseline,,AUBEB mangrove baseline scenario
2113,0,Pre-commercial: degraded ecosystem_Entity,Nigeria,2025-07-12,daily_state,ndc_balance,191.99,192.89,141.47,73.34,1.4543,index,simulated,PDI Synthetic Generator — Baseline,,AUBEB mangrove baseline scenario
2114,1,Custodial formalisation_Entity,Cameroon,2025-07-12,daily_state,ndc_balance,213.03,277.96,224.01,80.59,0.3726,index,simulated,PDI Synthetic Generator — Baseline,,AUBEB mangrove baseline scenario
2115,2,Data extraction — baseline remote sensing_Entity,Mozambique,2025-07-12,daily_state,ndc_balance,249.54,272.34,234.61,86.15,0.4708,index,simulated,PDI Synthetic Generator — Baseline,,AUBEB mangrove baseline scenario
2116,3,Specification — carbon quantification_Entity,Madagascar,2025-07-12,daily_state,ndc_balance,279.13,262.54,257.71,92.33,1.767,index,simulated,PDI Synthetic Generator — Baseline,,AUBEB mangrove baseline scenario
2117,4,Certification — verification & registration_Entity,Guinea,2025-07-12,daily_state,ndc_balance,262.34,288.19,233.4,80.99,0.5194,index,simulated,PDI Synthetic Generator — Baseline,,AUBEB mangrove baseline scenario
2118,5,Commercialisation outward_Entity,Tanzania,2025-07-12,daily_state,ndc_balance,275.71,274.95,226.79,82.26,1.0042,index,simulated,PDI Synthetic Generator — Baseline,,AUBEB mangrove baseline scenario
2119,6,Capital return — Conservation Fund deployment_Entity,Benin,2025-07-12,daily_state,ndc_balance,264.94,263.79,220.11,83.08,0.8765,index,simulated,PDI Synthetic Generator — Baseline,,AUBEB mangrove baseline scenario
2120,7,Restoration specification — CBEMR design_Entity,Nigeria,2025-07-12,daily_state,ndc_balance,294.25,279.46,244.69,83.16,0.5614,index,simulated,PDI Synthetic Generator — Baseline,,AUBEB mangrove baseline scenario
2121,8,Community custodial co-management_Entity,Cameroon,2025-07-12,daily_state,ndc_balance,249.73,259.85,195.03,75.05,0.4128,index,simulated,PDI Synthetic Generator — Baseline,,AUBEB mangrove baseline scenario
2122,9,Physical recovery — active regeneration_Entity,Mozambique,2025-07-12,daily_state,ndc_balance,219.51,257.44,248.16,96.4,1.9478,index,simulated,PDI Synthetic Generator — Baseline,,AUBEB mangrove baseline scenario
2123,10,Verified restoration — sustained blue economy asset_Entity,Madagascar,2025-07-12,daily_state,ndc_balance,278.26,288.98,228.91,79.21,1.3984,index,simulated,PDI Synthetic Generator — Baseline,,AUBEB mangrove baseline scenario
2124,0,Pre-commercial: degraded ecosystem_Entity,Nigeria,2025-07-13,daily_state,ndc_balance,193.33,190.75,154.91,80.13,1.7212,index,simulated,PDI Synthetic Generator — Baseline,,AUBEB mangrove baseline scenario
2125,1,Custodial formalisation_Entity,Cameroon,2025-07-13,daily_state,ndc_balance,183.16,271.57,220.0,81.01,0.3913,index,simulated,PDI Synthetic Generator — Baseline,,AUBEB mangrove baseline scenario
2126,2,Data extraction — baseline remote sensing_Entity,Mozambique,2025-07-13,daily_state,ndc_balance,243.29,274.63,244.89,89.17,0.5725,index,simulated,PDI Synthetic Generator — Baseline,,AUBEB mangrove baseline scenario
2127,3,Specification — carbon quantification_Entity,Madagascar,2025-07-13,daily_state,ndc_balance,251.31,272.0,258.97,95.21,1.1093,index,simulated,PDI Synthetic Generator — Baseline,,AUBEB mangrove baseline scenario
2128,4,Certification — verification & registration_Entity,Guinea,2025-07-13,daily_state,ndc_balance,283.41,298.4,234.56,78.61,0.91,index,simulated,PDI Synthetic Generator — Baseline,,AUBEB mangrove baseline scenario
2129,5,Commercialisation outward_Entity,Tanzania,2025-07-13,daily_state,ndc_balance,255.58,290.25,233.72,80.52,0.4615,index,simulated,PDI Synthetic Generator — Baseline,,AUBEB mangrove baseline scenario
2130,6,Capital return — Conservation Fund deployment_Entity,Benin,2025-07-13,daily_state,ndc_balance,248.26,259.67,228.27,87.91,1.8316,index,simulated,PDI Synthetic Generator — Baseline,,AUBEB mangrove baseline scenario
2131,7,Restoration specification — CBEMR design_Entity,Nigeria,2025-07-13,daily_state,ndc_balance,315.48,232.49,252.47,80.03,0.5352,index,simulated,PDI Synthetic Generator — Baseline,,AUBEB mangrove baseline scenario
2132,8,Community custodial co-management_Entity,Cameroon,2025-07-13,daily_state,ndc_balance,262.25,248.44,175.37,66.87,0.9807,index,simulated,PDI Synthetic Generator — Baseline,,AUBEB mangrove baseline scenario
2133,9,Physical recovery — active regeneration_Entity,Mozambique,2025-07-13,daily_state,ndc_balance,242.44,251.86,251.68,99.93,2.0102,index,simulated,PDI Synthetic Generator — Baseline,,AUBEB mangrove baseline scenario
2134,10,Verified restoration — sustained blue economy asset_Entity,Madagascar,2025-07-13,daily_state,ndc_balance,278.95,273.12,263.08,94.31,0.359,index,simulated,PDI Synthetic Generator — Baseline,,AUBEB mangrove baseline scenario
2135,0,Pre-commercial: degraded ecosystem_Entity,Nigeria,2025-07-14,daily_state,ndc_balance,227.56,198.34,131.45,57.76,0.182,index,simulated,PDI Synthetic Generator — Baseline,,AUBEB mangrove baseline scenario
2136,1,Custodial formalisation_Entity,Cameroon,2025-07-14,daily_state,ndc_balance,219.87,287.84,217.11,75.43,0.6414,index,simulated,PDI Synthetic Generator — Baseline,,AUBEB mangrove baseline scenario
2137,2,Data extraction — baseline remote sensing_Entity,Mozambique,2025-07-14,daily_state,ndc_balance,248.54,263.2,234.42,89.07,1.33,index,simulated,PDI Synthetic Generator — Baseline,,AUBEB mangrove baseline scenario
2138,3,Specification — carbon quantification_Entity,Madagascar,2025-07-14,daily_state,ndc_balance,296.44,263.4,246.68,83.21,0.7111,index,simulated,PDI Synthetic Generator — Baseline,,AUBEB mangrove baseline scenario
2139,4,Certification — verification & registration_Entity,Guinea,2025-07-14,daily_state,ndc_balance,257.23,286.9,227.09,79.15,0.2684,index,simulated,PDI Synthetic Generator — Baseline,,AUBEB mangrove baseline scenario
2140,5,Commercialisation outward_Entity,Tanzania,2025-07-14,daily_state,ndc_balance,266.74,277.17,234.16,84.48,1.6493,index,simulated,PDI Synthetic Generator — Baseline,,AUBEB mangrove baseline scenario
2141,6,Capital return — Conservation Fund deployment_Entity,Benin,2025-07-14,daily_state,ndc_balance,264.17,289.92,234.31,80.82,0.5219,index,simulated,PDI Synthetic Generator — Baseline,,AUBEB mangrove baseline scenario
2142,7,Restoration specification — CBEMR design_Entity,Nigeria,2025-07-14,daily_state,ndc_balance,275.79,286.7,247.41,86.3,0.8354,index,simulated,PDI Synthetic Generator — Baseline,,AUBEB mangrove baseline scenario
2143,8,Community custodial co-management_Entity,Cameroon,2025-07-14,daily_state,ndc_balance,237.93,257.46,173.82,67.51,0.5444,index,simulated,PDI Synthetic Generator — Baseline,,AUBEB mangrove baseline scenario
2144,9,Physical recovery — active regeneration_Entity,Mozambique,2025-07-14,daily_state,ndc_balance,242.38,251.22,219.78,87.49,1.839,index,simulated,PDI Synthetic Generator — Baseline,,AUBEB mangrove baseline scenario
2145,10,Verified restoration — sustained blue economy asset_Entity,Madagascar,2025-07-14,daily_state,ndc_balance,264.07,269.16,248.84,92.45,1.1427,index,simulated,PDI Synthetic Generator — Baseline,,AUBEB mangrove baseline scenario
2146,0,Pre-commercial: degraded ecosystem_Entity,Nigeria,2025-07-15,daily_state,ndc_balance,193.33,204.82,139.07,67.9,1.0627,index,simulated,PDI Synthetic Generator — Baseline,,AUBEB mangrove baseline scenario
2147,1,Custodial formalisation_Entity,Cameroon,2025-07-15,daily_state,ndc_balance,224.3,286.88,228.86,79.78,0.5181,index,simulated,PDI Synthetic Generator — Baseline,,AUBEB mangrove baseline scenario
2148,2,Data extraction — baseline remote sensing_Entity,Mozambique,2025-07-15,daily_state,ndc_balance,244.26,261.55,211.11,80.71,0.3272,index,simulated,PDI Synthetic Generator — Baseline,,AUBEB mangrove baseline scenario
2149,3,Specification — carbon quantification_Entity,Madagascar,2025-07-15,daily_state,ndc_balance,265.26,267.69,249.81,93.32,0.7362,index,simulated,PDI Synthetic Generator — Baseline,,AUBEB mangrove baseline scenario
2150,4,Certification — verification & registration_Entity,Guinea,2025-07-15,daily_state,ndc_balance,213.4,271.11,233.8,86.24,0.6081,index,simulated,PDI Synthetic Generator — Baseline,,AUBEB mangrove baseline scenario
2151,5,Commercialisation outward_Entity,Tanzania,2025-07-15,daily_state,ndc_balance,248.69,268.12,252.62,94.22,2.4398,index,simulated,PDI Synthetic Generator — Baseline,,AUBEB mangrove baseline scenario
2152,6,Capital return — Conservation Fund deployment_Entity,Benin,2025-07-15,daily_state,ndc_balance,238.67,306.22,224.46,73.3,0.8118,index,simulated,PDI Synthetic Generator — Baseline,,AUBEB mangrove baseline scenario
2153,7,Restoration specification — CBEMR design_Entity,Nigeria,2025-07-15,daily_state,ndc_balance,272.47,236.87,266.35,97.75,2.6896,index,simulated,PDI Synthetic Generator — Baseline,,AUBEB mangrove baseline scenario
2154,8,Community custodial co-management_Entity,Cameroon,2025-07-15,daily_state,ndc_balance,242.09,252.77,195.94,77.52,1.1523,index,simulated,PDI Synthetic Generator — Baseline,,AUBEB mangrove baseline scenario
2155,9,Physical recovery — active regeneration_Entity,Mozambique,2025-07-15,daily_state,ndc_balance,249.39,244.5,250.34,100.38,2.4635,index,simulated,PDI Synthetic Generator — Baseline,,AUBEB mangrove baseline scenario
2156,10,Verified restoration — sustained blue economy asset_Entity,Madagascar,2025-07-15,daily_state,ndc_balance,286.12,262.73,231.41,80.88,0.8983,index,simulated,PDI Synthetic Generator — Baseline,,AUBEB mangrove baseline scenario
2157,0,Pre-commercial: degraded ecosystem_Entity,Nigeria,2025-07-16,daily_state,ndc_balance,190.33,177.76,147.04,77.26,1.3888,index,simulated,PDI Synthetic Generator — Baseline,,AUBEB mangrove baseline scenario
2158,1,Custodial formalisation_Entity,Cameroon,2025-07-16,daily_state,ndc_balance,210.64,250.82,227.78,90.81,1.14,index,simulated,PDI Synthetic Generator — Baseline,,AUBEB mangrove baseline scenario
2159,2,Data extraction — baseline remote sensing_Entity,Mozambique,2025-07-16,daily_state,ndc_balance,254.68,282.31,248.48,88.02,1.6897,index,simulated,PDI Synthetic Generator — Baseline,,AUBEB mangrove baseline scenario
2160,3,Specification — carbon quantification_Entity,Madagascar,2025-07-16,daily_state,ndc_balance,289.94,292.93,238.23,81.33,1.0117,index,simulated,PDI Synthetic Generator — Baseline,,AUBEB mangrove baseline scenario
2161,4,Certification — verification & registration_Entity,Guinea,2025-07-16,daily_state,ndc_balance,255.01,252.78,234.68,92.03,1.8736,index,simulated,PDI Synthetic Generator — Baseline,,AUBEB mangrove baseline scenario
2162,5,Commercialisation outward_Entity,Tanzania,2025-07-16,daily_state,ndc_balance,270.39,262.53,230.24,85.15,0.3068,index,simulated,PDI Synthetic Generator — Baseline,,AUBEB mangrove baseline scenario
2163,6,Capital return — Conservation Fund deployment_Entity,Benin,2025-07-16,daily_state,ndc_balance,260.33,276.6,246.02,88.94,2.2179,index,simulated,PDI Synthetic Generator — Baseline,,AUBEB mangrove baseline scenario
2164,7,Restoration specification — CBEMR design_Entity,Nigeria,2025-07-16,daily_state,ndc_balance,307.95,268.3,278.52,90.44,1.6642,index,simulated,PDI Synthetic Generator — Baseline,,AUBEB mangrove baseline scenario
2165,8,Community custodial co-management_Entity,Cameroon,2025-07-16,daily_state,ndc_balance,236.16,284.6,195.39,68.65,0.5836,index,simulated,PDI Synthetic Generator — Baseline,,AUBEB mangrove baseline scenario
2166,9,Physical recovery — active regeneration_Entity,Mozambique,2025-07-16,daily_state,ndc_balance,251.83,240.54,224.77,89.25,0.418,index,simulated,PDI Synthetic Generator — Baseline,,AUBEB mangrove baseline scenario
2167,10,Verified restoration — sustained blue economy asset_Entity,Madagascar,2025-07-16,daily_state,ndc_balance,274.14,252.2,252.26,92.02,1.652,index,simulated,PDI Synthetic Generator — Baseline,,AUBEB mangrove baseline scenario
2168,0,Pre-commercial: degraded ecosystem_Entity,Nigeria,2025-07-17,daily_state,ndc_balance,187.89,198.14,144.61,72.98,1.3332,index,simulated,PDI Synthetic Generator — Baseline,,AUBEB mangrove baseline scenario
2169,1,Custodial formalisation_Entity,Cameroon,2025-07-17,daily_state,ndc_balance,216.01,261.73,220.78,84.35,2.0801,index,simulated,PDI Synthetic Generator — Baseline,,AUBEB mangrove baseline scenario
2170,2,Data extraction — baseline remote sensing_Entity,Mozambique,2025-07-17,daily_state,ndc_balance,253.92,227.95,233.58,91.99,2.0318,index,simulated,PDI Synthetic Generator — Baseline,,AUBEB mangrove baseline scenario
2171,3,Specification — carbon quantification_Entity,Madagascar,2025-07-17,daily_state,ndc_balance,281.52,264.4,256.6,91.15,1.7159,index,simulated,PDI Synthetic Generator — Baseline,,AUBEB mangrove baseline scenario
2172,4,Certification — verification & registration_Entity,Guinea,2025-07-17,daily_state,ndc_balance,244.7,287.85,223.24,77.55,1.075,index,simulated,PDI Synthetic Generator — Baseline,,AUBEB mangrove baseline scenario
2173,5,Commercialisation outward_Entity,Tanzania,2025-07-17,daily_state,ndc_balance,264.49,261.48,230.83,87.27,1.8896,index,simulated,PDI Synthetic Generator — Baseline,,AUBEB mangrove baseline scenario
2174,6,Capital return — Conservation Fund deployment_Entity,Benin,2025-07-17,daily_state,ndc_balance,280.45,272.17,221.01,78.81,0.5749,index,simulated,PDI Synthetic Generator — Baseline,,AUBEB mangrove baseline scenario
2175,7,Restoration specification — CBEMR design_Entity,Nigeria,2025-07-17,daily_state,ndc_balance,277.61,256.52,257.48,92.75,0.6797,index,simulated,PDI Synthetic Generator — Baseline,,AUBEB mangrove baseline scenario
2176,8,Community custodial co-management_Entity,Cameroon,2025-07-17,daily_state,ndc_balance,232.38,268.14,217.5,81.11,0.5329,index,simulated,PDI Synthetic Generator — Baseline,,AUBEB mangrove baseline scenario
2177,9,Physical recovery — active regeneration_Entity,Mozambique,2025-07-17,daily_state,ndc_balance,227.59,253.46,231.27,91.25,0.616,index,simulated,PDI Synthetic Generator — Baseline,,AUBEB mangrove baseline scenario
2178,10,Verified restoration — sustained blue economy asset_Entity,Madagascar,2025-07-17,daily_state,ndc_balance,277.23,279.17,268.77,96.27,1.7992,index,simulated,PDI Synthetic Generator — Baseline,,AUBEB mangrove baseline scenario
2179,0,Pre-commercial: degraded ecosystem_Entity,Nigeria,2025-07-18,daily_state,ndc_balance,204.21,201.96,142.56,69.81,1.4231,index,simulated,PDI Synthetic Generator — Baseline,,AUBEB mangrove baseline scenario
2180,1,Custodial formalisation_Entity,Cameroon,2025-07-18,daily_state,ndc_balance,239.85,288.13,222.21,77.12,1.3455,index,simulated,PDI Synthetic Generator — Baseline,,AUBEB mangrove baseline scenario
2181,2,Data extraction — baseline remote sensing_Entity,Mozambique,2025-07-18,daily_state,ndc_balance,263.44,251.26,240.85,91.42,2.1161,index,simulated,PDI Synthetic Generator — Baseline,,AUBEB mangrove baseline scenario
2182,3,Specification — carbon quantification_Entity,Madagascar,2025-07-18,daily_state,ndc_balance,282.39,273.98,234.9,83.18,0.2893,index,simulated,PDI Synthetic Generator — Baseline,,AUBEB mangrove baseline scenario
2183,4,Certification — verification & registration_Entity,Guinea,2025-07-18,daily_state,ndc_balance,260.07,278.82,250.53,89.85,0.2716,index,simulated,PDI Synthetic Generator — Baseline,,AUBEB mangrove baseline scenario
2184,5,Commercialisation outward_Entity,Tanzania,2025-07-18,daily_state,ndc_balance,277.12,312.12,225.63,72.29,0.3068,index,simulated,PDI Synthetic Generator — Baseline,,AUBEB mangrove baseline scenario
2185,6,Capital return — Conservation Fund deployment_Entity,Benin,2025-07-18,daily_state,ndc_balance,258.77,257.22,226.56,87.55,1.2243,index,simulated,PDI Synthetic Generator — Baseline,,AUBEB mangrove baseline scenario
2186,7,Restoration specification — CBEMR design_Entity,Nigeria,2025-07-18,daily_state,ndc_balance,269.11,255.67,245.69,91.3,0.6172,index,simulated,PDI Synthetic Generator — Baseline,,AUBEB mangrove baseline scenario
2187,8,Community custodial co-management_Entity,Cameroon,2025-07-18,daily_state,ndc_balance,231.97,263.75,212.95,80.74,1.3,index,simulated,PDI Synthetic Generator — Baseline,,AUBEB mangrove baseline scenario
2188,9,Physical recovery — active regeneration_Entity,Mozambique,2025-07-18,daily_state,ndc_balance,259.98,272.2,251.23,92.3,0.492,index,simulated,PDI Synthetic Generator — Baseline,,AUBEB mangrove baseline scenario
2189,10,Verified restoration — sustained blue economy asset_Entity,Madagascar,2025-07-18,daily_state,ndc_balance,274.18,290.7,259.38,89.23,2.1996,index,simulated,PDI Synthetic Generator — Baseline,,AUBEB mangrove baseline scenario
2190,0,Pre-commercial: degraded ecosystem_Entity,Nigeria,2025-07-19,daily_state,ndc_balance,194.32,212.52,143.35,67.45,0.3175,index,simulated,PDI Synthetic Generator — Baseline,,AUBEB mangrove baseline scenario
2191,1,Custodial formalisation_Entity,Cameroon,2025-07-19,daily_state,ndc_balance,206.9,262.33,222.13,84.68,1.9269,index,simulated,PDI Synthetic Generator — Baseline,,AUBEB mangrove baseline scenario
2192,2,Data extraction — baseline remote sensing_Entity,Mozambique,2025-07-19,daily_state,ndc_balance,245.57,275.52,236.61,85.88,0.5589,index,simulated,PDI Synthetic Generator — Baseline,,AUBEB mangrove baseline scenario
2193,3,Specification — carbon quantification_Entity,Madagascar,2025-07-19,daily_state,ndc_balance,285.99,276.82,270.95,94.74,1.7614,index,simulated,PDI Synthetic Generator — Baseline,,AUBEB mangrove baseline scenario
2194,4,Certification — verification & registration_Entity,Guinea,2025-07-19,daily_state,ndc_balance,255.98,299.22,259.91,86.86,2.1003,index,simulated,PDI Synthetic Generator — Baseline,,AUBEB mangrove baseline scenario
2195,5,Commercialisation outward_Entity,Tanzania,2025-07-19,daily_state,ndc_balance,276.84,258.44,240.51,86.88,1.4483,index,simulated,PDI Synthetic Generator — Baseline,,AUBEB mangrove baseline scenario
2196,6,Capital return — Conservation Fund deployment_Entity,Benin,2025-07-19,daily_state,ndc_balance,277.26,268.01,221.92,80.04,1.3464,index,simulated,PDI Synthetic Generator — Baseline,,AUBEB mangrove baseline scenario
2197,7,Restoration specification — CBEMR design_Entity,Nigeria,2025-07-19,daily_state,ndc_balance,270.13,300.54,247.89,82.48,1.8871,index,simulated,PDI Synthetic Generator — Baseline,,AUBEB mangrove baseline scenario
2198,8,Community custodial co-management_Entity,Cameroon,2025-07-19,daily_state,ndc_balance,241.41,237.2,172.76,71.56,1.2746,index,simulated,PDI Synthetic Generator — Baseline,,AUBEB mangrove baseline scenario
2199,9,Physical recovery — active regeneration_Entity,Mozambique,2025-07-19,daily_state,ndc_balance,250.55,246.15,265.51,105.97,0.7876,index,simulated,PDI Synthetic Generator — Baseline,,AUBEB mangrove baseline scenario
2200,10,Verified restoration — sustained blue economy asset_Entity,Madagascar,2025-07-19,daily_state,ndc_balance,280.53,264.0,243.84,86.92,1.0235,index,simulated,PDI Synthetic Generator — Baseline,,AUBEB mangrove baseline scenario
2201,0,Pre-commercial: degraded ecosystem_Entity,Nigeria,2025-07-20,daily_state,ndc_balance,196.23,179.28,138.85,70.76,0.9314,index,simulated,PDI Synthetic Generator — Baseline,,AUBEB mangrove baseline scenario
2202,1,Custodial formalisation_Entity,Cameroon,2025-07-20,daily_state,ndc_balance,212.64,284.76,210.41,73.89,0.2971,index,simulated,PDI Synthetic Generator — Baseline,,AUBEB mangrove baseline scenario
2203,2,Data extraction — baseline remote sensing_Entity,Mozambique,2025-07-20,daily_state,ndc_balance,265.73,271.66,233.41,85.92,1.0662,index,simulated,PDI Synthetic Generator — Baseline,,AUBEB mangrove baseline scenario
2204,3,Specification — carbon quantification_Entity,Madagascar,2025-07-20,daily_state,ndc_balance,289.74,266.13,242.06,83.54,1.7047,index,simulated,PDI Synthetic Generator — Baseline,,AUBEB mangrove baseline scenario
2205,4,Certification — verification & registration_Entity,Guinea,2025-07-20,daily_state,ndc_balance,245.94,297.43,231.91,77.97,0.8696,index,simulated,PDI Synthetic Generator — Baseline,,AUBEB mangrove baseline scenario
2206,5,Commercialisation outward_Entity,Tanzania,2025-07-20,daily_state,ndc_balance,250.35,251.84,233.31,92.64,1.4914,index,simulated,PDI Synthetic Generator — Baseline,,AUBEB mangrove baseline scenario
2207,6,Capital return — Conservation Fund deployment_Entity,Benin,2025-07-20,daily_state,ndc_balance,266.67,257.51,216.44,81.16,1.2255,index,simulated,PDI Synthetic Generator — Baseline,,AUBEB mangrove baseline scenario
2208,7,Restoration specification — CBEMR design_Entity,Nigeria,2025-07-20,daily_state,ndc_balance,271.43,262.58,228.45,84.17,1.5573,index,simulated,PDI Synthetic Generator — Baseline,,AUBEB mangrove baseline scenario
2209,8,Community custodial co-management_Entity,Cameroon,2025-07-20,daily_state,ndc_balance,236.1,257.16,198.19,77.07,1.0736,index,simulated,PDI Synthetic Generator — Baseline,,AUBEB mangrove baseline scenario
2210,9,Physical recovery — active regeneration_Entity,Mozambique,2025-07-20,daily_state,ndc_balance,251.89,284.86,224.71,78.88,0.2868,index,simulated,PDI Synthetic Generator — Baseline,,AUBEB mangrove baseline scenario
2211,10,Verified restoration — sustained blue economy asset_Entity,Madagascar,2025-07-20,daily_state,ndc_balance,260.92,297.74,273.94,92.01,0.9275,index,simulated,PDI Synthetic Generator — Baseline,,AUBEB mangrove baseline scenario
2212,0,Pre-commercial: degraded ecosystem_Entity,Nigeria,2025-07-21,daily_state,ndc_balance,183.52,214.51,155.13,72.32,1.5292,index,simulated,PDI Synthetic Generator — Baseline,,AUBEB mangrove baseline scenario
2213,1,Custodial formalisation_Entity,Cameroon,2025-07-21,daily_state,ndc_balance,220.1,265.67,215.04,80.94,0.4403,index,simulated,PDI Synthetic Generator — Baseline,,AUBEB mangrove baseline scenario
2214,2,Data extraction — baseline remote sensing_Entity,Mozambique,2025-07-21,daily_state,ndc_balance,251.4,296.74,237.63,80.08,0.8459,index,simulated,PDI Synthetic Generator — Baseline,,AUBEB mangrove baseline scenario
2215,3,Specification — carbon quantification_Entity,Madagascar,2025-07-21,daily_state,ndc_balance,322.89,278.96,240.4,74.45,1.1582,index,simulated,PDI Synthetic Generator — Baseline,,AUBEB mangrove baseline scenario
2216,4,Certification — verification & registration_Entity,Guinea,2025-07-21,daily_state,ndc_balance,277.5,299.83,250.17,83.44,1.8451,index,simulated,PDI Synthetic Generator — Baseline,,AUBEB mangrove baseline scenario
2217,5,Commercialisation outward_Entity,Tanzania,2025-07-21,daily_state,ndc_balance,274.61,274.93,237.92,86.54,1.3756,index,simulated,PDI Synthetic Generator — Baseline,,AUBEB mangrove baseline scenario
2218,6,Capital return — Conservation Fund deployment_Entity,Benin,2025-07-21,daily_state,ndc_balance,262.98,275.62,221.79,80.47,0.5132,index,simulated,PDI Synthetic Generator — Baseline,,AUBEB mangrove baseline scenario
2219,7,Restoration specification — CBEMR design_Entity,Nigeria,2025-07-21,daily_state,ndc_balance,278.87,244.92,247.95,88.91,1.1155,index,simulated,PDI Synthetic Generator — Baseline,,AUBEB mangrove baseline scenario
2220,8,Community custodial co-management_Entity,Cameroon,2025-07-21,daily_state,ndc_balance,224.67,242.03,213.5,88.21,1.6941,index,simulated,PDI Synthetic Generator — Baseline,,AUBEB mangrove baseline scenario
2221,9,Physical recovery — active regeneration_Entity,Mozambique,2025-07-21,daily_state,ndc_balance,249.98,260.57,235.62,90.42,1.9036,index,simulated,PDI Synthetic Generator — Baseline,,AUBEB mangrove baseline scenario
2222,10,Verified restoration — sustained blue economy asset_Entity,Madagascar,2025-07-21,daily_state,ndc_balance,277.08,269.59,254.95,92.01,2.1574,index,simulated,PDI Synthetic Generator — Baseline,,AUBEB mangrove baseline scenario
2223,0,Pre-commercial: degraded ecosystem_Entity,Nigeria,2025-07-22,daily_state,ndc_balance,189.55,177.82,126.89,66.94,1.2466,index,simulated,PDI Synthetic Generator — Baseline,,AUBEB mangrove baseline scenario
2224,1,Custodial formalisation_Entity,Cameroon,2025-07-22,daily_state,ndc_balance,204.01,246.35,212.76,86.36,1.077,index,simulated,PDI Synthetic Generator — Baseline,,AUBEB mangrove baseline scenario
2225,2,Data extraction — baseline remote sensing_Entity,Mozambique,2025-07-22,daily_state,ndc_balance,278.83,308.58,203.1,65.82,0.2763,index,simulated,PDI Synthetic Generator — Baseline,,AUBEB mangrove baseline scenario
2226,3,Specification — carbon quantification_Entity,Madagascar,2025-07-22,daily_state,ndc_balance,273.75,277.38,277.81,100.16,0.8938,index,simulated,PDI Synthetic Generator — Baseline,,AUBEB mangrove baseline scenario
2227,4,Certification — verification & registration_Entity,Guinea,2025-07-22,daily_state,ndc_balance,270.45,296.71,212.46,71.61,1.2842,index,simulated,PDI Synthetic Generator — Baseline,,AUBEB mangrove baseline scenario
2228,5,Commercialisation outward_Entity,Tanzania,2025-07-22,daily_state,ndc_balance,249.1,258.13,235.39,91.19,1.6907,index,simulated,PDI Synthetic Generator — Baseline,,AUBEB mangrove baseline scenario
2229,6,Capital return — Conservation Fund deployment_Entity,Benin,2025-07-22,daily_state,ndc_balance,264.37,263.34,235.52,89.09,0.6554,index,simulated,PDI Synthetic Generator — Baseline,,AUBEB mangrove baseline scenario
2230,7,Restoration specification — CBEMR design_Entity,Nigeria,2025-07-22,daily_state,ndc_balance,257.12,277.1,255.83,92.32,1.6439,index,simulated,PDI Synthetic Generator — Baseline,,AUBEB mangrove baseline scenario
2231,8,Community custodial co-management_Entity,Cameroon,2025-07-22,daily_state,ndc_balance,237.93,252.99,193.05,76.31,0.2774,index,simulated,PDI Synthetic Generator — Baseline,,AUBEB mangrove baseline scenario
2232,9,Physical recovery — active regeneration_Entity,Mozambique,2025-07-22,daily_state,ndc_balance,270.5,231.17,219.53,81.16,0.7473,index,simulated,PDI Synthetic Generator — Baseline,,AUBEB mangrove baseline scenario
2233,10,Verified restoration — sustained blue economy asset_Entity,Madagascar,2025-07-22,daily_state,ndc_balance,257.29,264.57,266.87,100.87,2.9883,index,simulated,PDI Synthetic Generator — Baseline,,AUBEB mangrove baseline scenario
2234,0,Pre-commercial: degraded ecosystem_Entity,Nigeria,2025-07-23,daily_state,ndc_balance,201.92,185.81,137.65,68.17,1.131,index,simulated,PDI Synthetic Generator — Baseline,,AUBEB mangrove baseline scenario
2235,1,Custodial formalisation_Entity,Cameroon,2025-07-23,daily_state,ndc_balance,222.6,276.02,214.56,77.73,0.7631,index,simulated,PDI Synthetic Generator — Baseline,,AUBEB mangrove baseline scenario
2236,2,Data extraction — baseline remote sensing_Entity,Mozambique,2025-07-23,daily_state,ndc_balance,255.3,268.67,257.39,95.8,0.7583,index,simulated,PDI Synthetic Generator — Baseline,,AUBEB mangrove baseline scenario
2237,3,Specification — carbon quantification_Entity,Madagascar,2025-07-23,daily_state,ndc_balance,280.31,245.75,280.69,100.14,0.5645,index,simulated,PDI Synthetic Generator — Baseline,,AUBEB mangrove baseline scenario
2238,4,Certification — verification & registration_Entity,Guinea,2025-07-23,daily_state,ndc_balance,256.03,249.58,250.92,98.0,0.5501,index,simulated,PDI Synthetic Generator — Baseline,,AUBEB mangrove baseline scenario
2239,5,Commercialisation outward_Entity,Tanzania,2025-07-23,daily_state,ndc_balance,263.15,263.29,221.29,84.05,1.3303,index,simulated,PDI Synthetic Generator — Baseline,,AUBEB mangrove baseline scenario
2240,6,Capital return — Conservation Fund deployment_Entity,Benin,2025-07-23,daily_state,ndc_balance,252.03,280.08,219.88,78.51,0.4371,index,simulated,PDI Synthetic Generator — Baseline,,AUBEB mangrove baseline scenario
2241,7,Restoration specification — CBEMR design_Entity,Nigeria,2025-07-23,daily_state,ndc_balance,245.98,279.8,272.05,97.23,2.541,index,simulated,PDI Synthetic Generator — Baseline,,AUBEB mangrove baseline scenario
2242,8,Community custodial co-management_Entity,Cameroon,2025-07-23,daily_state,ndc_balance,248.47,263.91,179.97,68.19,1.1049,index,simulated,PDI Synthetic Generator — Baseline,,AUBEB mangrove baseline scenario
2243,9,Physical recovery — active regeneration_Entity,Mozambique,2025-07-23,daily_state,ndc_balance,272.64,285.01,210.54,73.87,1.1235,index,simulated,PDI Synthetic Generator — Baseline,,AUBEB mangrove baseline scenario
2244,10,Verified restoration — sustained blue economy asset_Entity,Madagascar,2025-07-23,daily_state,ndc_balance,277.23,285.51,249.06,87.23,1.8419,index,simulated,PDI Synthetic Generator — Baseline,,AUBEB mangrove baseline scenario
2245,0,Pre-commercial: degraded ecosystem_Entity,Nigeria,2025-07-24,daily_state,ndc_balance,193.98,209.61,147.59,70.41,1.341,index,simulated,PDI Synthetic Generator — Baseline,,AUBEB mangrove baseline scenario
2246,1,Custodial formalisation_Entity,Cameroon,2025-07-24,daily_state,ndc_balance,201.38,274.45,200.49,73.05,0.461,index,simulated,PDI Synthetic Generator — Baseline,,AUBEB mangrove baseline scenario
2247,2,Data extraction — baseline remote sensing_Entity,Mozambique,2025-07-24,daily_state,ndc_balance,251.34,267.88,254.8,95.12,1.4868,index,simulated,PDI Synthetic Generator — Baseline,,AUBEB mangrove baseline scenario
2248,3,Specification — carbon quantification_Entity,Madagascar,2025-07-24,daily_state,ndc_balance,299.32,275.05,248.95,83.17,1.8333,index,simulated,PDI Synthetic Generator — Baseline,,AUBEB mangrove baseline scenario
2249,4,Certification — verification & registration_Entity,Guinea,2025-07-24,daily_state,ndc_balance,220.68,259.45,239.2,92.2,0.471,index,simulated,PDI Synthetic Generator — Baseline,,AUBEB mangrove baseline scenario
2250,5,Commercialisation outward_Entity,Tanzania,2025-07-24,daily_state,ndc_balance,253.47,257.17,263.02,102.27,0.7698,index,simulated,PDI Synthetic Generator — Baseline,,AUBEB mangrove baseline scenario
2251,6,Capital return — Conservation Fund deployment_Entity,Benin,2025-07-24,daily_state,ndc_balance,257.21,287.23,236.31,82.27,1.6138,index,simulated,PDI Synthetic Generator — Baseline,,AUBEB mangrove baseline scenario
2252,7,Restoration specification — CBEMR design_Entity,Nigeria,2025-07-24,daily_state,ndc_balance,285.61,271.08,269.1,94.22,0.88,index,simulated,PDI Synthetic Generator — Baseline,,AUBEB mangrove baseline scenario
2253,8,Community custodial co-management_Entity,Cameroon,2025-07-24,daily_state,ndc_balance,250.66,240.42,199.84,79.73,1.1667,index,simulated,PDI Synthetic Generator — Baseline,,AUBEB mangrove baseline scenario
2254,9,Physical recovery — active regeneration_Entity,Mozambique,2025-07-24,daily_state,ndc_balance,258.01,281.01,239.81,85.34,1.0069,index,simulated,PDI Synthetic Generator — Baseline,,AUBEB mangrove baseline scenario
2255,10,Verified restoration — sustained blue economy asset_Entity,Madagascar,2025-07-24,daily_state,ndc_balance,303.35,243.5,265.08,87.38,1.9709,index,simulated,PDI Synthetic Generator — Baseline,,AUBEB mangrove baseline scenario
2256,0,Pre-commercial: degraded ecosystem_Entity,Nigeria,2025-07-25,daily_state,ndc_balance,208.31,211.09,139.55,66.11,0.9361,index,simulated,PDI Synthetic Generator — Baseline,,AUBEB mangrove baseline scenario
2257,1,Custodial formalisation_Entity,Cameroon,2025-07-25,daily_state,ndc_balance,202.07,271.52,226.74,83.51,1.3777,index,simulated,PDI Synthetic Generator — Baseline,,AUBEB mangrove baseline scenario
2258,2,Data extraction — baseline remote sensing_Entity,Mozambique,2025-07-25,daily_state,ndc_balance,239.6,255.41,224.17,87.77,0.7403,index,simulated,PDI Synthetic Generator — Baseline,,AUBEB mangrove baseline scenario
2259,3,Specification — carbon quantification_Entity,Madagascar,2025-07-25,daily_state,ndc_balance,280.92,270.14,264.71,94.23,0.6457,index,simulated,PDI Synthetic Generator — Baseline,,AUBEB mangrove baseline scenario
2260,4,Certification — verification & registration_Entity,Guinea,2025-07-25,daily_state,ndc_balance,249.69,266.88,241.29,90.41,1.1021,index,simulated,PDI Synthetic Generator — Baseline,,AUBEB mangrove baseline scenario
2261,5,Commercialisation outward_Entity,Tanzania,2025-07-25,daily_state,ndc_balance,253.28,273.7,213.41,77.97,1.66,index,simulated,PDI Synthetic Generator — Baseline,,AUBEB mangrove baseline scenario
2262,6,Capital return — Conservation Fund deployment_Entity,Benin,2025-07-25,daily_state,ndc_balance,264.76,265.25,230.27,86.81,1.7151,index,simulated,PDI Synthetic Generator — Baseline,,AUBEB mangrove baseline scenario
2263,7,Restoration specification — CBEMR design_Entity,Nigeria,2025-07-25,daily_state,ndc_balance,313.0,253.71,253.15,80.88,0.7768,index,simulated,PDI Synthetic Generator — Baseline,,AUBEB mangrove baseline scenario
2264,8,Community custodial co-management_Entity,Cameroon,2025-07-25,daily_state,ndc_balance,226.62,234.84,232.01,98.79,1.5744,index,simulated,PDI Synthetic Generator — Baseline,,AUBEB mangrove baseline scenario
2265,9,Physical recovery — active regeneration_Entity,Mozambique,2025-07-25,daily_state,ndc_balance,246.92,235.57,232.31,94.08,0.6378,index,simulated,PDI Synthetic Generator — Baseline,,AUBEB mangrove baseline scenario
2266,10,Verified restoration — sustained blue economy asset_Entity,Madagascar,2025-07-25,daily_state,ndc_balance,284.62,249.08,259.1,91.03,0.965,index,simulated,PDI Synthetic Generator — Baseline,,AUBEB mangrove baseline scenario
2267,0,Pre-commercial: degraded ecosystem_Entity,Nigeria,2025-07-26,daily_state,ndc_balance,215.95,203.18,127.39,58.99,0.444,index,simulated,PDI Synthetic Generator — Baseline,,AUBEB mangrove baseline scenario
2268,1,Custodial formalisation_Entity,Cameroon,2025-07-26,daily_state,ndc_balance,232.4,255.27,219.15,85.85,0.3287,index,simulated,PDI Synthetic Generator — Baseline,,AUBEB mangrove baseline scenario
2269,2,Data extraction — baseline remote sensing_Entity,Mozambique,2025-07-26,daily_state,ndc_balance,281.62,242.28,238.32,84.62,1.444,index,simulated,PDI Synthetic Generator — Baseline,,AUBEB mangrove baseline scenario
2270,3,Specification — carbon quantification_Entity,Madagascar,2025-07-26,daily_state,ndc_balance,267.82,277.35,259.93,93.72,1.2241,index,simulated,PDI Synthetic Generator — Baseline,,AUBEB mangrove baseline scenario
2271,4,Certification — verification & registration_Entity,Guinea,2025-07-26,daily_state,ndc_balance,252.64,296.58,250.03,84.3,1.4982,index,simulated,PDI Synthetic Generator — Baseline,,AUBEB mangrove baseline scenario
2272,5,Commercialisation outward_Entity,Tanzania,2025-07-26,daily_state,ndc_balance,246.23,270.18,259.3,95.97,0.5062,index,simulated,PDI Synthetic Generator — Baseline,,AUBEB mangrove baseline scenario
2273,6,Capital return — Conservation Fund deployment_Entity,Benin,2025-07-26,daily_state,ndc_balance,271.63,263.35,229.16,84.36,0.8847,index,simulated,PDI Synthetic Generator — Baseline,,AUBEB mangrove baseline scenario
2274,7,Restoration specification — CBEMR design_Entity,Nigeria,2025-07-26,daily_state,ndc_balance,269.93,255.8,260.36,96.45,2.0094,index,simulated,PDI Synthetic Generator — Baseline,,AUBEB mangrove baseline scenario
2275,8,Community custodial co-management_Entity,Cameroon,2025-07-26,daily_state,ndc_balance,247.64,276.09,184.95,66.99,0.6061,index,simulated,PDI Synthetic Generator — Baseline,,AUBEB mangrove baseline scenario
2276,9,Physical recovery — active regeneration_Entity,Mozambique,2025-07-26,daily_state,ndc_balance,270.39,278.38,234.52,84.24,1.3571,index,simulated,PDI Synthetic Generator — Baseline,,AUBEB mangrove baseline scenario
2277,10,Verified restoration — sustained blue economy asset_Entity,Madagascar,2025-07-26,daily_state,ndc_balance,302.02,283.38,244.93,81.1,1.9488,index,simulated,PDI Synthetic Generator — Baseline,,AUBEB mangrove baseline scenario
2278,0,Pre-commercial: degraded ecosystem_Entity,Nigeria,2025-07-27,daily_state,ndc_balance,192.91,218.34,136.75,62.63,0.898,index,simulated,PDI Synthetic Generator — Baseline,,AUBEB mangrove baseline scenario
2279,1,Custodial formalisation_Entity,Cameroon,2025-07-27,daily_state,ndc_balance,209.05,280.52,206.02,73.44,1.4205,index,simulated,PDI Synthetic Generator — Baseline,,AUBEB mangrove baseline scenario
2280,2,Data extraction — baseline remote sensing_Entity,Mozambique,2025-07-27,daily_state,ndc_balance,258.23,304.66,268.28,88.06,1.0835,index,simulated,PDI Synthetic Generator — Baseline,,AUBEB mangrove baseline scenario
2281,3,Specification — carbon quantification_Entity,Madagascar,2025-07-27,daily_state,ndc_balance,278.57,271.82,229.25,82.3,0.4331,index,simulated,PDI Synthetic Generator — Baseline,,AUBEB mangrove baseline scenario
2282,4,Certification — verification & registration_Entity,Guinea,2025-07-27,daily_state,ndc_balance,269.01,231.06,249.81,92.86,0.4856,index,simulated,PDI Synthetic Generator — Baseline,,AUBEB mangrove baseline scenario
2283,5,Commercialisation outward_Entity,Tanzania,2025-07-27,daily_state,ndc_balance,268.5,316.49,217.59,68.75,0.3538,index,simulated,PDI Synthetic Generator — Baseline,,AUBEB mangrove baseline scenario
2284,6,Capital return — Conservation Fund deployment_Entity,Benin,2025-07-27,daily_state,ndc_balance,269.43,261.16,237.84,88.28,2.2376,index,simulated,PDI Synthetic Generator — Baseline,,AUBEB mangrove baseline scenario
2285,7,Restoration specification — CBEMR design_Entity,Nigeria,2025-07-27,daily_state,ndc_balance,301.69,268.22,279.61,92.68,0.2952,index,simulated,PDI Synthetic Generator — Baseline,,AUBEB mangrove baseline scenario
2286,8,Community custodial co-management_Entity,Cameroon,2025-07-27,daily_state,ndc_balance,238.34,270.45,187.6,69.37,1.2717,index,simulated,PDI Synthetic Generator — Baseline,,AUBEB mangrove baseline scenario
2287,9,Physical recovery — active regeneration_Entity,Mozambique,2025-07-27,daily_state,ndc_balance,245.15,231.22,219.18,89.41,1.0,index,simulated,PDI Synthetic Generator — Baseline,,AUBEB mangrove baseline scenario
2288,10,Verified restoration — sustained blue economy asset_Entity,Madagascar,2025-07-27,daily_state,ndc_balance,284.71,252.84,250.09,87.84,1.8254,index,simulated,PDI Synthetic Generator — Baseline,,AUBEB mangrove baseline scenario
2289,0,Pre-commercial: degraded ecosystem_Entity,Nigeria,2025-07-28,daily_state,ndc_balance,205.65,204.88,137.21,66.72,0.8486,index,simulated,PDI Synthetic Generator — Baseline,,AUBEB mangrove baseline scenario
2290,1,Custodial formalisation_Entity,Cameroon,2025-07-28,daily_state,ndc_balance,215.45,256.57,209.67,81.72,1.7241,index,simulated,PDI Synthetic Generator — Baseline,,AUBEB mangrove baseline scenario
2291,2,Data extraction — baseline remote sensing_Entity,Mozambique,2025-07-28,daily_state,ndc_balance,249.8,255.78,238.79,93.36,2.4385,index,simulated,PDI Synthetic Generator — Baseline,,AUBEB mangrove baseline scenario
2292,3,Specification — carbon quantification_Entity,Madagascar,2025-07-28,daily_state,ndc_balance,302.87,305.32,217.45,71.22,1.2559,index,simulated,PDI Synthetic Generator — Baseline,,AUBEB mangrove baseline scenario
2293,4,Certification — verification & registration_Entity,Guinea,2025-07-28,daily_state,ndc_balance,277.95,286.35,227.05,79.29,1.0313,index,simulated,PDI Synthetic Generator — Baseline,,AUBEB mangrove baseline scenario
2294,5,Commercialisation outward_Entity,Tanzania,2025-07-28,daily_state,ndc_balance,249.29,272.41,201.0,73.79,0.3099,index,simulated,PDI Synthetic Generator — Baseline,,AUBEB mangrove baseline scenario
2295,6,Capital return — Conservation Fund deployment_Entity,Benin,2025-07-28,daily_state,ndc_balance,240.67,279.41,240.13,85.94,1.0604,index,simulated,PDI Synthetic Generator — Baseline,,AUBEB mangrove baseline scenario
2296,7,Restoration specification — CBEMR design_Entity,Nigeria,2025-07-28,daily_state,ndc_balance,282.83,275.05,268.41,94.9,1.1969,index,simulated,PDI Synthetic Generator — Baseline,,AUBEB mangrove baseline scenario
2297,8,Community custodial co-management_Entity,Cameroon,2025-07-28,daily_state,ndc_balance,241.35,272.3,217.86,80.01,1.7718,index,simulated,PDI Synthetic Generator — Baseline,,AUBEB mangrove baseline scenario
2298,9,Physical recovery — active regeneration_Entity,Mozambique,2025-07-28,daily_state,ndc_balance,279.9,228.07,246.48,88.06,1.7063,index,simulated,PDI Synthetic Generator — Baseline,,AUBEB mangrove baseline scenario
2299,10,Verified restoration — sustained blue economy asset_Entity,Madagascar,2025-07-28,daily_state,ndc_balance,279.88,269.99,247.31,88.36,0.8321,index,simulated,PDI Synthetic Generator — Baseline,,AUBEB mangrove baseline scenario
2300,0,Pre-commercial: degraded ecosystem_Entity,Nigeria,2025-07-29,daily_state,ndc_balance,206.06,206.84,137.42,66.44,1.1317,index,simulated,PDI Synthetic Generator — Baseline,,AUBEB mangrove baseline scenario
2301,1,Custodial formalisation_Entity,Cameroon,2025-07-29,daily_state,ndc_balance,215.68,255.78,214.46,83.85,0.9978,index,simulated,PDI Synthetic Generator — Baseline,,AUBEB mangrove baseline scenario
2302,2,Data extraction — baseline remote sensing_Entity,Mozambique,2025-07-29,daily_state,ndc_balance,288.93,281.37,243.82,84.39,0.9335,index,simulated,PDI Synthetic Generator — Baseline,,AUBEB mangrove baseline scenario
2303,3,Specification — carbon quantification_Entity,Madagascar,2025-07-29,daily_state,ndc_balance,292.66,244.39,245.73,83.96,2.0373,index,simulated,PDI Synthetic Generator — Baseline,,AUBEB mangrove baseline scenario
2304,4,Certification — verification & registration_Entity,Guinea,2025-07-29,daily_state,ndc_balance,251.72,284.13,237.52,83.6,2.0464,index,simulated,PDI Synthetic Generator — Baseline,,AUBEB mangrove baseline scenario
2305,5,Commercialisation outward_Entity,Tanzania,2025-07-29,daily_state,ndc_balance,267.91,293.96,244.91,83.31,1.2912,index,simulated,PDI Synthetic Generator — Baseline,,AUBEB mangrove baseline scenario
2306,6,Capital return — Conservation Fund deployment_Entity,Benin,2025-07-29,daily_state,ndc_balance,235.3,288.01,243.15,84.42,2.0947,index,simulated,PDI Synthetic Generator — Baseline,,AUBEB mangrove baseline scenario
2307,7,Restoration specification — CBEMR design_Entity,Nigeria,2025-07-29,daily_state,ndc_balance,296.78,303.36,235.88,77.76,0.3439,index,simulated,PDI Synthetic Generator — Baseline,,AUBEB mangrove baseline scenario
2308,8,Community custodial co-management_Entity,Cameroon,2025-07-29,daily_state,ndc_balance,234.35,261.75,182.78,69.83,0.9776,index,simulated,PDI Synthetic Generator — Baseline,,AUBEB mangrove baseline scenario
2309,9,Physical recovery — active regeneration_Entity,Mozambique,2025-07-29,daily_state,ndc_balance,258.22,223.58,225.44,87.31,1.3665,index,simulated,PDI Synthetic Generator — Baseline,,AUBEB mangrove baseline scenario
2310,10,Verified restoration — sustained blue economy asset_Entity,Madagascar,2025-07-29,daily_state,ndc_balance,270.64,282.45,251.73,89.12,0.4383,index,simulated,PDI Synthetic Generator — Baseline,,AUBEB mangrove baseline scenario
2311,0,Pre-commercial: degraded ecosystem_Entity,Nigeria,2025-07-30,daily_state,ndc_balance,184.39,206.47,140.31,67.96,1.0208,index,simulated,PDI Synthetic Generator — Baseline,,AUBEB mangrove baseline scenario
2312,1,Custodial formalisation_Entity,Cameroon,2025-07-30,daily_state,ndc_balance,210.33,277.81,210.52,75.78,0.7652,index,simulated,PDI Synthetic Generator — Baseline,,AUBEB mangrove baseline scenario
2313,2,Data extraction — baseline remote sensing_Entity,Mozambique,2025-07-30,daily_state,ndc_balance,255.61,263.38,223.26,84.77,0.9103,index,simulated,PDI Synthetic Generator — Baseline,,AUBEB mangrove baseline scenario
2314,3,Specification — carbon quantification_Entity,Madagascar,2025-07-30,daily_state,ndc_balance,286.81,274.25,289.87,101.07,1.1253,index,simulated,PDI Synthetic Generator — Baseline,,AUBEB mangrove baseline scenario
2315,4,Certification — verification & registration_Entity,Guinea,2025-07-30,daily_state,ndc_balance,248.59,269.3,242.7,90.12,1.9331,index,simulated,PDI Synthetic Generator — Baseline,,AUBEB mangrove baseline scenario
2316,5,Commercialisation outward_Entity,Tanzania,2025-07-30,daily_state,ndc_balance,233.09,264.94,223.56,84.38,2.0111,index,simulated,PDI Synthetic Generator — Baseline,,AUBEB mangrove baseline scenario
2317,6,Capital return — Conservation Fund deployment_Entity,Benin,2025-07-30,daily_state,ndc_balance,244.51,255.29,223.36,87.49,1.1786,index,simulated,PDI Synthetic Generator — Baseline,,AUBEB mangrove baseline scenario
2318,7,Restoration specification — CBEMR design_Entity,Nigeria,2025-07-30,daily_state,ndc_balance,276.25,265.6,247.92,89.74,0.8559,index,simulated,PDI Synthetic Generator — Baseline,,AUBEB mangrove baseline scenario
2319,8,Community custodial co-management_Entity,Cameroon,2025-07-30,daily_state,ndc_balance,240.93,251.83,184.87,73.41,1.3815,index,simulated,PDI Synthetic Generator — Baseline,,AUBEB mangrove baseline scenario
2320,9,Physical recovery — active regeneration_Entity,Mozambique,2025-07-30,daily_state,ndc_balance,252.52,238.4,243.29,96.34,0.3335,index,simulated,PDI Synthetic Generator — Baseline,,AUBEB mangrove baseline scenario
2321,10,Verified restoration — sustained blue economy asset_Entity,Madagascar,2025-07-30,daily_state,ndc_balance,318.04,290.41,275.7,86.69,0.9868,index,simulated,PDI Synthetic Generator — Baseline,,AUBEB mangrove baseline scenario
2322,0,Pre-commercial: degraded ecosystem_Entity,Nigeria,2025-07-31,daily_state,ndc_balance,208.44,189.8,159.16,76.36,1.4478,index,simulated,PDI Synthetic Generator — Baseline,,AUBEB mangrove baseline scenario
2323,1,Custodial formalisation_Entity,Cameroon,2025-07-31,daily_state,ndc_balance,212.78,274.11,220.17,80.32,1.2503,index,simulated,PDI Synthetic Generator — Baseline,,AUBEB mangrove baseline scenario
2324,2,Data extraction — baseline remote sensing_Entity,Mozambique,2025-07-31,daily_state,ndc_balance,273.92,315.69,250.81,79.45,1.8829,index,simulated,PDI Synthetic Generator — Baseline,,AUBEB mangrove baseline scenario
2325,3,Specification — carbon quantification_Entity,Madagascar,2025-07-31,daily_state,ndc_balance,256.94,274.27,248.33,90.54,1.8876,index,simulated,PDI Synthetic Generator — Baseline,,AUBEB mangrove baseline scenario
2326,4,Certification — verification & registration_Entity,Guinea,2025-07-31,daily_state,ndc_balance,257.36,281.57,233.84,83.05,0.262,index,simulated,PDI Synthetic Generator — Baseline,,AUBEB mangrove baseline scenario
2327,5,Commercialisation outward_Entity,Tanzania,2025-07-31,daily_state,ndc_balance,278.48,274.82,249.17,89.48,0.4883,index,simulated,PDI Synthetic Generator — Baseline,,AUBEB mangrove baseline scenario
2328,6,Capital return — Conservation Fund deployment_Entity,Benin,2025-07-31,daily_state,ndc_balance,285.61,275.0,240.98,84.37,0.636,index,simulated,PDI Synthetic Generator — Baseline,,AUBEB mangrove baseline scenario
2329,7,Restoration specification — CBEMR design_Entity,Nigeria,2025-07-31,daily_state,ndc_balance,274.45,233.68,250.09,91.12,2.3862,index,simulated,PDI Synthetic Generator — Baseline,,AUBEB mangrove baseline scenario
2330,8,Community custodial co-management_Entity,Cameroon,2025-07-31,daily_state,ndc_balance,252.13,244.71,208.13,82.55,0.7459,index,simulated,PDI Synthetic Generator — Baseline,,AUBEB mangrove baseline scenario
2331,9,Physical recovery — active regeneration_Entity,Mozambique,2025-07-31,daily_state,ndc_balance,251.47,234.31,218.92,87.06,0.6224,index,simulated,PDI Synthetic Generator — Baseline,,AUBEB mangrove baseline scenario
2332,10,Verified restoration — sustained blue economy asset_Entity,Madagascar,2025-07-31,daily_state,ndc_balance,278.65,283.58,275.64,97.2,2.5469,index,simulated,PDI Synthetic Generator — Baseline,,AUBEB mangrove baseline scenario
2333,0,Pre-commercial: degraded ecosystem_Entity,Nigeria,2025-08-01,daily_state,ndc_balance,197.67,211.76,129.43,61.12,0.4264,index,simulated,PDI Synthetic Generator — Baseline,,AUBEB mangrove baseline scenario
2334,1,Custodial formalisation_Entity,Cameroon,2025-08-01,daily_state,ndc_balance,201.12,283.07,182.52,64.48,0.6723,index,simulated,PDI Synthetic Generator — Baseline,,AUBEB mangrove baseline scenario
2335,2,Data extraction — baseline remote sensing_Entity,Mozambique,2025-08-01,daily_state,ndc_balance,267.95,260.5,242.51,90.51,1.6234,index,simulated,PDI Synthetic Generator — Baseline,,AUBEB mangrove baseline scenario
2336,3,Specification — carbon quantification_Entity,Madagascar,2025-08-01,daily_state,ndc_balance,249.1,258.5,246.8,95.47,1.6693,index,simulated,PDI Synthetic Generator — Baseline,,AUBEB mangrove baseline scenario
2337,4,Certification — verification & registration_Entity,Guinea,2025-08-01,daily_state,ndc_balance,244.49,288.44,245.94,85.27,0.2844,index,simulated,PDI Synthetic Generator — Baseline,,AUBEB mangrove baseline scenario
2338,5,Commercialisation outward_Entity,Tanzania,2025-08-01,daily_state,ndc_balance,263.71,250.36,231.67,87.85,0.8431,index,simulated,PDI Synthetic Generator — Baseline,,AUBEB mangrove baseline scenario
2339,6,Capital return — Conservation Fund deployment_Entity,Benin,2025-08-01,daily_state,ndc_balance,270.41,251.18,241.5,89.31,0.3038,index,simulated,PDI Synthetic Generator — Baseline,,AUBEB mangrove baseline scenario
2340,7,Restoration specification — CBEMR design_Entity,Nigeria,2025-08-01,daily_state,ndc_balance,276.6,278.14,264.07,94.94,2.1953,index,simulated,PDI Synthetic Generator — Baseline,,AUBEB mangrove baseline scenario
2341,8,Community custodial co-management_Entity,Cameroon,2025-08-01,daily_state,ndc_balance,232.56,260.65,189.74,72.79,1.2743,index,simulated,PDI Synthetic Generator — Baseline,,AUBEB mangrove baseline scenario
2342,9,Physical recovery — active regeneration_Entity,Mozambique,2025-08-01,daily_state,ndc_balance,239.84,261.52,241.51,92.35,0.2809,index,simulated,PDI Synthetic Generator — Baseline,,AUBEB mangrove baseline scenario
2343,10,Verified restoration — sustained blue economy asset_Entity,Madagascar,2025-08-01,daily_state,ndc_balance,271.06,288.07,264.18,91.71,1.5276,index,simulated,PDI Synthetic Generator — Baseline,,AUBEB mangrove baseline scenario
2344,0,Pre-commercial: degraded ecosystem_Entity,Nigeria,2025-08-02,daily_state,ndc_balance,175.35,187.74,149.61,79.69,1.0946,index,simulated,PDI Synthetic Generator — Baseline,,AUBEB mangrove baseline scenario
2345,1,Custodial formalisation_Entity,Cameroon,2025-08-02,daily_state,ndc_balance,220.19,279.94,192.37,68.72,1.2381,index,simulated,PDI Synthetic Generator — Baseline,,AUBEB mangrove baseline scenario
2346,2,Data extraction — baseline remote sensing_Entity,Mozambique,2025-08-02,daily_state,ndc_balance,236.03,302.74,256.95,84.87,1.0364,index,simulated,PDI Synthetic Generator — Baseline,,AUBEB mangrove baseline scenario
2347,3,Specification — carbon quantification_Entity,Madagascar,2025-08-02,daily_state,ndc_balance,280.57,257.74,252.64,90.05,2.0006,index,simulated,PDI Synthetic Generator — Baseline,,AUBEB mangrove baseline scenario
2348,4,Certification — verification & registration_Entity,Guinea,2025-08-02,daily_state,ndc_balance,269.35,222.33,238.37,88.5,1.1257,index,simulated,PDI Synthetic Generator — Baseline,,AUBEB mangrove baseline scenario
2349,5,Commercialisation outward_Entity,Tanzania,2025-08-02,daily_state,ndc_balance,266.8,279.03,226.62,81.22,1.2245,index,simulated,PDI Synthetic Generator — Baseline,,AUBEB mangrove baseline scenario
2350,6,Capital return — Conservation Fund deployment_Entity,Benin,2025-08-02,daily_state,ndc_balance,273.57,266.88,248.26,90.75,2.1506,index,simulated,PDI Synthetic Generator — Baseline,,AUBEB mangrove baseline scenario
2351,7,Restoration specification — CBEMR design_Entity,Nigeria,2025-08-02,daily_state,ndc_balance,316.9,269.28,245.78,77.56,0.8347,index,simulated,PDI Synthetic Generator — Baseline,,AUBEB mangrove baseline scenario
2352,8,Community custodial co-management_Entity,Cameroon,2025-08-02,daily_state,ndc_balance,262.55,283.26,179.99,63.54,0.1638,index,simulated,PDI Synthetic Generator — Baseline,,AUBEB mangrove baseline scenario
2353,9,Physical recovery — active regeneration_Entity,Mozambique,2025-08-02,daily_state,ndc_balance,248.48,247.47,253.82,102.15,2.3507,index,simulated,PDI Synthetic Generator — Baseline,,AUBEB mangrove baseline scenario
2354,10,Verified restoration — sustained blue economy asset_Entity,Madagascar,2025-08-02,daily_state,ndc_balance,297.03,267.78,280.31,94.37,1.2298,index,simulated,PDI Synthetic Generator — Baseline,,AUBEB mangrove baseline scenario
2355,0,Pre-commercial: degraded ecosystem_Entity,Nigeria,2025-08-03,daily_state,ndc_balance,190.25,196.39,135.52,69.01,1.0383,index,simulated,PDI Synthetic Generator — Baseline,,AUBEB mangrove baseline scenario
2356,1,Custodial formalisation_Entity,Cameroon,2025-08-03,daily_state,ndc_balance,203.75,241.57,219.99,91.07,2.4144,index,simulated,PDI Synthetic Generator — Baseline,,AUBEB mangrove baseline scenario
2357,2,Data extraction — baseline remote sensing_Entity,Mozambique,2025-08-03,daily_state,ndc_balance,266.74,282.91,240.38,84.97,0.3098,index,simulated,PDI Synthetic Generator — Baseline,,AUBEB mangrove baseline scenario
2358,3,Specification — carbon quantification_Entity,Madagascar,2025-08-03,daily_state,ndc_balance,277.23,279.68,257.47,92.06,0.993,index,simulated,PDI Synthetic Generator — Baseline,,AUBEB mangrove baseline scenario
2359,4,Certification — verification & registration_Entity,Guinea,2025-08-03,daily_state,ndc_balance,253.62,255.87,242.47,94.76,2.4571,index,simulated,PDI Synthetic Generator — Baseline,,AUBEB mangrove baseline scenario
2360,5,Commercialisation outward_Entity,Tanzania,2025-08-03,daily_state,ndc_balance,268.91,248.06,255.15,94.88,2.6755,index,simulated,PDI Synthetic Generator — Baseline,,AUBEB mangrove baseline scenario
2361,6,Capital return — Conservation Fund deployment_Entity,Benin,2025-08-03,daily_state,ndc_balance,288.74,258.79,227.53,78.8,0.3721,index,simulated,PDI Synthetic Generator — Baseline,,AUBEB mangrove baseline scenario
2362,7,Restoration specification — CBEMR design_Entity,Nigeria,2025-08-03,daily_state,ndc_balance,309.4,278.09,250.05,80.82,0.7767,index,simulated,PDI Synthetic Generator — Baseline,,AUBEB mangrove baseline scenario
2363,8,Community custodial co-management_Entity,Cameroon,2025-08-03,daily_state,ndc_balance,216.33,237.71,195.1,82.07,0.4527,index,simulated,PDI Synthetic Generator — Baseline,,AUBEB mangrove baseline scenario
2364,9,Physical recovery — active regeneration_Entity,Mozambique,2025-08-03,daily_state,ndc_balance,261.17,244.38,234.78,89.9,2.123,index,simulated,PDI Synthetic Generator — Baseline,,AUBEB mangrove baseline scenario
2365,10,Verified restoration — sustained blue economy asset_Entity,Madagascar,2025-08-03,daily_state,ndc_balance,280.67,237.87,270.44,96.36,1.3985,index,simulated,PDI Synthetic Generator — Baseline,,AUBEB mangrove baseline scenario
2366,0,Pre-commercial: degraded ecosystem_Entity,Nigeria,2025-08-04,daily_state,ndc_balance,197.36,210.56,149.26,70.89,0.9348,index,simulated,PDI Synthetic Generator — Baseline,,AUBEB mangrove baseline scenario
2367,1,Custodial formalisation_Entity,Cameroon,2025-08-04,daily_state,ndc_balance,193.58,234.1,203.96,87.13,0.6906,index,simulated,PDI Synthetic Generator — Baseline,,AUBEB mangrove baseline scenario
2368,2,Data extraction — baseline remote sensing_Entity,Mozambique,2025-08-04,daily_state,ndc_balance,278.39,270.81,255.18,91.66,0.4399,index,simulated,PDI Synthetic Generator — Baseline,,AUBEB mangrove baseline scenario
2369,3,Specification — carbon quantification_Entity,Madagascar,2025-08-04,daily_state,ndc_balance,248.16,260.09,243.46,93.61,0.75,index,simulated,PDI Synthetic Generator — Baseline,,AUBEB mangrove baseline scenario
2370,4,Certification — verification & registration_Entity,Guinea,2025-08-04,daily_state,ndc_balance,238.57,310.46,255.96,82.45,0.3145,index,simulated,PDI Synthetic Generator — Baseline,,AUBEB mangrove baseline scenario
2371,5,Commercialisation outward_Entity,Tanzania,2025-08-04,daily_state,ndc_balance,270.85,272.94,236.76,86.74,0.4381,index,simulated,PDI Synthetic Generator — Baseline,,AUBEB mangrove baseline scenario
2372,6,Capital return — Conservation Fund deployment_Entity,Benin,2025-08-04,daily_state,ndc_balance,250.85,277.6,246.75,88.89,1.3626,index,simulated,PDI Synthetic Generator — Baseline,,AUBEB mangrove baseline scenario
2373,7,Restoration specification — CBEMR design_Entity,Nigeria,2025-08-04,daily_state,ndc_balance,297.89,250.57,245.7,82.48,0.487,index,simulated,PDI Synthetic Generator — Baseline,,AUBEB mangrove baseline scenario
2374,8,Community custodial co-management_Entity,Cameroon,2025-08-04,daily_state,ndc_balance,250.42,221.98,195.26,77.97,0.5415,index,simulated,PDI Synthetic Generator — Baseline,,AUBEB mangrove baseline scenario
2375,9,Physical recovery — active regeneration_Entity,Mozambique,2025-08-04,daily_state,ndc_balance,225.09,283.05,244.32,86.32,1.7927,index,simulated,PDI Synthetic Generator — Baseline,,AUBEB mangrove baseline scenario
2376,10,Verified restoration — sustained blue economy asset_Entity,Madagascar,2025-08-04,daily_state,ndc_balance,265.12,277.0,266.42,96.18,0.6876,index,simulated,PDI Synthetic Generator — Baseline,,AUBEB mangrove baseline scenario
2377,0,Pre-commercial: degraded ecosystem_Entity,Nigeria,2025-08-05,daily_state,ndc_balance,191.48,222.69,139.13,62.48,1.0405,index,simulated,PDI Synthetic Generator — Baseline,,AUBEB mangrove baseline scenario
2378,1,Custodial formalisation_Entity,Cameroon,2025-08-05,daily_state,ndc_balance,206.23,271.62,203.52,74.93,1.5237,index,simulated,PDI Synthetic Generator — Baseline,,AUBEB mangrove baseline scenario
2379,2,Data extraction — baseline remote sensing_Entity,Mozambique,2025-08-05,daily_state,ndc_balance,257.43,275.63,234.58,85.11,0.7367,index,simulated,PDI Synthetic Generator — Baseline,,AUBEB mangrove baseline scenario
2380,3,Specification — carbon quantification_Entity,Madagascar,2025-08-05,daily_state,ndc_balance,264.31,278.13,254.14,91.37,1.2232,index,simulated,PDI Synthetic Generator — Baseline,,AUBEB mangrove baseline scenario
2381,4,Certification — verification & registration_Entity,Guinea,2025-08-05,daily_state,ndc_balance,270.77,287.64,233.29,81.1,0.6815,index,simulated,PDI Synthetic Generator — Baseline,,AUBEB mangrove baseline scenario
2382,5,Commercialisation outward_Entity,Tanzania,2025-08-05,daily_state,ndc_balance,259.74,291.28,244.66,83.99,1.606,index,simulated,PDI Synthetic Generator — Baseline,,AUBEB mangrove baseline scenario
2383,6,Capital return — Conservation Fund deployment_Entity,Benin,2025-08-05,daily_state,ndc_balance,248.49,278.37,213.89,76.84,1.0213,index,simulated,PDI Synthetic Generator — Baseline,,AUBEB mangrove baseline scenario
2384,7,Restoration specification — CBEMR design_Entity,Nigeria,2025-08-05,daily_state,ndc_balance,292.95,254.61,252.65,86.24,1.5911,index,simulated,PDI Synthetic Generator — Baseline,,AUBEB mangrove baseline scenario
2385,8,Community custodial co-management_Entity,Cameroon,2025-08-05,daily_state,ndc_balance,214.31,225.13,196.74,87.39,0.3027,index,simulated,PDI Synthetic Generator — Baseline,,AUBEB mangrove baseline scenario
2386,9,Physical recovery — active regeneration_Entity,Mozambique,2025-08-05,daily_state,ndc_balance,256.91,251.43,238.13,92.69,0.4921,index,simulated,PDI Synthetic Generator — Baseline,,AUBEB mangrove baseline scenario
2387,10,Verified restoration — sustained blue economy asset_Entity,Madagascar,2025-08-05,daily_state,ndc_balance,283.44,294.46,251.75,85.5,0.4192,index,simulated,PDI Synthetic Generator — Baseline,,AUBEB mangrove baseline scenario
2388,0,Pre-commercial: degraded ecosystem_Entity,Nigeria,2025-08-06,daily_state,ndc_balance,188.31,197.51,124.56,63.07,0.4074,index,simulated,PDI Synthetic Generator — Baseline,,AUBEB mangrove baseline scenario
2389,1,Custodial formalisation_Entity,Cameroon,2025-08-06,daily_state,ndc_balance,218.13,299.54,206.94,69.09,0.9116,index,simulated,PDI Synthetic Generator — Baseline,,AUBEB mangrove baseline scenario
2390,2,Data extraction — baseline remote sensing_Entity,Mozambique,2025-08-06,daily_state,ndc_balance,266.35,271.27,236.55,87.2,1.2613,index,simulated,PDI Synthetic Generator — Baseline,,AUBEB mangrove baseline scenario
2391,3,Specification — carbon quantification_Entity,Madagascar,2025-08-06,daily_state,ndc_balance,274.15,254.32,245.56,89.57,0.7576,index,simulated,PDI Synthetic Generator — Baseline,,AUBEB mangrove baseline scenario
2392,4,Certification — verification & registration_Entity,Guinea,2025-08-06,daily_state,ndc_balance,291.94,269.54,242.97,83.23,0.5582,index,simulated,PDI Synthetic Generator — Baseline,,AUBEB mangrove baseline scenario
2393,5,Commercialisation outward_Entity,Tanzania,2025-08-06,daily_state,ndc_balance,266.98,266.69,248.81,93.19,1.0439,index,simulated,PDI Synthetic Generator — Baseline,,AUBEB mangrove baseline scenario
2394,6,Capital return — Conservation Fund deployment_Entity,Benin,2025-08-06,daily_state,ndc_balance,261.41,277.62,238.66,85.97,0.3753,index,simulated,PDI Synthetic Generator — Baseline,,AUBEB mangrove baseline scenario
2395,7,Restoration specification — CBEMR design_Entity,Nigeria,2025-08-06,daily_state,ndc_balance,265.84,243.15,218.81,82.31,1.2699,index,simulated,PDI Synthetic Generator — Baseline,,AUBEB mangrove baseline scenario
2396,8,Community custodial co-management_Entity,Cameroon,2025-08-06,daily_state,ndc_balance,215.16,244.45,196.65,80.45,0.3853,index,simulated,PDI Synthetic Generator — Baseline,,AUBEB mangrove baseline scenario
2397,9,Physical recovery — active regeneration_Entity,Mozambique,2025-08-06,daily_state,ndc_balance,260.21,234.24,259.51,99.73,1.709,index,simulated,PDI Synthetic Generator — Baseline,,AUBEB mangrove baseline scenario
2398,10,Verified restoration — sustained blue economy asset_Entity,Madagascar,2025-08-06,daily_state,ndc_balance,278.08,276.56,262.48,94.39,0.4932,index,simulated,PDI Synthetic Generator — Baseline,,AUBEB mangrove baseline scenario
2399,0,Pre-commercial: degraded ecosystem_Entity,Nigeria,2025-08-07,daily_state,ndc_balance,193.41,218.45,128.73,58.93,1.0322,index,simulated,PDI Synthetic Generator — Baseline,,AUBEB mangrove baseline scenario
2400,1,Custodial formalisation_Entity,Cameroon,2025-08-07,daily_state,ndc_balance,218.08,271.13,227.74,84.0,0.9056,index,simulated,PDI Synthetic Generator — Baseline,,AUBEB mangrove baseline scenario
2401,2,Data extraction — baseline remote sensing_Entity,Mozambique,2025-08-07,daily_state,ndc_balance,270.27,273.3,235.39,86.13,1.7738,index,simulated,PDI Synthetic Generator — Baseline,,AUBEB mangrove baseline scenario
2402,3,Specification — carbon quantification_Entity,Madagascar,2025-08-07,daily_state,ndc_balance,245.7,293.91,230.98,78.59,1.1787,index,simulated,PDI Synthetic Generator — Baseline,,AUBEB mangrove baseline scenario
2403,4,Certification — verification & registration_Entity,Guinea,2025-08-07,daily_state,ndc_balance,278.02,288.16,237.6,82.45,2.0004,index,simulated,PDI Synthetic Generator — Baseline,,AUBEB mangrove baseline scenario
2404,5,Commercialisation outward_Entity,Tanzania,2025-08-07,daily_state,ndc_balance,256.84,286.83,216.89,75.62,0.3902,index,simulated,PDI Synthetic Generator — Baseline,,AUBEB mangrove baseline scenario
2405,6,Capital return — Conservation Fund deployment_Entity,Benin,2025-08-07,daily_state,ndc_balance,248.32,272.17,226.91,83.37,0.883,index,simulated,PDI Synthetic Generator — Baseline,,AUBEB mangrove baseline scenario
2406,7,Restoration specification — CBEMR design_Entity,Nigeria,2025-08-07,daily_state,ndc_balance,234.85,271.62,242.08,89.12,2.286,index,simulated,PDI Synthetic Generator — Baseline,,AUBEB mangrove baseline scenario
2407,8,Community custodial co-management_Entity,Cameroon,2025-08-07,daily_state,ndc_balance,212.36,225.5,208.7,92.55,2.3366,index,simulated,PDI Synthetic Generator — Baseline,,AUBEB mangrove baseline scenario
2408,9,Physical recovery — active regeneration_Entity,Mozambique,2025-08-07,daily_state,ndc_balance,236.11,215.8,244.04,103.36,1.8403,index,simulated,PDI Synthetic Generator — Baseline,,AUBEB mangrove baseline scenario
2409,10,Verified restoration — sustained blue economy asset_Entity,Madagascar,2025-08-07,daily_state,ndc_balance,277.57,296.49,266.62,89.93,1.1537,index,simulated,PDI Synthetic Generator — Baseline,,AUBEB mangrove baseline scenario
2410,0,Pre-commercial: degraded ecosystem_Entity,Nigeria,2025-08-08,daily_state,ndc_balance,192.27,210.32,141.72,67.38,0.1866,index,simulated,PDI Synthetic Generator — Baseline,,AUBEB mangrove baseline scenario
2411,1,Custodial formalisation_Entity,Cameroon,2025-08-08,daily_state,ndc_balance,200.43,270.12,202.63,75.01,0.8602,index,simulated,PDI Synthetic Generator — Baseline,,AUBEB mangrove baseline scenario
2412,2,Data extraction — baseline remote sensing_Entity,Mozambique,2025-08-08,daily_state,ndc_balance,245.38,300.36,237.86,79.19,0.6765,index,simulated,PDI Synthetic Generator — Baseline,,AUBEB mangrove baseline scenario
2413,3,Specification — carbon quantification_Entity,Madagascar,2025-08-08,daily_state,ndc_balance,299.39,268.34,250.19,83.57,0.4928,index,simulated,PDI Synthetic Generator — Baseline,,AUBEB mangrove baseline scenario
2414,4,Certification — verification & registration_Entity,Guinea,2025-08-08,daily_state,ndc_balance,243.93,294.32,233.85,79.45,1.3217,index,simulated,PDI Synthetic Generator — Baseline,,AUBEB mangrove baseline scenario
2415,5,Commercialisation outward_Entity,Tanzania,2025-08-08,daily_state,ndc_balance,255.75,284.7,233.76,82.11,0.2768,index,simulated,PDI Synthetic Generator — Baseline,,AUBEB mangrove baseline scenario
2416,6,Capital return — Conservation Fund deployment_Entity,Benin,2025-08-08,daily_state,ndc_balance,257.37,267.49,247.03,92.35,0.3784,index,simulated,PDI Synthetic Generator — Baseline,,AUBEB mangrove baseline scenario
2417,7,Restoration specification — CBEMR design_Entity,Nigeria,2025-08-08,daily_state,ndc_balance,273.88,288.26,251.71,87.32,0.7464,index,simulated,PDI Synthetic Generator — Baseline,,AUBEB mangrove baseline scenario
2418,8,Community custodial co-management_Entity,Cameroon,2025-08-08,daily_state,ndc_balance,235.57,248.62,203.76,81.96,1.7594,index,simulated,PDI Synthetic Generator — Baseline,,AUBEB mangrove baseline scenario
2419,9,Physical recovery — active regeneration_Entity,Mozambique,2025-08-08,daily_state,ndc_balance,238.87,229.7,236.33,98.94,1.009,index,simulated,PDI Synthetic Generator — Baseline,,AUBEB mangrove baseline scenario
2420,10,Verified restoration — sustained blue economy asset_Entity,Madagascar,2025-08-08,daily_state,ndc_balance,285.89,282.8,254.74,89.1,1.4927,index,simulated,PDI Synthetic Generator — Baseline,,AUBEB mangrove baseline scenario
2421,0,Pre-commercial: degraded ecosystem_Entity,Nigeria,2025-08-09,daily_state,ndc_balance,207.37,204.1,134.14,64.69,1.0426,index,simulated,PDI Synthetic Generator — Baseline,,AUBEB mangrove baseline scenario
2422,1,Custodial formalisation_Entity,Cameroon,2025-08-09,daily_state,ndc_balance,214.0,260.86,202.84,77.76,1.7599,index,simulated,PDI Synthetic Generator — Baseline,,AUBEB mangrove baseline scenario
2423,2,Data extraction — baseline remote sensing_Entity,Mozambique,2025-08-09,daily_state,ndc_balance,265.75,279.34,238.96,85.54,1.3337,index,simulated,PDI Synthetic Generator — Baseline,,AUBEB mangrove baseline scenario
2424,3,Specification — carbon quantification_Entity,Madagascar,2025-08-09,daily_state,ndc_balance,293.73,265.78,244.73,83.32,1.2919,index,simulated,PDI Synthetic Generator — Baseline,,AUBEB mangrove baseline scenario
2425,4,Certification — verification & registration_Entity,Guinea,2025-08-09,daily_state,ndc_balance,255.77,262.05,249.95,95.38,1.0125,index,simulated,PDI Synthetic Generator — Baseline,,AUBEB mangrove baseline scenario
2426,5,Commercialisation outward_Entity,Tanzania,2025-08-09,daily_state,ndc_balance,274.93,290.13,242.26,83.5,1.392,index,simulated,PDI Synthetic Generator — Baseline,,AUBEB mangrove baseline scenario
2427,6,Capital return — Conservation Fund deployment_Entity,Benin,2025-08-09,daily_state,ndc_balance,245.47,267.5,239.47,89.52,0.5403,index,simulated,PDI Synthetic Generator — Baseline,,AUBEB mangrove baseline scenario
2428,7,Restoration specification — CBEMR design_Entity,Nigeria,2025-08-09,daily_state,ndc_balance,267.34,258.78,256.68,96.01,2.6034,index,simulated,PDI Synthetic Generator — Baseline,,AUBEB mangrove baseline scenario
2429,8,Community custodial co-management_Entity,Cameroon,2025-08-09,daily_state,ndc_balance,232.29,239.21,184.96,77.32,0.8416,index,simulated,PDI Synthetic Generator — Baseline,,AUBEB mangrove baseline scenario
2430,9,Physical recovery — active regeneration_Entity,Mozambique,2025-08-09,daily_state,ndc_balance,258.93,271.05,236.09,87.1,2.189,index,simulated,PDI Synthetic Generator — Baseline,,AUBEB mangrove baseline scenario
2431,10,Verified restoration — sustained blue economy asset_Entity,Madagascar,2025-08-09,daily_state,ndc_balance,255.2,285.06,245.27,86.04,0.7071,index,simulated,PDI Synthetic Generator — Baseline,,AUBEB mangrove baseline scenario
2432,0,Pre-commercial: degraded ecosystem_Entity,Nigeria,2025-08-10,daily_state,ndc_balance,193.26,193.76,141.66,73.11,0.9444,index,simulated,PDI Synthetic Generator — Baseline,,AUBEB mangrove baseline scenario
2433,1,Custodial formalisation_Entity,Cameroon,2025-08-10,daily_state,ndc_balance,202.29,266.55,213.43,80.07,0.8899,index,simulated,PDI Synthetic Generator — Baseline,,AUBEB mangrove baseline scenario
2434,2,Data extraction — baseline remote sensing_Entity,Mozambique,2025-08-10,daily_state,ndc_balance,240.67,301.6,243.99,80.9,1.7423,index,simulated,PDI Synthetic Generator — Baseline,,AUBEB mangrove baseline scenario
2435,3,Specification — carbon quantification_Entity,Madagascar,2025-08-10,daily_state,ndc_balance,274.56,273.35,284.33,103.56,2.2035,index,simulated,PDI Synthetic Generator — Baseline,,AUBEB mangrove baseline scenario
2436,4,Certification — verification & registration_Entity,Guinea,2025-08-10,daily_state,ndc_balance,269.89,268.3,243.6,90.26,0.8836,index,simulated,PDI Synthetic Generator — Baseline,,AUBEB mangrove baseline scenario
2437,5,Commercialisation outward_Entity,Tanzania,2025-08-10,daily_state,ndc_balance,246.1,273.7,254.3,92.91,1.8309,index,simulated,PDI Synthetic Generator — Baseline,,AUBEB mangrove baseline scenario
2438,6,Capital return — Conservation Fund deployment_Entity,Benin,2025-08-10,daily_state,ndc_balance,269.56,271.64,224.47,82.64,0.5829,index,simulated,PDI Synthetic Generator — Baseline,,AUBEB mangrove baseline scenario
2439,7,Restoration specification — CBEMR design_Entity,Nigeria,2025-08-10,daily_state,ndc_balance,297.03,293.09,241.25,81.22,1.4014,index,simulated,PDI Synthetic Generator — Baseline,,AUBEB mangrove baseline scenario
2440,8,Community custodial co-management_Entity,Cameroon,2025-08-10,daily_state,ndc_balance,236.3,263.79,188.03,71.28,0.5789,index,simulated,PDI Synthetic Generator — Baseline,,AUBEB mangrove baseline scenario
2441,9,Physical recovery — active regeneration_Entity,Mozambique,2025-08-10,daily_state,ndc_balance,253.72,251.88,211.76,83.46,0.4247,index,simulated,PDI Synthetic Generator — Baseline,,AUBEB mangrove baseline scenario
2442,10,Verified restoration — sustained blue economy asset_Entity,Madagascar,2025-08-10,daily_state,ndc_balance,282.42,294.21,255.0,86.67,0.4709,index,simulated,PDI Synthetic Generator — Baseline,,AUBEB mangrove baseline scenario
2443,0,Pre-commercial: degraded ecosystem_Entity,Nigeria,2025-08-11,daily_state,ndc_balance,206.66,204.64,126.11,61.02,0.5579,index,simulated,PDI Synthetic Generator — Baseline,,AUBEB mangrove baseline scenario
2444,1,Custodial formalisation_Entity,Cameroon,2025-08-11,daily_state,ndc_balance,215.95,279.81,215.23,76.92,0.8238,index,simulated,PDI Synthetic Generator — Baseline,,AUBEB mangrove baseline scenario
2445,2,Data extraction — baseline remote sensing_Entity,Mozambique,2025-08-11,daily_state,ndc_balance,284.29,268.72,252.99,88.99,1.9945,index,simulated,PDI Synthetic Generator — Baseline,,AUBEB mangrove baseline scenario
2446,3,Specification — carbon quantification_Entity,Madagascar,2025-08-11,daily_state,ndc_balance,262.28,258.48,229.26,87.41,1.5024,index,simulated,PDI Synthetic Generator — Baseline,,AUBEB mangrove baseline scenario
2447,4,Certification — verification & registration_Entity,Guinea,2025-08-11,daily_state,ndc_balance,239.79,281.57,248.51,88.26,1.6165,index,simulated,PDI Synthetic Generator — Baseline,,AUBEB mangrove baseline scenario
2448,5,Commercialisation outward_Entity,Tanzania,2025-08-11,daily_state,ndc_balance,286.44,284.82,253.21,88.4,1.3879,index,simulated,PDI Synthetic Generator — Baseline,,AUBEB mangrove baseline scenario
2449,6,Capital return — Conservation Fund deployment_Entity,Benin,2025-08-11,daily_state,ndc_balance,247.23,274.02,211.79,77.29,0.9743,index,simulated,PDI Synthetic Generator — Baseline,,AUBEB mangrove baseline scenario
2450,7,Restoration specification — CBEMR design_Entity,Nigeria,2025-08-11,daily_state,ndc_balance,243.1,263.96,238.91,90.51,1.7889,index,simulated,PDI Synthetic Generator — Baseline,,AUBEB mangrove baseline scenario
2451,8,Community custodial co-management_Entity,Cameroon,2025-08-11,daily_state,ndc_balance,247.49,265.96,193.51,72.76,0.8121,index,simulated,PDI Synthetic Generator — Baseline,,AUBEB mangrove baseline scenario
2452,9,Physical recovery — active regeneration_Entity,Mozambique,2025-08-11,daily_state,ndc_balance,253.64,249.93,232.18,91.54,0.9364,index,simulated,PDI Synthetic Generator — Baseline,,AUBEB mangrove baseline scenario
2453,10,Verified restoration — sustained blue economy asset_Entity,Madagascar,2025-08-11,daily_state,ndc_balance,258.24,244.71,251.71,97.47,2.6118,index,simulated,PDI Synthetic Generator — Baseline,,AUBEB mangrove baseline scenario
2454,0,Pre-commercial: degraded ecosystem_Entity,Nigeria,2025-08-12,daily_state,ndc_balance,197.58,213.11,139.78,65.59,0.969,index,simulated,PDI Synthetic Generator — Baseline,,AUBEB mangrove baseline scenario
2455,1,Custodial formalisation_Entity,Cameroon,2025-08-12,daily_state,ndc_balance,205.94,317.52,197.24,62.12,0.64,index,simulated,PDI Synthetic Generator — Baseline,,AUBEB mangrove baseline scenario
2456,2,Data extraction — baseline remote sensing_Entity,Mozambique,2025-08-12,daily_state,ndc_balance,279.56,257.14,261.56,93.56,1.1859,index,simulated,PDI Synthetic Generator — Baseline,,AUBEB mangrove baseline scenario
2457,3,Specification — carbon quantification_Entity,Madagascar,2025-08-12,daily_state,ndc_balance,302.66,281.16,242.32,80.06,0.7795,index,simulated,PDI Synthetic Generator — Baseline,,AUBEB mangrove baseline scenario
2458,4,Certification — verification & registration_Entity,Guinea,2025-08-12,daily_state,ndc_balance,279.94,265.77,213.5,76.27,0.6116,index,simulated,PDI Synthetic Generator — Baseline,,AUBEB mangrove baseline scenario
2459,5,Commercialisation outward_Entity,Tanzania,2025-08-12,daily_state,ndc_balance,261.05,258.18,208.53,79.88,1.3029,index,simulated,PDI Synthetic Generator — Baseline,,AUBEB mangrove baseline scenario
2460,6,Capital return — Conservation Fund deployment_Entity,Benin,2025-08-12,daily_state,ndc_balance,281.47,258.84,239.87,85.22,1.51,index,simulated,PDI Synthetic Generator — Baseline,,AUBEB mangrove baseline scenario
2461,7,Restoration specification — CBEMR design_Entity,Nigeria,2025-08-12,daily_state,ndc_balance,245.83,254.81,254.93,100.05,0.6501,index,simulated,PDI Synthetic Generator — Baseline,,AUBEB mangrove baseline scenario
2462,8,Community custodial co-management_Entity,Cameroon,2025-08-12,daily_state,ndc_balance,218.93,238.82,222.19,93.04,1.0732,index,simulated,PDI Synthetic Generator — Baseline,,AUBEB mangrove baseline scenario
2463,9,Physical recovery — active regeneration_Entity,Mozambique,2025-08-12,daily_state,ndc_balance,240.63,241.65,259.25,107.28,0.84,index,simulated,PDI Synthetic Generator — Baseline,,AUBEB mangrove baseline scenario
2464,10,Verified restoration — sustained blue economy asset_Entity,Madagascar,2025-08-12,daily_state,ndc_balance,289.15,278.35,259.13,89.62,2.2668,index,simulated,PDI Synthetic Generator — Baseline,,AUBEB mangrove baseline scenario
2465,0,Pre-commercial: degraded ecosystem_Entity,Nigeria,2025-08-13,daily_state,ndc_balance,179.95,202.99,157.39,77.54,1.3696,index,simulated,PDI Synthetic Generator — Baseline,,AUBEB mangrove baseline scenario
2466,1,Custodial formalisation_Entity,Cameroon,2025-08-13,daily_state,ndc_balance,209.29,274.94,240.32,87.41,0.5881,index,simulated,PDI Synthetic Generator — Baseline,,AUBEB mangrove baseline scenario
2467,2,Data extraction — baseline remote sensing_Entity,Mozambique,2025-08-13,daily_state,ndc_balance,276.13,254.86,238.34,86.31,1.4544,index,simulated,PDI Synthetic Generator — Baseline,,AUBEB mangrove baseline scenario
2468,3,Specification — carbon quantification_Entity,Madagascar,2025-08-13,daily_state,ndc_balance,282.95,295.78,276.68,93.54,0.4347,index,simulated,PDI Synthetic Generator — Baseline,,AUBEB mangrove baseline scenario
2469,4,Certification — verification & registration_Entity,Guinea,2025-08-13,daily_state,ndc_balance,261.79,249.79,255.47,97.59,1.1115,index,simulated,PDI Synthetic Generator — Baseline,,AUBEB mangrove baseline scenario
2470,5,Commercialisation outward_Entity,Tanzania,2025-08-13,daily_state,ndc_balance,230.21,266.97,220.09,82.44,2.0185,index,simulated,PDI Synthetic Generator — Baseline,,AUBEB mangrove baseline scenario
2471,6,Capital return — Conservation Fund deployment_Entity,Benin,2025-08-13,daily_state,ndc_balance,250.69,267.13,228.77,85.64,0.7865,index,simulated,PDI Synthetic Generator — Baseline,,AUBEB mangrove baseline scenario
2472,7,Restoration specification — CBEMR design_Entity,Nigeria,2025-08-13,daily_state,ndc_balance,298.02,274.93,260.57,87.43,1.9091,index,simulated,PDI Synthetic Generator — Baseline,,AUBEB mangrove baseline scenario
2473,8,Community custodial co-management_Entity,Cameroon,2025-08-13,daily_state,ndc_balance,239.33,246.64,181.59,73.63,1.1413,index,simulated,PDI Synthetic Generator — Baseline,,AUBEB mangrove baseline scenario
2474,9,Physical recovery — active regeneration_Entity,Mozambique,2025-08-13,daily_state,ndc_balance,241.49,259.93,257.4,99.03,2.6594,index,simulated,PDI Synthetic Generator — Baseline,,AUBEB mangrove baseline scenario
2475,10,Verified restoration — sustained blue economy asset_Entity,Madagascar,2025-08-13,daily_state,ndc_balance,269.07,284.91,249.34,87.52,0.613,index,simulated,PDI Synthetic Generator — Baseline,,AUBEB mangrove baseline scenario
2476,0,Pre-commercial: degraded ecosystem_Entity,Nigeria,2025-08-14,daily_state,ndc_balance,198.66,196.69,123.41,62.12,0.7849,index,simulated,PDI Synthetic Generator — Baseline,,AUBEB mangrove baseline scenario
2477,1,Custodial formalisation_Entity,Cameroon,2025-08-14,daily_state,ndc_balance,187.97,272.74,199.91,73.3,0.6719,index,simulated,PDI Synthetic Generator — Baseline,,AUBEB mangrove baseline scenario
2478,2,Data extraction — baseline remote sensing_Entity,Mozambique,2025-08-14,daily_state,ndc_balance,248.55,256.65,230.36,89.76,0.5416,index,simulated,PDI Synthetic Generator — Baseline,,AUBEB mangrove baseline scenario
2479,3,Specification — carbon quantification_Entity,Madagascar,2025-08-14,daily_state,ndc_balance,296.19,279.06,252.79,85.35,0.3722,index,simulated,PDI Synthetic Generator — Baseline,,AUBEB mangrove baseline scenario
2480,4,Certification — verification & registration_Entity,Guinea,2025-08-14,daily_state,ndc_balance,264.2,274.78,226.23,82.33,0.4192,index,simulated,PDI Synthetic Generator — Baseline,,AUBEB mangrove baseline scenario
2481,5,Commercialisation outward_Entity,Tanzania,2025-08-14,daily_state,ndc_balance,262.58,293.97,228.15,77.61,1.7104,index,simulated,PDI Synthetic Generator — Baseline,,AUBEB mangrove baseline scenario
2482,6,Capital return — Conservation Fund deployment_Entity,Benin,2025-08-14,daily_state,ndc_balance,269.71,282.97,224.09,79.19,1.379,index,simulated,PDI Synthetic Generator — Baseline,,AUBEB mangrove baseline scenario
2483,7,Restoration specification — CBEMR design_Entity,Nigeria,2025-08-14,daily_state,ndc_balance,310.98,285.69,257.84,82.91,1.2741,index,simulated,PDI Synthetic Generator — Baseline,,AUBEB mangrove baseline scenario
2484,8,Community custodial co-management_Entity,Cameroon,2025-08-14,daily_state,ndc_balance,234.89,277.5,174.28,62.8,0.6509,index,simulated,PDI Synthetic Generator — Baseline,,AUBEB mangrove baseline scenario
2485,9,Physical recovery — active regeneration_Entity,Mozambique,2025-08-14,daily_state,ndc_balance,247.84,255.06,230.81,90.49,1.287,index,simulated,PDI Synthetic Generator — Baseline,,AUBEB mangrove baseline scenario
2486,10,Verified restoration — sustained blue economy asset_Entity,Madagascar,2025-08-14,daily_state,ndc_balance,272.29,283.07,249.07,87.99,0.2949,index,simulated,PDI Synthetic Generator — Baseline,,AUBEB mangrove baseline scenario
2487,0,Pre-commercial: degraded ecosystem_Entity,Nigeria,2025-08-15,daily_state,ndc_balance,195.1,207.94,134.66,64.76,0.2835,index,simulated,PDI Synthetic Generator — Baseline,,AUBEB mangrove baseline scenario
2488,1,Custodial formalisation_Entity,Cameroon,2025-08-15,daily_state,ndc_balance,230.66,246.6,206.94,83.92,1.9685,index,simulated,PDI Synthetic Generator — Baseline,,AUBEB mangrove baseline scenario
2489,2,Data extraction — baseline remote sensing_Entity,Mozambique,2025-08-15,daily_state,ndc_balance,239.67,243.35,243.51,100.07,2.8634,index,simulated,PDI Synthetic Generator — Baseline,,AUBEB mangrove baseline scenario
2490,3,Specification — carbon quantification_Entity,Madagascar,2025-08-15,daily_state,ndc_balance,286.51,292.97,243.41,83.08,1.6339,index,simulated,PDI Synthetic Generator — Baseline,,AUBEB mangrove baseline scenario
2491,4,Certification — verification & registration_Entity,Guinea,2025-08-15,daily_state,ndc_balance,302.86,282.13,256.34,84.64,1.3995,index,simulated,PDI Synthetic Generator — Baseline,,AUBEB mangrove baseline scenario
2492,5,Commercialisation outward_Entity,Tanzania,2025-08-15,daily_state,ndc_balance,253.48,290.07,241.59,83.29,1.981,index,simulated,PDI Synthetic Generator — Baseline,,AUBEB mangrove baseline scenario
2493,6,Capital return — Conservation Fund deployment_Entity,Benin,2025-08-15,daily_state,ndc_balance,259.41,276.73,244.95,88.52,1.6108,index,simulated,PDI Synthetic Generator — Baseline,,AUBEB mangrove baseline scenario
2494,7,Restoration specification — CBEMR design_Entity,Nigeria,2025-08-15,daily_state,ndc_balance,284.44,259.39,257.36,90.48,2.124,index,simulated,PDI Synthetic Generator — Baseline,,AUBEB mangrove baseline scenario
2495,8,Community custodial co-management_Entity,Cameroon,2025-08-15,daily_state,ndc_balance,238.9,255.43,215.06,84.2,1.7656,index,simulated,PDI Synthetic Generator — Baseline,,AUBEB mangrove baseline scenario
2496,9,Physical recovery — active regeneration_Entity,Mozambique,2025-08-15,daily_state,ndc_balance,260.88,222.69,227.09,87.05,1.6225,index,simulated,PDI Synthetic Generator — Baseline,,AUBEB mangrove baseline scenario
2497,10,Verified restoration — sustained blue economy asset_Entity,Madagascar,2025-08-15,daily_state,ndc_balance,278.38,251.36,279.68,100.47,2.1981,index,simulated,PDI Synthetic Generator — Baseline,,AUBEB mangrove baseline scenario
2498,0,Pre-commercial: degraded ecosystem_Entity,Nigeria,2025-08-16,daily_state,ndc_balance,206.58,188.55,145.84,70.6,0.3349,index,simulated,PDI Synthetic Generator — Baseline,,AUBEB mangrove baseline scenario
2499,1,Custodial formalisation_Entity,Cameroon,2025-08-16,daily_state,ndc_balance,186.91,285.23,225.16,78.94,0.5128,index,simulated,PDI Synthetic Generator — Baseline,,AUBEB mangrove baseline scenario
2500,2,Data extraction — baseline remote sensing_Entity,Mozambique,2025-08-16,daily_state,ndc_balance,254.39,266.8,244.96,91.81,0.781,index,simulated,PDI Synthetic Generator — Baseline,,AUBEB mangrove baseline scenario
2501,3,Specification — carbon quantification_Entity,Madagascar,2025-08-16,daily_state,ndc_balance,269.76,265.81,256.49,95.08,2.2073,index,simulated,PDI Synthetic Generator — Baseline,,AUBEB mangrove baseline scenario
2502,4,Certification — verification & registration_Entity,Guinea,2025-08-16,daily_state,ndc_balance,227.34,226.45,219.84,96.7,0.3181,index,simulated,PDI Synthetic Generator — Baseline,,AUBEB mangrove baseline scenario
2503,5,Commercialisation outward_Entity,Tanzania,2025-08-16,daily_state,ndc_balance,254.62,242.67,239.45,94.04,0.6965,index,simulated,PDI Synthetic Generator — Baseline,,AUBEB mangrove baseline scenario
2504,6,Capital return — Conservation Fund deployment_Entity,Benin,2025-08-16,daily_state,ndc_balance,263.76,286.57,232.46,81.12,1.3615,index,simulated,PDI Synthetic Generator — Baseline,,AUBEB mangrove baseline scenario
2505,7,Restoration specification — CBEMR design_Entity,Nigeria,2025-08-16,daily_state,ndc_balance,280.51,285.57,238.44,83.5,0.4395,index,simulated,PDI Synthetic Generator — Baseline,,AUBEB mangrove baseline scenario
2506,8,Community custodial co-management_Entity,Cameroon,2025-08-16,daily_state,ndc_balance,226.0,266.33,200.14,75.15,0.9983,index,simulated,PDI Synthetic Generator — Baseline,,AUBEB mangrove baseline scenario
2507,9,Physical recovery — active regeneration_Entity,Mozambique,2025-08-16,daily_state,ndc_balance,227.36,252.79,213.67,84.52,0.6393,index,simulated,PDI Synthetic Generator — Baseline,,AUBEB mangrove baseline scenario
2508,10,Verified restoration — sustained blue economy asset_Entity,Madagascar,2025-08-16,daily_state,ndc_balance,309.2,263.07,219.53,71.0,1.2131,index,simulated,PDI Synthetic Generator — Baseline,,AUBEB mangrove baseline scenario
2509,0,Pre-commercial: degraded ecosystem_Entity,Nigeria,2025-08-17,daily_state,ndc_balance,195.37,216.85,135.37,62.43,0.8511,index,simulated,PDI Synthetic Generator — Baseline,,AUBEB mangrove baseline scenario
2510,1,Custodial formalisation_Entity,Cameroon,2025-08-17,daily_state,ndc_balance,210.32,266.56,212.91,79.87,1.7424,index,simulated,PDI Synthetic Generator — Baseline,,AUBEB mangrove baseline scenario
2511,2,Data extraction — baseline remote sensing_Entity,Mozambique,2025-08-17,daily_state,ndc_balance,250.09,250.12,241.17,96.42,0.6231,index,simulated,PDI Synthetic Generator — Baseline,,AUBEB mangrove baseline scenario
2512,3,Specification — carbon quantification_Entity,Madagascar,2025-08-17,daily_state,ndc_balance,291.14,283.68,255.32,87.7,1.7713,index,simulated,PDI Synthetic Generator — Baseline,,AUBEB mangrove baseline scenario
2513,4,Certification — verification & registration_Entity,Guinea,2025-08-17,daily_state,ndc_balance,263.67,287.28,241.2,83.96,2.0727,index,simulated,PDI Synthetic Generator — Baseline,,AUBEB mangrove baseline scenario
2514,5,Commercialisation outward_Entity,Tanzania,2025-08-17,daily_state,ndc_balance,252.11,264.46,213.8,80.84,0.9968,index,simulated,PDI Synthetic Generator — Baseline,,AUBEB mangrove baseline scenario
2515,6,Capital return — Conservation Fund deployment_Entity,Benin,2025-08-17,daily_state,ndc_balance,273.81,284.62,239.84,84.27,0.9496,index,simulated,PDI Synthetic Generator — Baseline,,AUBEB mangrove baseline scenario
2516,7,Restoration specification — CBEMR design_Entity,Nigeria,2025-08-17,daily_state,ndc_balance,282.85,275.2,246.38,87.11,0.7994,index,simulated,PDI Synthetic Generator — Baseline,,AUBEB mangrove baseline scenario
2517,8,Community custodial co-management_Entity,Cameroon,2025-08-17,daily_state,ndc_balance,223.22,244.57,203.54,83.22,0.2908,index,simulated,PDI Synthetic Generator — Baseline,,AUBEB mangrove baseline scenario
2518,9,Physical recovery — active regeneration_Entity,Mozambique,2025-08-17,daily_state,ndc_balance,240.69,254.65,241.58,94.87,1.3175,index,simulated,PDI Synthetic Generator — Baseline,,AUBEB mangrove baseline scenario
2519,10,Verified restoration — sustained blue economy asset_Entity,Madagascar,2025-08-17,daily_state,ndc_balance,293.57,276.49,241.33,82.21,0.2502,index,simulated,PDI Synthetic Generator — Baseline,,AUBEB mangrove baseline scenario
2520,0,Pre-commercial: degraded ecosystem_Entity,Nigeria,2025-08-18,daily_state,ndc_balance,197.14,180.32,130.62,66.26,1.2254,index,simulated,PDI Synthetic Generator — Baseline,,AUBEB mangrove baseline scenario
2521,1,Custodial formalisation_Entity,Cameroon,2025-08-18,daily_state,ndc_balance,231.38,255.66,194.91,76.24,0.7094,index,simulated,PDI Synthetic Generator — Baseline,,AUBEB mangrove baseline scenario
2522,2,Data extraction — baseline remote sensing_Entity,Mozambique,2025-08-18,daily_state,ndc_balance,242.02,280.32,229.33,81.81,0.9734,index,simulated,PDI Synthetic Generator — Baseline,,AUBEB mangrove baseline scenario
2523,3,Specification — carbon quantification_Entity,Madagascar,2025-08-18,daily_state,ndc_balance,276.43,245.61,263.94,95.48,1.2288,index,simulated,PDI Synthetic Generator — Baseline,,AUBEB mangrove baseline scenario
2524,4,Certification — verification & registration_Entity,Guinea,2025-08-18,daily_state,ndc_balance,262.64,267.59,216.85,81.04,1.7193,index,simulated,PDI Synthetic Generator — Baseline,,AUBEB mangrove baseline scenario
2525,5,Commercialisation outward_Entity,Tanzania,2025-08-18,daily_state,ndc_balance,276.1,265.08,216.73,78.5,1.0482,index,simulated,PDI Synthetic Generator — Baseline,,AUBEB mangrove baseline scenario
2526,6,Capital return — Conservation Fund deployment_Entity,Benin,2025-08-18,daily_state,ndc_balance,251.09,280.35,240.48,85.78,1.702,index,simulated,PDI Synthetic Generator — Baseline,,AUBEB mangrove baseline scenario
2527,7,Restoration specification — CBEMR design_Entity,Nigeria,2025-08-18,daily_state,ndc_balance,287.95,268.04,278.99,96.89,2.6919,index,simulated,PDI Synthetic Generator — Baseline,,AUBEB mangrove baseline scenario
2528,8,Community custodial co-management_Entity,Cameroon,2025-08-18,daily_state,ndc_balance,238.42,266.01,200.57,75.4,1.0037,index,simulated,PDI Synthetic Generator — Baseline,,AUBEB mangrove baseline scenario
2529,9,Physical recovery — active regeneration_Entity,Mozambique,2025-08-18,daily_state,ndc_balance,244.08,264.91,223.09,84.21,1.4751,index,simulated,PDI Synthetic Generator — Baseline,,AUBEB mangrove baseline scenario
2530,10,Verified restoration — sustained blue economy asset_Entity,Madagascar,2025-08-18,daily_state,ndc_balance,269.43,278.02,227.68,81.89,1.3021,index,simulated,PDI Synthetic Generator — Baseline,,AUBEB mangrove baseline scenario
2531,0,Pre-commercial: degraded ecosystem_Entity,Nigeria,2025-08-19,daily_state,ndc_balance,211.05,210.95,139.12,65.92,0.3401,index,simulated,PDI Synthetic Generator — Baseline,,AUBEB mangrove baseline scenario
2532,1,Custodial formalisation_Entity,Cameroon,2025-08-19,daily_state,ndc_balance,221.0,254.91,216.19,84.81,1.1216,index,simulated,PDI Synthetic Generator — Baseline,,AUBEB mangrove baseline scenario
2533,2,Data extraction — baseline remote sensing_Entity,Mozambique,2025-08-19,daily_state,ndc_balance,273.17,268.03,248.71,91.05,0.3798,index,simulated,PDI Synthetic Generator — Baseline,,AUBEB mangrove baseline scenario
2534,3,Specification — carbon quantification_Entity,Madagascar,2025-08-19,daily_state,ndc_balance,270.23,284.17,252.35,88.8,1.5361,index,simulated,PDI Synthetic Generator — Baseline,,AUBEB mangrove baseline scenario
2535,4,Certification — verification & registration_Entity,Guinea,2025-08-19,daily_state,ndc_balance,257.78,277.46,248.39,89.52,0.838,index,simulated,PDI Synthetic Generator — Baseline,,AUBEB mangrove baseline scenario
2536,5,Commercialisation outward_Entity,Tanzania,2025-08-19,daily_state,ndc_balance,284.04,277.79,227.65,80.15,1.2859,index,simulated,PDI Synthetic Generator — Baseline,,AUBEB mangrove baseline scenario
2537,6,Capital return — Conservation Fund deployment_Entity,Benin,2025-08-19,daily_state,ndc_balance,273.06,290.05,235.45,81.18,0.2662,index,simulated,PDI Synthetic Generator — Baseline,,AUBEB mangrove baseline scenario
2538,7,Restoration specification — CBEMR design_Entity,Nigeria,2025-08-19,daily_state,ndc_balance,282.54,259.03,224.5,79.46,1.1779,index,simulated,PDI Synthetic Generator — Baseline,,AUBEB mangrove baseline scenario
2539,8,Community custodial co-management_Entity,Cameroon,2025-08-19,daily_state,ndc_balance,257.73,262.36,213.28,81.29,0.6605,index,simulated,PDI Synthetic Generator — Baseline,,AUBEB mangrove baseline scenario
2540,9,Physical recovery — active regeneration_Entity,Mozambique,2025-08-19,daily_state,ndc_balance,260.93,250.94,254.03,97.36,2.4787,index,simulated,PDI Synthetic Generator — Baseline,,AUBEB mangrove baseline scenario
2541,10,Verified restoration — sustained blue economy asset_Entity,Madagascar,2025-08-19,daily_state,ndc_balance,263.83,292.69,243.55,83.21,0.3526,index,simulated,PDI Synthetic Generator — Baseline,,AUBEB mangrove baseline scenario
2542,0,Pre-commercial: degraded ecosystem_Entity,Nigeria,2025-08-20,daily_state,ndc_balance,193.42,186.53,145.52,75.24,0.532,index,simulated,PDI Synthetic Generator — Baseline,,AUBEB mangrove baseline scenario
2543,1,Custodial formalisation_Entity,Cameroon,2025-08-20,daily_state,ndc_balance,206.38,285.98,218.85,76.53,1.1906,index,simulated,PDI Synthetic Generator — Baseline,,AUBEB mangrove baseline scenario
2544,2,Data extraction — baseline remote sensing_Entity,Mozambique,2025-08-20,daily_state,ndc_balance,241.7,278.45,237.3,85.22,0.8582,index,simulated,PDI Synthetic Generator — Baseline,,AUBEB mangrove baseline scenario
2545,3,Specification — carbon quantification_Entity,Madagascar,2025-08-20,daily_state,ndc_balance,283.6,257.68,238.23,84.0,1.1084,index,simulated,PDI Synthetic Generator — Baseline,,AUBEB mangrove baseline scenario
2546,4,Certification — verification & registration_Entity,Guinea,2025-08-20,daily_state,ndc_balance,272.37,294.45,234.7,79.71,0.4656,index,simulated,PDI Synthetic Generator — Baseline,,AUBEB mangrove baseline scenario
2547,5,Commercialisation outward_Entity,Tanzania,2025-08-20,daily_state,ndc_balance,294.6,282.42,235.7,80.01,1.2446,index,simulated,PDI Synthetic Generator — Baseline,,AUBEB mangrove baseline scenario
2548,6,Capital return — Conservation Fund deployment_Entity,Benin,2025-08-20,daily_state,ndc_balance,258.13,278.96,213.65,76.59,1.4127,index,simulated,PDI Synthetic Generator — Baseline,,AUBEB mangrove baseline scenario
2549,7,Restoration specification — CBEMR design_Entity,Nigeria,2025-08-20,daily_state,ndc_balance,257.86,270.89,246.14,90.86,2.0995,index,simulated,PDI Synthetic Generator — Baseline,,AUBEB mangrove baseline scenario
2550,8,Community custodial co-management_Entity,Cameroon,2025-08-20,daily_state,ndc_balance,244.18,280.21,199.85,71.32,0.676,index,simulated,PDI Synthetic Generator — Baseline,,AUBEB mangrove baseline scenario
2551,9,Physical recovery — active regeneration_Entity,Mozambique,2025-08-20,daily_state,ndc_balance,258.11,251.92,261.95,101.49,0.9335,index,simulated,PDI Synthetic Generator — Baseline,,AUBEB mangrove baseline scenario
2552,10,Verified restoration — sustained blue economy asset_Entity,Madagascar,2025-08-20,daily_state,ndc_balance,298.37,250.67,254.56,85.32,1.2958,index,simulated,PDI Synthetic Generator — Baseline,,AUBEB mangrove baseline scenario
2553,0,Pre-commercial: degraded ecosystem_Entity,Nigeria,2025-08-21,daily_state,ndc_balance,183.02,209.6,148.01,70.62,0.2188,index,simulated,PDI Synthetic Generator — Baseline,,AUBEB mangrove baseline scenario
2554,1,Custodial formalisation_Entity,Cameroon,2025-08-21,daily_state,ndc_balance,199.26,252.4,215.7,85.46,1.0887,index,simulated,PDI Synthetic Generator — Baseline,,AUBEB mangrove baseline scenario
2555,2,Data extraction — baseline remote sensing_Entity,Mozambique,2025-08-21,daily_state,ndc_balance,252.49,302.81,240.08,79.28,0.6011,index,simulated,PDI Synthetic Generator — Baseline,,AUBEB mangrove baseline scenario
2556,3,Specification — carbon quantification_Entity,Madagascar,2025-08-21,daily_state,ndc_balance,292.11,273.71,242.47,83.01,1.0547,index,simulated,PDI Synthetic Generator — Baseline,,AUBEB mangrove baseline scenario
2557,4,Certification — verification & registration_Entity,Guinea,2025-08-21,daily_state,ndc_balance,259.91,263.92,239.3,90.67,2.2005,index,simulated,PDI Synthetic Generator — Baseline,,AUBEB mangrove baseline scenario
2558,5,Commercialisation outward_Entity,Tanzania,2025-08-21,daily_state,ndc_balance,285.3,262.17,242.94,85.15,1.2075,index,simulated,PDI Synthetic Generator — Baseline,,AUBEB mangrove baseline scenario
2559,6,Capital return — Conservation Fund deployment_Entity,Benin,2025-08-21,daily_state,ndc_balance,279.52,259.86,217.16,77.69,0.8637,index,simulated,PDI Synthetic Generator — Baseline,,AUBEB mangrove baseline scenario
2560,7,Restoration specification — CBEMR design_Entity,Nigeria,2025-08-21,daily_state,ndc_balance,268.74,244.29,240.05,89.32,0.5093,index,simulated,PDI Synthetic Generator — Baseline,,AUBEB mangrove baseline scenario
2561,8,Community custodial co-management_Entity,Cameroon,2025-08-21,daily_state,ndc_balance,212.17,249.77,182.96,73.25,0.3611,index,simulated,PDI Synthetic Generator — Baseline,,AUBEB mangrove baseline scenario
2562,9,Physical recovery — active regeneration_Entity,Mozambique,2025-08-21,daily_state,ndc_balance,262.99,251.2,244.47,92.96,0.9915,index,simulated,PDI Synthetic Generator — Baseline,,AUBEB mangrove baseline scenario
2563,10,Verified restoration — sustained blue economy asset_Entity,Madagascar,2025-08-21,daily_state,ndc_balance,295.31,280.36,274.93,93.1,1.7405,index,simulated,PDI Synthetic Generator — Baseline,,AUBEB mangrove baseline scenario
2564,0,Pre-commercial: degraded ecosystem_Entity,Nigeria,2025-08-22,daily_state,ndc_balance,198.35,203.65,123.91,60.84,0.9871,index,simulated,PDI Synthetic Generator — Baseline,,AUBEB mangrove baseline scenario
2565,1,Custodial formalisation_Entity,Cameroon,2025-08-22,daily_state,ndc_balance,218.42,272.81,211.64,77.58,1.692,index,simulated,PDI Synthetic Generator — Baseline,,AUBEB mangrove baseline scenario
2566,2,Data extraction — baseline remote sensing_Entity,Mozambique,2025-08-22,daily_state,ndc_balance,275.47,271.62,235.43,85.46,0.2863,index,simulated,PDI Synthetic Generator — Baseline,,AUBEB mangrove baseline scenario
2567,3,Specification — carbon quantification_Entity,Madagascar,2025-08-22,daily_state,ndc_balance,256.64,282.43,265.2,93.9,2.3282,index,simulated,PDI Synthetic Generator — Baseline,,AUBEB mangrove baseline scenario
2568,4,Certification — verification & registration_Entity,Guinea,2025-08-22,daily_state,ndc_balance,259.47,302.83,222.86,73.59,0.6807,index,simulated,PDI Synthetic Generator — Baseline,,AUBEB mangrove baseline scenario
2569,5,Commercialisation outward_Entity,Tanzania,2025-08-22,daily_state,ndc_balance,243.73,283.99,231.33,81.46,1.8068,index,simulated,PDI Synthetic Generator — Baseline,,AUBEB mangrove baseline scenario
2570,6,Capital return — Conservation Fund deployment_Entity,Benin,2025-08-22,daily_state,ndc_balance,252.37,289.53,218.04,75.31,1.1144,index,simulated,PDI Synthetic Generator — Baseline,,AUBEB mangrove baseline scenario
2571,7,Restoration specification — CBEMR design_Entity,Nigeria,2025-08-22,daily_state,ndc_balance,285.11,271.82,251.0,88.04,1.1719,index,simulated,PDI Synthetic Generator — Baseline,,AUBEB mangrove baseline scenario
2572,8,Community custodial co-management_Entity,Cameroon,2025-08-22,daily_state,ndc_balance,222.77,241.89,202.96,83.91,1.798,index,simulated,PDI Synthetic Generator — Baseline,,AUBEB mangrove baseline scenario
2573,9,Physical recovery — active regeneration_Entity,Mozambique,2025-08-22,daily_state,ndc_balance,247.79,268.7,238.9,88.91,1.8719,index,simulated,PDI Synthetic Generator — Baseline,,AUBEB mangrove baseline scenario
2574,10,Verified restoration — sustained blue economy asset_Entity,Madagascar,2025-08-22,daily_state,ndc_balance,288.01,305.16,236.97,77.65,0.3173,index,simulated,PDI Synthetic Generator — Baseline,,AUBEB mangrove baseline scenario
2575,0,Pre-commercial: degraded ecosystem_Entity,Nigeria,2025-08-23,daily_state,ndc_balance,212.76,190.18,133.56,62.77,0.5219,index,simulated,PDI Synthetic Generator — Baseline,,AUBEB mangrove baseline scenario
2576,1,Custodial formalisation_Entity,Cameroon,2025-08-23,daily_state,ndc_balance,225.44,253.97,218.73,86.12,1.4003,index,simulated,PDI Synthetic Generator — Baseline,,AUBEB mangrove baseline scenario
2577,2,Data extraction — baseline remote sensing_Entity,Mozambique,2025-08-23,daily_state,ndc_balance,262.52,269.49,239.1,88.72,1.4352,index,simulated,PDI Synthetic Generator — Baseline,,AUBEB mangrove baseline scenario
2578,3,Specification — carbon quantification_Entity,Madagascar,2025-08-23,daily_state,ndc_balance,294.67,289.17,244.79,83.07,1.7798,index,simulated,PDI Synthetic Generator — Baseline,,AUBEB mangrove baseline scenario
2579,4,Certification — verification & registration_Entity,Guinea,2025-08-23,daily_state,ndc_balance,247.66,278.41,234.26,84.14,0.4861,index,simulated,PDI Synthetic Generator — Baseline,,AUBEB mangrove baseline scenario
2580,5,Commercialisation outward_Entity,Tanzania,2025-08-23,daily_state,ndc_balance,268.89,282.4,212.04,75.08,1.6749,index,simulated,PDI Synthetic Generator — Baseline,,AUBEB mangrove baseline scenario
2581,6,Capital return — Conservation Fund deployment_Entity,Benin,2025-08-23,daily_state,ndc_balance,264.62,291.15,212.08,72.84,0.3017,index,simulated,PDI Synthetic Generator — Baseline,,AUBEB mangrove baseline scenario
2582,7,Restoration specification — CBEMR design_Entity,Nigeria,2025-08-23,daily_state,ndc_balance,269.44,270.22,259.42,96.0,0.958,index,simulated,PDI Synthetic Generator — Baseline,,AUBEB mangrove baseline scenario
2583,8,Community custodial co-management_Entity,Cameroon,2025-08-23,daily_state,ndc_balance,208.67,267.97,189.71,70.8,1.4884,index,simulated,PDI Synthetic Generator — Baseline,,AUBEB mangrove baseline scenario
2584,9,Physical recovery — active regeneration_Entity,Mozambique,2025-08-23,daily_state,ndc_balance,284.81,252.75,201.23,70.65,1.048,index,simulated,PDI Synthetic Generator — Baseline,,AUBEB mangrove baseline scenario
2585,10,Verified restoration — sustained blue economy asset_Entity,Madagascar,2025-08-23,daily_state,ndc_balance,287.23,280.61,268.58,93.51,0.3269,index,simulated,PDI Synthetic Generator — Baseline,,AUBEB mangrove baseline scenario
2586,0,Pre-commercial: degraded ecosystem_Entity,Nigeria,2025-08-24,daily_state,ndc_balance,182.93,224.9,129.58,57.62,0.5834,index,simulated,PDI Synthetic Generator — Baseline,,AUBEB mangrove baseline scenario
2587,1,Custodial formalisation_Entity,Cameroon,2025-08-24,daily_state,ndc_balance,212.45,270.2,214.45,79.37,0.5345,index,simulated,PDI Synthetic Generator — Baseline,,AUBEB mangrove baseline scenario
2588,2,Data extraction — baseline remote sensing_Entity,Mozambique,2025-08-24,daily_state,ndc_balance,252.95,291.83,236.22,80.94,1.4917,index,simulated,PDI Synthetic Generator — Baseline,,AUBEB mangrove baseline scenario
2589,3,Specification — carbon quantification_Entity,Madagascar,2025-08-24,daily_state,ndc_balance,248.59,267.97,254.93,95.13,1.9975,index,simulated,PDI Synthetic Generator — Baseline,,AUBEB mangrove baseline scenario
2590,4,Certification — verification & registration_Entity,Guinea,2025-08-24,daily_state,ndc_balance,267.22,281.92,225.18,79.87,0.936,index,simulated,PDI Synthetic Generator — Baseline,,AUBEB mangrove baseline scenario
2591,5,Commercialisation outward_Entity,Tanzania,2025-08-24,daily_state,ndc_balance,257.44,304.52,255.65,83.95,0.4331,index,simulated,PDI Synthetic Generator — Baseline,,AUBEB mangrove baseline scenario
2592,6,Capital return — Conservation Fund deployment_Entity,Benin,2025-08-24,daily_state,ndc_balance,258.9,267.98,233.43,87.11,1.8529,index,simulated,PDI Synthetic Generator — Baseline,,AUBEB mangrove baseline scenario
2593,7,Restoration specification — CBEMR design_Entity,Nigeria,2025-08-24,daily_state,ndc_balance,277.88,257.62,239.86,86.32,1.4922,index,simulated,PDI Synthetic Generator — Baseline,,AUBEB mangrove baseline scenario
2594,8,Community custodial co-management_Entity,Cameroon,2025-08-24,daily_state,ndc_balance,235.5,229.48,194.36,82.53,1.5042,index,simulated,PDI Synthetic Generator — Baseline,,AUBEB mangrove baseline scenario
2595,9,Physical recovery — active regeneration_Entity,Mozambique,2025-08-24,daily_state,ndc_balance,238.38,283.58,203.35,71.71,1.2569,index,simulated,PDI Synthetic Generator — Baseline,,AUBEB mangrove baseline scenario
2596,10,Verified restoration — sustained blue economy asset_Entity,Madagascar,2025-08-24,daily_state,ndc_balance,295.85,259.11,281.76,95.24,1.8912,index,simulated,PDI Synthetic Generator — Baseline,,AUBEB mangrove baseline scenario
2597,0,Pre-commercial: degraded ecosystem_Entity,Nigeria,2025-08-25,daily_state,ndc_balance,202.32,197.75,141.28,69.83,0.3265,index,simulated,PDI Synthetic Generator — Baseline,,AUBEB mangrove baseline scenario
2598,1,Custodial formalisation_Entity,Cameroon,2025-08-25,daily_state,ndc_balance,210.8,244.15,234.48,96.04,1.9536,index,simulated,PDI Synthetic Generator — Baseline,,AUBEB mangrove baseline scenario
2599,2,Data extraction — baseline remote sensing_Entity,Mozambique,2025-08-25,daily_state,ndc_balance,255.16,281.31,252.26,89.67,0.8548,index,simulated,PDI Synthetic Generator — Baseline,,AUBEB mangrove baseline scenario
2600,3,Specification — carbon quantification_Entity,Madagascar,2025-08-25,daily_state,ndc_balance,254.85,282.59,286.87,101.51,2.9548,index,simulated,PDI Synthetic Generator — Baseline,,AUBEB mangrove baseline scenario
2601,4,Certification — verification & registration_Entity,Guinea,2025-08-25,daily_state,ndc_balance,276.18,250.77,243.33,88.11,1.4018,index,simulated,PDI Synthetic Generator — Baseline,,AUBEB mangrove baseline scenario
2602,5,Commercialisation outward_Entity,Tanzania,2025-08-25,daily_state,ndc_balance,260.12,274.63,241.46,87.92,1.1047,index,simulated,PDI Synthetic Generator — Baseline,,AUBEB mangrove baseline scenario
2603,6,Capital return — Conservation Fund deployment_Entity,Benin,2025-08-25,daily_state,ndc_balance,258.75,287.91,212.08,73.66,0.8722,index,simulated,PDI Synthetic Generator — Baseline,,AUBEB mangrove baseline scenario
2604,7,Restoration specification — CBEMR design_Entity,Nigeria,2025-08-25,daily_state,ndc_balance,267.96,266.32,244.06,91.08,0.921,index,simulated,PDI Synthetic Generator — Baseline,,AUBEB mangrove baseline scenario
2605,8,Community custodial co-management_Entity,Cameroon,2025-08-25,daily_state,ndc_balance,237.34,268.69,175.1,65.17,0.5771,index,simulated,PDI Synthetic Generator — Baseline,,AUBEB mangrove baseline scenario
2606,9,Physical recovery — active regeneration_Entity,Mozambique,2025-08-25,daily_state,ndc_balance,254.53,241.21,245.52,96.46,0.5217,index,simulated,PDI Synthetic Generator — Baseline,,AUBEB mangrove baseline scenario
2607,10,Verified restoration — sustained blue economy asset_Entity,Madagascar,2025-08-25,daily_state,ndc_balance,306.37,293.84,255.39,83.36,2.0272,index,simulated,PDI Synthetic Generator — Baseline,,AUBEB mangrove baseline scenario
2608,0,Pre-commercial: degraded ecosystem_Entity,Nigeria,2025-08-26,daily_state,ndc_balance,190.13,191.93,153.17,79.81,0.3902,index,simulated,PDI Synthetic Generator — Baseline,,AUBEB mangrove baseline scenario
2609,1,Custodial formalisation_Entity,Cameroon,2025-08-26,daily_state,ndc_balance,201.12,275.14,227.93,82.84,1.5119,index,simulated,PDI Synthetic Generator — Baseline,,AUBEB mangrove baseline scenario
2610,2,Data extraction — baseline remote sensing_Entity,Mozambique,2025-08-26,daily_state,ndc_balance,271.53,274.78,226.42,82.4,1.679,index,simulated,PDI Synthetic Generator — Baseline,,AUBEB mangrove baseline scenario
2611,3,Specification — carbon quantification_Entity,Madagascar,2025-08-26,daily_state,ndc_balance,262.73,273.14,258.21,94.53,1.4926,index,simulated,PDI Synthetic Generator — Baseline,,AUBEB mangrove baseline scenario
2612,4,Certification — verification & registration_Entity,Guinea,2025-08-26,daily_state,ndc_balance,272.88,293.95,222.07,75.55,0.2649,index,simulated,PDI Synthetic Generator — Baseline,,AUBEB mangrove baseline scenario
2613,5,Commercialisation outward_Entity,Tanzania,2025-08-26,daily_state,ndc_balance,261.66,259.41,227.26,86.85,1.1264,index,simulated,PDI Synthetic Generator — Baseline,,AUBEB mangrove baseline scenario
2614,6,Capital return — Conservation Fund deployment_Entity,Benin,2025-08-26,daily_state,ndc_balance,274.16,243.04,247.02,90.1,0.8317,index,simulated,PDI Synthetic Generator — Baseline,,AUBEB mangrove baseline scenario
2615,7,Restoration specification — CBEMR design_Entity,Nigeria,2025-08-26,daily_state,ndc_balance,277.91,257.27,257.42,92.63,1.2067,index,simulated,PDI Synthetic Generator — Baseline,,AUBEB mangrove baseline scenario
2616,8,Community custodial co-management_Entity,Cameroon,2025-08-26,daily_state,ndc_balance,224.95,247.67,192.88,77.88,0.5196,index,simulated,PDI Synthetic Generator — Baseline,,AUBEB mangrove baseline scenario
2617,9,Physical recovery — active regeneration_Entity,Mozambique,2025-08-26,daily_state,ndc_balance,226.06,225.97,223.53,98.88,1.8904,index,simulated,PDI Synthetic Generator — Baseline,,AUBEB mangrove baseline scenario
2618,10,Verified restoration — sustained blue economy asset_Entity,Madagascar,2025-08-26,daily_state,ndc_balance,270.18,297.92,258.06,86.62,1.8507,index,simulated,PDI Synthetic Generator — Baseline,,AUBEB mangrove baseline scenario
2619,0,Pre-commercial: degraded ecosystem_Entity,Nigeria,2025-08-27,daily_state,ndc_balance,215.81,210.07,154.38,71.54,0.9174,index,simulated,PDI Synthetic Generator — Baseline,,AUBEB mangrove baseline scenario
2620,1,Custodial formalisation_Entity,Cameroon,2025-08-27,daily_state,ndc_balance,200.63,260.9,200.22,76.74,0.7525,index,simulated,PDI Synthetic Generator — Baseline,,AUBEB mangrove baseline scenario
2621,2,Data extraction — baseline remote sensing_Entity,Mozambique,2025-08-27,daily_state,ndc_balance,258.86,281.04,214.83,76.44,0.5371,index,simulated,PDI Synthetic Generator — Baseline,,AUBEB mangrove baseline scenario
2622,3,Specification — carbon quantification_Entity,Madagascar,2025-08-27,daily_state,ndc_balance,272.59,283.36,224.85,79.35,0.7525,index,simulated,PDI Synthetic Generator — Baseline,,AUBEB mangrove baseline scenario
2623,4,Certification — verification & registration_Entity,Guinea,2025-08-27,daily_state,ndc_balance,265.44,297.92,241.6,81.1,0.2329,index,simulated,PDI Synthetic Generator — Baseline,,AUBEB mangrove baseline scenario
2624,5,Commercialisation outward_Entity,Tanzania,2025-08-27,daily_state,ndc_balance,258.44,279.06,230.62,82.64,0.9387,index,simulated,PDI Synthetic Generator — Baseline,,AUBEB mangrove baseline scenario
2625,6,Capital return — Conservation Fund deployment_Entity,Benin,2025-08-27,daily_state,ndc_balance,250.93,272.9,225.84,82.76,1.6337,index,simulated,PDI Synthetic Generator — Baseline,,AUBEB mangrove baseline scenario
2626,7,Restoration specification — CBEMR design_Entity,Nigeria,2025-08-27,daily_state,ndc_balance,291.52,272.22,264.06,90.58,0.5201,index,simulated,PDI Synthetic Generator — Baseline,,AUBEB mangrove baseline scenario
2627,8,Community custodial co-management_Entity,Cameroon,2025-08-27,daily_state,ndc_balance,240.39,234.09,209.12,86.99,0.7787,index,simulated,PDI Synthetic Generator — Baseline,,AUBEB mangrove baseline scenario
2628,9,Physical recovery — active regeneration_Entity,Mozambique,2025-08-27,daily_state,ndc_balance,270.23,257.1,235.79,87.26,1.7128,index,simulated,PDI Synthetic Generator — Baseline,,AUBEB mangrove baseline scenario
2629,10,Verified restoration — sustained blue economy asset_Entity,Madagascar,2025-08-27,daily_state,ndc_balance,281.35,255.14,283.69,100.83,1.9654,index,simulated,PDI Synthetic Generator — Baseline,,AUBEB mangrove baseline scenario
2630,0,Pre-commercial: degraded ecosystem_Entity,Nigeria,2025-08-28,daily_state,ndc_balance,202.09,211.32,153.34,72.56,1.2848,index,simulated,PDI Synthetic Generator — Baseline,,AUBEB mangrove baseline scenario
2631,1,Custodial formalisation_Entity,Cameroon,2025-08-28,daily_state,ndc_balance,217.95,292.91,208.69,71.25,0.8545,index,simulated,PDI Synthetic Generator — Baseline,,AUBEB mangrove baseline scenario
2632,2,Data extraction — baseline remote sensing_Entity,Mozambique,2025-08-28,daily_state,ndc_balance,268.56,284.92,244.71,85.89,0.6249,index,simulated,PDI Synthetic Generator — Baseline,,AUBEB mangrove baseline scenario
2633,3,Specification — carbon quantification_Entity,Madagascar,2025-08-28,daily_state,ndc_balance,277.8,295.75,244.41,82.64,0.3765,index,simulated,PDI Synthetic Generator — Baseline,,AUBEB mangrove baseline scenario
2634,4,Certification — verification & registration_Entity,Guinea,2025-08-28,daily_state,ndc_balance,262.31,292.49,234.22,80.08,1.0292,index,simulated,PDI Synthetic Generator — Baseline,,AUBEB mangrove baseline scenario
2635,5,Commercialisation outward_Entity,Tanzania,2025-08-28,daily_state,ndc_balance,276.11,260.96,233.09,84.42,1.1702,index,simulated,PDI Synthetic Generator — Baseline,,AUBEB mangrove baseline scenario
2636,6,Capital return — Conservation Fund deployment_Entity,Benin,2025-08-28,daily_state,ndc_balance,262.91,259.63,237.22,90.23,1.4457,index,simulated,PDI Synthetic Generator — Baseline,,AUBEB mangrove baseline scenario
2637,7,Restoration specification — CBEMR design_Entity,Nigeria,2025-08-28,daily_state,ndc_balance,289.3,279.31,267.03,92.3,0.7895,index,simulated,PDI Synthetic Generator — Baseline,,AUBEB mangrove baseline scenario
2638,8,Community custodial co-management_Entity,Cameroon,2025-08-28,daily_state,ndc_balance,233.79,242.48,207.04,85.38,1.4841,index,simulated,PDI Synthetic Generator — Baseline,,AUBEB mangrove baseline scenario
2639,9,Physical recovery — active regeneration_Entity,Mozambique,2025-08-28,daily_state,ndc_balance,238.36,275.93,239.19,86.69,0.5688,index,simulated,PDI Synthetic Generator — Baseline,,AUBEB mangrove baseline scenario
2640,10,Verified restoration — sustained blue economy asset_Entity,Madagascar,2025-08-28,daily_state,ndc_balance,278.86,284.51,241.67,84.94,0.7034,index,simulated,PDI Synthetic Generator — Baseline,,AUBEB mangrove baseline scenario
2641,0,Pre-commercial: degraded ecosystem_Entity,Nigeria,2025-08-29,daily_state,ndc_balance,210.48,212.89,128.54,60.38,0.6671,index,simulated,PDI Synthetic Generator — Baseline,,AUBEB mangrove baseline scenario
2642,1,Custodial formalisation_Entity,Cameroon,2025-08-29,daily_state,ndc_balance,215.38,275.07,234.69,85.32,0.7137,index,simulated,PDI Synthetic Generator — Baseline,,AUBEB mangrove baseline scenario
2643,2,Data extraction — baseline remote sensing_Entity,Mozambique,2025-08-29,daily_state,ndc_balance,250.75,285.73,250.51,87.67,1.4039,index,simulated,PDI Synthetic Generator — Baseline,,AUBEB mangrove baseline scenario
2644,3,Specification — carbon quantification_Entity,Madagascar,2025-08-29,daily_state,ndc_balance,292.0,270.56,257.9,88.32,1.6881,index,simulated,PDI Synthetic Generator — Baseline,,AUBEB mangrove baseline scenario
2645,4,Certification — verification & registration_Entity,Guinea,2025-08-29,daily_state,ndc_balance,260.88,242.97,226.13,86.68,1.5481,index,simulated,PDI Synthetic Generator — Baseline,,AUBEB mangrove baseline scenario
2646,5,Commercialisation outward_Entity,Tanzania,2025-08-29,daily_state,ndc_balance,256.18,260.82,252.76,96.91,1.5862,index,simulated,PDI Synthetic Generator — Baseline,,AUBEB mangrove baseline scenario
2647,6,Capital return — Conservation Fund deployment_Entity,Benin,2025-08-29,daily_state,ndc_balance,290.9,232.25,234.64,80.66,1.4235,index,simulated,PDI Synthetic Generator — Baseline,,AUBEB mangrove baseline scenario
2648,7,Restoration specification — CBEMR design_Entity,Nigeria,2025-08-29,daily_state,ndc_balance,283.88,252.51,269.9,95.08,0.6668,index,simulated,PDI Synthetic Generator — Baseline,,AUBEB mangrove baseline scenario
2649,8,Community custodial co-management_Entity,Cameroon,2025-08-29,daily_state,ndc_balance,235.9,246.74,166.95,67.66,0.1856,index,simulated,PDI Synthetic Generator — Baseline,,AUBEB mangrove baseline scenario
2650,9,Physical recovery — active regeneration_Entity,Mozambique,2025-08-29,daily_state,ndc_balance,267.44,243.78,236.92,88.59,1.9373,index,simulated,PDI Synthetic Generator — Baseline,,AUBEB mangrove baseline scenario
2651,10,Verified restoration — sustained blue economy asset_Entity,Madagascar,2025-08-29,daily_state,ndc_balance,252.16,274.18,240.22,87.61,0.8453,index,simulated,PDI Synthetic Generator — Baseline,,AUBEB mangrove baseline scenario
2652,0,Pre-commercial: degraded ecosystem_Entity,Nigeria,2025-08-30,daily_state,ndc_balance,196.47,190.79,144.81,73.71,1.5153,index,simulated,PDI Synthetic Generator — Baseline,,AUBEB mangrove baseline scenario
2653,1,Custodial formalisation_Entity,Cameroon,2025-08-30,daily_state,ndc_balance,205.12,254.23,203.76,80.15,1.3205,index,simulated,PDI Synthetic Generator — Baseline,,AUBEB mangrove baseline scenario
2654,2,Data extraction — baseline remote sensing_Entity,Mozambique,2025-08-30,daily_state,ndc_balance,246.2,284.52,256.78,90.25,0.694,index,simulated,PDI Synthetic Generator — Baseline,,AUBEB mangrove baseline scenario
2655,3,Specification — carbon quantification_Entity,Madagascar,2025-08-30,daily_state,ndc_balance,259.94,255.03,245.36,94.39,1.3808,index,simulated,PDI Synthetic Generator — Baseline,,AUBEB mangrove baseline scenario
2656,4,Certification — verification & registration_Entity,Guinea,2025-08-30,daily_state,ndc_balance,258.56,306.39,225.25,73.52,1.213,index,simulated,PDI Synthetic Generator — Baseline,,AUBEB mangrove baseline scenario
2657,5,Commercialisation outward_Entity,Tanzania,2025-08-30,daily_state,ndc_balance,265.05,264.96,207.02,78.11,0.1992,index,simulated,PDI Synthetic Generator — Baseline,,AUBEB mangrove baseline scenario
2658,6,Capital return — Conservation Fund deployment_Entity,Benin,2025-08-30,daily_state,ndc_balance,255.52,263.94,232.94,88.25,0.3747,index,simulated,PDI Synthetic Generator — Baseline,,AUBEB mangrove baseline scenario
2659,7,Restoration specification — CBEMR design_Entity,Nigeria,2025-08-30,daily_state,ndc_balance,294.37,269.97,260.88,88.62,1.3759,index,simulated,PDI Synthetic Generator — Baseline,,AUBEB mangrove baseline scenario
2660,8,Community custodial co-management_Entity,Cameroon,2025-08-30,daily_state,ndc_balance,256.14,253.34,199.65,77.95,0.9511,index,simulated,PDI Synthetic Generator — Baseline,,AUBEB mangrove baseline scenario
2661,9,Physical recovery — active regeneration_Entity,Mozambique,2025-08-30,daily_state,ndc_balance,259.79,263.69,223.68,84.83,1.4376,index,simulated,PDI Synthetic Generator — Baseline,,AUBEB mangrove baseline scenario
2662,10,Verified restoration — sustained blue economy asset_Entity,Madagascar,2025-08-30,daily_state,ndc_balance,275.63,283.76,249.63,87.97,1.9472,index,simulated,PDI Synthetic Generator — Baseline,,AUBEB mangrove baseline scenario
2663,0,Pre-commercial: degraded ecosystem_Entity,Nigeria,2025-08-31,daily_state,ndc_balance,210.75,188.28,137.91,65.44,0.5947,index,simulated,PDI Synthetic Generator — Baseline,,AUBEB mangrove baseline scenario
2664,1,Custodial formalisation_Entity,Cameroon,2025-08-31,daily_state,ndc_balance,228.72,271.39,228.94,84.36,1.4804,index,simulated,PDI Synthetic Generator — Baseline,,AUBEB mangrove baseline scenario
2665,2,Data extraction — baseline remote sensing_Entity,Mozambique,2025-08-31,daily_state,ndc_balance,263.81,276.39,241.57,87.4,0.7715,index,simulated,PDI Synthetic Generator — Baseline,,AUBEB mangrove baseline scenario
2666,3,Specification — carbon quantification_Entity,Madagascar,2025-08-31,daily_state,ndc_balance,266.48,295.32,273.51,92.61,1.6175,index,simulated,PDI Synthetic Generator — Baseline,,AUBEB mangrove baseline scenario
2667,4,Certification — verification & registration_Entity,Guinea,2025-08-31,daily_state,ndc_balance,261.41,257.46,240.63,92.05,0.8885,index,simulated,PDI Synthetic Generator — Baseline,,AUBEB mangrove baseline scenario
2668,5,Commercialisation outward_Entity,Tanzania,2025-08-31,daily_state,ndc_balance,239.31,283.64,206.5,72.8,1.1157,index,simulated,PDI Synthetic Generator — Baseline,,AUBEB mangrove baseline scenario
2669,6,Capital return — Conservation Fund deployment_Entity,Benin,2025-08-31,daily_state,ndc_balance,250.67,273.65,237.6,86.83,0.4121,index,simulated,PDI Synthetic Generator — Baseline,,AUBEB mangrove baseline scenario
2670,7,Restoration specification — CBEMR design_Entity,Nigeria,2025-08-31,daily_state,ndc_balance,230.61,275.02,243.96,88.71,0.5862,index,simulated,PDI Synthetic Generator — Baseline,,AUBEB mangrove baseline scenario
2671,8,Community custodial co-management_Entity,Cameroon,2025-08-31,daily_state,ndc_balance,244.83,246.38,199.06,80.79,1.0977,index,simulated,PDI Synthetic Generator — Baseline,,AUBEB mangrove baseline scenario
2672,9,Physical recovery — active regeneration_Entity,Mozambique,2025-08-31,daily_state,ndc_balance,248.99,231.23,240.65,96.65,1.1052,index,simulated,PDI Synthetic Generator — Baseline,,AUBEB mangrove baseline scenario
2673,10,Verified restoration — sustained blue economy asset_Entity,Madagascar,2025-08-31,daily_state,ndc_balance,271.61,271.98,241.16,88.67,1.0542,index,simulated,PDI Synthetic Generator — Baseline,,AUBEB mangrove baseline scenario
2674,0,Pre-commercial: degraded ecosystem_Entity,Nigeria,2025-09-01,daily_state,ndc_balance,195.69,189.76,143.18,73.17,0.9151,index,simulated,PDI Synthetic Generator — Baseline,,AUBEB mangrove baseline scenario
2675,1,Custodial formalisation_Entity,Cameroon,2025-09-01,daily_state,ndc_balance,186.12,265.52,230.44,86.79,2.1488,index,simulated,PDI Synthetic Generator — Baseline,,AUBEB mangrove baseline scenario
2676,2,Data extraction — baseline remote sensing_Entity,Mozambique,2025-09-01,daily_state,ndc_balance,223.95,284.9,223.11,78.31,1.5747,index,simulated,PDI Synthetic Generator — Baseline,,AUBEB mangrove baseline scenario
2677,3,Specification — carbon quantification_Entity,Madagascar,2025-09-01,daily_state,ndc_balance,261.89,264.97,262.68,99.14,1.7753,index,simulated,PDI Synthetic Generator — Baseline,,AUBEB mangrove baseline scenario
2678,4,Certification — verification & registration_Entity,Guinea,2025-09-01,daily_state,ndc_balance,236.98,258.13,243.22,94.22,0.327,index,simulated,PDI Synthetic Generator — Baseline,,AUBEB mangrove baseline scenario
2679,5,Commercialisation outward_Entity,Tanzania,2025-09-01,daily_state,ndc_balance,248.39,285.66,222.13,77.76,0.5304,index,simulated,PDI Synthetic Generator — Baseline,,AUBEB mangrove baseline scenario
2680,6,Capital return — Conservation Fund deployment_Entity,Benin,2025-09-01,daily_state,ndc_balance,237.92,218.69,211.3,88.81,2.2372,index,simulated,PDI Synthetic Generator — Baseline,,AUBEB mangrove baseline scenario
2681,7,Restoration specification — CBEMR design_Entity,Nigeria,2025-09-01,daily_state,ndc_balance,272.2,278.9,251.97,90.34,1.2191,index,simulated,PDI Synthetic Generator — Baseline,,AUBEB mangrove baseline scenario
2682,8,Community custodial co-management_Entity,Cameroon,2025-09-01,daily_state,ndc_balance,233.93,254.39,195.8,76.97,0.6742,index,simulated,PDI Synthetic Generator — Baseline,,AUBEB mangrove baseline scenario
2683,9,Physical recovery — active regeneration_Entity,Mozambique,2025-09-01,daily_state,ndc_balance,264.04,260.09,232.25,87.96,1.4997,index,simulated,PDI Synthetic Generator — Baseline,,AUBEB mangrove baseline scenario
2684,10,Verified restoration — sustained blue economy asset_Entity,Madagascar,2025-09-01,daily_state,ndc_balance,317.9,284.8,257.57,81.02,1.0455,index,simulated,PDI Synthetic Generator — Baseline,,AUBEB mangrove baseline scenario
2685,0,Pre-commercial: degraded ecosystem_Entity,Nigeria,2025-09-02,daily_state,ndc_balance,217.81,205.04,141.77,65.09,1.238,index,simulated,PDI Synthetic Generator — Baseline,,AUBEB mangrove baseline scenario
2686,1,Custodial formalisation_Entity,Cameroon,2025-09-02,daily_state,ndc_balance,229.82,286.47,190.17,66.38,1.2359,index,simulated,PDI Synthetic Generator — Baseline,,AUBEB mangrove baseline scenario
2687,2,Data extraction — baseline remote sensing_Entity,Mozambique,2025-09-02,daily_state,ndc_balance,277.72,271.6,226.52,81.56,1.7712,index,simulated,PDI Synthetic Generator — Baseline,,AUBEB mangrove baseline scenario
2688,3,Specification — carbon quantification_Entity,Madagascar,2025-09-02,daily_state,ndc_balance,281.16,272.11,229.01,81.45,0.2674,index,simulated,PDI Synthetic Generator — Baseline,,AUBEB mangrove baseline scenario
2689,4,Certification — verification & registration_Entity,Guinea,2025-09-02,daily_state,ndc_balance,292.53,278.23,251.32,85.91,1.957,index,simulated,PDI Synthetic Generator — Baseline,,AUBEB mangrove baseline scenario
2690,5,Commercialisation outward_Entity,Tanzania,2025-09-02,daily_state,ndc_balance,280.9,283.52,243.73,85.97,1.9094,index,simulated,PDI Synthetic Generator — Baseline,,AUBEB mangrove baseline scenario
2691,6,Capital return — Conservation Fund deployment_Entity,Benin,2025-09-02,daily_state,ndc_balance,280.86,280.02,234.75,83.58,1.2358,index,simulated,PDI Synthetic Generator — Baseline,,AUBEB mangrove baseline scenario
2692,7,Restoration specification — CBEMR design_Entity,Nigeria,2025-09-02,daily_state,ndc_balance,282.9,282.67,250.97,88.71,1.5408,index,simulated,PDI Synthetic Generator — Baseline,,AUBEB mangrove baseline scenario
2693,8,Community custodial co-management_Entity,Cameroon,2025-09-02,daily_state,ndc_balance,262.84,259.06,201.94,76.83,1.3076,index,simulated,PDI Synthetic Generator — Baseline,,AUBEB mangrove baseline scenario
2694,9,Physical recovery — active regeneration_Entity,Mozambique,2025-09-02,daily_state,ndc_balance,241.24,268.68,222.62,82.86,1.9563,index,simulated,PDI Synthetic Generator — Baseline,,AUBEB mangrove baseline scenario
2695,10,Verified restoration — sustained blue economy asset_Entity,Madagascar,2025-09-02,daily_state,ndc_balance,240.29,268.03,231.06,86.21,1.5666,index,simulated,PDI Synthetic Generator — Baseline,,AUBEB mangrove baseline scenario
2696,0,Pre-commercial: degraded ecosystem_Entity,Nigeria,2025-09-03,daily_state,ndc_balance,213.08,220.57,148.31,67.24,0.7479,index,simulated,PDI Synthetic Generator — Baseline,,AUBEB mangrove baseline scenario
2697,1,Custodial formalisation_Entity,Cameroon,2025-09-03,daily_state,ndc_balance,211.3,265.22,203.38,76.68,0.4919,index,simulated,PDI Synthetic Generator — Baseline,,AUBEB mangrove baseline scenario
2698,2,Data extraction — baseline remote sensing_Entity,Mozambique,2025-09-03,daily_state,ndc_balance,260.29,261.95,242.69,92.65,1.9883,index,simulated,PDI Synthetic Generator — Baseline,,AUBEB mangrove baseline scenario
2699,3,Specification — carbon quantification_Entity,Madagascar,2025-09-03,daily_state,ndc_balance,280.71,270.88,254.87,90.79,1.0073,index,simulated,PDI Synthetic Generator — Baseline,,AUBEB mangrove baseline scenario
2700,4,Certification — verification & registration_Entity,Guinea,2025-09-03,daily_state,ndc_balance,274.34,249.08,228.84,83.41,1.2724,index,simulated,PDI Synthetic Generator — Baseline,,AUBEB mangrove baseline scenario
2701,5,Commercialisation outward_Entity,Tanzania,2025-09-03,daily_state,ndc_balance,252.45,273.87,252.05,92.03,0.6787,index,simulated,PDI Synthetic Generator — Baseline,,AUBEB mangrove baseline scenario
2702,6,Capital return — Conservation Fund deployment_Entity,Benin,2025-09-03,daily_state,ndc_balance,273.59,236.37,209.66,76.63,1.3919,index,simulated,PDI Synthetic Generator — Baseline,,AUBEB mangrove baseline scenario
2703,7,Restoration specification — CBEMR design_Entity,Nigeria,2025-09-03,daily_state,ndc_balance,282.84,260.91,247.61,87.54,1.7286,index,simulated,PDI Synthetic Generator — Baseline,,AUBEB mangrove baseline scenario
2704,8,Community custodial co-management_Entity,Cameroon,2025-09-03,daily_state,ndc_balance,240.13,256.6,218.41,85.12,1.4738,index,simulated,PDI Synthetic Generator — Baseline,,AUBEB mangrove baseline scenario
2705,9,Physical recovery — active regeneration_Entity,Mozambique,2025-09-03,daily_state,ndc_balance,260.02,246.29,233.27,89.71,0.3573,index,simulated,PDI Synthetic Generator — Baseline,,AUBEB mangrove baseline scenario
2706,10,Verified restoration — sustained blue economy asset_Entity,Madagascar,2025-09-03,daily_state,ndc_balance,271.04,269.21,245.79,90.68,0.5585,index,simulated,PDI Synthetic Generator — Baseline,,AUBEB mangrove baseline scenario
2707,0,Pre-commercial: degraded ecosystem_Entity,Nigeria,2025-09-04,daily_state,ndc_balance,196.56,207.87,148.69,71.53,0.3982,index,simulated,PDI Synthetic Generator — Baseline,,AUBEB mangrove baseline scenario
2708,1,Custodial formalisation_Entity,Cameroon,2025-09-04,daily_state,ndc_balance,236.42,264.97,231.98,87.55,0.7774,index,simulated,PDI Synthetic Generator — Baseline,,AUBEB mangrove baseline scenario
2709,2,Data extraction — baseline remote sensing_Entity,Mozambique,2025-09-04,daily_state,ndc_balance,235.84,273.36,230.84,84.45,1.0797,index,simulated,PDI Synthetic Generator — Baseline,,AUBEB mangrove baseline scenario
2710,3,Specification — carbon quantification_Entity,Madagascar,2025-09-04,daily_state,ndc_balance,299.58,251.05,235.65,78.66,0.247,index,simulated,PDI Synthetic Generator — Baseline,,AUBEB mangrove baseline scenario
2711,4,Certification — verification & registration_Entity,Guinea,2025-09-04,daily_state,ndc_balance,267.82,258.12,228.46,85.3,1.5979,index,simulated,PDI Synthetic Generator — Baseline,,AUBEB mangrove baseline scenario
2712,5,Commercialisation outward_Entity,Tanzania,2025-09-04,daily_state,ndc_balance,257.47,254.96,253.93,98.63,2.383,index,simulated,PDI Synthetic Generator — Baseline,,AUBEB mangrove baseline scenario
2713,6,Capital return — Conservation Fund deployment_Entity,Benin,2025-09-04,daily_state,ndc_balance,266.39,296.41,203.15,68.54,1.1483,index,simulated,PDI Synthetic Generator — Baseline,,AUBEB mangrove baseline scenario
2714,7,Restoration specification — CBEMR design_Entity,Nigeria,2025-09-04,daily_state,ndc_balance,279.25,295.67,266.06,89.99,0.8075,index,simulated,PDI Synthetic Generator — Baseline,,AUBEB mangrove baseline scenario
2715,8,Community custodial co-management_Entity,Cameroon,2025-09-04,daily_state,ndc_balance,232.49,256.78,208.91,81.36,0.5317,index,simulated,PDI Synthetic Generator — Baseline,,AUBEB mangrove baseline scenario
2716,9,Physical recovery — active regeneration_Entity,Mozambique,2025-09-04,daily_state,ndc_balance,266.69,264.83,247.31,92.73,1.1224,index,simulated,PDI Synthetic Generator — Baseline,,AUBEB mangrove baseline scenario
2717,10,Verified restoration — sustained blue economy asset_Entity,Madagascar,2025-09-04,daily_state,ndc_balance,263.88,287.09,278.25,96.92,1.8783,index,simulated,PDI Synthetic Generator — Baseline,,AUBEB mangrove baseline scenario
2718,0,Pre-commercial: degraded ecosystem_Entity,Nigeria,2025-09-05,daily_state,ndc_balance,203.94,201.03,141.21,69.24,0.6893,index,simulated,PDI Synthetic Generator — Baseline,,AUBEB mangrove baseline scenario
2719,1,Custodial formalisation_Entity,Cameroon,2025-09-05,daily_state,ndc_balance,202.67,292.32,235.84,80.68,0.7335,index,simulated,PDI Synthetic Generator — Baseline,,AUBEB mangrove baseline scenario
2720,2,Data extraction — baseline remote sensing_Entity,Mozambique,2025-09-05,daily_state,ndc_balance,275.99,261.75,244.94,88.75,0.2825,index,simulated,PDI Synthetic Generator — Baseline,,AUBEB mangrove baseline scenario
2721,3,Specification — carbon quantification_Entity,Madagascar,2025-09-05,daily_state,ndc_balance,286.74,255.21,242.36,84.52,0.9846,index,simulated,PDI Synthetic Generator — Baseline,,AUBEB mangrove baseline scenario
2722,4,Certification — verification & registration_Entity,Guinea,2025-09-05,daily_state,ndc_balance,252.34,278.28,228.59,82.14,0.8824,index,simulated,PDI Synthetic Generator — Baseline,,AUBEB mangrove baseline scenario
2723,5,Commercialisation outward_Entity,Tanzania,2025-09-05,daily_state,ndc_balance,247.67,292.93,221.48,75.61,1.5258,index,simulated,PDI Synthetic Generator — Baseline,,AUBEB mangrove baseline scenario
2724,6,Capital return — Conservation Fund deployment_Entity,Benin,2025-09-05,daily_state,ndc_balance,299.42,274.9,199.56,66.65,0.7413,index,simulated,PDI Synthetic Generator — Baseline,,AUBEB mangrove baseline scenario
2725,7,Restoration specification — CBEMR design_Entity,Nigeria,2025-09-05,daily_state,ndc_balance,254.52,285.41,266.67,93.43,0.3292,index,simulated,PDI Synthetic Generator — Baseline,,AUBEB mangrove baseline scenario
2726,8,Community custodial co-management_Entity,Cameroon,2025-09-05,daily_state,ndc_balance,231.91,221.38,193.96,83.64,1.8843,index,simulated,PDI Synthetic Generator — Baseline,,AUBEB mangrove baseline scenario
2727,9,Physical recovery — active regeneration_Entity,Mozambique,2025-09-05,daily_state,ndc_balance,287.31,244.16,244.92,85.25,1.6932,index,simulated,PDI Synthetic Generator — Baseline,,AUBEB mangrove baseline scenario
2728,10,Verified restoration — sustained blue economy asset_Entity,Madagascar,2025-09-05,daily_state,ndc_balance,322.68,282.06,265.03,82.13,1.9508,index,simulated,PDI Synthetic Generator — Baseline,,AUBEB mangrove baseline scenario
2729,0,Pre-commercial: degraded ecosystem_Entity,Nigeria,2025-09-06,daily_state,ndc_balance,210.14,198.09,143.52,68.3,0.7176,index,simulated,PDI Synthetic Generator — Baseline,,AUBEB mangrove baseline scenario
2730,1,Custodial formalisation_Entity,Cameroon,2025-09-06,daily_state,ndc_balance,189.24,272.34,213.45,78.38,0.4289,index,simulated,PDI Synthetic Generator — Baseline,,AUBEB mangrove baseline scenario
2731,2,Data extraction — baseline remote sensing_Entity,Mozambique,2025-09-06,daily_state,ndc_balance,265.64,262.73,252.37,95.0,0.7663,index,simulated,PDI Synthetic Generator — Baseline,,AUBEB mangrove baseline scenario
2732,3,Specification — carbon quantification_Entity,Madagascar,2025-09-06,daily_state,ndc_balance,285.97,282.32,263.2,92.04,1.8202,index,simulated,PDI Synthetic Generator — Baseline,,AUBEB mangrove baseline scenario
2733,4,Certification — verification & registration_Entity,Guinea,2025-09-06,daily_state,ndc_balance,268.54,258.97,225.0,83.79,1.103,index,simulated,PDI Synthetic Generator — Baseline,,AUBEB mangrove baseline scenario
2734,5,Commercialisation outward_Entity,Tanzania,2025-09-06,daily_state,ndc_balance,262.03,262.22,213.03,81.24,1.8247,index,simulated,PDI Synthetic Generator — Baseline,,AUBEB mangrove baseline scenario
2735,6,Capital return — Conservation Fund deployment_Entity,Benin,2025-09-06,daily_state,ndc_balance,245.57,245.16,222.67,90.67,0.4594,index,simulated,PDI Synthetic Generator — Baseline,,AUBEB mangrove baseline scenario
2736,7,Restoration specification — CBEMR design_Entity,Nigeria,2025-09-06,daily_state,ndc_balance,252.56,291.15,270.54,92.92,0.5703,index,simulated,PDI Synthetic Generator — Baseline,,AUBEB mangrove baseline scenario
2737,8,Community custodial co-management_Entity,Cameroon,2025-09-06,daily_state,ndc_balance,240.41,223.53,204.08,84.89,1.0423,index,simulated,PDI Synthetic Generator — Baseline,,AUBEB mangrove baseline scenario
2738,9,Physical recovery — active regeneration_Entity,Mozambique,2025-09-06,daily_state,ndc_balance,229.84,247.42,236.33,95.52,1.4766,index,simulated,PDI Synthetic Generator — Baseline,,AUBEB mangrove baseline scenario
2739,10,Verified restoration — sustained blue economy asset_Entity,Madagascar,2025-09-06,daily_state,ndc_balance,278.66,250.35,258.71,92.84,2.0455,index,simulated,PDI Synthetic Generator — Baseline,,AUBEB mangrove baseline scenario
2740,0,Pre-commercial: degraded ecosystem_Entity,Nigeria,2025-09-07,daily_state,ndc_balance,216.18,192.56,147.69,68.32,1.1775,index,simulated,PDI Synthetic Generator — Baseline,,AUBEB mangrove baseline scenario
2741,1,Custodial formalisation_Entity,Cameroon,2025-09-07,daily_state,ndc_balance,195.69,254.56,228.82,89.89,0.5436,index,simulated,PDI Synthetic Generator — Baseline,,AUBEB mangrove baseline scenario
2742,2,Data extraction — baseline remote sensing_Entity,Mozambique,2025-09-07,daily_state,ndc_balance,244.69,276.27,252.29,91.32,1.2305,index,simulated,PDI Synthetic Generator — Baseline,,AUBEB mangrove baseline scenario
2743,3,Specification — carbon quantification_Entity,Madagascar,2025-09-07,daily_state,ndc_balance,266.94,292.11,245.72,84.12,0.9513,index,simulated,PDI Synthetic Generator — Baseline,,AUBEB mangrove baseline scenario
2744,4,Certification — verification & registration_Entity,Guinea,2025-09-07,daily_state,ndc_balance,265.75,273.88,234.57,85.65,2.1185,index,simulated,PDI Synthetic Generator — Baseline,,AUBEB mangrove baseline scenario
2745,5,Commercialisation outward_Entity,Tanzania,2025-09-07,daily_state,ndc_balance,251.78,276.61,222.07,80.28,1.0024,index,simulated,PDI Synthetic Generator — Baseline,,AUBEB mangrove baseline scenario
2746,6,Capital return — Conservation Fund deployment_Entity,Benin,2025-09-07,daily_state,ndc_balance,233.06,293.57,239.38,81.54,0.3815,index,simulated,PDI Synthetic Generator — Baseline,,AUBEB mangrove baseline scenario
2747,7,Restoration specification — CBEMR design_Entity,Nigeria,2025-09-07,daily_state,ndc_balance,299.68,249.61,265.22,88.5,1.4503,index,simulated,PDI Synthetic Generator — Baseline,,AUBEB mangrove baseline scenario
2748,8,Community custodial co-management_Entity,Cameroon,2025-09-07,daily_state,ndc_balance,236.95,243.38,204.63,84.08,1.14,index,simulated,PDI Synthetic Generator — Baseline,,AUBEB mangrove baseline scenario
2749,9,Physical recovery — active regeneration_Entity,Mozambique,2025-09-07,daily_state,ndc_balance,266.84,248.18,234.59,87.91,0.7716,index,simulated,PDI Synthetic Generator — Baseline,,AUBEB mangrove baseline scenario
2750,10,Verified restoration — sustained blue economy asset_Entity,Madagascar,2025-09-07,daily_state,ndc_balance,265.86,257.22,239.46,90.07,2.001,index,simulated,PDI Synthetic Generator — Baseline,,AUBEB mangrove baseline scenario
2751,0,Pre-commercial: degraded ecosystem_Entity,Nigeria,2025-09-08,daily_state,ndc_balance,188.97,203.56,134.41,66.03,0.7606,index,simulated,PDI Synthetic Generator — Baseline,,AUBEB mangrove baseline scenario
2752,1,Custodial formalisation_Entity,Cameroon,2025-09-08,daily_state,ndc_balance,213.9,253.08,229.83,90.81,2.4312,index,simulated,PDI Synthetic Generator — Baseline,,AUBEB mangrove baseline scenario
2753,2,Data extraction — baseline remote sensing_Entity,Mozambique,2025-09-08,daily_state,ndc_balance,241.19,268.82,239.21,88.99,0.9583,index,simulated,PDI Synthetic Generator — Baseline,,AUBEB mangrove baseline scenario
2754,3,Specification — carbon quantification_Entity,Madagascar,2025-09-08,daily_state,ndc_balance,271.46,291.96,248.72,85.19,0.6049,index,simulated,PDI Synthetic Generator — Baseline,,AUBEB mangrove baseline scenario
2755,4,Certification — verification & registration_Entity,Guinea,2025-09-08,daily_state,ndc_balance,269.68,247.7,233.67,86.65,0.7963,index,simulated,PDI Synthetic Generator — Baseline,,AUBEB mangrove baseline scenario
2756,5,Commercialisation outward_Entity,Tanzania,2025-09-08,daily_state,ndc_balance,261.37,285.67,244.21,85.49,0.9436,index,simulated,PDI Synthetic Generator — Baseline,,AUBEB mangrove baseline scenario
2757,6,Capital return — Conservation Fund deployment_Entity,Benin,2025-09-08,daily_state,ndc_balance,278.23,256.06,228.82,82.24,0.7437,index,simulated,PDI Synthetic Generator — Baseline,,AUBEB mangrove baseline scenario
2758,7,Restoration specification — CBEMR design_Entity,Nigeria,2025-09-08,daily_state,ndc_balance,295.24,280.6,234.84,79.54,0.4951,index,simulated,PDI Synthetic Generator — Baseline,,AUBEB mangrove baseline scenario
2759,8,Community custodial co-management_Entity,Cameroon,2025-09-08,daily_state,ndc_balance,234.34,258.26,188.44,72.97,1.0161,index,simulated,PDI Synthetic Generator — Baseline,,AUBEB mangrove baseline scenario
2760,9,Physical recovery — active regeneration_Entity,Mozambique,2025-09-08,daily_state,ndc_balance,271.18,249.42,235.98,87.02,1.7374,index,simulated,PDI Synthetic Generator — Baseline,,AUBEB mangrove baseline scenario
2761,10,Verified restoration — sustained blue economy asset_Entity,Madagascar,2025-09-08,daily_state,ndc_balance,280.06,278.84,275.42,98.34,1.9429,index,simulated,PDI Synthetic Generator — Baseline,,AUBEB mangrove baseline scenario
2762,0,Pre-commercial: degraded ecosystem_Entity,Nigeria,2025-09-09,daily_state,ndc_balance,210.82,191.27,144.86,68.71,1.3805,index,simulated,PDI Synthetic Generator — Baseline,,AUBEB mangrove baseline scenario
2763,1,Custodial formalisation_Entity,Cameroon,2025-09-09,daily_state,ndc_balance,208.44,260.68,224.09,85.96,1.6836,index,simulated,PDI Synthetic Generator — Baseline,,AUBEB mangrove baseline scenario
2764,2,Data extraction — baseline remote sensing_Entity,Mozambique,2025-09-09,daily_state,ndc_balance,230.07,254.12,240.62,94.69,0.4542,index,simulated,PDI Synthetic Generator — Baseline,,AUBEB mangrove baseline scenario
2765,3,Specification — carbon quantification_Entity,Madagascar,2025-09-09,daily_state,ndc_balance,273.4,278.59,278.74,100.05,2.6844,index,simulated,PDI Synthetic Generator — Baseline,,AUBEB mangrove baseline scenario
2766,4,Certification — verification & registration_Entity,Guinea,2025-09-09,daily_state,ndc_balance,256.78,238.29,265.04,103.22,0.5462,index,simulated,PDI Synthetic Generator — Baseline,,AUBEB mangrove baseline scenario
2767,5,Commercialisation outward_Entity,Tanzania,2025-09-09,daily_state,ndc_balance,283.3,260.05,230.37,81.32,1.8951,index,simulated,PDI Synthetic Generator — Baseline,,AUBEB mangrove baseline scenario
2768,6,Capital return — Conservation Fund deployment_Entity,Benin,2025-09-09,daily_state,ndc_balance,261.55,270.98,248.97,91.88,2.2656,index,simulated,PDI Synthetic Generator — Baseline,,AUBEB mangrove baseline scenario
2769,7,Restoration specification — CBEMR design_Entity,Nigeria,2025-09-09,daily_state,ndc_balance,289.3,257.13,259.34,89.64,0.8073,index,simulated,PDI Synthetic Generator — Baseline,,AUBEB mangrove baseline scenario
2770,8,Community custodial co-management_Entity,Cameroon,2025-09-09,daily_state,ndc_balance,242.17,249.95,209.35,83.76,1.8285,index,simulated,PDI Synthetic Generator — Baseline,,AUBEB mangrove baseline scenario
2771,9,Physical recovery — active regeneration_Entity,Mozambique,2025-09-09,daily_state,ndc_balance,253.06,279.06,221.87,79.51,1.488,index,simulated,PDI Synthetic Generator — Baseline,,AUBEB mangrove baseline scenario
2772,10,Verified restoration — sustained blue economy asset_Entity,Madagascar,2025-09-09,daily_state,ndc_balance,293.51,247.04,264.79,90.21,1.9545,index,simulated,PDI Synthetic Generator — Baseline,,AUBEB mangrove baseline scenario
2773,0,Pre-commercial: degraded ecosystem_Entity,Nigeria,2025-09-10,daily_state,ndc_balance,196.99,217.65,127.21,58.45,0.728,index,simulated,PDI Synthetic Generator — Baseline,,AUBEB mangrove baseline scenario
2774,1,Custodial formalisation_Entity,Cameroon,2025-09-10,daily_state,ndc_balance,194.95,269.63,225.94,83.8,0.2461,index,simulated,PDI Synthetic Generator — Baseline,,AUBEB mangrove baseline scenario
2775,2,Data extraction — baseline remote sensing_Entity,Mozambique,2025-09-10,daily_state,ndc_balance,249.05,276.41,240.89,87.15,2.2291,index,simulated,PDI Synthetic Generator — Baseline,,AUBEB mangrove baseline scenario
2776,3,Specification — carbon quantification_Entity,Madagascar,2025-09-10,daily_state,ndc_balance,302.58,267.21,266.92,88.21,0.2714,index,simulated,PDI Synthetic Generator — Baseline,,AUBEB mangrove baseline scenario
2777,4,Certification — verification & registration_Entity,Guinea,2025-09-10,daily_state,ndc_balance,257.44,277.28,232.69,83.92,1.7837,index,simulated,PDI Synthetic Generator — Baseline,,AUBEB mangrove baseline scenario
2778,5,Commercialisation outward_Entity,Tanzania,2025-09-10,daily_state,ndc_balance,283.92,252.28,222.59,78.4,0.73,index,simulated,PDI Synthetic Generator — Baseline,,AUBEB mangrove baseline scenario
2779,6,Capital return — Conservation Fund deployment_Entity,Benin,2025-09-10,daily_state,ndc_balance,232.43,296.16,241.5,81.54,0.8213,index,simulated,PDI Synthetic Generator — Baseline,,AUBEB mangrove baseline scenario
2780,7,Restoration specification — CBEMR design_Entity,Nigeria,2025-09-10,daily_state,ndc_balance,281.21,254.93,257.76,91.66,1.9366,index,simulated,PDI Synthetic Generator — Baseline,,AUBEB mangrove baseline scenario
2781,8,Community custodial co-management_Entity,Cameroon,2025-09-10,daily_state,ndc_balance,241.36,279.04,191.8,68.74,0.1829,index,simulated,PDI Synthetic Generator — Baseline,,AUBEB mangrove baseline scenario
2782,9,Physical recovery — active regeneration_Entity,Mozambique,2025-09-10,daily_state,ndc_balance,241.71,275.75,203.68,73.86,1.0938,index,simulated,PDI Synthetic Generator — Baseline,,AUBEB mangrove baseline scenario
2783,10,Verified restoration — sustained blue economy asset_Entity,Madagascar,2025-09-10,daily_state,ndc_balance,265.67,266.35,266.67,100.12,1.2999,index,simulated,PDI Synthetic Generator — Baseline,,AUBEB mangrove baseline scenario
2784,0,Pre-commercial: degraded ecosystem_Entity,Nigeria,2025-09-11,daily_state,ndc_balance,233.51,197.29,149.16,63.88,0.8655,index,simulated,PDI Synthetic Generator — Baseline,,AUBEB mangrove baseline scenario
2785,1,Custodial formalisation_Entity,Cameroon,2025-09-11,daily_state,ndc_balance,229.51,276.22,218.94,79.26,0.9205,index,simulated,PDI Synthetic Generator — Baseline,,AUBEB mangrove baseline scenario
2786,2,Data extraction — baseline remote sensing_Entity,Mozambique,2025-09-11,daily_state,ndc_balance,268.39,275.55,242.92,88.16,2.2757,index,simulated,PDI Synthetic Generator — Baseline,,AUBEB mangrove baseline scenario
2787,3,Specification — carbon quantification_Entity,Madagascar,2025-09-11,daily_state,ndc_balance,261.7,265.42,260.33,98.08,0.6307,index,simulated,PDI Synthetic Generator — Baseline,,AUBEB mangrove baseline scenario
2788,4,Certification — verification & registration_Entity,Guinea,2025-09-11,daily_state,ndc_balance,295.0,247.16,220.67,74.8,0.3144,index,simulated,PDI Synthetic Generator — Baseline,,AUBEB mangrove baseline scenario
2789,5,Commercialisation outward_Entity,Tanzania,2025-09-11,daily_state,ndc_balance,269.61,321.8,225.08,69.94,0.3569,index,simulated,PDI Synthetic Generator — Baseline,,AUBEB mangrove baseline scenario
2790,6,Capital return — Conservation Fund deployment_Entity,Benin,2025-09-11,daily_state,ndc_balance,255.79,276.57,206.96,74.83,0.7744,index,simulated,PDI Synthetic Generator — Baseline,,AUBEB mangrove baseline scenario
2791,7,Restoration specification — CBEMR design_Entity,Nigeria,2025-09-11,daily_state,ndc_balance,256.48,286.8,234.2,81.66,0.7751,index,simulated,PDI Synthetic Generator — Baseline,,AUBEB mangrove baseline scenario
2792,8,Community custodial co-management_Entity,Cameroon,2025-09-11,daily_state,ndc_balance,245.42,251.26,200.21,79.68,1.7072,index,simulated,PDI Synthetic Generator — Baseline,,AUBEB mangrove baseline scenario
2793,9,Physical recovery — active regeneration_Entity,Mozambique,2025-09-11,daily_state,ndc_balance,276.81,245.67,225.85,81.59,0.9046,index,simulated,PDI Synthetic Generator — Baseline,,AUBEB mangrove baseline scenario
2794,10,Verified restoration — sustained blue economy asset_Entity,Madagascar,2025-09-11,daily_state,ndc_balance,298.95,284.07,241.16,80.67,1.0103,index,simulated,PDI Synthetic Generator — Baseline,,AUBEB mangrove baseline scenario
2795,0,Pre-commercial: degraded ecosystem_Entity,Nigeria,2025-09-12,daily_state,ndc_balance,206.04,188.36,146.73,71.21,0.5471,index,simulated,PDI Synthetic Generator — Baseline,,AUBEB mangrove baseline scenario
2796,1,Custodial formalisation_Entity,Cameroon,2025-09-12,daily_state,ndc_balance,208.34,257.59,210.65,81.78,1.0385,index,simulated,PDI Synthetic Generator — Baseline,,AUBEB mangrove baseline scenario
2797,2,Data extraction — baseline remote sensing_Entity,Mozambique,2025-09-12,daily_state,ndc_balance,271.72,303.43,227.23,74.89,1.6434,index,simulated,PDI Synthetic Generator — Baseline,,AUBEB mangrove baseline scenario
2798,3,Specification — carbon quantification_Entity,Madagascar,2025-09-12,daily_state,ndc_balance,296.36,252.38,268.72,90.67,1.6205,index,simulated,PDI Synthetic Generator — Baseline,,AUBEB mangrove baseline scenario
2799,4,Certification — verification & registration_Entity,Guinea,2025-09-12,daily_state,ndc_balance,273.98,289.36,257.32,88.93,1.8005,index,simulated,PDI Synthetic Generator — Baseline,,AUBEB mangrove baseline scenario
2800,5,Commercialisation outward_Entity,Tanzania,2025-09-12,daily_state,ndc_balance,259.86,285.63,228.84,80.12,0.6257,index,simulated,PDI Synthetic Generator — Baseline,,AUBEB mangrove baseline scenario
2801,6,Capital return — Conservation Fund deployment_Entity,Benin,2025-09-12,daily_state,ndc_balance,244.02,264.22,240.11,90.88,1.9044,index,simulated,PDI Synthetic Generator — Baseline,,AUBEB mangrove baseline scenario
2802,7,Restoration specification — CBEMR design_Entity,Nigeria,2025-09-12,daily_state,ndc_balance,288.74,289.69,237.28,81.91,1.2013,index,simulated,PDI Synthetic Generator — Baseline,,AUBEB mangrove baseline scenario
2803,8,Community custodial co-management_Entity,Cameroon,2025-09-12,daily_state,ndc_balance,254.05,233.35,201.96,79.5,1.682,index,simulated,PDI Synthetic Generator — Baseline,,AUBEB mangrove baseline scenario
2804,9,Physical recovery — active regeneration_Entity,Mozambique,2025-09-12,daily_state,ndc_balance,264.32,268.11,262.32,97.84,2.6686,index,simulated,PDI Synthetic Generator — Baseline,,AUBEB mangrove baseline scenario
2805,10,Verified restoration — sustained blue economy asset_Entity,Madagascar,2025-09-12,daily_state,ndc_balance,273.83,284.2,263.21,92.61,1.3254,index,simulated,PDI Synthetic Generator — Baseline,,AUBEB mangrove baseline scenario
2806,0,Pre-commercial: degraded ecosystem_Entity,Nigeria,2025-09-13,daily_state,ndc_balance,194.97,200.51,153.58,76.59,1.7437,index,simulated,PDI Synthetic Generator — Baseline,,AUBEB mangrove baseline scenario
2807,1,Custodial formalisation_Entity,Cameroon,2025-09-13,daily_state,ndc_balance,221.89,230.06,206.8,89.89,1.5601,index,simulated,PDI Synthetic Generator — Baseline,,AUBEB mangrove baseline scenario
2808,2,Data extraction — baseline remote sensing_Entity,Mozambique,2025-09-13,daily_state,ndc_balance,255.99,254.07,271.6,106.1,0.8218,index,simulated,PDI Synthetic Generator — Baseline,,AUBEB mangrove baseline scenario
2809,3,Specification — carbon quantification_Entity,Madagascar,2025-09-13,daily_state,ndc_balance,238.16,281.84,260.95,92.59,1.8239,index,simulated,PDI Synthetic Generator — Baseline,,AUBEB mangrove baseline scenario
2810,4,Certification — verification & registration_Entity,Guinea,2025-09-13,daily_state,ndc_balance,260.17,308.02,203.17,65.96,1.1433,index,simulated,PDI Synthetic Generator — Baseline,,AUBEB mangrove baseline scenario
2811,5,Commercialisation outward_Entity,Tanzania,2025-09-13,daily_state,ndc_balance,274.65,279.25,231.6,82.94,0.431,index,simulated,PDI Synthetic Generator — Baseline,,AUBEB mangrove baseline scenario
2812,6,Capital return — Conservation Fund deployment_Entity,Benin,2025-09-13,daily_state,ndc_balance,284.7,275.92,209.45,73.57,0.943,index,simulated,PDI Synthetic Generator — Baseline,,AUBEB mangrove baseline scenario
2813,7,Restoration specification — CBEMR design_Entity,Nigeria,2025-09-13,daily_state,ndc_balance,299.02,274.77,250.11,83.64,0.9624,index,simulated,PDI Synthetic Generator — Baseline,,AUBEB mangrove baseline scenario
2814,8,Community custodial co-management_Entity,Cameroon,2025-09-13,daily_state,ndc_balance,224.34,267.54,177.92,66.5,0.5666,index,simulated,PDI Synthetic Generator — Baseline,,AUBEB mangrove baseline scenario
2815,9,Physical recovery — active regeneration_Entity,Mozambique,2025-09-13,daily_state,ndc_balance,248.23,234.3,224.28,90.35,0.5183,index,simulated,PDI Synthetic Generator — Baseline,,AUBEB mangrove baseline scenario
2816,10,Verified restoration — sustained blue economy asset_Entity,Madagascar,2025-09-13,daily_state,ndc_balance,265.65,279.74,264.48,94.54,2.2598,index,simulated,PDI Synthetic Generator — Baseline,,AUBEB mangrove baseline scenario
2817,0,Pre-commercial: degraded ecosystem_Entity,Nigeria,2025-09-14,daily_state,ndc_balance,200.13,194.16,146.29,73.1,0.6506,index,simulated,PDI Synthetic Generator — Baseline,,AUBEB mangrove baseline scenario
2818,1,Custodial formalisation_Entity,Cameroon,2025-09-14,daily_state,ndc_balance,223.46,296.84,201.16,67.77,0.3983,index,simulated,PDI Synthetic Generator — Baseline,,AUBEB mangrove baseline scenario
2819,2,Data extraction — baseline remote sensing_Entity,Mozambique,2025-09-14,daily_state,ndc_balance,274.04,285.41,270.91,94.92,1.4661,index,simulated,PDI Synthetic Generator — Baseline,,AUBEB mangrove baseline scenario
2820,3,Specification — carbon quantification_Entity,Madagascar,2025-09-14,daily_state,ndc_balance,296.15,272.42,268.96,90.82,0.9051,index,simulated,PDI Synthetic Generator — Baseline,,AUBEB mangrove baseline scenario
2821,4,Certification — verification & registration_Entity,Guinea,2025-09-14,daily_state,ndc_balance,234.19,281.78,232.23,82.42,1.2939,index,simulated,PDI Synthetic Generator — Baseline,,AUBEB mangrove baseline scenario
2822,5,Commercialisation outward_Entity,Tanzania,2025-09-14,daily_state,ndc_balance,240.79,272.66,225.11,82.56,0.7353,index,simulated,PDI Synthetic Generator — Baseline,,AUBEB mangrove baseline scenario
2823,6,Capital return — Conservation Fund deployment_Entity,Benin,2025-09-14,daily_state,ndc_balance,262.72,287.45,221.58,77.08,1.694,index,simulated,PDI Synthetic Generator — Baseline,,AUBEB mangrove baseline scenario
2824,7,Restoration specification — CBEMR design_Entity,Nigeria,2025-09-14,daily_state,ndc_balance,290.59,284.6,269.97,92.9,1.3665,index,simulated,PDI Synthetic Generator — Baseline,,AUBEB mangrove baseline scenario
2825,8,Community custodial co-management_Entity,Cameroon,2025-09-14,daily_state,ndc_balance,225.0,260.74,195.29,74.9,0.3902,index,simulated,PDI Synthetic Generator — Baseline,,AUBEB mangrove baseline scenario
2826,9,Physical recovery — active regeneration_Entity,Mozambique,2025-09-14,daily_state,ndc_balance,228.71,248.09,246.28,99.27,1.9899,index,simulated,PDI Synthetic Generator — Baseline,,AUBEB mangrove baseline scenario
2827,10,Verified restoration — sustained blue economy asset_Entity,Madagascar,2025-09-14,daily_state,ndc_balance,291.41,273.97,248.38,85.23,0.7268,index,simulated,PDI Synthetic Generator — Baseline,,AUBEB mangrove baseline scenario
2828,0,Pre-commercial: degraded ecosystem_Entity,Nigeria,2025-09-15,daily_state,ndc_balance,215.03,196.42,128.14,59.59,1.0616,index,simulated,PDI Synthetic Generator — Baseline,,AUBEB mangrove baseline scenario
2829,1,Custodial formalisation_Entity,Cameroon,2025-09-15,daily_state,ndc_balance,197.34,284.63,218.63,76.81,0.4253,index,simulated,PDI Synthetic Generator — Baseline,,AUBEB mangrove baseline scenario
2830,2,Data extraction — baseline remote sensing_Entity,Mozambique,2025-09-15,daily_state,ndc_balance,268.38,280.52,232.88,83.02,0.9034,index,simulated,PDI Synthetic Generator — Baseline,,AUBEB mangrove baseline scenario
2831,3,Specification — carbon quantification_Entity,Madagascar,2025-09-15,daily_state,ndc_balance,292.84,257.92,266.16,90.89,0.639,index,simulated,PDI Synthetic Generator — Baseline,,AUBEB mangrove baseline scenario
2832,4,Certification — verification & registration_Entity,Guinea,2025-09-15,daily_state,ndc_balance,276.64,274.21,236.54,85.5,2.0886,index,simulated,PDI Synthetic Generator — Baseline,,AUBEB mangrove baseline scenario
2833,5,Commercialisation outward_Entity,Tanzania,2025-09-15,daily_state,ndc_balance,252.64,283.74,234.81,82.76,1.6441,index,simulated,PDI Synthetic Generator — Baseline,,AUBEB mangrove baseline scenario
2834,6,Capital return — Conservation Fund deployment_Entity,Benin,2025-09-15,daily_state,ndc_balance,272.44,277.78,209.69,75.49,0.7195,index,simulated,PDI Synthetic Generator — Baseline,,AUBEB mangrove baseline scenario
2835,7,Restoration specification — CBEMR design_Entity,Nigeria,2025-09-15,daily_state,ndc_balance,244.1,281.11,276.07,98.21,2.4917,index,simulated,PDI Synthetic Generator — Baseline,,AUBEB mangrove baseline scenario
2836,8,Community custodial co-management_Entity,Cameroon,2025-09-15,daily_state,ndc_balance,220.95,259.86,181.98,70.03,0.4495,index,simulated,PDI Synthetic Generator — Baseline,,AUBEB mangrove baseline scenario
2837,9,Physical recovery — active regeneration_Entity,Mozambique,2025-09-15,daily_state,ndc_balance,258.56,273.35,227.88,83.37,0.8268,index,simulated,PDI Synthetic Generator — Baseline,,AUBEB mangrove baseline scenario
2838,10,Verified restoration — sustained blue economy asset_Entity,Madagascar,2025-09-15,daily_state,ndc_balance,284.56,290.9,262.96,90.4,1.4249,index,simulated,PDI Synthetic Generator — Baseline,,AUBEB mangrove baseline scenario
2839,0,Pre-commercial: degraded ecosystem_Entity,Nigeria,2025-09-16,daily_state,ndc_balance,198.66,175.68,144.84,72.91,0.9728,index,simulated,PDI Synthetic Generator — Baseline,,AUBEB mangrove baseline scenario
2840,1,Custodial formalisation_Entity,Cameroon,2025-09-16,daily_state,ndc_balance,211.2,272.16,222.83,81.87,1.5394,index,simulated,PDI Synthetic Generator — Baseline,,AUBEB mangrove baseline scenario
2841,2,Data extraction — baseline remote sensing_Entity,Mozambique,2025-09-16,daily_state,ndc_balance,247.76,250.01,243.69,97.47,1.4549,index,simulated,PDI Synthetic Generator — Baseline,,AUBEB mangrove baseline scenario
2842,3,Specification — carbon quantification_Entity,Madagascar,2025-09-16,daily_state,ndc_balance,305.69,293.66,262.29,85.8,1.3181,index,simulated,PDI Synthetic Generator — Baseline,,AUBEB mangrove baseline scenario
2843,4,Certification — verification & registration_Entity,Guinea,2025-09-16,daily_state,ndc_balance,268.5,277.75,240.52,86.6,2.0535,index,simulated,PDI Synthetic Generator — Baseline,,AUBEB mangrove baseline scenario
2844,5,Commercialisation outward_Entity,Tanzania,2025-09-16,daily_state,ndc_balance,255.05,266.27,232.3,87.24,0.696,index,simulated,PDI Synthetic Generator — Baseline,,AUBEB mangrove baseline scenario
2845,6,Capital return — Conservation Fund deployment_Entity,Benin,2025-09-16,daily_state,ndc_balance,242.33,260.96,212.38,81.38,1.5961,index,simulated,PDI Synthetic Generator — Baseline,,AUBEB mangrove baseline scenario
2846,7,Restoration specification — CBEMR design_Entity,Nigeria,2025-09-16,daily_state,ndc_balance,284.64,262.3,271.46,95.37,0.7552,index,simulated,PDI Synthetic Generator — Baseline,,AUBEB mangrove baseline scenario
2847,8,Community custodial co-management_Entity,Cameroon,2025-09-16,daily_state,ndc_balance,240.4,260.28,200.77,77.14,0.5239,index,simulated,PDI Synthetic Generator — Baseline,,AUBEB mangrove baseline scenario
2848,9,Physical recovery — active regeneration_Entity,Mozambique,2025-09-16,daily_state,ndc_balance,269.88,232.44,234.45,86.87,1.4117,index,simulated,PDI Synthetic Generator — Baseline,,AUBEB mangrove baseline scenario
2849,10,Verified restoration — sustained blue economy asset_Entity,Madagascar,2025-09-16,daily_state,ndc_balance,285.25,265.92,275.06,96.43,0.768,index,simulated,PDI Synthetic Generator — Baseline,,AUBEB mangrove baseline scenario
2850,0,Pre-commercial: degraded ecosystem_Entity,Nigeria,2025-09-17,daily_state,ndc_balance,186.39,205.69,130.95,63.66,0.6209,index,simulated,PDI Synthetic Generator — Baseline,,AUBEB mangrove baseline scenario
2851,1,Custodial formalisation_Entity,Cameroon,2025-09-17,daily_state,ndc_balance,233.32,272.09,201.03,73.88,0.4239,index,simulated,PDI Synthetic Generator — Baseline,,AUBEB mangrove baseline scenario
2852,2,Data extraction — baseline remote sensing_Entity,Mozambique,2025-09-17,daily_state,ndc_balance,245.36,252.41,242.2,95.95,2.6415,index,simulated,PDI Synthetic Generator — Baseline,,AUBEB mangrove baseline scenario
2853,3,Specification — carbon quantification_Entity,Madagascar,2025-09-17,daily_state,ndc_balance,269.64,303.22,257.08,84.78,1.305,index,simulated,PDI Synthetic Generator — Baseline,,AUBEB mangrove baseline scenario
2854,4,Certification — verification & registration_Entity,Guinea,2025-09-17,daily_state,ndc_balance,272.52,265.65,252.34,92.6,2.5194,index,simulated,PDI Synthetic Generator — Baseline,,AUBEB mangrove baseline scenario
2855,5,Commercialisation outward_Entity,Tanzania,2025-09-17,daily_state,ndc_balance,277.0,265.69,217.06,78.36,0.9643,index,simulated,PDI Synthetic Generator — Baseline,,AUBEB mangrove baseline scenario
2856,6,Capital return — Conservation Fund deployment_Entity,Benin,2025-09-17,daily_state,ndc_balance,298.3,275.12,233.32,78.22,0.8971,index,simulated,PDI Synthetic Generator — Baseline,,AUBEB mangrove baseline scenario
2857,7,Restoration specification — CBEMR design_Entity,Nigeria,2025-09-17,daily_state,ndc_balance,267.12,307.0,231.81,75.51,1.0001,index,simulated,PDI Synthetic Generator — Baseline,,AUBEB mangrove baseline scenario
2858,8,Community custodial co-management_Entity,Cameroon,2025-09-17,daily_state,ndc_balance,243.05,266.96,214.63,80.4,1.5253,index,simulated,PDI Synthetic Generator — Baseline,,AUBEB mangrove baseline scenario
2859,9,Physical recovery — active regeneration_Entity,Mozambique,2025-09-17,daily_state,ndc_balance,256.09,269.37,225.68,83.78,0.4056,index,simulated,PDI Synthetic Generator — Baseline,,AUBEB mangrove baseline scenario
2860,10,Verified restoration — sustained blue economy asset_Entity,Madagascar,2025-09-17,daily_state,ndc_balance,298.69,265.08,274.95,92.05,1.5606,index,simulated,PDI Synthetic Generator — Baseline,,AUBEB mangrove baseline scenario
2861,0,Pre-commercial: degraded ecosystem_Entity,Nigeria,2025-09-18,daily_state,ndc_balance,203.95,205.78,143.54,69.75,1.2657,index,simulated,PDI Synthetic Generator — Baseline,,AUBEB mangrove baseline scenario
2862,1,Custodial formalisation_Entity,Cameroon,2025-09-18,daily_state,ndc_balance,189.79,264.65,208.23,78.68,1.7849,index,simulated,PDI Synthetic Generator — Baseline,,AUBEB mangrove baseline scenario
2863,2,Data extraction — baseline remote sensing_Entity,Mozambique,2025-09-18,daily_state,ndc_balance,278.21,269.19,249.11,89.54,0.8237,index,simulated,PDI Synthetic Generator — Baseline,,AUBEB mangrove baseline scenario
2864,3,Specification — carbon quantification_Entity,Madagascar,2025-09-18,daily_state,ndc_balance,251.64,288.83,249.86,86.51,1.9546,index,simulated,PDI Synthetic Generator — Baseline,,AUBEB mangrove baseline scenario
2865,4,Certification — verification & registration_Entity,Guinea,2025-09-18,daily_state,ndc_balance,257.11,280.62,231.3,82.42,1.5708,index,simulated,PDI Synthetic Generator — Baseline,,AUBEB mangrove baseline scenario
2866,5,Commercialisation outward_Entity,Tanzania,2025-09-18,daily_state,ndc_balance,272.61,255.67,237.57,87.15,1.0348,index,simulated,PDI Synthetic Generator — Baseline,,AUBEB mangrove baseline scenario
2867,6,Capital return — Conservation Fund deployment_Entity,Benin,2025-09-18,daily_state,ndc_balance,237.06,285.76,199.21,69.71,0.6098,index,simulated,PDI Synthetic Generator — Baseline,,AUBEB mangrove baseline scenario
2868,7,Restoration specification — CBEMR design_Entity,Nigeria,2025-09-18,daily_state,ndc_balance,305.06,287.11,213.39,69.95,1.1602,index,simulated,PDI Synthetic Generator — Baseline,,AUBEB mangrove baseline scenario
2869,8,Community custodial co-management_Entity,Cameroon,2025-09-18,daily_state,ndc_balance,257.94,258.93,200.8,77.55,0.6591,index,simulated,PDI Synthetic Generator — Baseline,,AUBEB mangrove baseline scenario
2870,9,Physical recovery — active regeneration_Entity,Mozambique,2025-09-18,daily_state,ndc_balance,275.21,242.67,241.8,87.86,1.8801,index,simulated,PDI Synthetic Generator — Baseline,,AUBEB mangrove baseline scenario
2871,10,Verified restoration — sustained blue economy asset_Entity,Madagascar,2025-09-18,daily_state,ndc_balance,270.14,290.59,258.32,88.9,1.3102,index,simulated,PDI Synthetic Generator — Baseline,,AUBEB mangrove baseline scenario
2872,0,Pre-commercial: degraded ecosystem_Entity,Nigeria,2025-09-19,daily_state,ndc_balance,207.93,203.54,138.82,66.76,0.4263,index,simulated,PDI Synthetic Generator — Baseline,,AUBEB mangrove baseline scenario
2873,1,Custodial formalisation_Entity,Cameroon,2025-09-19,daily_state,ndc_balance,205.36,288.6,210.41,72.91,1.5532,index,simulated,PDI Synthetic Generator — Baseline,,AUBEB mangrove baseline scenario
2874,2,Data extraction — baseline remote sensing_Entity,Mozambique,2025-09-19,daily_state,ndc_balance,238.98,294.96,249.1,84.45,1.5385,index,simulated,PDI Synthetic Generator — Baseline,,AUBEB mangrove baseline scenario
2875,3,Specification — carbon quantification_Entity,Madagascar,2025-09-19,daily_state,ndc_balance,296.32,261.78,253.03,85.39,0.9571,index,simulated,PDI Synthetic Generator — Baseline,,AUBEB mangrove baseline scenario
2876,4,Certification — verification & registration_Entity,Guinea,2025-09-19,daily_state,ndc_balance,280.93,290.74,250.14,86.04,0.7738,index,simulated,PDI Synthetic Generator — Baseline,,AUBEB mangrove baseline scenario
2877,5,Commercialisation outward_Entity,Tanzania,2025-09-19,daily_state,ndc_balance,235.87,299.07,238.75,79.83,1.4814,index,simulated,PDI Synthetic Generator — Baseline,,AUBEB mangrove baseline scenario
2878,6,Capital return — Conservation Fund deployment_Entity,Benin,2025-09-19,daily_state,ndc_balance,265.38,259.27,250.18,94.27,1.2595,index,simulated,PDI Synthetic Generator — Baseline,,AUBEB mangrove baseline scenario
2879,7,Restoration specification — CBEMR design_Entity,Nigeria,2025-09-19,daily_state,ndc_balance,285.55,279.6,248.95,87.18,0.4086,index,simulated,PDI Synthetic Generator — Baseline,,AUBEB mangrove baseline scenario
2880,8,Community custodial co-management_Entity,Cameroon,2025-09-19,daily_state,ndc_balance,245.02,256.6,211.33,82.36,1.6004,index,simulated,PDI Synthetic Generator — Baseline,,AUBEB mangrove baseline scenario
2881,9,Physical recovery — active regeneration_Entity,Mozambique,2025-09-19,daily_state,ndc_balance,250.75,270.56,232.24,85.84,1.757,index,simulated,PDI Synthetic Generator — Baseline,,AUBEB mangrove baseline scenario
2882,10,Verified restoration — sustained blue economy asset_Entity,Madagascar,2025-09-19,daily_state,ndc_balance,283.41,298.08,266.13,89.28,1.7702,index,simulated,PDI Synthetic Generator — Baseline,,AUBEB mangrove baseline scenario
2883,0,Pre-commercial: degraded ecosystem_Entity,Nigeria,2025-09-20,daily_state,ndc_balance,190.8,221.64,149.66,67.52,1.2258,index,simulated,PDI Synthetic Generator — Baseline,,AUBEB mangrove baseline scenario
2884,1,Custodial formalisation_Entity,Cameroon,2025-09-20,daily_state,ndc_balance,204.24,279.38,226.15,80.95,1.0118,index,simulated,PDI Synthetic Generator — Baseline,,AUBEB mangrove baseline scenario
2885,2,Data extraction — baseline remote sensing_Entity,Mozambique,2025-09-20,daily_state,ndc_balance,244.48,293.29,239.81,81.77,1.5502,index,simulated,PDI Synthetic Generator — Baseline,,AUBEB mangrove baseline scenario
2886,3,Specification — carbon quantification_Entity,Madagascar,2025-09-20,daily_state,ndc_balance,267.63,280.14,258.13,92.14,1.1964,index,simulated,PDI Synthetic Generator — Baseline,,AUBEB mangrove baseline scenario
2887,4,Certification — verification & registration_Entity,Guinea,2025-09-20,daily_state,ndc_balance,245.68,283.42,254.72,89.87,2.2334,index,simulated,PDI Synthetic Generator — Baseline,,AUBEB mangrove baseline scenario
2888,5,Commercialisation outward_Entity,Tanzania,2025-09-20,daily_state,ndc_balance,265.68,269.06,232.81,86.53,1.1084,index,simulated,PDI Synthetic Generator — Baseline,,AUBEB mangrove baseline scenario
2889,6,Capital return — Conservation Fund deployment_Entity,Benin,2025-09-20,daily_state,ndc_balance,278.11,275.87,236.25,84.95,1.1751,index,simulated,PDI Synthetic Generator — Baseline,,AUBEB mangrove baseline scenario
2890,7,Restoration specification — CBEMR design_Entity,Nigeria,2025-09-20,daily_state,ndc_balance,251.67,251.36,242.28,96.27,2.1158,index,simulated,PDI Synthetic Generator — Baseline,,AUBEB mangrove baseline scenario
2891,8,Community custodial co-management_Entity,Cameroon,2025-09-20,daily_state,ndc_balance,200.88,239.43,198.77,83.02,1.6928,index,simulated,PDI Synthetic Generator — Baseline,,AUBEB mangrove baseline scenario
2892,9,Physical recovery — active regeneration_Entity,Mozambique,2025-09-20,daily_state,ndc_balance,233.72,255.69,228.07,89.2,2.2204,index,simulated,PDI Synthetic Generator — Baseline,,AUBEB mangrove baseline scenario
2893,10,Verified restoration — sustained blue economy asset_Entity,Madagascar,2025-09-20,daily_state,ndc_balance,239.26,239.25,255.31,106.71,1.6665,index,simulated,PDI Synthetic Generator — Baseline,,AUBEB mangrove baseline scenario
2894,0,Pre-commercial: degraded ecosystem_Entity,Nigeria,2025-09-21,daily_state,ndc_balance,179.52,197.79,151.2,76.44,1.5647,index,simulated,PDI Synthetic Generator — Baseline,,AUBEB mangrove baseline scenario
2895,1,Custodial formalisation_Entity,Cameroon,2025-09-21,daily_state,ndc_balance,210.72,248.39,229.55,92.42,1.0398,index,simulated,PDI Synthetic Generator — Baseline,,AUBEB mangrove baseline scenario
2896,2,Data extraction — baseline remote sensing_Entity,Mozambique,2025-09-21,daily_state,ndc_balance,265.83,247.31,239.12,89.95,2.0346,index,simulated,PDI Synthetic Generator — Baseline,,AUBEB mangrove baseline scenario
2897,3,Specification — carbon quantification_Entity,Madagascar,2025-09-21,daily_state,ndc_balance,276.81,273.4,255.45,92.28,2.1599,index,simulated,PDI Synthetic Generator — Baseline,,AUBEB mangrove baseline scenario
2898,4,Certification — verification & registration_Entity,Guinea,2025-09-21,daily_state,ndc_balance,259.2,283.58,239.21,84.35,1.0341,index,simulated,PDI Synthetic Generator — Baseline,,AUBEB mangrove baseline scenario
2899,5,Commercialisation outward_Entity,Tanzania,2025-09-21,daily_state,ndc_balance,259.38,283.57,227.32,80.16,0.987,index,simulated,PDI Synthetic Generator — Baseline,,AUBEB mangrove baseline scenario
2900,6,Capital return — Conservation Fund deployment_Entity,Benin,2025-09-21,daily_state,ndc_balance,247.66,257.82,208.7,80.95,1.2129,index,simulated,PDI Synthetic Generator — Baseline,,AUBEB mangrove baseline scenario
2901,7,Restoration specification — CBEMR design_Entity,Nigeria,2025-09-21,daily_state,ndc_balance,258.84,298.62,257.85,86.35,1.7798,index,simulated,PDI Synthetic Generator — Baseline,,AUBEB mangrove baseline scenario
2902,8,Community custodial co-management_Entity,Cameroon,2025-09-21,daily_state,ndc_balance,229.96,258.65,203.16,78.55,0.2288,index,simulated,PDI Synthetic Generator — Baseline,,AUBEB mangrove baseline scenario
2903,9,Physical recovery — active regeneration_Entity,Mozambique,2025-09-21,daily_state,ndc_balance,228.6,234.56,236.21,100.7,2.9182,index,simulated,PDI Synthetic Generator — Baseline,,AUBEB mangrove baseline scenario
2904,10,Verified restoration — sustained blue economy asset_Entity,Madagascar,2025-09-21,daily_state,ndc_balance,259.42,265.36,266.77,100.53,0.9311,index,simulated,PDI Synthetic Generator — Baseline,,AUBEB mangrove baseline scenario
2905,0,Pre-commercial: degraded ecosystem_Entity,Nigeria,2025-09-22,daily_state,ndc_balance,202.61,209.86,135.98,64.8,1.1873,index,simulated,PDI Synthetic Generator — Baseline,,AUBEB mangrove baseline scenario
2906,1,Custodial formalisation_Entity,Cameroon,2025-09-22,daily_state,ndc_balance,216.63,275.13,224.72,81.68,0.4475,index,simulated,PDI Synthetic Generator — Baseline,,AUBEB mangrove baseline scenario
2907,2,Data extraction — baseline remote sensing_Entity,Mozambique,2025-09-22,daily_state,ndc_balance,269.31,261.58,250.13,92.88,1.2928,index,simulated,PDI Synthetic Generator — Baseline,,AUBEB mangrove baseline scenario
2908,3,Specification — carbon quantification_Entity,Madagascar,2025-09-22,daily_state,ndc_balance,265.93,270.98,231.71,85.51,0.9703,index,simulated,PDI Synthetic Generator — Baseline,,AUBEB mangrove baseline scenario
2909,4,Certification — verification & registration_Entity,Guinea,2025-09-22,daily_state,ndc_balance,245.12,277.4,241.85,87.18,1.8996,index,simulated,PDI Synthetic Generator — Baseline,,AUBEB mangrove baseline scenario
2910,5,Commercialisation outward_Entity,Tanzania,2025-09-22,daily_state,ndc_balance,274.68,280.45,237.78,84.79,1.9882,index,simulated,PDI Synthetic Generator — Baseline,,AUBEB mangrove baseline scenario
2911,6,Capital return — Conservation Fund deployment_Entity,Benin,2025-09-22,daily_state,ndc_balance,258.73,263.79,229.29,86.92,1.2244,index,simulated,PDI Synthetic Generator — Baseline,,AUBEB mangrove baseline scenario
2912,7,Restoration specification — CBEMR design_Entity,Nigeria,2025-09-22,daily_state,ndc_balance,271.5,250.52,236.6,87.15,0.8776,index,simulated,PDI Synthetic Generator — Baseline,,AUBEB mangrove baseline scenario
2913,8,Community custodial co-management_Entity,Cameroon,2025-09-22,daily_state,ndc_balance,250.89,297.54,199.42,67.02,0.4444,index,simulated,PDI Synthetic Generator — Baseline,,AUBEB mangrove baseline scenario
2914,9,Physical recovery — active regeneration_Entity,Mozambique,2025-09-22,daily_state,ndc_balance,238.41,264.74,243.0,91.79,0.2693,index,simulated,PDI Synthetic Generator — Baseline,,AUBEB mangrove baseline scenario
2915,10,Verified restoration — sustained blue economy asset_Entity,Madagascar,2025-09-22,daily_state,ndc_balance,285.6,256.42,263.95,92.42,2.4373,index,simulated,PDI Synthetic Generator — Baseline,,AUBEB mangrove baseline scenario
2916,0,Pre-commercial: degraded ecosystem_Entity,Nigeria,2025-09-23,daily_state,ndc_balance,191.23,206.62,134.22,64.96,1.0925,index,simulated,PDI Synthetic Generator — Baseline,,AUBEB mangrove baseline scenario
2917,1,Custodial formalisation_Entity,Cameroon,2025-09-23,daily_state,ndc_balance,195.93,334.51,228.83,68.41,0.6328,index,simulated,PDI Synthetic Generator — Baseline,,AUBEB mangrove baseline scenario
2918,2,Data extraction — baseline remote sensing_Entity,Mozambique,2025-09-23,daily_state,ndc_balance,267.17,232.52,249.42,93.36,0.9079,index,simulated,PDI Synthetic Generator — Baseline,,AUBEB mangrove baseline scenario
2919,3,Specification — carbon quantification_Entity,Madagascar,2025-09-23,daily_state,ndc_balance,271.08,260.47,264.4,97.54,1.7356,index,simulated,PDI Synthetic Generator — Baseline,,AUBEB mangrove baseline scenario
2920,4,Certification — verification & registration_Entity,Guinea,2025-09-23,daily_state,ndc_balance,269.13,278.59,243.98,87.58,1.6695,index,simulated,PDI Synthetic Generator — Baseline,,AUBEB mangrove baseline scenario
2921,5,Commercialisation outward_Entity,Tanzania,2025-09-23,daily_state,ndc_balance,260.43,266.22,242.07,90.93,1.7235,index,simulated,PDI Synthetic Generator — Baseline,,AUBEB mangrove baseline scenario
2922,6,Capital return — Conservation Fund deployment_Entity,Benin,2025-09-23,daily_state,ndc_balance,230.38,260.3,239.26,91.92,0.6127,index,simulated,PDI Synthetic Generator — Baseline,,AUBEB mangrove baseline scenario
2923,7,Restoration specification — CBEMR design_Entity,Nigeria,2025-09-23,daily_state,ndc_balance,298.47,305.84,276.3,90.34,2.0305,index,simulated,PDI Synthetic Generator — Baseline,,AUBEB mangrove baseline scenario
2924,8,Community custodial co-management_Entity,Cameroon,2025-09-23,daily_state,ndc_balance,230.96,269.15,217.98,80.99,0.3905,index,simulated,PDI Synthetic Generator — Baseline,,AUBEB mangrove baseline scenario
2925,9,Physical recovery — active regeneration_Entity,Mozambique,2025-09-23,daily_state,ndc_balance,261.28,267.12,226.24,84.7,1.9757,index,simulated,PDI Synthetic Generator — Baseline,,AUBEB mangrove baseline scenario
2926,10,Verified restoration — sustained blue economy asset_Entity,Madagascar,2025-09-23,daily_state,ndc_balance,302.09,270.63,268.4,88.85,1.9062,index,simulated,PDI Synthetic Generator — Baseline,,AUBEB mangrove baseline scenario
2927,0,Pre-commercial: degraded ecosystem_Entity,Nigeria,2025-09-24,daily_state,ndc_balance,187.66,221.92,158.88,71.59,1.4181,index,simulated,PDI Synthetic Generator — Baseline,,AUBEB mangrove baseline scenario
2928,1,Custodial formalisation_Entity,Cameroon,2025-09-24,daily_state,ndc_balance,217.5,287.2,216.58,75.41,1.0896,index,simulated,PDI Synthetic Generator — Baseline,,AUBEB mangrove baseline scenario
2929,2,Data extraction — baseline remote sensing_Entity,Mozambique,2025-09-24,daily_state,ndc_balance,247.1,270.49,273.96,101.28,0.5629,index,simulated,PDI Synthetic Generator — Baseline,,AUBEB mangrove baseline scenario
2930,3,Specification — carbon quantification_Entity,Madagascar,2025-09-24,daily_state,ndc_balance,283.36,279.95,256.44,90.5,1.2976,index,simulated,PDI Synthetic Generator — Baseline,,AUBEB mangrove baseline scenario
2931,4,Certification — verification & registration_Entity,Guinea,2025-09-24,daily_state,ndc_balance,290.55,268.65,230.53,79.34,1.2142,index,simulated,PDI Synthetic Generator — Baseline,,AUBEB mangrove baseline scenario
2932,5,Commercialisation outward_Entity,Tanzania,2025-09-24,daily_state,ndc_balance,258.08,262.8,223.85,85.18,1.1374,index,simulated,PDI Synthetic Generator — Baseline,,AUBEB mangrove baseline scenario
2933,6,Capital return — Conservation Fund deployment_Entity,Benin,2025-09-24,daily_state,ndc_balance,266.7,267.1,221.73,83.01,1.3485,index,simulated,PDI Synthetic Generator — Baseline,,AUBEB mangrove baseline scenario
2934,7,Restoration specification — CBEMR design_Entity,Nigeria,2025-09-24,daily_state,ndc_balance,266.67,268.09,235.15,87.71,1.7861,index,simulated,PDI Synthetic Generator — Baseline,,AUBEB mangrove baseline scenario
2935,8,Community custodial co-management_Entity,Cameroon,2025-09-24,daily_state,ndc_balance,241.6,247.86,197.19,79.56,1.8002,index,simulated,PDI Synthetic Generator — Baseline,,AUBEB mangrove baseline scenario
2936,9,Physical recovery — active regeneration_Entity,Mozambique,2025-09-24,daily_state,ndc_balance,259.83,252.96,238.72,91.88,0.4693,index,simulated,PDI Synthetic Generator — Baseline,,AUBEB mangrove baseline scenario
2937,10,Verified restoration — sustained blue economy asset_Entity,Madagascar,2025-09-24,daily_state,ndc_balance,251.13,291.36,263.65,90.49,0.6538,index,simulated,PDI Synthetic Generator — Baseline,,AUBEB mangrove baseline scenario
2938,0,Pre-commercial: degraded ecosystem_Entity,Nigeria,2025-09-25,daily_state,ndc_balance,205.28,194.22,135.59,66.05,1.2782,index,simulated,PDI Synthetic Generator — Baseline,,AUBEB mangrove baseline scenario
2939,1,Custodial formalisation_Entity,Cameroon,2025-09-25,daily_state,ndc_balance,204.44,254.77,189.55,74.4,1.3018,index,simulated,PDI Synthetic Generator — Baseline,,AUBEB mangrove baseline scenario
2940,2,Data extraction — baseline remote sensing_Entity,Mozambique,2025-09-25,daily_state,ndc_balance,241.15,283.56,254.24,89.66,1.6763,index,simulated,PDI Synthetic Generator — Baseline,,AUBEB mangrove baseline scenario
2941,3,Specification — carbon quantification_Entity,Madagascar,2025-09-25,daily_state,ndc_balance,245.54,253.77,289.76,114.18,1.7465,index,simulated,PDI Synthetic Generator — Baseline,,AUBEB mangrove baseline scenario
2942,4,Certification — verification & registration_Entity,Guinea,2025-09-25,daily_state,ndc_balance,267.24,282.35,240.82,85.29,0.5761,index,simulated,PDI Synthetic Generator — Baseline,,AUBEB mangrove baseline scenario
2943,5,Commercialisation outward_Entity,Tanzania,2025-09-25,daily_state,ndc_balance,262.56,275.36,235.31,85.46,0.855,index,simulated,PDI Synthetic Generator — Baseline,,AUBEB mangrove baseline scenario
2944,6,Capital return — Conservation Fund deployment_Entity,Benin,2025-09-25,daily_state,ndc_balance,251.09,255.12,222.08,87.05,0.9309,index,simulated,PDI Synthetic Generator — Baseline,,AUBEB mangrove baseline scenario
2945,7,Restoration specification — CBEMR design_Entity,Nigeria,2025-09-25,daily_state,ndc_balance,258.62,250.24,237.33,91.77,0.7411,index,simulated,PDI Synthetic Generator — Baseline,,AUBEB mangrove baseline scenario
2946,8,Community custodial co-management_Entity,Cameroon,2025-09-25,daily_state,ndc_balance,228.76,242.04,185.8,76.76,0.3642,index,simulated,PDI Synthetic Generator — Baseline,,AUBEB mangrove baseline scenario
2947,9,Physical recovery — active regeneration_Entity,Mozambique,2025-09-25,daily_state,ndc_balance,247.26,277.43,244.26,88.04,2.1006,index,simulated,PDI Synthetic Generator — Baseline,,AUBEB mangrove baseline scenario
2948,10,Verified restoration — sustained blue economy asset_Entity,Madagascar,2025-09-25,daily_state,ndc_balance,272.99,271.02,282.74,103.57,1.7333,index,simulated,PDI Synthetic Generator — Baseline,,AUBEB mangrove baseline scenario
2949,0,Pre-commercial: degraded ecosystem_Entity,Nigeria,2025-09-26,daily_state,ndc_balance,183.12,194.65,138.16,70.98,0.8572,index,simulated,PDI Synthetic Generator — Baseline,,AUBEB mangrove baseline scenario
2950,1,Custodial formalisation_Entity,Cameroon,2025-09-26,daily_state,ndc_balance,201.87,286.36,217.71,76.03,1.1758,index,simulated,PDI Synthetic Generator — Baseline,,AUBEB mangrove baseline scenario
2951,2,Data extraction — baseline remote sensing_Entity,Mozambique,2025-09-26,daily_state,ndc_balance,263.78,270.14,245.31,90.81,0.4948,index,simulated,PDI Synthetic Generator — Baseline,,AUBEB mangrove baseline scenario
2952,3,Specification — carbon quantification_Entity,Madagascar,2025-09-26,daily_state,ndc_balance,298.39,259.02,252.97,84.78,1.9103,index,simulated,PDI Synthetic Generator — Baseline,,AUBEB mangrove baseline scenario
2953,4,Certification — verification & registration_Entity,Guinea,2025-09-26,daily_state,ndc_balance,254.14,288.36,243.91,84.59,1.8894,index,simulated,PDI Synthetic Generator — Baseline,,AUBEB mangrove baseline scenario
2954,5,Commercialisation outward_Entity,Tanzania,2025-09-26,daily_state,ndc_balance,259.36,255.58,232.58,89.67,2.2849,index,simulated,PDI Synthetic Generator — Baseline,,AUBEB mangrove baseline scenario
2955,6,Capital return — Conservation Fund deployment_Entity,Benin,2025-09-26,daily_state,ndc_balance,270.27,271.9,234.22,86.14,0.2561,index,simulated,PDI Synthetic Generator — Baseline,,AUBEB mangrove baseline scenario
2956,7,Restoration specification — CBEMR design_Entity,Nigeria,2025-09-26,daily_state,ndc_balance,269.95,270.41,237.94,87.99,1.4885,index,simulated,PDI Synthetic Generator — Baseline,,AUBEB mangrove baseline scenario
2957,8,Community custodial co-management_Entity,Cameroon,2025-09-26,daily_state,ndc_balance,252.25,280.84,175.15,62.37,0.4975,index,simulated,PDI Synthetic Generator — Baseline,,AUBEB mangrove baseline scenario
2958,9,Physical recovery — active regeneration_Entity,Mozambique,2025-09-26,daily_state,ndc_balance,247.75,256.5,266.65,103.96,1.8732,index,simulated,PDI Synthetic Generator — Baseline,,AUBEB mangrove baseline scenario
2959,10,Verified restoration — sustained blue economy asset_Entity,Madagascar,2025-09-26,daily_state,ndc_balance,274.56,277.32,265.97,95.91,1.8112,index,simulated,PDI Synthetic Generator — Baseline,,AUBEB mangrove baseline scenario
2960,0,Pre-commercial: degraded ecosystem_Entity,Nigeria,2025-09-27,daily_state,ndc_balance,214.69,211.07,130.16,60.63,0.2612,index,simulated,PDI Synthetic Generator — Baseline,,AUBEB mangrove baseline scenario
2961,1,Custodial formalisation_Entity,Cameroon,2025-09-27,daily_state,ndc_balance,228.31,264.05,219.5,83.13,1.9967,index,simulated,PDI Synthetic Generator — Baseline,,AUBEB mangrove baseline scenario
2962,2,Data extraction — baseline remote sensing_Entity,Mozambique,2025-09-27,daily_state,ndc_balance,246.35,284.99,239.14,83.91,1.9241,index,simulated,PDI Synthetic Generator — Baseline,,AUBEB mangrove baseline scenario
2963,3,Specification — carbon quantification_Entity,Madagascar,2025-09-27,daily_state,ndc_balance,315.03,265.95,248.83,78.99,1.7674,index,simulated,PDI Synthetic Generator — Baseline,,AUBEB mangrove baseline scenario
2964,4,Certification — verification & registration_Entity,Guinea,2025-09-27,daily_state,ndc_balance,261.69,284.42,238.02,83.69,1.261,index,simulated,PDI Synthetic Generator — Baseline,,AUBEB mangrove baseline scenario
2965,5,Commercialisation outward_Entity,Tanzania,2025-09-27,daily_state,ndc_balance,246.66,306.23,206.19,67.33,0.2085,index,simulated,PDI Synthetic Generator — Baseline,,AUBEB mangrove baseline scenario
2966,6,Capital return — Conservation Fund deployment_Entity,Benin,2025-09-27,daily_state,ndc_balance,234.25,264.31,233.09,88.19,1.9603,index,simulated,PDI Synthetic Generator — Baseline,,AUBEB mangrove baseline scenario
2967,7,Restoration specification — CBEMR design_Entity,Nigeria,2025-09-27,daily_state,ndc_balance,282.79,242.52,262.74,92.91,2.0916,index,simulated,PDI Synthetic Generator — Baseline,,AUBEB mangrove baseline scenario
2968,8,Community custodial co-management_Entity,Cameroon,2025-09-27,daily_state,ndc_balance,232.8,246.71,186.7,75.68,0.4708,index,simulated,PDI Synthetic Generator — Baseline,,AUBEB mangrove baseline scenario
2969,9,Physical recovery — active regeneration_Entity,Mozambique,2025-09-27,daily_state,ndc_balance,254.92,247.01,243.94,95.69,2.4817,index,simulated,PDI Synthetic Generator — Baseline,,AUBEB mangrove baseline scenario
2970,10,Verified restoration — sustained blue economy asset_Entity,Madagascar,2025-09-27,daily_state,ndc_balance,276.92,291.11,272.58,93.63,2.4985,index,simulated,PDI Synthetic Generator — Baseline,,AUBEB mangrove baseline scenario
2971,0,Pre-commercial: degraded ecosystem_Entity,Nigeria,2025-09-28,daily_state,ndc_balance,207.51,210.6,135.24,64.22,0.1357,index,simulated,PDI Synthetic Generator — Baseline,,AUBEB mangrove baseline scenario
2972,1,Custodial formalisation_Entity,Cameroon,2025-09-28,daily_state,ndc_balance,193.01,282.43,220.42,78.04,0.3515,index,simulated,PDI Synthetic Generator — Baseline,,AUBEB mangrove baseline scenario
2973,2,Data extraction — baseline remote sensing_Entity,Mozambique,2025-09-28,daily_state,ndc_balance,244.02,258.69,236.44,91.4,0.5322,index,simulated,PDI Synthetic Generator — Baseline,,AUBEB mangrove baseline scenario
2974,3,Specification — carbon quantification_Entity,Madagascar,2025-09-28,daily_state,ndc_balance,268.03,271.2,240.04,88.51,0.3839,index,simulated,PDI Synthetic Generator — Baseline,,AUBEB mangrove baseline scenario
2975,4,Certification — verification & registration_Entity,Guinea,2025-09-28,daily_state,ndc_balance,293.98,267.28,231.82,78.86,1.8453,index,simulated,PDI Synthetic Generator — Baseline,,AUBEB mangrove baseline scenario
2976,5,Commercialisation outward_Entity,Tanzania,2025-09-28,daily_state,ndc_balance,270.44,246.73,252.95,93.53,0.529,index,simulated,PDI Synthetic Generator — Baseline,,AUBEB mangrove baseline scenario
2977,6,Capital return — Conservation Fund deployment_Entity,Benin,2025-09-28,daily_state,ndc_balance,239.77,276.52,244.01,88.24,1.9039,index,simulated,PDI Synthetic Generator — Baseline,,AUBEB mangrove baseline scenario
2978,7,Restoration specification — CBEMR design_Entity,Nigeria,2025-09-28,daily_state,ndc_balance,261.93,272.62,241.23,88.49,0.4527,index,simulated,PDI Synthetic Generator — Baseline,,AUBEB mangrove baseline scenario
2979,8,Community custodial co-management_Entity,Cameroon,2025-09-28,daily_state,ndc_balance,255.25,255.69,186.93,73.11,1.4149,index,simulated,PDI Synthetic Generator — Baseline,,AUBEB mangrove baseline scenario
2980,9,Physical recovery — active regeneration_Entity,Mozambique,2025-09-28,daily_state,ndc_balance,243.64,237.33,210.1,86.23,2.1571,index,simulated,PDI Synthetic Generator — Baseline,,AUBEB mangrove baseline scenario
2981,10,Verified restoration — sustained blue economy asset_Entity,Madagascar,2025-09-28,daily_state,ndc_balance,258.89,282.99,263.21,93.01,1.9507,index,simulated,PDI Synthetic Generator — Baseline,,AUBEB mangrove baseline scenario
2982,0,Pre-commercial: degraded ecosystem_Entity,Nigeria,2025-09-29,daily_state,ndc_balance,192.71,198.52,148.4,74.75,0.9338,index,simulated,PDI Synthetic Generator — Baseline,,AUBEB mangrove baseline scenario
2983,1,Custodial formalisation_Entity,Cameroon,2025-09-29,daily_state,ndc_balance,190.82,287.02,218.29,76.05,0.3315,index,simulated,PDI Synthetic Generator — Baseline,,AUBEB mangrove baseline scenario
2984,2,Data extraction — baseline remote sensing_Entity,Mozambique,2025-09-29,daily_state,ndc_balance,255.32,276.19,232.79,84.29,1.1625,index,simulated,PDI Synthetic Generator — Baseline,,AUBEB mangrove baseline scenario
2985,3,Specification — carbon quantification_Entity,Madagascar,2025-09-29,daily_state,ndc_balance,259.1,258.92,278.34,107.43,2.5539,index,simulated,PDI Synthetic Generator — Baseline,,AUBEB mangrove baseline scenario
2986,4,Certification — verification & registration_Entity,Guinea,2025-09-29,daily_state,ndc_balance,276.52,243.13,227.87,82.41,0.8928,index,simulated,PDI Synthetic Generator — Baseline,,AUBEB mangrove baseline scenario
2987,5,Commercialisation outward_Entity,Tanzania,2025-09-29,daily_state,ndc_balance,224.72,267.58,218.96,81.83,1.2682,index,simulated,PDI Synthetic Generator — Baseline,,AUBEB mangrove baseline scenario
2988,6,Capital return — Conservation Fund deployment_Entity,Benin,2025-09-29,daily_state,ndc_balance,274.24,282.96,196.17,69.33,0.8912,index,simulated,PDI Synthetic Generator — Baseline,,AUBEB mangrove baseline scenario
2989,7,Restoration specification — CBEMR design_Entity,Nigeria,2025-09-29,daily_state,ndc_balance,301.12,290.66,237.52,78.88,1.7049,index,simulated,PDI Synthetic Generator — Baseline,,AUBEB mangrove baseline scenario
2990,8,Community custodial co-management_Entity,Cameroon,2025-09-29,daily_state,ndc_balance,252.24,242.45,201.55,79.9,1.4746,index,simulated,PDI Synthetic Generator — Baseline,,AUBEB mangrove baseline scenario
2991,9,Physical recovery — active regeneration_Entity,Mozambique,2025-09-29,daily_state,ndc_balance,236.71,273.81,243.93,89.09,1.3583,index,simulated,PDI Synthetic Generator — Baseline,,AUBEB mangrove baseline scenario
2992,10,Verified restoration — sustained blue economy asset_Entity,Madagascar,2025-09-29,daily_state,ndc_balance,262.44,299.81,244.72,81.63,1.3298,index,simulated,PDI Synthetic Generator — Baseline,,AUBEB mangrove baseline scenario
2993,0,Pre-commercial: degraded ecosystem_Entity,Nigeria,2025-09-30,daily_state,ndc_balance,203.08,182.42,152.88,75.28,0.207,index,simulated,PDI Synthetic Generator — Baseline,,AUBEB mangrove baseline scenario
2994,1,Custodial formalisation_Entity,Cameroon,2025-09-30,daily_state,ndc_balance,214.64,279.02,211.06,75.64,1.594,index,simulated,PDI Synthetic Generator — Baseline,,AUBEB mangrove baseline scenario
2995,2,Data extraction — baseline remote sensing_Entity,Mozambique,2025-09-30,daily_state,ndc_balance,263.95,247.02,249.52,94.53,2.2427,index,simulated,PDI Synthetic Generator — Baseline,,AUBEB mangrove baseline scenario
2996,3,Specification — carbon quantification_Entity,Madagascar,2025-09-30,daily_state,ndc_balance,269.58,247.49,291.52,108.14,1.1361,index,simulated,PDI Synthetic Generator — Baseline,,AUBEB mangrove baseline scenario
2997,4,Certification — verification & registration_Entity,Guinea,2025-09-30,daily_state,ndc_balance,255.4,273.7,195.68,71.49,0.5165,index,simulated,PDI Synthetic Generator — Baseline,,AUBEB mangrove baseline scenario
2998,5,Commercialisation outward_Entity,Tanzania,2025-09-30,daily_state,ndc_balance,272.43,275.03,223.78,81.37,1.5764,index,simulated,PDI Synthetic Generator — Baseline,,AUBEB mangrove baseline scenario
2999,6,Capital return — Conservation Fund deployment_Entity,Benin,2025-09-30,daily_state,ndc_balance,246.85,267.79,218.65,81.65,1.6679,index,simulated,PDI Synthetic Generator — Baseline,,AUBEB mangrove baseline scenario
3000,7,Restoration specification — CBEMR design_Entity,Nigeria,2025-09-30,daily_state,ndc_balance,289.04,290.03,227.32,78.38,0.7379,index,simulated,PDI Synthetic Generator — Baseline,,AUBEB mangrove baseline scenario
3001,8,Community custodial co-management_Entity,Cameroon,2025-09-30,daily_state,ndc_balance,218.71,239.16,200.36,83.78,1.7809,index,simulated,PDI Synthetic Generator — Baseline,,AUBEB mangrove baseline scenario
3002,9,Physical recovery — active regeneration_Entity,Mozambique,2025-09-30,daily_state,ndc_balance,242.69,271.45,246.29,90.73,1.6683,index,simulated,PDI Synthetic Generator — Baseline,,AUBEB mangrove baseline scenario
3003,10,Verified restoration — sustained blue economy asset_Entity,Madagascar,2025-09-30,daily_state,ndc_balance,272.41,289.66,260.86,90.06,0.8229,index,simulated,PDI Synthetic Generator — Baseline,,AUBEB mangrove baseline scenario
3004,0,Pre-commercial: degraded ecosystem_Entity,Nigeria,2025-10-01,daily_state,ndc_balance,210.85,197.05,134.37,63.73,1.0055,index,simulated,PDI Synthetic Generator — Baseline,,AUBEB mangrove baseline scenario
3005,1,Custodial formalisation_Entity,Cameroon,2025-10-01,daily_state,ndc_balance,228.92,255.34,223.92,87.69,0.4622,index,simulated,PDI Synthetic Generator — Baseline,,AUBEB mangrove baseline scenario
3006,2,Data extraction — baseline remote sensing_Entity,Mozambique,2025-10-01,daily_state,ndc_balance,252.57,240.9,227.3,89.99,1.7742,index,simulated,PDI Synthetic Generator — Baseline,,AUBEB mangrove baseline scenario
3007,3,Specification — carbon quantification_Entity,Madagascar,2025-10-01,daily_state,ndc_balance,253.77,261.82,241.91,92.4,1.8595,index,simulated,PDI Synthetic Generator — Baseline,,AUBEB mangrove baseline scenario
3008,4,Certification — verification & registration_Entity,Guinea,2025-10-01,daily_state,ndc_balance,256.26,274.26,243.9,88.93,1.5141,index,simulated,PDI Synthetic Generator — Baseline,,AUBEB mangrove baseline scenario
3009,5,Commercialisation outward_Entity,Tanzania,2025-10-01,daily_state,ndc_balance,271.37,260.39,231.14,85.18,1.2613,index,simulated,PDI Synthetic Generator — Baseline,,AUBEB mangrove baseline scenario
3010,6,Capital return — Conservation Fund deployment_Entity,Benin,2025-10-01,daily_state,ndc_balance,284.66,242.68,247.72,87.02,0.4391,index,simulated,PDI Synthetic Generator — Baseline,,AUBEB mangrove baseline scenario
3011,7,Restoration specification — CBEMR design_Entity,Nigeria,2025-10-01,daily_state,ndc_balance,309.67,263.84,261.59,84.47,1.3125,index,simulated,PDI Synthetic Generator — Baseline,,AUBEB mangrove baseline scenario
3012,8,Community custodial co-management_Entity,Cameroon,2025-10-01,daily_state,ndc_balance,228.33,307.68,218.47,71.01,0.7537,index,simulated,PDI Synthetic Generator — Baseline,,AUBEB mangrove baseline scenario
3013,9,Physical recovery — active regeneration_Entity,Mozambique,2025-10-01,daily_state,ndc_balance,270.43,256.83,227.46,84.11,1.1568,index,simulated,PDI Synthetic Generator — Baseline,,AUBEB mangrove baseline scenario
3014,10,Verified restoration — sustained blue economy asset_Entity,Madagascar,2025-10-01,daily_state,ndc_balance,268.33,295.32,217.09,73.51,0.5201,index,simulated,PDI Synthetic Generator — Baseline,,AUBEB mangrove baseline scenario
3015,0,Pre-commercial: degraded ecosystem_Entity,Nigeria,2025-10-02,daily_state,ndc_balance,202.62,217.14,142.29,65.53,0.4113,index,simulated,PDI Synthetic Generator — Baseline,,AUBEB mangrove baseline scenario
3016,1,Custodial formalisation_Entity,Cameroon,2025-10-02,daily_state,ndc_balance,213.97,294.27,215.29,73.16,1.3715,index,simulated,PDI Synthetic Generator — Baseline,,AUBEB mangrove baseline scenario
3017,2,Data extraction — baseline remote sensing_Entity,Mozambique,2025-10-02,daily_state,ndc_balance,239.29,282.57,229.32,81.16,1.7054,index,simulated,PDI Synthetic Generator — Baseline,,AUBEB mangrove baseline scenario
3018,3,Specification — carbon quantification_Entity,Madagascar,2025-10-02,daily_state,ndc_balance,272.81,251.97,246.46,90.34,2.203,index,simulated,PDI Synthetic Generator — Baseline,,AUBEB mangrove baseline scenario
3019,4,Certification — verification & registration_Entity,Guinea,2025-10-02,daily_state,ndc_balance,285.63,268.46,227.14,79.52,1.5615,index,simulated,PDI Synthetic Generator — Baseline,,AUBEB mangrove baseline scenario
3020,5,Commercialisation outward_Entity,Tanzania,2025-10-02,daily_state,ndc_balance,217.43,270.66,246.4,91.04,2.2627,index,simulated,PDI Synthetic Generator — Baseline,,AUBEB mangrove baseline scenario
3021,6,Capital return — Conservation Fund deployment_Entity,Benin,2025-10-02,daily_state,ndc_balance,272.64,266.47,207.43,76.08,0.3839,index,simulated,PDI Synthetic Generator — Baseline,,AUBEB mangrove baseline scenario
3022,7,Restoration specification — CBEMR design_Entity,Nigeria,2025-10-02,daily_state,ndc_balance,313.1,302.45,217.88,69.59,0.4681,index,simulated,PDI Synthetic Generator — Baseline,,AUBEB mangrove baseline scenario
3023,8,Community custodial co-management_Entity,Cameroon,2025-10-02,daily_state,ndc_balance,228.78,254.08,216.45,85.19,1.2121,index,simulated,PDI Synthetic Generator — Baseline,,AUBEB mangrove baseline scenario
3024,9,Physical recovery — active regeneration_Entity,Mozambique,2025-10-02,daily_state,ndc_balance,248.85,239.04,234.84,94.37,2.2082,index,simulated,PDI Synthetic Generator — Baseline,,AUBEB mangrove baseline scenario
3025,10,Verified restoration — sustained blue economy asset_Entity,Madagascar,2025-10-02,daily_state,ndc_balance,258.72,256.16,250.54,96.84,1.6842,index,simulated,PDI Synthetic Generator — Baseline,,AUBEB mangrove baseline scenario
3026,0,Pre-commercial: degraded ecosystem_Entity,Nigeria,2025-10-03,daily_state,ndc_balance,183.09,213.37,141.11,66.13,0.8094,index,simulated,PDI Synthetic Generator — Baseline,,AUBEB mangrove baseline scenario
3027,1,Custodial formalisation_Entity,Cameroon,2025-10-03,daily_state,ndc_balance,228.69,279.44,199.32,71.33,1.462,index,simulated,PDI Synthetic Generator — Baseline,,AUBEB mangrove baseline scenario
3028,2,Data extraction — baseline remote sensing_Entity,Mozambique,2025-10-03,daily_state,ndc_balance,256.3,281.92,259.45,92.03,1.5324,index,simulated,PDI Synthetic Generator — Baseline,,AUBEB mangrove baseline scenario
3029,3,Specification — carbon quantification_Entity,Madagascar,2025-10-03,daily_state,ndc_balance,294.52,277.34,262.87,89.25,1.7059,index,simulated,PDI Synthetic Generator — Baseline,,AUBEB mangrove baseline scenario
3030,4,Certification — verification & registration_Entity,Guinea,2025-10-03,daily_state,ndc_balance,253.48,295.83,247.09,83.52,1.2825,index,simulated,PDI Synthetic Generator — Baseline,,AUBEB mangrove baseline scenario
3031,5,Commercialisation outward_Entity,Tanzania,2025-10-03,daily_state,ndc_balance,283.8,263.45,229.32,80.8,1.4373,index,simulated,PDI Synthetic Generator — Baseline,,AUBEB mangrove baseline scenario
3032,6,Capital return — Conservation Fund deployment_Entity,Benin,2025-10-03,daily_state,ndc_balance,242.35,316.71,214.84,67.83,0.4054,index,simulated,PDI Synthetic Generator — Baseline,,AUBEB mangrove baseline scenario
3033,7,Restoration specification — CBEMR design_Entity,Nigeria,2025-10-03,daily_state,ndc_balance,260.05,278.01,245.83,88.42,1.4376,index,simulated,PDI Synthetic Generator — Baseline,,AUBEB mangrove baseline scenario
3034,8,Community custodial co-management_Entity,Cameroon,2025-10-03,daily_state,ndc_balance,224.71,282.42,176.01,62.32,0.2678,index,simulated,PDI Synthetic Generator — Baseline,,AUBEB mangrove baseline scenario
3035,9,Physical recovery — active regeneration_Entity,Mozambique,2025-10-03,daily_state,ndc_balance,229.84,246.37,232.36,94.31,1.7309,index,simulated,PDI Synthetic Generator — Baseline,,AUBEB mangrove baseline scenario
3036,10,Verified restoration — sustained blue economy asset_Entity,Madagascar,2025-10-03,daily_state,ndc_balance,281.8,268.37,240.99,85.52,0.4557,index,simulated,PDI Synthetic Generator — Baseline,,AUBEB mangrove baseline scenario
3037,0,Pre-commercial: degraded ecosystem_Entity,Nigeria,2025-10-04,daily_state,ndc_balance,216.39,197.65,128.45,59.36,0.8027,index,simulated,PDI Synthetic Generator — Baseline,,AUBEB mangrove baseline scenario
3038,1,Custodial formalisation_Entity,Cameroon,2025-10-04,daily_state,ndc_balance,208.17,272.17,230.34,84.63,1.6823,index,simulated,PDI Synthetic Generator — Baseline,,AUBEB mangrove baseline scenario
3039,2,Data extraction — baseline remote sensing_Entity,Mozambique,2025-10-04,daily_state,ndc_balance,260.17,281.32,232.93,82.8,0.4269,index,simulated,PDI Synthetic Generator — Baseline,,AUBEB mangrove baseline scenario
3040,3,Specification — carbon quantification_Entity,Madagascar,2025-10-04,daily_state,ndc_balance,264.16,305.43,276.8,90.63,1.5193,index,simulated,PDI Synthetic Generator — Baseline,,AUBEB mangrove baseline scenario
3041,4,Certification — verification & registration_Entity,Guinea,2025-10-04,daily_state,ndc_balance,274.66,266.91,219.57,79.94,0.4307,index,simulated,PDI Synthetic Generator — Baseline,,AUBEB mangrove baseline scenario
3042,5,Commercialisation outward_Entity,Tanzania,2025-10-04,daily_state,ndc_balance,273.22,267.95,238.23,87.19,0.9571,index,simulated,PDI Synthetic Generator — Baseline,,AUBEB mangrove baseline scenario
3043,6,Capital return — Conservation Fund deployment_Entity,Benin,2025-10-04,daily_state,ndc_balance,251.49,239.66,220.22,87.57,1.0611,index,simulated,PDI Synthetic Generator — Baseline,,AUBEB mangrove baseline scenario
3044,7,Restoration specification — CBEMR design_Entity,Nigeria,2025-10-04,daily_state,ndc_balance,280.02,278.95,295.57,105.55,2.2385,index,simulated,PDI Synthetic Generator — Baseline,,AUBEB mangrove baseline scenario
3045,8,Community custodial co-management_Entity,Cameroon,2025-10-04,daily_state,ndc_balance,223.37,277.68,193.64,69.73,0.9418,index,simulated,PDI Synthetic Generator — Baseline,,AUBEB mangrove baseline scenario
3046,9,Physical recovery — active regeneration_Entity,Mozambique,2025-10-04,daily_state,ndc_balance,251.54,257.25,232.45,90.36,1.0676,index,simulated,PDI Synthetic Generator — Baseline,,AUBEB mangrove baseline scenario
3047,10,Verified restoration — sustained blue economy asset_Entity,Madagascar,2025-10-04,daily_state,ndc_balance,301.19,308.62,253.55,82.16,0.9037,index,simulated,PDI Synthetic Generator — Baseline,,AUBEB mangrove baseline scenario
3048,0,Pre-commercial: degraded ecosystem_Entity,Nigeria,2025-10-05,daily_state,ndc_balance,199.79,225.65,145.2,64.35,0.754,index,simulated,PDI Synthetic Generator — Baseline,,AUBEB mangrove baseline scenario
3049,1,Custodial formalisation_Entity,Cameroon,2025-10-05,daily_state,ndc_balance,232.15,240.5,219.71,91.36,0.66,index,simulated,PDI Synthetic Generator — Baseline,,AUBEB mangrove baseline scenario
3050,2,Data extraction — baseline remote sensing_Entity,Mozambique,2025-10-05,daily_state,ndc_balance,275.81,274.97,256.15,92.87,2.2897,index,simulated,PDI Synthetic Generator — Baseline,,AUBEB mangrove baseline scenario
3051,3,Specification — carbon quantification_Entity,Madagascar,2025-10-05,daily_state,ndc_balance,299.39,260.47,227.95,76.14,1.2795,index,simulated,PDI Synthetic Generator — Baseline,,AUBEB mangrove baseline scenario
3052,4,Certification — verification & registration_Entity,Guinea,2025-10-05,daily_state,ndc_balance,245.26,279.42,231.88,82.99,0.4834,index,simulated,PDI Synthetic Generator — Baseline,,AUBEB mangrove baseline scenario
3053,5,Commercialisation outward_Entity,Tanzania,2025-10-05,daily_state,ndc_balance,261.63,268.32,249.85,93.12,2.5029,index,simulated,PDI Synthetic Generator — Baseline,,AUBEB mangrove baseline scenario
3054,6,Capital return — Conservation Fund deployment_Entity,Benin,2025-10-05,daily_state,ndc_balance,264.67,299.58,219.93,73.41,0.6152,index,simulated,PDI Synthetic Generator — Baseline,,AUBEB mangrove baseline scenario
3055,7,Restoration specification — CBEMR design_Entity,Nigeria,2025-10-05,daily_state,ndc_balance,275.99,286.61,259.74,90.62,2.2426,index,simulated,PDI Synthetic Generator — Baseline,,AUBEB mangrove baseline scenario
3056,8,Community custodial co-management_Entity,Cameroon,2025-10-05,daily_state,ndc_balance,251.51,235.11,196.24,78.02,1.822,index,simulated,PDI Synthetic Generator — Baseline,,AUBEB mangrove baseline scenario
3057,9,Physical recovery — active regeneration_Entity,Mozambique,2025-10-05,daily_state,ndc_balance,283.23,234.83,248.87,87.87,1.0422,index,simulated,PDI Synthetic Generator — Baseline,,AUBEB mangrove baseline scenario
3058,10,Verified restoration — sustained blue economy asset_Entity,Madagascar,2025-10-05,daily_state,ndc_balance,270.82,264.31,257.45,95.06,1.624,index,simulated,PDI Synthetic Generator — Baseline,,AUBEB mangrove baseline scenario
3059,0,Pre-commercial: degraded ecosystem_Entity,Nigeria,2025-10-06,daily_state,ndc_balance,193.97,209.73,143.04,68.2,0.3761,index,simulated,PDI Synthetic Generator — Baseline,,AUBEB mangrove baseline scenario
3060,1,Custodial formalisation_Entity,Cameroon,2025-10-06,daily_state,ndc_balance,235.41,259.32,219.81,84.76,1.9937,index,simulated,PDI Synthetic Generator — Baseline,,AUBEB mangrove baseline scenario
3061,2,Data extraction — baseline remote sensing_Entity,Mozambique,2025-10-06,daily_state,ndc_balance,280.66,257.84,262.28,93.45,2.2405,index,simulated,PDI Synthetic Generator — Baseline,,AUBEB mangrove baseline scenario
3062,3,Specification — carbon quantification_Entity,Madagascar,2025-10-06,daily_state,ndc_balance,265.84,288.08,267.86,92.98,1.8082,index,simulated,PDI Synthetic Generator — Baseline,,AUBEB mangrove baseline scenario
3063,4,Certification — verification & registration_Entity,Guinea,2025-10-06,daily_state,ndc_balance,251.81,290.05,222.33,76.65,0.8016,index,simulated,PDI Synthetic Generator — Baseline,,AUBEB mangrove baseline scenario
3064,5,Commercialisation outward_Entity,Tanzania,2025-10-06,daily_state,ndc_balance,251.26,261.53,230.31,88.06,0.9033,index,simulated,PDI Synthetic Generator — Baseline,,AUBEB mangrove baseline scenario
3065,6,Capital return — Conservation Fund deployment_Entity,Benin,2025-10-06,daily_state,ndc_balance,250.19,275.49,242.61,88.06,1.1438,index,simulated,PDI Synthetic Generator — Baseline,,AUBEB mangrove baseline scenario
3066,7,Restoration specification — CBEMR design_Entity,Nigeria,2025-10-06,daily_state,ndc_balance,273.92,275.11,253.64,92.2,0.4944,index,simulated,PDI Synthetic Generator — Baseline,,AUBEB mangrove baseline scenario
3067,8,Community custodial co-management_Entity,Cameroon,2025-10-06,daily_state,ndc_balance,218.0,248.09,183.38,73.92,1.3009,index,simulated,PDI Synthetic Generator — Baseline,,AUBEB mangrove baseline scenario
3068,9,Physical recovery — active regeneration_Entity,Mozambique,2025-10-06,daily_state,ndc_balance,296.28,255.06,211.52,71.39,0.8789,index,simulated,PDI Synthetic Generator — Baseline,,AUBEB mangrove baseline scenario
3069,10,Verified restoration — sustained blue economy asset_Entity,Madagascar,2025-10-06,daily_state,ndc_balance,319.31,282.22,247.85,77.62,1.6453,index,simulated,PDI Synthetic Generator — Baseline,,AUBEB mangrove baseline scenario
3070,0,Pre-commercial: degraded ecosystem_Entity,Nigeria,2025-10-07,daily_state,ndc_balance,214.95,183.44,138.76,64.55,0.9568,index,simulated,PDI Synthetic Generator — Baseline,,AUBEB mangrove baseline scenario
3071,1,Custodial formalisation_Entity,Cameroon,2025-10-07,daily_state,ndc_balance,208.14,270.91,210.3,77.63,1.7495,index,simulated,PDI Synthetic Generator — Baseline,,AUBEB mangrove baseline scenario
3072,2,Data extraction — baseline remote sensing_Entity,Mozambique,2025-10-07,daily_state,ndc_balance,265.38,300.85,251.81,83.7,1.8628,index,simulated,PDI Synthetic Generator — Baseline,,AUBEB mangrove baseline scenario
3073,3,Specification — carbon quantification_Entity,Madagascar,2025-10-07,daily_state,ndc_balance,278.53,252.17,263.46,94.59,1.9575,index,simulated,PDI Synthetic Generator — Baseline,,AUBEB mangrove baseline scenario
3074,4,Certification — verification & registration_Entity,Guinea,2025-10-07,daily_state,ndc_balance,273.52,278.3,234.54,84.28,2.0348,index,simulated,PDI Synthetic Generator — Baseline,,AUBEB mangrove baseline scenario
3075,5,Commercialisation outward_Entity,Tanzania,2025-10-07,daily_state,ndc_balance,279.21,255.87,241.46,86.48,0.6418,index,simulated,PDI Synthetic Generator — Baseline,,AUBEB mangrove baseline scenario
3076,6,Capital return — Conservation Fund deployment_Entity,Benin,2025-10-07,daily_state,ndc_balance,264.66,270.16,227.12,84.07,1.9716,index,simulated,PDI Synthetic Generator — Baseline,,AUBEB mangrove baseline scenario
3077,7,Restoration specification — CBEMR design_Entity,Nigeria,2025-10-07,daily_state,ndc_balance,287.01,296.01,253.31,85.57,0.695,index,simulated,PDI Synthetic Generator — Baseline,,AUBEB mangrove baseline scenario
3078,8,Community custodial co-management_Entity,Cameroon,2025-10-07,daily_state,ndc_balance,235.37,267.28,175.56,65.68,1.2761,index,simulated,PDI Synthetic Generator — Baseline,,AUBEB mangrove baseline scenario
3079,9,Physical recovery — active regeneration_Entity,Mozambique,2025-10-07,daily_state,ndc_balance,280.21,249.71,214.53,76.56,0.2467,index,simulated,PDI Synthetic Generator — Baseline,,AUBEB mangrove baseline scenario
3080,10,Verified restoration — sustained blue economy asset_Entity,Madagascar,2025-10-07,daily_state,ndc_balance,303.11,279.72,263.94,87.08,1.5961,index,simulated,PDI Synthetic Generator — Baseline,,AUBEB mangrove baseline scenario
3081,0,Pre-commercial: degraded ecosystem_Entity,Nigeria,2025-10-08,daily_state,ndc_balance,209.28,191.5,126.63,60.51,0.7288,index,simulated,PDI Synthetic Generator — Baseline,,AUBEB mangrove baseline scenario
3082,1,Custodial formalisation_Entity,Cameroon,2025-10-08,daily_state,ndc_balance,201.11,281.38,238.2,84.65,1.6403,index,simulated,PDI Synthetic Generator — Baseline,,AUBEB mangrove baseline scenario
3083,2,Data extraction — baseline remote sensing_Entity,Mozambique,2025-10-08,daily_state,ndc_balance,252.67,296.74,229.99,77.51,0.6312,index,simulated,PDI Synthetic Generator — Baseline,,AUBEB mangrove baseline scenario
3084,3,Specification — carbon quantification_Entity,Madagascar,2025-10-08,daily_state,ndc_balance,288.75,296.44,240.46,81.12,1.0647,index,simulated,PDI Synthetic Generator — Baseline,,AUBEB mangrove baseline scenario
3085,4,Certification — verification & registration_Entity,Guinea,2025-10-08,daily_state,ndc_balance,242.3,258.52,220.55,85.31,1.1009,index,simulated,PDI Synthetic Generator — Baseline,,AUBEB mangrove baseline scenario
3086,5,Commercialisation outward_Entity,Tanzania,2025-10-08,daily_state,ndc_balance,274.7,265.97,224.52,81.73,1.3504,index,simulated,PDI Synthetic Generator — Baseline,,AUBEB mangrove baseline scenario
3087,6,Capital return — Conservation Fund deployment_Entity,Benin,2025-10-08,daily_state,ndc_balance,285.19,295.32,220.28,74.59,0.6587,index,simulated,PDI Synthetic Generator — Baseline,,AUBEB mangrove baseline scenario
3088,7,Restoration specification — CBEMR design_Entity,Nigeria,2025-10-08,daily_state,ndc_balance,280.77,283.78,247.95,87.37,1.6325,index,simulated,PDI Synthetic Generator — Baseline,,AUBEB mangrove baseline scenario
3089,8,Community custodial co-management_Entity,Cameroon,2025-10-08,daily_state,ndc_balance,248.94,249.46,186.62,74.81,1.0294,index,simulated,PDI Synthetic Generator — Baseline,,AUBEB mangrove baseline scenario
3090,9,Physical recovery — active regeneration_Entity,Mozambique,2025-10-08,daily_state,ndc_balance,249.2,257.92,237.44,92.06,2.1372,index,simulated,PDI Synthetic Generator — Baseline,,AUBEB mangrove baseline scenario
3091,10,Verified restoration — sustained blue economy asset_Entity,Madagascar,2025-10-08,daily_state,ndc_balance,310.7,245.38,238.09,76.63,0.3777,index,simulated,PDI Synthetic Generator — Baseline,,AUBEB mangrove baseline scenario
3092,0,Pre-commercial: degraded ecosystem_Entity,Nigeria,2025-10-09,daily_state,ndc_balance,195.25,213.5,141.73,66.38,0.2623,index,simulated,PDI Synthetic Generator — Baseline,,AUBEB mangrove baseline scenario
3093,1,Custodial formalisation_Entity,Cameroon,2025-10-09,daily_state,ndc_balance,215.22,302.6,221.67,73.26,1.3294,index,simulated,PDI Synthetic Generator — Baseline,,AUBEB mangrove baseline scenario
3094,2,Data extraction — baseline remote sensing_Entity,Mozambique,2025-10-09,daily_state,ndc_balance,279.87,273.17,263.13,94.02,1.3108,index,simulated,PDI Synthetic Generator — Baseline,,AUBEB mangrove baseline scenario
3095,3,Specification — carbon quantification_Entity,Madagascar,2025-10-09,daily_state,ndc_balance,294.13,289.19,291.73,99.18,2.3318,index,simulated,PDI Synthetic Generator — Baseline,,AUBEB mangrove baseline scenario
3096,4,Certification — verification & registration_Entity,Guinea,2025-10-09,daily_state,ndc_balance,269.27,276.2,247.1,89.46,0.9272,index,simulated,PDI Synthetic Generator — Baseline,,AUBEB mangrove baseline scenario
3097,5,Commercialisation outward_Entity,Tanzania,2025-10-09,daily_state,ndc_balance,225.49,255.34,214.39,83.96,1.9661,index,simulated,PDI Synthetic Generator — Baseline,,AUBEB mangrove baseline scenario
3098,6,Capital return — Conservation Fund deployment_Entity,Benin,2025-10-09,daily_state,ndc_balance,292.11,265.57,236.44,80.94,1.336,index,simulated,PDI Synthetic Generator — Baseline,,AUBEB mangrove baseline scenario
3099,7,Restoration specification — CBEMR design_Entity,Nigeria,2025-10-09,daily_state,ndc_balance,272.49,277.94,250.58,90.16,0.6476,index,simulated,PDI Synthetic Generator — Baseline,,AUBEB mangrove baseline scenario
3100,8,Community custodial co-management_Entity,Cameroon,2025-10-09,daily_state,ndc_balance,240.96,263.71,212.18,80.46,0.9613,index,simulated,PDI Synthetic Generator — Baseline,,AUBEB mangrove baseline scenario
3101,9,Physical recovery — active regeneration_Entity,Mozambique,2025-10-09,daily_state,ndc_balance,255.96,247.85,233.45,91.21,1.5002,index,simulated,PDI Synthetic Generator — Baseline,,AUBEB mangrove baseline scenario
3102,10,Verified restoration — sustained blue economy asset_Entity,Madagascar,2025-10-09,daily_state,ndc_balance,300.6,298.15,285.94,95.12,0.41,index,simulated,PDI Synthetic Generator — Baseline,,AUBEB mangrove baseline scenario
3103,0,Pre-commercial: degraded ecosystem_Entity,Nigeria,2025-10-10,daily_state,ndc_balance,195.09,188.7,130.44,66.86,0.3392,index,simulated,PDI Synthetic Generator — Baseline,,AUBEB mangrove baseline scenario
3104,1,Custodial formalisation_Entity,Cameroon,2025-10-10,daily_state,ndc_balance,208.23,286.32,207.96,72.63,0.3626,index,simulated,PDI Synthetic Generator — Baseline,,AUBEB mangrove baseline scenario
3105,2,Data extraction — baseline remote sensing_Entity,Mozambique,2025-10-10,daily_state,ndc_balance,264.91,279.23,229.23,82.09,1.6828,index,simulated,PDI Synthetic Generator — Baseline,,AUBEB mangrove baseline scenario
3106,3,Specification — carbon quantification_Entity,Madagascar,2025-10-10,daily_state,ndc_balance,294.67,272.97,249.27,84.59,0.6485,index,simulated,PDI Synthetic Generator — Baseline,,AUBEB mangrove baseline scenario
3107,4,Certification — verification & registration_Entity,Guinea,2025-10-10,daily_state,ndc_balance,246.09,256.83,256.47,99.86,2.7515,index,simulated,PDI Synthetic Generator — Baseline,,AUBEB mangrove baseline scenario
3108,5,Commercialisation outward_Entity,Tanzania,2025-10-10,daily_state,ndc_balance,270.11,293.68,225.27,76.71,0.6253,index,simulated,PDI Synthetic Generator — Baseline,,AUBEB mangrove baseline scenario
3109,6,Capital return — Conservation Fund deployment_Entity,Benin,2025-10-10,daily_state,ndc_balance,247.29,260.12,228.75,87.94,1.5112,index,simulated,PDI Synthetic Generator — Baseline,,AUBEB mangrove baseline scenario
3110,7,Restoration specification — CBEMR design_Entity,Nigeria,2025-10-10,daily_state,ndc_balance,254.54,244.69,289.16,113.6,1.9725,index,simulated,PDI Synthetic Generator — Baseline,,AUBEB mangrove baseline scenario
3111,8,Community custodial co-management_Entity,Cameroon,2025-10-10,daily_state,ndc_balance,243.14,251.71,185.18,73.57,0.3734,index,simulated,PDI Synthetic Generator — Baseline,,AUBEB mangrove baseline scenario
3112,9,Physical recovery — active regeneration_Entity,Mozambique,2025-10-10,daily_state,ndc_balance,248.76,245.9,226.43,91.02,2.4126,index,simulated,PDI Synthetic Generator — Baseline,,AUBEB mangrove baseline scenario
3113,10,Verified restoration — sustained blue economy asset_Entity,Madagascar,2025-10-10,daily_state,ndc_balance,314.73,271.82,252.87,80.35,1.5975,index,simulated,PDI Synthetic Generator — Baseline,,AUBEB mangrove baseline scenario
3114,0,Pre-commercial: degraded ecosystem_Entity,Nigeria,2025-10-11,daily_state,ndc_balance,201.82,208.23,149.44,71.77,1.1428,index,simulated,PDI Synthetic Generator — Baseline,,AUBEB mangrove baseline scenario
3115,1,Custodial formalisation_Entity,Cameroon,2025-10-11,daily_state,ndc_balance,203.18,268.98,193.0,71.75,0.6451,index,simulated,PDI Synthetic Generator — Baseline,,AUBEB mangrove baseline scenario
3116,2,Data extraction — baseline remote sensing_Entity,Mozambique,2025-10-11,daily_state,ndc_balance,272.95,287.94,237.56,82.5,0.9719,index,simulated,PDI Synthetic Generator — Baseline,,AUBEB mangrove baseline scenario
3117,3,Specification — carbon quantification_Entity,Madagascar,2025-10-11,daily_state,ndc_balance,278.11,254.42,245.8,88.38,0.9219,index,simulated,PDI Synthetic Generator — Baseline,,AUBEB mangrove baseline scenario
3118,4,Certification — verification & registration_Entity,Guinea,2025-10-11,daily_state,ndc_balance,269.56,250.94,251.58,93.33,0.7456,index,simulated,PDI Synthetic Generator — Baseline,,AUBEB mangrove baseline scenario
3119,5,Commercialisation outward_Entity,Tanzania,2025-10-11,daily_state,ndc_balance,262.09,282.4,242.7,85.94,1.5364,index,simulated,PDI Synthetic Generator — Baseline,,AUBEB mangrove baseline scenario
3120,6,Capital return — Conservation Fund deployment_Entity,Benin,2025-10-11,daily_state,ndc_balance,289.83,246.28,208.95,72.09,0.9252,index,simulated,PDI Synthetic Generator — Baseline,,AUBEB mangrove baseline scenario
3121,7,Restoration specification — CBEMR design_Entity,Nigeria,2025-10-11,daily_state,ndc_balance,281.51,255.35,245.53,87.22,0.5185,index,simulated,PDI Synthetic Generator — Baseline,,AUBEB mangrove baseline scenario
3122,8,Community custodial co-management_Entity,Cameroon,2025-10-11,daily_state,ndc_balance,228.28,273.32,206.78,75.65,0.6358,index,simulated,PDI Synthetic Generator — Baseline,,AUBEB mangrove baseline scenario
3123,9,Physical recovery — active regeneration_Entity,Mozambique,2025-10-11,daily_state,ndc_balance,264.99,229.36,229.78,86.71,0.6665,index,simulated,PDI Synthetic Generator — Baseline,,AUBEB mangrove baseline scenario
3124,10,Verified restoration — sustained blue economy asset_Entity,Madagascar,2025-10-11,daily_state,ndc_balance,276.19,262.97,252.15,91.3,1.1149,index,simulated,PDI Synthetic Generator — Baseline,,AUBEB mangrove baseline scenario
3125,0,Pre-commercial: degraded ecosystem_Entity,Nigeria,2025-10-12,daily_state,ndc_balance,192.48,199.17,129.72,65.13,0.5693,index,simulated,PDI Synthetic Generator — Baseline,,AUBEB mangrove baseline scenario
3126,1,Custodial formalisation_Entity,Cameroon,2025-10-12,daily_state,ndc_balance,218.86,265.5,204.15,76.89,1.3682,index,simulated,PDI Synthetic Generator — Baseline,,AUBEB mangrove baseline scenario
3127,2,Data extraction — baseline remote sensing_Entity,Mozambique,2025-10-12,daily_state,ndc_balance,247.76,268.32,222.24,82.83,0.5722,index,simulated,PDI Synthetic Generator — Baseline,,AUBEB mangrove baseline scenario
3128,3,Specification — carbon quantification_Entity,Madagascar,2025-10-12,daily_state,ndc_balance,296.95,256.43,266.17,89.63,2.124,index,simulated,PDI Synthetic Generator — Baseline,,AUBEB mangrove baseline scenario
3129,4,Certification — verification & registration_Entity,Guinea,2025-10-12,daily_state,ndc_balance,284.62,299.62,224.58,74.95,1.0974,index,simulated,PDI Synthetic Generator — Baseline,,AUBEB mangrove baseline scenario
3130,5,Commercialisation outward_Entity,Tanzania,2025-10-12,daily_state,ndc_balance,293.18,268.93,204.56,69.77,1.0348,index,simulated,PDI Synthetic Generator — Baseline,,AUBEB mangrove baseline scenario
3131,6,Capital return — Conservation Fund deployment_Entity,Benin,2025-10-12,daily_state,ndc_balance,261.52,265.27,256.32,96.63,0.4131,index,simulated,PDI Synthetic Generator — Baseline,,AUBEB mangrove baseline scenario
3132,7,Restoration specification — CBEMR design_Entity,Nigeria,2025-10-12,daily_state,ndc_balance,281.82,280.5,241.52,85.7,2.0086,index,simulated,PDI Synthetic Generator — Baseline,,AUBEB mangrove baseline scenario
3133,8,Community custodial co-management_Entity,Cameroon,2025-10-12,daily_state,ndc_balance,238.35,264.4,201.19,76.09,0.7411,index,simulated,PDI Synthetic Generator — Baseline,,AUBEB mangrove baseline scenario
3134,9,Physical recovery — active regeneration_Entity,Mozambique,2025-10-12,daily_state,ndc_balance,280.2,268.84,223.01,79.59,1.6066,index,simulated,PDI Synthetic Generator — Baseline,,AUBEB mangrove baseline scenario
3135,10,Verified restoration — sustained blue economy asset_Entity,Madagascar,2025-10-12,daily_state,ndc_balance,254.12,275.97,253.25,91.77,1.5302,index,simulated,PDI Synthetic Generator — Baseline,,AUBEB mangrove baseline scenario
3136,0,Pre-commercial: degraded ecosystem_Entity,Nigeria,2025-10-13,daily_state,ndc_balance,205.38,205.6,139.14,67.68,0.6508,index,simulated,PDI Synthetic Generator — Baseline,,AUBEB mangrove baseline scenario
3137,1,Custodial formalisation_Entity,Cameroon,2025-10-13,daily_state,ndc_balance,194.71,267.43,221.83,82.95,1.0787,index,simulated,PDI Synthetic Generator — Baseline,,AUBEB mangrove baseline scenario
3138,2,Data extraction — baseline remote sensing_Entity,Mozambique,2025-10-13,daily_state,ndc_balance,272.33,296.84,240.66,81.07,1.8009,index,simulated,PDI Synthetic Generator — Baseline,,AUBEB mangrove baseline scenario
3139,3,Specification — carbon quantification_Entity,Madagascar,2025-10-13,daily_state,ndc_balance,304.53,268.4,267.12,87.72,1.8006,index,simulated,PDI Synthetic Generator — Baseline,,AUBEB mangrove baseline scenario
3140,4,Certification — verification & registration_Entity,Guinea,2025-10-13,daily_state,ndc_balance,273.48,282.52,248.53,87.97,1.0248,index,simulated,PDI Synthetic Generator — Baseline,,AUBEB mangrove baseline scenario
3141,5,Commercialisation outward_Entity,Tanzania,2025-10-13,daily_state,ndc_balance,261.5,274.88,223.22,81.21,1.8554,index,simulated,PDI Synthetic Generator — Baseline,,AUBEB mangrove baseline scenario
3142,6,Capital return — Conservation Fund deployment_Entity,Benin,2025-10-13,daily_state,ndc_balance,233.35,263.1,224.57,85.36,1.9771,index,simulated,PDI Synthetic Generator — Baseline,,AUBEB mangrove baseline scenario
3143,7,Restoration specification — CBEMR design_Entity,Nigeria,2025-10-13,daily_state,ndc_balance,319.96,264.67,223.25,69.77,1.4445,index,simulated,PDI Synthetic Generator — Baseline,,AUBEB mangrove baseline scenario
3144,8,Community custodial co-management_Entity,Cameroon,2025-10-13,daily_state,ndc_balance,223.99,260.39,193.09,74.15,0.3653,index,simulated,PDI Synthetic Generator — Baseline,,AUBEB mangrove baseline scenario
3145,9,Physical recovery — active regeneration_Entity,Mozambique,2025-10-13,daily_state,ndc_balance,247.32,266.38,258.96,97.21,2.3018,index,simulated,PDI Synthetic Generator — Baseline,,AUBEB mangrove baseline scenario
3146,10,Verified restoration — sustained blue economy asset_Entity,Madagascar,2025-10-13,daily_state,ndc_balance,322.65,251.68,220.9,68.46,0.5465,index,simulated,PDI Synthetic Generator — Baseline,,AUBEB mangrove baseline scenario
3147,0,Pre-commercial: degraded ecosystem_Entity,Nigeria,2025-10-14,daily_state,ndc_balance,192.98,171.6,152.04,78.79,1.5258,index,simulated,PDI Synthetic Generator — Baseline,,AUBEB mangrove baseline scenario
3148,1,Custodial formalisation_Entity,Cameroon,2025-10-14,daily_state,ndc_balance,220.62,306.19,215.69,70.44,0.7086,index,simulated,PDI Synthetic Generator — Baseline,,AUBEB mangrove baseline scenario
3149,2,Data extraction — baseline remote sensing_Entity,Mozambique,2025-10-14,daily_state,ndc_balance,270.6,299.83,247.21,82.45,1.1592,index,simulated,PDI Synthetic Generator — Baseline,,AUBEB mangrove baseline scenario
3150,3,Specification — carbon quantification_Entity,Madagascar,2025-10-14,daily_state,ndc_balance,292.73,288.35,247.99,84.72,1.9706,index,simulated,PDI Synthetic Generator — Baseline,,AUBEB mangrove baseline scenario
3151,4,Certification — verification & registration_Entity,Guinea,2025-10-14,daily_state,ndc_balance,270.91,275.87,232.57,84.3,1.044,index,simulated,PDI Synthetic Generator — Baseline,,AUBEB mangrove baseline scenario
3152,5,Commercialisation outward_Entity,Tanzania,2025-10-14,daily_state,ndc_balance,275.96,298.3,238.85,80.07,1.5075,index,simulated,PDI Synthetic Generator — Baseline,,AUBEB mangrove baseline scenario
3153,6,Capital return — Conservation Fund deployment_Entity,Benin,2025-10-14,daily_state,ndc_balance,253.84,273.74,222.1,81.14,1.9362,index,simulated,PDI Synthetic Generator — Baseline,,AUBEB mangrove baseline scenario
3154,7,Restoration specification — CBEMR design_Entity,Nigeria,2025-10-14,daily_state,ndc_balance,277.19,253.1,234.68,84.66,0.2522,index,simulated,PDI Synthetic Generator — Baseline,,AUBEB mangrove baseline scenario
3155,8,Community custodial co-management_Entity,Cameroon,2025-10-14,daily_state,ndc_balance,213.54,278.69,193.68,69.5,1.0211,index,simulated,PDI Synthetic Generator — Baseline,,AUBEB mangrove baseline scenario
3156,9,Physical recovery — active regeneration_Entity,Mozambique,2025-10-14,daily_state,ndc_balance,254.8,247.52,221.06,86.76,1.858,index,simulated,PDI Synthetic Generator — Baseline,,AUBEB mangrove baseline scenario
3157,10,Verified restoration — sustained blue economy asset_Entity,Madagascar,2025-10-14,daily_state,ndc_balance,297.83,249.27,243.31,81.69,1.8993,index,simulated,PDI Synthetic Generator — Baseline,,AUBEB mangrove baseline scenario
3158,0,Pre-commercial: degraded ecosystem_Entity,Nigeria,2025-10-15,daily_state,ndc_balance,206.05,197.07,131.4,63.77,0.6587,index,simulated,PDI Synthetic Generator — Baseline,,AUBEB mangrove baseline scenario
3159,1,Custodial formalisation_Entity,Cameroon,2025-10-15,daily_state,ndc_balance,209.06,307.9,217.69,70.7,1.0491,index,simulated,PDI Synthetic Generator — Baseline,,AUBEB mangrove baseline scenario
3160,2,Data extraction — baseline remote sensing_Entity,Mozambique,2025-10-15,daily_state,ndc_balance,252.84,263.87,258.79,98.07,0.5834,index,simulated,PDI Synthetic Generator — Baseline,,AUBEB mangrove baseline scenario
3161,3,Specification — carbon quantification_Entity,Madagascar,2025-10-15,daily_state,ndc_balance,291.34,244.56,261.74,89.84,1.0558,index,simulated,PDI Synthetic Generator — Baseline,,AUBEB mangrove baseline scenario
3162,4,Certification — verification & registration_Entity,Guinea,2025-10-15,daily_state,ndc_balance,263.82,288.65,259.15,89.78,1.9369,index,simulated,PDI Synthetic Generator — Baseline,,AUBEB mangrove baseline scenario
3163,5,Commercialisation outward_Entity,Tanzania,2025-10-15,daily_state,ndc_balance,261.42,270.28,258.27,95.56,2.4192,index,simulated,PDI Synthetic Generator — Baseline,,AUBEB mangrove baseline scenario
3164,6,Capital return — Conservation Fund deployment_Entity,Benin,2025-10-15,daily_state,ndc_balance,262.39,264.96,223.61,84.39,1.4177,index,simulated,PDI Synthetic Generator — Baseline,,AUBEB mangrove baseline scenario
3165,7,Restoration specification — CBEMR design_Entity,Nigeria,2025-10-15,daily_state,ndc_balance,292.9,258.88,270.59,92.38,0.4999,index,simulated,PDI Synthetic Generator — Baseline,,AUBEB mangrove baseline scenario
3166,8,Community custodial co-management_Entity,Cameroon,2025-10-15,daily_state,ndc_balance,218.24,273.27,208.73,76.38,0.4893,index,simulated,PDI Synthetic Generator — Baseline,,AUBEB mangrove baseline scenario
3167,9,Physical recovery — active regeneration_Entity,Mozambique,2025-10-15,daily_state,ndc_balance,251.85,245.78,261.83,103.96,0.3355,index,simulated,PDI Synthetic Generator — Baseline,,AUBEB mangrove baseline scenario
3168,10,Verified restoration — sustained blue economy asset_Entity,Madagascar,2025-10-15,daily_state,ndc_balance,302.51,275.07,244.23,80.73,0.2835,index,simulated,PDI Synthetic Generator — Baseline,,AUBEB mangrove baseline scenario
3169,0,Pre-commercial: degraded ecosystem_Entity,Nigeria,2025-10-16,daily_state,ndc_balance,209.26,205.05,132.48,63.31,0.3338,index,simulated,PDI Synthetic Generator — Baseline,,AUBEB mangrove baseline scenario
3170,1,Custodial formalisation_Entity,Cameroon,2025-10-16,daily_state,ndc_balance,209.35,294.19,211.68,71.95,0.4154,index,simulated,PDI Synthetic Generator — Baseline,,AUBEB mangrove baseline scenario
3171,2,Data extraction — baseline remote sensing_Entity,Mozambique,2025-10-16,daily_state,ndc_balance,250.54,295.81,246.43,83.31,0.5547,index,simulated,PDI Synthetic Generator — Baseline,,AUBEB mangrove baseline scenario
3172,3,Specification — carbon quantification_Entity,Madagascar,2025-10-16,daily_state,ndc_balance,275.52,282.14,257.38,91.22,0.6939,index,simulated,PDI Synthetic Generator — Baseline,,AUBEB mangrove baseline scenario
3173,4,Certification — verification & registration_Entity,Guinea,2025-10-16,daily_state,ndc_balance,272.06,288.03,259.83,90.21,1.7885,index,simulated,PDI Synthetic Generator — Baseline,,AUBEB mangrove baseline scenario
3174,5,Commercialisation outward_Entity,Tanzania,2025-10-16,daily_state,ndc_balance,255.87,281.33,237.12,84.29,0.8296,index,simulated,PDI Synthetic Generator — Baseline,,AUBEB mangrove baseline scenario
3175,6,Capital return — Conservation Fund deployment_Entity,Benin,2025-10-16,daily_state,ndc_balance,269.28,271.51,216.85,79.87,1.2274,index,simulated,PDI Synthetic Generator — Baseline,,AUBEB mangrove baseline scenario
3176,7,Restoration specification — CBEMR design_Entity,Nigeria,2025-10-16,daily_state,ndc_balance,263.09,258.63,251.48,95.59,1.3263,index,simulated,PDI Synthetic Generator — Baseline,,AUBEB mangrove baseline scenario
3177,8,Community custodial co-management_Entity,Cameroon,2025-10-16,daily_state,ndc_balance,246.41,233.64,179.16,72.71,1.5405,index,simulated,PDI Synthetic Generator — Baseline,,AUBEB mangrove baseline scenario
3178,9,Physical recovery — active regeneration_Entity,Mozambique,2025-10-16,daily_state,ndc_balance,247.79,251.73,256.42,101.86,0.4924,index,simulated,PDI Synthetic Generator — Baseline,,AUBEB mangrove baseline scenario
3179,10,Verified restoration — sustained blue economy asset_Entity,Madagascar,2025-10-16,daily_state,ndc_balance,294.25,277.76,252.72,85.89,1.8499,index,simulated,PDI Synthetic Generator — Baseline,,AUBEB mangrove baseline scenario
3180,0,Pre-commercial: degraded ecosystem_Entity,Nigeria,2025-10-17,daily_state,ndc_balance,183.41,217.88,148.98,68.38,1.0443,index,simulated,PDI Synthetic Generator — Baseline,,AUBEB mangrove baseline scenario
3181,1,Custodial formalisation_Entity,Cameroon,2025-10-17,daily_state,ndc_balance,232.95,274.03,227.47,83.01,1.9115,index,simulated,PDI Synthetic Generator — Baseline,,AUBEB mangrove baseline scenario
3182,2,Data extraction — baseline remote sensing_Entity,Mozambique,2025-10-17,daily_state,ndc_balance,266.77,256.1,259.85,97.41,2.022,index,simulated,PDI Synthetic Generator — Baseline,,AUBEB mangrove baseline scenario
3183,3,Specification — carbon quantification_Entity,Madagascar,2025-10-17,daily_state,ndc_balance,292.0,277.12,266.02,91.1,1.9122,index,simulated,PDI Synthetic Generator — Baseline,,AUBEB mangrove baseline scenario
3184,4,Certification — verification & registration_Entity,Guinea,2025-10-17,daily_state,ndc_balance,245.56,252.94,240.06,94.91,2.1269,index,simulated,PDI Synthetic Generator — Baseline,,AUBEB mangrove baseline scenario
3185,5,Commercialisation outward_Entity,Tanzania,2025-10-17,daily_state,ndc_balance,237.32,328.31,239.82,73.05,0.2216,index,simulated,PDI Synthetic Generator — Baseline,,AUBEB mangrove baseline scenario
3186,6,Capital return — Conservation Fund deployment_Entity,Benin,2025-10-17,daily_state,ndc_balance,279.31,261.0,241.27,86.38,1.1539,index,simulated,PDI Synthetic Generator — Baseline,,AUBEB mangrove baseline scenario
3187,7,Restoration specification — CBEMR design_Entity,Nigeria,2025-10-17,daily_state,ndc_balance,308.83,257.38,268.62,86.98,2.0635,index,simulated,PDI Synthetic Generator — Baseline,,AUBEB mangrove baseline scenario
3188,8,Community custodial co-management_Entity,Cameroon,2025-10-17,daily_state,ndc_balance,233.26,247.88,197.93,79.85,1.4833,index,simulated,PDI Synthetic Generator — Baseline,,AUBEB mangrove baseline scenario
3189,9,Physical recovery — active regeneration_Entity,Mozambique,2025-10-17,daily_state,ndc_balance,249.05,253.63,240.81,94.95,2.6795,index,simulated,PDI Synthetic Generator — Baseline,,AUBEB mangrove baseline scenario
3190,10,Verified restoration — sustained blue economy asset_Entity,Madagascar,2025-10-17,daily_state,ndc_balance,291.26,260.89,243.59,83.63,0.2362,index,simulated,PDI Synthetic Generator — Baseline,,AUBEB mangrove baseline scenario
3191,0,Pre-commercial: degraded ecosystem_Entity,Nigeria,2025-10-18,daily_state,ndc_balance,204.54,182.92,147.33,72.03,0.4133,index,simulated,PDI Synthetic Generator — Baseline,,AUBEB mangrove baseline scenario
3192,1,Custodial formalisation_Entity,Cameroon,2025-10-18,daily_state,ndc_balance,227.09,285.46,220.15,77.12,0.4191,index,simulated,PDI Synthetic Generator — Baseline,,AUBEB mangrove baseline scenario
3193,2,Data extraction — baseline remote sensing_Entity,Mozambique,2025-10-18,daily_state,ndc_balance,254.32,274.92,233.33,84.87,2.0738,index,simulated,PDI Synthetic Generator — Baseline,,AUBEB mangrove baseline scenario
3194,3,Specification — carbon quantification_Entity,Madagascar,2025-10-18,daily_state,ndc_balance,288.95,260.83,253.62,87.77,1.2432,index,simulated,PDI Synthetic Generator — Baseline,,AUBEB mangrove baseline scenario
3195,4,Certification — verification & registration_Entity,Guinea,2025-10-18,daily_state,ndc_balance,257.27,254.85,245.97,95.61,2.666,index,simulated,PDI Synthetic Generator — Baseline,,AUBEB mangrove baseline scenario
3196,5,Commercialisation outward_Entity,Tanzania,2025-10-18,daily_state,ndc_balance,257.01,310.74,246.08,79.19,0.3014,index,simulated,PDI Synthetic Generator — Baseline,,AUBEB mangrove baseline scenario
3197,6,Capital return — Conservation Fund deployment_Entity,Benin,2025-10-18,daily_state,ndc_balance,252.11,288.64,226.54,78.49,1.7537,index,simulated,PDI Synthetic Generator — Baseline,,AUBEB mangrove baseline scenario
3198,7,Restoration specification — CBEMR design_Entity,Nigeria,2025-10-18,daily_state,ndc_balance,291.93,277.6,237.19,81.25,0.2212,index,simulated,PDI Synthetic Generator — Baseline,,AUBEB mangrove baseline scenario
3199,8,Community custodial co-management_Entity,Cameroon,2025-10-18,daily_state,ndc_balance,233.03,264.43,183.82,69.52,0.7047,index,simulated,PDI Synthetic Generator — Baseline,,AUBEB mangrove baseline scenario
3200,9,Physical recovery — active regeneration_Entity,Mozambique,2025-10-18,daily_state,ndc_balance,235.22,257.74,238.1,92.38,0.9056,index,simulated,PDI Synthetic Generator — Baseline,,AUBEB mangrove baseline scenario
3201,10,Verified restoration — sustained blue economy asset_Entity,Madagascar,2025-10-18,daily_state,ndc_balance,275.19,242.76,264.66,96.17,2.701,index,simulated,PDI Synthetic Generator — Baseline,,AUBEB mangrove baseline scenario
3202,0,Pre-commercial: degraded ecosystem_Entity,Nigeria,2025-10-19,daily_state,ndc_balance,191.31,212.05,145.58,68.65,0.6721,index,simulated,PDI Synthetic Generator — Baseline,,AUBEB mangrove baseline scenario
3203,1,Custodial formalisation_Entity,Cameroon,2025-10-19,daily_state,ndc_balance,214.85,286.03,215.69,75.41,0.6504,index,simulated,PDI Synthetic Generator — Baseline,,AUBEB mangrove baseline scenario
3204,2,Data extraction — baseline remote sensing_Entity,Mozambique,2025-10-19,daily_state,ndc_balance,286.97,309.77,223.26,72.07,1.2593,index,simulated,PDI Synthetic Generator — Baseline,,AUBEB mangrove baseline scenario
3205,3,Specification — carbon quantification_Entity,Madagascar,2025-10-19,daily_state,ndc_balance,259.26,264.75,252.06,95.21,0.5831,index,simulated,PDI Synthetic Generator — Baseline,,AUBEB mangrove baseline scenario
3206,4,Certification — verification & registration_Entity,Guinea,2025-10-19,daily_state,ndc_balance,268.95,261.93,256.19,95.26,2.6514,index,simulated,PDI Synthetic Generator — Baseline,,AUBEB mangrove baseline scenario
3207,5,Commercialisation outward_Entity,Tanzania,2025-10-19,daily_state,ndc_balance,262.76,293.69,235.11,80.05,1.0377,index,simulated,PDI Synthetic Generator — Baseline,,AUBEB mangrove baseline scenario
3208,6,Capital return — Conservation Fund deployment_Entity,Benin,2025-10-19,daily_state,ndc_balance,288.78,268.83,229.51,79.48,1.0609,index,simulated,PDI Synthetic Generator — Baseline,,AUBEB mangrove baseline scenario
3209,7,Restoration specification — CBEMR design_Entity,Nigeria,2025-10-19,daily_state,ndc_balance,303.09,287.36,247.56,81.68,1.0845,index,simulated,PDI Synthetic Generator — Baseline,,AUBEB mangrove baseline scenario
3210,8,Community custodial co-management_Entity,Cameroon,2025-10-19,daily_state,ndc_balance,231.91,230.16,181.12,78.1,1.7611,index,simulated,PDI Synthetic Generator — Baseline,,AUBEB mangrove baseline scenario
3211,9,Physical recovery — active regeneration_Entity,Mozambique,2025-10-19,daily_state,ndc_balance,250.34,268.44,237.24,88.38,0.8168,index,simulated,PDI Synthetic Generator — Baseline,,AUBEB mangrove baseline scenario
3212,10,Verified restoration — sustained blue economy asset_Entity,Madagascar,2025-10-19,daily_state,ndc_balance,250.7,291.71,278.24,95.38,0.4179,index,simulated,PDI Synthetic Generator — Baseline,,AUBEB mangrove baseline scenario
3213,0,Pre-commercial: degraded ecosystem_Entity,Nigeria,2025-10-20,daily_state,ndc_balance,200.36,216.99,134.58,62.02,0.6166,index,simulated,PDI Synthetic Generator — Baseline,,AUBEB mangrove baseline scenario
3214,1,Custodial formalisation_Entity,Cameroon,2025-10-20,daily_state,ndc_balance,233.0,279.91,221.1,78.99,0.7263,index,simulated,PDI Synthetic Generator — Baseline,,AUBEB mangrove baseline scenario
3215,2,Data extraction — baseline remote sensing_Entity,Mozambique,2025-10-20,daily_state,ndc_balance,276.84,269.95,216.52,78.21,1.2502,index,simulated,PDI Synthetic Generator — Baseline,,AUBEB mangrove baseline scenario
3216,3,Specification — carbon quantification_Entity,Madagascar,2025-10-20,daily_state,ndc_balance,272.92,293.25,251.54,85.78,0.4598,index,simulated,PDI Synthetic Generator — Baseline,,AUBEB mangrove baseline scenario
3217,4,Certification — verification & registration_Entity,Guinea,2025-10-20,daily_state,ndc_balance,257.35,245.53,246.67,95.85,0.9763,index,simulated,PDI Synthetic Generator — Baseline,,AUBEB mangrove baseline scenario
3218,5,Commercialisation outward_Entity,Tanzania,2025-10-20,daily_state,ndc_balance,286.28,276.33,218.82,76.44,1.4666,index,simulated,PDI Synthetic Generator — Baseline,,AUBEB mangrove baseline scenario
3219,6,Capital return — Conservation Fund deployment_Entity,Benin,2025-10-20,daily_state,ndc_balance,272.1,272.87,230.92,84.63,1.4749,index,simulated,PDI Synthetic Generator — Baseline,,AUBEB mangrove baseline scenario
3220,7,Restoration specification — CBEMR design_Entity,Nigeria,2025-10-20,daily_state,ndc_balance,282.99,272.51,245.9,86.89,1.1744,index,simulated,PDI Synthetic Generator — Baseline,,AUBEB mangrove baseline scenario
3221,8,Community custodial co-management_Entity,Cameroon,2025-10-20,daily_state,ndc_balance,242.75,251.34,185.47,73.79,1.0365,index,simulated,PDI Synthetic Generator — Baseline,,AUBEB mangrove baseline scenario
3222,9,Physical recovery — active regeneration_Entity,Mozambique,2025-10-20,daily_state,ndc_balance,238.31,252.38,226.33,89.68,0.8353,index,simulated,PDI Synthetic Generator — Baseline,,AUBEB mangrove baseline scenario
3223,10,Verified restoration — sustained blue economy asset_Entity,Madagascar,2025-10-20,daily_state,ndc_balance,275.73,297.21,246.27,82.86,0.4443,index,simulated,PDI Synthetic Generator — Baseline,,AUBEB mangrove baseline scenario
3224,0,Pre-commercial: degraded ecosystem_Entity,Nigeria,2025-10-21,daily_state,ndc_balance,202.07,205.94,140.81,68.37,1.2356,index,simulated,PDI Synthetic Generator — Baseline,,AUBEB mangrove baseline scenario
3225,1,Custodial formalisation_Entity,Cameroon,2025-10-21,daily_state,ndc_balance,200.46,266.92,204.86,76.75,1.0517,index,simulated,PDI Synthetic Generator — Baseline,,AUBEB mangrove baseline scenario
3226,2,Data extraction — baseline remote sensing_Entity,Mozambique,2025-10-21,daily_state,ndc_balance,278.49,255.77,227.78,81.79,0.9151,index,simulated,PDI Synthetic Generator — Baseline,,AUBEB mangrove baseline scenario
3227,3,Specification — carbon quantification_Entity,Madagascar,2025-10-21,daily_state,ndc_balance,265.21,299.51,269.28,89.91,1.4769,index,simulated,PDI Synthetic Generator — Baseline,,AUBEB mangrove baseline scenario
3228,4,Certification — verification & registration_Entity,Guinea,2025-10-21,daily_state,ndc_balance,262.74,241.26,225.65,85.88,0.3325,index,simulated,PDI Synthetic Generator — Baseline,,AUBEB mangrove baseline scenario
3229,5,Commercialisation outward_Entity,Tanzania,2025-10-21,daily_state,ndc_balance,258.31,263.5,237.83,90.26,0.5778,index,simulated,PDI Synthetic Generator — Baseline,,AUBEB mangrove baseline scenario
3230,6,Capital return — Conservation Fund deployment_Entity,Benin,2025-10-21,daily_state,ndc_balance,262.29,233.67,224.35,85.54,0.6837,index,simulated,PDI Synthetic Generator — Baseline,,AUBEB mangrove baseline scenario
3231,7,Restoration specification — CBEMR design_Entity,Nigeria,2025-10-21,daily_state,ndc_balance,281.32,228.31,243.8,86.66,1.7479,index,simulated,PDI Synthetic Generator — Baseline,,AUBEB mangrove baseline scenario
3232,8,Community custodial co-management_Entity,Cameroon,2025-10-21,daily_state,ndc_balance,248.42,236.74,196.7,79.18,1.0763,index,simulated,PDI Synthetic Generator — Baseline,,AUBEB mangrove baseline scenario
3233,9,Physical recovery — active regeneration_Entity,Mozambique,2025-10-21,daily_state,ndc_balance,242.46,240.19,247.62,102.13,2.6063,index,simulated,PDI Synthetic Generator — Baseline,,AUBEB mangrove baseline scenario
3234,10,Verified restoration — sustained blue economy asset_Entity,Madagascar,2025-10-21,daily_state,ndc_balance,305.85,264.34,257.41,84.16,1.9556,index,simulated,PDI Synthetic Generator — Baseline,,AUBEB mangrove baseline scenario
3235,0,Pre-commercial: degraded ecosystem_Entity,Nigeria,2025-10-22,daily_state,ndc_balance,199.4,208.85,135.32,64.79,0.1854,index,simulated,PDI Synthetic Generator — Baseline,,AUBEB mangrove baseline scenario
3236,1,Custodial formalisation_Entity,Cameroon,2025-10-22,daily_state,ndc_balance,199.18,278.43,205.38,73.76,0.2255,index,simulated,PDI Synthetic Generator — Baseline,,AUBEB mangrove baseline scenario
3237,2,Data extraction — baseline remote sensing_Entity,Mozambique,2025-10-22,daily_state,ndc_balance,258.16,283.65,259.93,91.64,1.3869,index,simulated,PDI Synthetic Generator — Baseline,,AUBEB mangrove baseline scenario
3238,3,Specification — carbon quantification_Entity,Madagascar,2025-10-22,daily_state,ndc_balance,307.81,259.87,280.23,91.04,1.7486,index,simulated,PDI Synthetic Generator — Baseline,,AUBEB mangrove baseline scenario
3239,4,Certification — verification & registration_Entity,Guinea,2025-10-22,daily_state,ndc_balance,286.38,275.35,216.77,75.69,1.2503,index,simulated,PDI Synthetic Generator — Baseline,,AUBEB mangrove baseline scenario
3240,5,Commercialisation outward_Entity,Tanzania,2025-10-22,daily_state,ndc_balance,261.13,267.56,231.76,86.62,1.4196,index,simulated,PDI Synthetic Generator — Baseline,,AUBEB mangrove baseline scenario
3241,6,Capital return — Conservation Fund deployment_Entity,Benin,2025-10-22,daily_state,ndc_balance,265.28,292.86,250.35,85.48,1.3667,index,simulated,PDI Synthetic Generator — Baseline,,AUBEB mangrove baseline scenario
3242,7,Restoration specification — CBEMR design_Entity,Nigeria,2025-10-22,daily_state,ndc_balance,281.17,248.4,275.84,98.1,0.7154,index,simulated,PDI Synthetic Generator — Baseline,,AUBEB mangrove baseline scenario
3243,8,Community custodial co-management_Entity,Cameroon,2025-10-22,daily_state,ndc_balance,240.07,274.52,212.73,77.49,0.6364,index,simulated,PDI Synthetic Generator — Baseline,,AUBEB mangrove baseline scenario
3244,9,Physical recovery — active regeneration_Entity,Mozambique,2025-10-22,daily_state,ndc_balance,239.32,235.04,227.21,94.94,0.6595,index,simulated,PDI Synthetic Generator — Baseline,,AUBEB mangrove baseline scenario
3245,10,Verified restoration — sustained blue economy asset_Entity,Madagascar,2025-10-22,daily_state,ndc_balance,286.88,293.3,248.11,84.59,0.7177,index,simulated,PDI Synthetic Generator — Baseline,,AUBEB mangrove baseline scenario
3246,0,Pre-commercial: degraded ecosystem_Entity,Nigeria,2025-10-23,daily_state,ndc_balance,209.21,207.21,146.75,70.14,0.1859,index,simulated,PDI Synthetic Generator — Baseline,,AUBEB mangrove baseline scenario
3247,1,Custodial formalisation_Entity,Cameroon,2025-10-23,daily_state,ndc_balance,197.29,257.67,200.0,77.62,0.4814,index,simulated,PDI Synthetic Generator — Baseline,,AUBEB mangrove baseline scenario
3248,2,Data extraction — baseline remote sensing_Entity,Mozambique,2025-10-23,daily_state,ndc_balance,254.84,300.49,249.82,83.14,1.5936,index,simulated,PDI Synthetic Generator — Baseline,,AUBEB mangrove baseline scenario
3249,3,Specification — carbon quantification_Entity,Madagascar,2025-10-23,daily_state,ndc_balance,287.9,264.25,233.87,81.23,1.682,index,simulated,PDI Synthetic Generator — Baseline,,AUBEB mangrove baseline scenario
3250,4,Certification — verification & registration_Entity,Guinea,2025-10-23,daily_state,ndc_balance,248.95,256.39,211.52,82.5,1.7071,index,simulated,PDI Synthetic Generator — Baseline,,AUBEB mangrove baseline scenario
3251,5,Commercialisation outward_Entity,Tanzania,2025-10-23,daily_state,ndc_balance,256.65,276.18,220.3,79.77,1.7102,index,simulated,PDI Synthetic Generator — Baseline,,AUBEB mangrove baseline scenario
3252,6,Capital return — Conservation Fund deployment_Entity,Benin,2025-10-23,daily_state,ndc_balance,245.63,271.71,245.44,90.33,0.9276,index,simulated,PDI Synthetic Generator — Baseline,,AUBEB mangrove baseline scenario
3253,7,Restoration specification — CBEMR design_Entity,Nigeria,2025-10-23,daily_state,ndc_balance,282.22,282.08,243.05,86.12,1.6642,index,simulated,PDI Synthetic Generator — Baseline,,AUBEB mangrove baseline scenario
3254,8,Community custodial co-management_Entity,Cameroon,2025-10-23,daily_state,ndc_balance,250.4,252.81,183.22,72.47,0.7117,index,simulated,PDI Synthetic Generator — Baseline,,AUBEB mangrove baseline scenario
3255,9,Physical recovery — active regeneration_Entity,Mozambique,2025-10-23,daily_state,ndc_balance,252.83,217.96,214.3,84.76,1.7577,index,simulated,PDI Synthetic Generator — Baseline,,AUBEB mangrove baseline scenario
3256,10,Verified restoration — sustained blue economy asset_Entity,Madagascar,2025-10-23,daily_state,ndc_balance,282.81,252.84,223.73,79.11,0.319,index,simulated,PDI Synthetic Generator — Baseline,,AUBEB mangrove baseline scenario
3257,0,Pre-commercial: degraded ecosystem_Entity,Nigeria,2025-10-24,daily_state,ndc_balance,200.22,200.17,144.68,72.26,0.1725,index,simulated,PDI Synthetic Generator — Baseline,,AUBEB mangrove baseline scenario
3258,1,Custodial formalisation_Entity,Cameroon,2025-10-24,daily_state,ndc_balance,212.79,271.99,213.06,78.33,0.9214,index,simulated,PDI Synthetic Generator — Baseline,,AUBEB mangrove baseline scenario
3259,2,Data extraction — baseline remote sensing_Entity,Mozambique,2025-10-24,daily_state,ndc_balance,250.79,230.77,254.44,101.46,2.1035,index,simulated,PDI Synthetic Generator — Baseline,,AUBEB mangrove baseline scenario
3260,3,Specification — carbon quantification_Entity,Madagascar,2025-10-24,daily_state,ndc_balance,289.23,298.41,252.39,84.58,0.9347,index,simulated,PDI Synthetic Generator — Baseline,,AUBEB mangrove baseline scenario
3261,4,Certification — verification & registration_Entity,Guinea,2025-10-24,daily_state,ndc_balance,255.75,295.34,236.88,80.21,0.4016,index,simulated,PDI Synthetic Generator — Baseline,,AUBEB mangrove baseline scenario
3262,5,Commercialisation outward_Entity,Tanzania,2025-10-24,daily_state,ndc_balance,263.98,283.33,245.02,86.48,2.1068,index,simulated,PDI Synthetic Generator — Baseline,,AUBEB mangrove baseline scenario
3263,6,Capital return — Conservation Fund deployment_Entity,Benin,2025-10-24,daily_state,ndc_balance,294.41,268.2,243.23,82.62,1.96,index,simulated,PDI Synthetic Generator — Baseline,,AUBEB mangrove baseline scenario
3264,7,Restoration specification — CBEMR design_Entity,Nigeria,2025-10-24,daily_state,ndc_balance,296.4,280.93,221.96,74.89,1.5794,index,simulated,PDI Synthetic Generator — Baseline,,AUBEB mangrove baseline scenario
3265,8,Community custodial co-management_Entity,Cameroon,2025-10-24,daily_state,ndc_balance,239.16,262.68,193.96,73.84,1.4685,index,simulated,PDI Synthetic Generator — Baseline,,AUBEB mangrove baseline scenario
3266,9,Physical recovery — active regeneration_Entity,Mozambique,2025-10-24,daily_state,ndc_balance,235.54,247.9,222.5,89.75,0.2907,index,simulated,PDI Synthetic Generator — Baseline,,AUBEB mangrove baseline scenario
3267,10,Verified restoration — sustained blue economy asset_Entity,Madagascar,2025-10-24,daily_state,ndc_balance,274.4,269.72,251.19,91.54,1.1509,index,simulated,PDI Synthetic Generator — Baseline,,AUBEB mangrove baseline scenario
3268,0,Pre-commercial: degraded ecosystem_Entity,Nigeria,2025-10-25,daily_state,ndc_balance,192.19,197.63,143.63,72.68,0.7752,index,simulated,PDI Synthetic Generator — Baseline,,AUBEB mangrove baseline scenario
3269,1,Custodial formalisation_Entity,Cameroon,2025-10-25,daily_state,ndc_balance,204.29,274.16,240.18,87.61,1.5909,index,simulated,PDI Synthetic Generator — Baseline,,AUBEB mangrove baseline scenario
3270,2,Data extraction — baseline remote sensing_Entity,Mozambique,2025-10-25,daily_state,ndc_balance,258.73,304.29,235.48,77.39,1.3275,index,simulated,PDI Synthetic Generator — Baseline,,AUBEB mangrove baseline scenario
3271,3,Specification — carbon quantification_Entity,Madagascar,2025-10-25,daily_state,ndc_balance,277.8,261.22,254.51,91.62,2.4346,index,simulated,PDI Synthetic Generator — Baseline,,AUBEB mangrove baseline scenario
3272,4,Certification — verification & registration_Entity,Guinea,2025-10-25,daily_state,ndc_balance,283.13,281.47,258.21,91.2,2.0693,index,simulated,PDI Synthetic Generator — Baseline,,AUBEB mangrove baseline scenario
3273,5,Commercialisation outward_Entity,Tanzania,2025-10-25,daily_state,ndc_balance,264.68,271.87,207.57,76.35,1.0546,index,simulated,PDI Synthetic Generator — Baseline,,AUBEB mangrove baseline scenario
3274,6,Capital return — Conservation Fund deployment_Entity,Benin,2025-10-25,daily_state,ndc_balance,248.1,263.57,205.71,78.05,1.3596,index,simulated,PDI Synthetic Generator — Baseline,,AUBEB mangrove baseline scenario
3275,7,Restoration specification — CBEMR design_Entity,Nigeria,2025-10-25,daily_state,ndc_balance,279.35,258.6,264.29,94.61,2.252,index,simulated,PDI Synthetic Generator — Baseline,,AUBEB mangrove baseline scenario
3276,8,Community custodial co-management_Entity,Cameroon,2025-10-25,daily_state,ndc_balance,243.15,241.73,192.86,79.32,1.7206,index,simulated,PDI Synthetic Generator — Baseline,,AUBEB mangrove baseline scenario
3277,9,Physical recovery — active regeneration_Entity,Mozambique,2025-10-25,daily_state,ndc_balance,249.19,233.35,224.42,90.06,1.1346,index,simulated,PDI Synthetic Generator — Baseline,,AUBEB mangrove baseline scenario
3278,10,Verified restoration — sustained blue economy asset_Entity,Madagascar,2025-10-25,daily_state,ndc_balance,301.66,258.21,247.87,82.17,1.9955,index,simulated,PDI Synthetic Generator — Baseline,,AUBEB mangrove baseline scenario
3279,0,Pre-commercial: degraded ecosystem_Entity,Nigeria,2025-10-26,daily_state,ndc_balance,200.74,193.26,133.65,66.58,0.9417,index,simulated,PDI Synthetic Generator — Baseline,,AUBEB mangrove baseline scenario
3280,1,Custodial formalisation_Entity,Cameroon,2025-10-26,daily_state,ndc_balance,188.4,237.15,230.84,97.34,0.5054,index,simulated,PDI Synthetic Generator — Baseline,,AUBEB mangrove baseline scenario
3281,2,Data extraction — baseline remote sensing_Entity,Mozambique,2025-10-26,daily_state,ndc_balance,255.83,280.88,261.69,93.17,1.3169,index,simulated,PDI Synthetic Generator — Baseline,,AUBEB mangrove baseline scenario
3282,3,Specification — carbon quantification_Entity,Madagascar,2025-10-26,daily_state,ndc_balance,268.98,248.1,251.32,93.43,2.3591,index,simulated,PDI Synthetic Generator — Baseline,,AUBEB mangrove baseline scenario
3283,4,Certification — verification & registration_Entity,Guinea,2025-10-26,daily_state,ndc_balance,240.66,302.41,245.95,81.33,0.8086,index,simulated,PDI Synthetic Generator — Baseline,,AUBEB mangrove baseline scenario
3284,5,Commercialisation outward_Entity,Tanzania,2025-10-26,daily_state,ndc_balance,259.05,253.87,215.89,83.34,1.8044,index,simulated,PDI Synthetic Generator — Baseline,,AUBEB mangrove baseline scenario
3285,6,Capital return — Conservation Fund deployment_Entity,Benin,2025-10-26,daily_state,ndc_balance,221.61,251.95,235.73,93.56,1.1994,index,simulated,PDI Synthetic Generator — Baseline,,AUBEB mangrove baseline scenario
3286,7,Restoration specification — CBEMR design_Entity,Nigeria,2025-10-26,daily_state,ndc_balance,249.75,286.98,224.08,78.08,1.8134,index,simulated,PDI Synthetic Generator — Baseline,,AUBEB mangrove baseline scenario
3287,8,Community custodial co-management_Entity,Cameroon,2025-10-26,daily_state,ndc_balance,219.51,250.92,187.98,74.92,1.0025,index,simulated,PDI Synthetic Generator — Baseline,,AUBEB mangrove baseline scenario
3288,9,Physical recovery — active regeneration_Entity,Mozambique,2025-10-26,daily_state,ndc_balance,246.71,275.19,224.86,81.71,1.4334,index,simulated,PDI Synthetic Generator — Baseline,,AUBEB mangrove baseline scenario
3289,10,Verified restoration — sustained blue economy asset_Entity,Madagascar,2025-10-26,daily_state,ndc_balance,284.57,253.61,241.7,84.94,0.9436,index,simulated,PDI Synthetic Generator — Baseline,,AUBEB mangrove baseline scenario
3290,0,Pre-commercial: degraded ecosystem_Entity,Nigeria,2025-10-27,daily_state,ndc_balance,220.32,213.47,138.0,62.64,0.9856,index,simulated,PDI Synthetic Generator — Baseline,,AUBEB mangrove baseline scenario
3291,1,Custodial formalisation_Entity,Cameroon,2025-10-27,daily_state,ndc_balance,214.28,286.89,195.14,68.02,0.2717,index,simulated,PDI Synthetic Generator — Baseline,,AUBEB mangrove baseline scenario
3292,2,Data extraction — baseline remote sensing_Entity,Mozambique,2025-10-27,daily_state,ndc_balance,270.01,260.6,230.62,85.41,1.8623,index,simulated,PDI Synthetic Generator — Baseline,,AUBEB mangrove baseline scenario
3293,3,Specification — carbon quantification_Entity,Madagascar,2025-10-27,daily_state,ndc_balance,288.59,265.55,284.39,98.54,1.6142,index,simulated,PDI Synthetic Generator — Baseline,,AUBEB mangrove baseline scenario
3294,4,Certification — verification & registration_Entity,Guinea,2025-10-27,daily_state,ndc_balance,260.1,279.1,243.0,87.07,0.3752,index,simulated,PDI Synthetic Generator — Baseline,,AUBEB mangrove baseline scenario
3295,5,Commercialisation outward_Entity,Tanzania,2025-10-27,daily_state,ndc_balance,271.04,268.26,211.3,77.96,1.0717,index,simulated,PDI Synthetic Generator — Baseline,,AUBEB mangrove baseline scenario
3296,6,Capital return — Conservation Fund deployment_Entity,Benin,2025-10-27,daily_state,ndc_balance,276.21,296.61,243.38,82.05,0.2447,index,simulated,PDI Synthetic Generator — Baseline,,AUBEB mangrove baseline scenario
3297,7,Restoration specification — CBEMR design_Entity,Nigeria,2025-10-27,daily_state,ndc_balance,288.37,273.61,262.28,90.95,0.4075,index,simulated,PDI Synthetic Generator — Baseline,,AUBEB mangrove baseline scenario
3298,8,Community custodial co-management_Entity,Cameroon,2025-10-27,daily_state,ndc_balance,258.53,255.19,224.88,86.98,1.0889,index,simulated,PDI Synthetic Generator — Baseline,,AUBEB mangrove baseline scenario
3299,9,Physical recovery — active regeneration_Entity,Mozambique,2025-10-27,daily_state,ndc_balance,242.4,263.98,229.2,86.82,1.0154,index,simulated,PDI Synthetic Generator — Baseline,,AUBEB mangrove baseline scenario
3300,10,Verified restoration — sustained blue economy asset_Entity,Madagascar,2025-10-27,daily_state,ndc_balance,266.56,276.46,270.64,97.89,1.8133,index,simulated,PDI Synthetic Generator — Baseline,,AUBEB mangrove baseline scenario
3301,0,Pre-commercial: degraded ecosystem_Entity,Nigeria,2025-10-28,daily_state,ndc_balance,183.58,202.24,151.57,74.95,0.2163,index,simulated,PDI Synthetic Generator — Baseline,,AUBEB mangrove baseline scenario
3302,1,Custodial formalisation_Entity,Cameroon,2025-10-28,daily_state,ndc_balance,215.85,270.26,215.91,79.89,1.3988,index,simulated,PDI Synthetic Generator — Baseline,,AUBEB mangrove baseline scenario
3303,2,Data extraction — baseline remote sensing_Entity,Mozambique,2025-10-28,daily_state,ndc_balance,265.72,259.7,236.58,89.03,1.7116,index,simulated,PDI Synthetic Generator — Baseline,,AUBEB mangrove baseline scenario
3304,3,Specification — carbon quantification_Entity,Madagascar,2025-10-28,daily_state,ndc_balance,278.15,260.95,247.17,88.86,2.3079,index,simulated,PDI Synthetic Generator — Baseline,,AUBEB mangrove baseline scenario
3305,4,Certification — verification & registration_Entity,Guinea,2025-10-28,daily_state,ndc_balance,256.33,272.23,254.02,93.31,2.3908,index,simulated,PDI Synthetic Generator — Baseline,,AUBEB mangrove baseline scenario
3306,5,Commercialisation outward_Entity,Tanzania,2025-10-28,daily_state,ndc_balance,264.34,251.81,235.75,89.18,0.4168,index,simulated,PDI Synthetic Generator — Baseline,,AUBEB mangrove baseline scenario
3307,6,Capital return — Conservation Fund deployment_Entity,Benin,2025-10-28,daily_state,ndc_balance,256.02,246.46,242.36,94.66,2.0812,index,simulated,PDI Synthetic Generator — Baseline,,AUBEB mangrove baseline scenario
3308,7,Restoration specification — CBEMR design_Entity,Nigeria,2025-10-28,daily_state,ndc_balance,271.32,274.54,295.42,107.61,0.4547,index,simulated,PDI Synthetic Generator — Baseline,,AUBEB mangrove baseline scenario
3309,8,Community custodial co-management_Entity,Cameroon,2025-10-28,daily_state,ndc_balance,226.99,280.76,201.02,71.6,0.7221,index,simulated,PDI Synthetic Generator — Baseline,,AUBEB mangrove baseline scenario
3310,9,Physical recovery — active regeneration_Entity,Mozambique,2025-10-28,daily_state,ndc_balance,243.64,259.91,233.47,89.83,2.1216,index,simulated,PDI Synthetic Generator — Baseline,,AUBEB mangrove baseline scenario
3311,10,Verified restoration — sustained blue economy asset_Entity,Madagascar,2025-10-28,daily_state,ndc_balance,287.57,234.5,238.02,82.77,1.0623,index,simulated,PDI Synthetic Generator — Baseline,,AUBEB mangrove baseline scenario
3312,0,Pre-commercial: degraded ecosystem_Entity,Nigeria,2025-10-29,daily_state,ndc_balance,204.85,196.12,134.02,65.42,1.1974,index,simulated,PDI Synthetic Generator — Baseline,,AUBEB mangrove baseline scenario
3313,1,Custodial formalisation_Entity,Cameroon,2025-10-29,daily_state,ndc_balance,209.71,267.76,196.01,73.2,0.8713,index,simulated,PDI Synthetic Generator — Baseline,,AUBEB mangrove baseline scenario
3314,2,Data extraction — baseline remote sensing_Entity,Mozambique,2025-10-29,daily_state,ndc_balance,243.81,283.12,236.0,83.36,0.5138,index,simulated,PDI Synthetic Generator — Baseline,,AUBEB mangrove baseline scenario
3315,3,Specification — carbon quantification_Entity,Madagascar,2025-10-29,daily_state,ndc_balance,276.22,286.18,263.9,92.21,2.1777,index,simulated,PDI Synthetic Generator — Baseline,,AUBEB mangrove baseline scenario
3316,4,Certification — verification & registration_Entity,Guinea,2025-10-29,daily_state,ndc_balance,265.75,277.92,253.65,91.27,0.2627,index,simulated,PDI Synthetic Generator — Baseline,,AUBEB mangrove baseline scenario
3317,5,Commercialisation outward_Entity,Tanzania,2025-10-29,daily_state,ndc_balance,264.56,242.79,252.93,95.6,0.3825,index,simulated,PDI Synthetic Generator — Baseline,,AUBEB mangrove baseline scenario
3318,6,Capital return — Conservation Fund deployment_Entity,Benin,2025-10-29,daily_state,ndc_balance,244.97,278.11,240.42,86.45,1.6024,index,simulated,PDI Synthetic Generator — Baseline,,AUBEB mangrove baseline scenario
3319,7,Restoration specification — CBEMR design_Entity,Nigeria,2025-10-29,daily_state,ndc_balance,286.84,262.29,229.92,80.16,1.7742,index,simulated,PDI Synthetic Generator — Baseline,,AUBEB mangrove baseline scenario
3320,8,Community custodial co-management_Entity,Cameroon,2025-10-29,daily_state,ndc_balance,243.49,262.76,199.83,76.05,1.3296,index,simulated,PDI Synthetic Generator — Baseline,,AUBEB mangrove baseline scenario
3321,9,Physical recovery — active regeneration_Entity,Mozambique,2025-10-29,daily_state,ndc_balance,270.37,245.6,220.64,81.61,1.4565,index,simulated,PDI Synthetic Generator — Baseline,,AUBEB mangrove baseline scenario
3322,10,Verified restoration — sustained blue economy asset_Entity,Madagascar,2025-10-29,daily_state,ndc_balance,286.09,291.75,257.4,88.23,1.6917,index,simulated,PDI Synthetic Generator — Baseline,,AUBEB mangrove baseline scenario
3323,0,Pre-commercial: degraded ecosystem_Entity,Nigeria,2025-10-30,daily_state,ndc_balance,196.23,195.74,135.2,68.9,0.8567,index,simulated,PDI Synthetic Generator — Baseline,,AUBEB mangrove baseline scenario
3324,1,Custodial formalisation_Entity,Cameroon,2025-10-30,daily_state,ndc_balance,213.69,266.71,215.2,80.69,0.6572,index,simulated,PDI Synthetic Generator — Baseline,,AUBEB mangrove baseline scenario
3325,2,Data extraction — baseline remote sensing_Entity,Mozambique,2025-10-30,daily_state,ndc_balance,269.71,267.13,216.38,80.23,1.7686,index,simulated,PDI Synthetic Generator — Baseline,,AUBEB mangrove baseline scenario
3326,3,Specification — carbon quantification_Entity,Madagascar,2025-10-30,daily_state,ndc_balance,301.9,277.88,251.48,83.3,0.5117,index,simulated,PDI Synthetic Generator — Baseline,,AUBEB mangrove baseline scenario
3327,4,Certification — verification & registration_Entity,Guinea,2025-10-30,daily_state,ndc_balance,239.16,261.67,192.68,73.63,0.7092,index,simulated,PDI Synthetic Generator — Baseline,,AUBEB mangrove baseline scenario
3328,5,Commercialisation outward_Entity,Tanzania,2025-10-30,daily_state,ndc_balance,277.44,271.5,238.18,85.85,1.7931,index,simulated,PDI Synthetic Generator — Baseline,,AUBEB mangrove baseline scenario
3329,6,Capital return — Conservation Fund deployment_Entity,Benin,2025-10-30,daily_state,ndc_balance,266.35,287.49,219.7,76.42,0.4076,index,simulated,PDI Synthetic Generator — Baseline,,AUBEB mangrove baseline scenario
3330,7,Restoration specification — CBEMR design_Entity,Nigeria,2025-10-30,daily_state,ndc_balance,275.53,288.99,269.46,93.24,0.2871,index,simulated,PDI Synthetic Generator — Baseline,,AUBEB mangrove baseline scenario
3331,8,Community custodial co-management_Entity,Cameroon,2025-10-30,daily_state,ndc_balance,259.19,265.96,209.22,78.67,1.1641,index,simulated,PDI Synthetic Generator — Baseline,,AUBEB mangrove baseline scenario
3332,9,Physical recovery — active regeneration_Entity,Mozambique,2025-10-30,daily_state,ndc_balance,266.57,283.11,234.6,82.87,0.4601,index,simulated,PDI Synthetic Generator — Baseline,,AUBEB mangrove baseline scenario
3333,10,Verified restoration — sustained blue economy asset_Entity,Madagascar,2025-10-30,daily_state,ndc_balance,309.3,256.52,258.13,83.46,1.1017,index,simulated,PDI Synthetic Generator — Baseline,,AUBEB mangrove baseline scenario
3334,0,Pre-commercial: degraded ecosystem_Entity,Nigeria,2025-10-31,daily_state,ndc_balance,192.64,194.57,142.52,73.25,0.7228,index,simulated,PDI Synthetic Generator — Baseline,,AUBEB mangrove baseline scenario
3335,1,Custodial formalisation_Entity,Cameroon,2025-10-31,daily_state,ndc_balance,201.38,256.85,215.39,83.86,0.452,index,simulated,PDI Synthetic Generator — Baseline,,AUBEB mangrove baseline scenario
3336,2,Data extraction — baseline remote sensing_Entity,Mozambique,2025-10-31,daily_state,ndc_balance,247.86,239.63,241.2,97.31,0.4579,index,simulated,PDI Synthetic Generator — Baseline,,AUBEB mangrove baseline scenario
3337,3,Specification — carbon quantification_Entity,Madagascar,2025-10-31,daily_state,ndc_balance,230.5,267.95,246.37,91.95,1.9734,index,simulated,PDI Synthetic Generator — Baseline,,AUBEB mangrove baseline scenario
3338,4,Certification — verification & registration_Entity,Guinea,2025-10-31,daily_state,ndc_balance,255.25,280.27,226.56,80.84,0.5936,index,simulated,PDI Synthetic Generator — Baseline,,AUBEB mangrove baseline scenario
3339,5,Commercialisation outward_Entity,Tanzania,2025-10-31,daily_state,ndc_balance,259.57,277.71,207.28,74.64,1.3413,index,simulated,PDI Synthetic Generator — Baseline,,AUBEB mangrove baseline scenario
3340,6,Capital return — Conservation Fund deployment_Entity,Benin,2025-10-31,daily_state,ndc_balance,273.1,295.99,232.55,78.57,1.7365,index,simulated,PDI Synthetic Generator — Baseline,,AUBEB mangrove baseline scenario
3341,7,Restoration specification — CBEMR design_Entity,Nigeria,2025-10-31,daily_state,ndc_balance,262.25,286.12,268.84,93.96,0.5684,index,simulated,PDI Synthetic Generator — Baseline,,AUBEB mangrove baseline scenario
3342,8,Community custodial co-management_Entity,Cameroon,2025-10-31,daily_state,ndc_balance,218.54,235.62,182.26,77.35,1.6153,index,simulated,PDI Synthetic Generator — Baseline,,AUBEB mangrove baseline scenario
3343,9,Physical recovery — active regeneration_Entity,Mozambique,2025-10-31,daily_state,ndc_balance,236.58,231.85,243.4,102.88,1.1396,index,simulated,PDI Synthetic Generator — Baseline,,AUBEB mangrove baseline scenario
3344,10,Verified restoration — sustained blue economy asset_Entity,Madagascar,2025-10-31,daily_state,ndc_balance,298.97,274.51,238.88,79.9,0.2448,index,simulated,PDI Synthetic Generator — Baseline,,AUBEB mangrove baseline scenario
3345,0,Pre-commercial: degraded ecosystem_Entity,Nigeria,2025-11-01,daily_state,ndc_balance,204.62,202.05,145.71,71.21,1.0303,index,simulated,PDI Synthetic Generator — Baseline,,AUBEB mangrove baseline scenario
3346,1,Custodial formalisation_Entity,Cameroon,2025-11-01,daily_state,ndc_balance,207.51,260.87,222.34,85.23,1.129,index,simulated,PDI Synthetic Generator — Baseline,,AUBEB mangrove baseline scenario
3347,2,Data extraction — baseline remote sensing_Entity,Mozambique,2025-11-01,daily_state,ndc_balance,267.98,237.87,237.05,88.46,0.9258,index,simulated,PDI Synthetic Generator — Baseline,,AUBEB mangrove baseline scenario
3348,3,Specification — carbon quantification_Entity,Madagascar,2025-11-01,daily_state,ndc_balance,299.63,257.8,292.08,97.48,1.5972,index,simulated,PDI Synthetic Generator — Baseline,,AUBEB mangrove baseline scenario
3349,4,Certification — verification & registration_Entity,Guinea,2025-11-01,daily_state,ndc_balance,236.17,293.68,229.7,78.21,1.7088,index,simulated,PDI Synthetic Generator — Baseline,,AUBEB mangrove baseline scenario
3350,5,Commercialisation outward_Entity,Tanzania,2025-11-01,daily_state,ndc_balance,237.73,253.05,220.38,87.09,1.403,index,simulated,PDI Synthetic Generator — Baseline,,AUBEB mangrove baseline scenario
3351,6,Capital return — Conservation Fund deployment_Entity,Benin,2025-11-01,daily_state,ndc_balance,253.31,273.37,216.45,79.18,1.0632,index,simulated,PDI Synthetic Generator — Baseline,,AUBEB mangrove baseline scenario
3352,7,Restoration specification — CBEMR design_Entity,Nigeria,2025-11-01,daily_state,ndc_balance,281.0,263.57,243.54,86.67,0.7693,index,simulated,PDI Synthetic Generator — Baseline,,AUBEB mangrove baseline scenario
3353,8,Community custodial co-management_Entity,Cameroon,2025-11-01,daily_state,ndc_balance,234.44,268.57,185.85,69.2,1.3148,index,simulated,PDI Synthetic Generator — Baseline,,AUBEB mangrove baseline scenario
3354,9,Physical recovery — active regeneration_Entity,Mozambique,2025-11-01,daily_state,ndc_balance,250.89,268.31,223.06,83.14,0.8577,index,simulated,PDI Synthetic Generator — Baseline,,AUBEB mangrove baseline scenario
3355,10,Verified restoration — sustained blue economy asset_Entity,Madagascar,2025-11-01,daily_state,ndc_balance,269.11,300.62,239.34,79.62,0.6418,index,simulated,PDI Synthetic Generator — Baseline,,AUBEB mangrove baseline scenario
3356,0,Pre-commercial: degraded ecosystem_Entity,Nigeria,2025-11-02,daily_state,ndc_balance,198.63,184.37,147.76,74.39,1.314,index,simulated,PDI Synthetic Generator — Baseline,,AUBEB mangrove baseline scenario
3357,1,Custodial formalisation_Entity,Cameroon,2025-11-02,daily_state,ndc_balance,217.38,266.33,214.33,80.48,1.3958,index,simulated,PDI Synthetic Generator — Baseline,,AUBEB mangrove baseline scenario
3358,2,Data extraction — baseline remote sensing_Entity,Mozambique,2025-11-02,daily_state,ndc_balance,243.26,258.84,256.95,99.27,1.1501,index,simulated,PDI Synthetic Generator — Baseline,,AUBEB mangrove baseline scenario
3359,3,Specification — carbon quantification_Entity,Madagascar,2025-11-02,daily_state,ndc_balance,286.59,251.43,268.46,93.67,2.339,index,simulated,PDI Synthetic Generator — Baseline,,AUBEB mangrove baseline scenario
3360,4,Certification — verification & registration_Entity,Guinea,2025-11-02,daily_state,ndc_balance,282.21,264.86,230.59,81.71,1.6242,index,simulated,PDI Synthetic Generator — Baseline,,AUBEB mangrove baseline scenario
3361,5,Commercialisation outward_Entity,Tanzania,2025-11-02,daily_state,ndc_balance,264.8,262.92,223.16,84.27,0.6841,index,simulated,PDI Synthetic Generator — Baseline,,AUBEB mangrove baseline scenario
3362,6,Capital return — Conservation Fund deployment_Entity,Benin,2025-11-02,daily_state,ndc_balance,245.38,259.09,230.07,88.8,1.4463,index,simulated,PDI Synthetic Generator — Baseline,,AUBEB mangrove baseline scenario
3363,7,Restoration specification — CBEMR design_Entity,Nigeria,2025-11-02,daily_state,ndc_balance,270.81,269.86,242.93,89.7,2.3413,index,simulated,PDI Synthetic Generator — Baseline,,AUBEB mangrove baseline scenario
3364,8,Community custodial co-management_Entity,Cameroon,2025-11-02,daily_state,ndc_balance,229.33,273.04,164.84,60.37,0.1126,index,simulated,PDI Synthetic Generator — Baseline,,AUBEB mangrove baseline scenario
3365,9,Physical recovery — active regeneration_Entity,Mozambique,2025-11-02,daily_state,ndc_balance,265.2,284.7,246.84,86.7,2.2366,index,simulated,PDI Synthetic Generator — Baseline,,AUBEB mangrove baseline scenario
3366,10,Verified restoration — sustained blue economy asset_Entity,Madagascar,2025-11-02,daily_state,ndc_balance,271.89,260.62,248.82,91.51,1.5344,index,simulated,PDI Synthetic Generator — Baseline,,AUBEB mangrove baseline scenario
3367,0,Pre-commercial: degraded ecosystem_Entity,Nigeria,2025-11-03,daily_state,ndc_balance,201.22,203.69,120.34,59.08,0.6657,index,simulated,PDI Synthetic Generator — Baseline,,AUBEB mangrove baseline scenario
3368,1,Custodial formalisation_Entity,Cameroon,2025-11-03,daily_state,ndc_balance,227.79,256.03,214.87,83.92,0.4384,index,simulated,PDI Synthetic Generator — Baseline,,AUBEB mangrove baseline scenario
3369,2,Data extraction — baseline remote sensing_Entity,Mozambique,2025-11-03,daily_state,ndc_balance,262.1,286.03,244.55,85.5,1.8913,index,simulated,PDI Synthetic Generator — Baseline,,AUBEB mangrove baseline scenario
3370,3,Specification — carbon quantification_Entity,Madagascar,2025-11-03,daily_state,ndc_balance,274.67,268.48,276.16,100.54,1.0359,index,simulated,PDI Synthetic Generator — Baseline,,AUBEB mangrove baseline scenario
3371,4,Certification — verification & registration_Entity,Guinea,2025-11-03,daily_state,ndc_balance,267.51,235.62,234.26,87.57,2.0755,index,simulated,PDI Synthetic Generator — Baseline,,AUBEB mangrove baseline scenario
3372,5,Commercialisation outward_Entity,Tanzania,2025-11-03,daily_state,ndc_balance,250.26,269.9,232.2,86.03,0.8967,index,simulated,PDI Synthetic Generator — Baseline,,AUBEB mangrove baseline scenario
3373,6,Capital return — Conservation Fund deployment_Entity,Benin,2025-11-03,daily_state,ndc_balance,251.08,262.74,220.01,83.74,1.3809,index,simulated,PDI Synthetic Generator — Baseline,,AUBEB mangrove baseline scenario
3374,7,Restoration specification — CBEMR design_Entity,Nigeria,2025-11-03,daily_state,ndc_balance,285.19,260.39,246.89,86.57,1.343,index,simulated,PDI Synthetic Generator — Baseline,,AUBEB mangrove baseline scenario
3375,8,Community custodial co-management_Entity,Cameroon,2025-11-03,daily_state,ndc_balance,240.39,248.58,186.32,74.95,0.5021,index,simulated,PDI Synthetic Generator — Baseline,,AUBEB mangrove baseline scenario
3376,9,Physical recovery — active regeneration_Entity,Mozambique,2025-11-03,daily_state,ndc_balance,247.63,261.68,208.48,79.67,0.5386,index,simulated,PDI Synthetic Generator — Baseline,,AUBEB mangrove baseline scenario
3377,10,Verified restoration — sustained blue economy asset_Entity,Madagascar,2025-11-03,daily_state,ndc_balance,248.9,244.93,276.12,110.94,3.6212,index,simulated,PDI Synthetic Generator — Baseline,,AUBEB mangrove baseline scenario
3378,0,Pre-commercial: degraded ecosystem_Entity,Nigeria,2025-11-04,daily_state,ndc_balance,210.68,198.29,151.76,72.03,0.2897,index,simulated,PDI Synthetic Generator — Baseline,,AUBEB mangrove baseline scenario
3379,1,Custodial formalisation_Entity,Cameroon,2025-11-04,daily_state,ndc_balance,217.07,262.48,205.56,78.31,0.4714,index,simulated,PDI Synthetic Generator — Baseline,,AUBEB mangrove baseline scenario
3380,2,Data extraction — baseline remote sensing_Entity,Mozambique,2025-11-04,daily_state,ndc_balance,258.33,273.44,249.83,91.37,0.7886,index,simulated,PDI Synthetic Generator — Baseline,,AUBEB mangrove baseline scenario
3381,3,Specification — carbon quantification_Entity,Madagascar,2025-11-04,daily_state,ndc_balance,272.05,292.05,244.65,83.77,0.6148,index,simulated,PDI Synthetic Generator — Baseline,,AUBEB mangrove baseline scenario
3382,4,Certification — verification & registration_Entity,Guinea,2025-11-04,daily_state,ndc_balance,250.96,277.45,241.48,87.04,1.6844,index,simulated,PDI Synthetic Generator — Baseline,,AUBEB mangrove baseline scenario
3383,5,Commercialisation outward_Entity,Tanzania,2025-11-04,daily_state,ndc_balance,236.07,281.45,218.55,77.65,0.7998,index,simulated,PDI Synthetic Generator — Baseline,,AUBEB mangrove baseline scenario
3384,6,Capital return — Conservation Fund deployment_Entity,Benin,2025-11-04,daily_state,ndc_balance,274.31,259.44,226.19,82.46,1.8228,index,simulated,PDI Synthetic Generator — Baseline,,AUBEB mangrove baseline scenario
3385,7,Restoration specification — CBEMR design_Entity,Nigeria,2025-11-04,daily_state,ndc_balance,250.38,273.53,238.82,87.31,1.2558,index,simulated,PDI Synthetic Generator — Baseline,,AUBEB mangrove baseline scenario
3386,8,Community custodial co-management_Entity,Cameroon,2025-11-04,daily_state,ndc_balance,234.13,234.09,181.09,77.35,1.1592,index,simulated,PDI Synthetic Generator — Baseline,,AUBEB mangrove baseline scenario
3387,9,Physical recovery — active regeneration_Entity,Mozambique,2025-11-04,daily_state,ndc_balance,235.54,268.88,215.55,80.17,0.8481,index,simulated,PDI Synthetic Generator — Baseline,,AUBEB mangrove baseline scenario
3388,10,Verified restoration — sustained blue economy asset_Entity,Madagascar,2025-11-04,daily_state,ndc_balance,264.57,274.63,244.87,89.16,0.913,index,simulated,PDI Synthetic Generator — Baseline,,AUBEB mangrove baseline scenario
3389,0,Pre-commercial: degraded ecosystem_Entity,Nigeria,2025-11-05,daily_state,ndc_balance,192.49,205.1,140.44,68.47,0.9008,index,simulated,PDI Synthetic Generator — Baseline,,AUBEB mangrove baseline scenario
3390,1,Custodial formalisation_Entity,Cameroon,2025-11-05,daily_state,ndc_balance,220.92,268.45,213.54,79.55,1.7877,index,simulated,PDI Synthetic Generator — Baseline,,AUBEB mangrove baseline scenario
3391,2,Data extraction — baseline remote sensing_Entity,Mozambique,2025-11-05,daily_state,ndc_balance,256.88,297.22,218.01,73.35,0.7263,index,simulated,PDI Synthetic Generator — Baseline,,AUBEB mangrove baseline scenario
3392,3,Specification — carbon quantification_Entity,Madagascar,2025-11-05,daily_state,ndc_balance,288.91,263.0,269.48,93.27,1.4143,index,simulated,PDI Synthetic Generator — Baseline,,AUBEB mangrove baseline scenario
3393,4,Certification — verification & registration_Entity,Guinea,2025-11-05,daily_state,ndc_balance,254.48,236.72,247.27,97.17,0.8659,index,simulated,PDI Synthetic Generator — Baseline,,AUBEB mangrove baseline scenario
3394,5,Commercialisation outward_Entity,Tanzania,2025-11-05,daily_state,ndc_balance,266.38,234.69,268.53,100.81,1.6178,index,simulated,PDI Synthetic Generator — Baseline,,AUBEB mangrove baseline scenario
3395,6,Capital return — Conservation Fund deployment_Entity,Benin,2025-11-05,daily_state,ndc_balance,274.98,299.89,217.61,72.56,1.3097,index,simulated,PDI Synthetic Generator — Baseline,,AUBEB mangrove baseline scenario
3396,7,Restoration specification — CBEMR design_Entity,Nigeria,2025-11-05,daily_state,ndc_balance,262.05,297.74,217.34,73.0,0.6844,index,simulated,PDI Synthetic Generator — Baseline,,AUBEB mangrove baseline scenario
3397,8,Community custodial co-management_Entity,Cameroon,2025-11-05,daily_state,ndc_balance,236.41,249.35,200.47,80.4,1.4074,index,simulated,PDI Synthetic Generator — Baseline,,AUBEB mangrove baseline scenario
3398,9,Physical recovery — active regeneration_Entity,Mozambique,2025-11-05,daily_state,ndc_balance,248.64,257.84,234.76,91.05,2.3348,index,simulated,PDI Synthetic Generator — Baseline,,AUBEB mangrove baseline scenario
3399,10,Verified restoration — sustained blue economy asset_Entity,Madagascar,2025-11-05,daily_state,ndc_balance,266.61,275.95,262.79,95.23,2.5149,index,simulated,PDI Synthetic Generator — Baseline,,AUBEB mangrove baseline scenario
3400,0,Pre-commercial: degraded ecosystem_Entity,Nigeria,2025-11-06,daily_state,ndc_balance,192.47,201.36,149.3,74.15,0.9375,index,simulated,PDI Synthetic Generator — Baseline,,AUBEB mangrove baseline scenario
3401,1,Custodial formalisation_Entity,Cameroon,2025-11-06,daily_state,ndc_balance,212.64,279.13,230.64,82.63,1.6505,index,simulated,PDI Synthetic Generator — Baseline,,AUBEB mangrove baseline scenario
3402,2,Data extraction — baseline remote sensing_Entity,Mozambique,2025-11-06,daily_state,ndc_balance,263.21,309.26,233.06,75.36,0.4402,index,simulated,PDI Synthetic Generator — Baseline,,AUBEB mangrove baseline scenario
3403,3,Specification — carbon quantification_Entity,Madagascar,2025-11-06,daily_state,ndc_balance,241.71,260.45,265.94,102.11,2.5866,index,simulated,PDI Synthetic Generator — Baseline,,AUBEB mangrove baseline scenario
3404,4,Certification — verification & registration_Entity,Guinea,2025-11-06,daily_state,ndc_balance,252.98,280.67,259.23,92.36,0.4111,index,simulated,PDI Synthetic Generator — Baseline,,AUBEB mangrove baseline scenario
3405,5,Commercialisation outward_Entity,Tanzania,2025-11-06,daily_state,ndc_balance,283.11,289.92,236.12,81.44,1.0274,index,simulated,PDI Synthetic Generator — Baseline,,AUBEB mangrove baseline scenario
3406,6,Capital return — Conservation Fund deployment_Entity,Benin,2025-11-06,daily_state,ndc_balance,267.24,273.78,207.03,75.62,0.4073,index,simulated,PDI Synthetic Generator — Baseline,,AUBEB mangrove baseline scenario
3407,7,Restoration specification — CBEMR design_Entity,Nigeria,2025-11-06,daily_state,ndc_balance,291.49,266.93,281.69,96.64,2.2125,index,simulated,PDI Synthetic Generator — Baseline,,AUBEB mangrove baseline scenario
3408,8,Community custodial co-management_Entity,Cameroon,2025-11-06,daily_state,ndc_balance,237.53,252.87,195.8,77.43,0.9966,index,simulated,PDI Synthetic Generator — Baseline,,AUBEB mangrove baseline scenario
3409,9,Physical recovery — active regeneration_Entity,Mozambique,2025-11-06,daily_state,ndc_balance,259.63,254.85,240.77,92.74,0.5652,index,simulated,PDI Synthetic Generator — Baseline,,AUBEB mangrove baseline scenario
3410,10,Verified restoration — sustained blue economy asset_Entity,Madagascar,2025-11-06,daily_state,ndc_balance,282.93,291.98,232.85,79.75,1.1762,index,simulated,PDI Synthetic Generator — Baseline,,AUBEB mangrove baseline scenario
3411,0,Pre-commercial: degraded ecosystem_Entity,Nigeria,2025-11-07,daily_state,ndc_balance,198.35,208.86,143.86,68.88,0.4603,index,simulated,PDI Synthetic Generator — Baseline,,AUBEB mangrove baseline scenario
3412,1,Custodial formalisation_Entity,Cameroon,2025-11-07,daily_state,ndc_balance,217.47,254.58,196.48,77.18,0.2866,index,simulated,PDI Synthetic Generator — Baseline,,AUBEB mangrove baseline scenario
3413,2,Data extraction — baseline remote sensing_Entity,Mozambique,2025-11-07,daily_state,ndc_balance,255.63,272.38,217.68,79.92,1.36,index,simulated,PDI Synthetic Generator — Baseline,,AUBEB mangrove baseline scenario
3414,3,Specification — carbon quantification_Entity,Madagascar,2025-11-07,daily_state,ndc_balance,287.34,255.9,268.8,93.55,1.2169,index,simulated,PDI Synthetic Generator — Baseline,,AUBEB mangrove baseline scenario
3415,4,Certification — verification & registration_Entity,Guinea,2025-11-07,daily_state,ndc_balance,220.58,265.45,250.51,94.37,1.7232,index,simulated,PDI Synthetic Generator — Baseline,,AUBEB mangrove baseline scenario
3416,5,Commercialisation outward_Entity,Tanzania,2025-11-07,daily_state,ndc_balance,254.91,266.64,210.2,78.83,1.4476,index,simulated,PDI Synthetic Generator — Baseline,,AUBEB mangrove baseline scenario
3417,6,Capital return — Conservation Fund deployment_Entity,Benin,2025-11-07,daily_state,ndc_balance,244.21,269.55,212.83,78.96,1.5418,index,simulated,PDI Synthetic Generator — Baseline,,AUBEB mangrove baseline scenario
3418,7,Restoration specification — CBEMR design_Entity,Nigeria,2025-11-07,daily_state,ndc_balance,279.61,277.91,271.72,97.18,1.2204,index,simulated,PDI Synthetic Generator — Baseline,,AUBEB mangrove baseline scenario
3419,8,Community custodial co-management_Entity,Cameroon,2025-11-07,daily_state,ndc_balance,230.22,275.96,186.27,67.5,0.5963,index,simulated,PDI Synthetic Generator — Baseline,,AUBEB mangrove baseline scenario
3420,9,Physical recovery — active regeneration_Entity,Mozambique,2025-11-07,daily_state,ndc_balance,259.68,248.03,241.55,93.02,0.297,index,simulated,PDI Synthetic Generator — Baseline,,AUBEB mangrove baseline scenario
3421,10,Verified restoration — sustained blue economy asset_Entity,Madagascar,2025-11-07,daily_state,ndc_balance,257.97,281.17,273.44,97.25,2.3024,index,simulated,PDI Synthetic Generator — Baseline,,AUBEB mangrove baseline scenario
3422,0,Pre-commercial: degraded ecosystem_Entity,Nigeria,2025-11-08,daily_state,ndc_balance,219.18,199.92,129.67,59.16,0.3904,index,simulated,PDI Synthetic Generator — Baseline,,AUBEB mangrove baseline scenario
3423,1,Custodial formalisation_Entity,Cameroon,2025-11-08,daily_state,ndc_balance,212.08,274.96,214.97,78.18,0.9867,index,simulated,PDI Synthetic Generator — Baseline,,AUBEB mangrove baseline scenario
3424,2,Data extraction — baseline remote sensing_Entity,Mozambique,2025-11-08,daily_state,ndc_balance,272.34,254.15,246.42,90.48,2.1961,index,simulated,PDI Synthetic Generator — Baseline,,AUBEB mangrove baseline scenario
3425,3,Specification — carbon quantification_Entity,Madagascar,2025-11-08,daily_state,ndc_balance,263.04,275.87,292.53,106.04,3.0607,index,simulated,PDI Synthetic Generator — Baseline,,AUBEB mangrove baseline scenario
3426,4,Certification — verification & registration_Entity,Guinea,2025-11-08,daily_state,ndc_balance,272.02,284.08,232.42,81.81,0.2968,index,simulated,PDI Synthetic Generator — Baseline,,AUBEB mangrove baseline scenario
3427,5,Commercialisation outward_Entity,Tanzania,2025-11-08,daily_state,ndc_balance,244.95,275.51,224.5,81.49,1.2717,index,simulated,PDI Synthetic Generator — Baseline,,AUBEB mangrove baseline scenario
3428,6,Capital return — Conservation Fund deployment_Entity,Benin,2025-11-08,daily_state,ndc_balance,246.34,260.03,242.03,93.08,1.3759,index,simulated,PDI Synthetic Generator — Baseline,,AUBEB mangrove baseline scenario
3429,7,Restoration specification — CBEMR design_Entity,Nigeria,2025-11-08,daily_state,ndc_balance,310.98,258.75,238.02,76.54,0.4818,index,simulated,PDI Synthetic Generator — Baseline,,AUBEB mangrove baseline scenario
3430,8,Community custodial co-management_Entity,Cameroon,2025-11-08,daily_state,ndc_balance,237.7,264.16,192.66,72.93,1.5844,index,simulated,PDI Synthetic Generator — Baseline,,AUBEB mangrove baseline scenario
3431,9,Physical recovery — active regeneration_Entity,Mozambique,2025-11-08,daily_state,ndc_balance,266.49,270.91,232.62,85.87,0.6565,index,simulated,PDI Synthetic Generator — Baseline,,AUBEB mangrove baseline scenario
3432,10,Verified restoration — sustained blue economy asset_Entity,Madagascar,2025-11-08,daily_state,ndc_balance,283.73,268.42,254.55,89.72,1.1182,index,simulated,PDI Synthetic Generator — Baseline,,AUBEB mangrove baseline scenario
3433,0,Pre-commercial: degraded ecosystem_Entity,Nigeria,2025-11-09,daily_state,ndc_balance,204.0,187.29,136.97,67.14,0.1972,index,simulated,PDI Synthetic Generator — Baseline,,AUBEB mangrove baseline scenario
3434,1,Custodial formalisation_Entity,Cameroon,2025-11-09,daily_state,ndc_balance,204.78,263.68,212.3,80.51,0.9618,index,simulated,PDI Synthetic Generator — Baseline,,AUBEB mangrove baseline scenario
3435,2,Data extraction — baseline remote sensing_Entity,Mozambique,2025-11-09,daily_state,ndc_balance,229.99,274.17,267.69,97.64,2.1615,index,simulated,PDI Synthetic Generator — Baseline,,AUBEB mangrove baseline scenario
3436,3,Specification — carbon quantification_Entity,Madagascar,2025-11-09,daily_state,ndc_balance,286.58,266.43,254.67,88.87,2.3012,index,simulated,PDI Synthetic Generator — Baseline,,AUBEB mangrove baseline scenario
3437,4,Certification — verification & registration_Entity,Guinea,2025-11-09,daily_state,ndc_balance,273.87,265.5,229.81,83.91,1.5849,index,simulated,PDI Synthetic Generator — Baseline,,AUBEB mangrove baseline scenario
3438,5,Commercialisation outward_Entity,Tanzania,2025-11-09,daily_state,ndc_balance,245.78,271.03,240.7,88.81,2.1851,index,simulated,PDI Synthetic Generator — Baseline,,AUBEB mangrove baseline scenario
3439,6,Capital return — Conservation Fund deployment_Entity,Benin,2025-11-09,daily_state,ndc_balance,272.8,280.88,225.83,80.4,0.7226,index,simulated,PDI Synthetic Generator — Baseline,,AUBEB mangrove baseline scenario
3440,7,Restoration specification — CBEMR design_Entity,Nigeria,2025-11-09,daily_state,ndc_balance,283.03,282.28,249.14,88.03,1.4235,index,simulated,PDI Synthetic Generator — Baseline,,AUBEB mangrove baseline scenario
3441,8,Community custodial co-management_Entity,Cameroon,2025-11-09,daily_state,ndc_balance,212.99,270.22,204.58,75.71,0.5668,index,simulated,PDI Synthetic Generator — Baseline,,AUBEB mangrove baseline scenario
3442,9,Physical recovery — active regeneration_Entity,Mozambique,2025-11-09,daily_state,ndc_balance,267.51,252.44,232.76,87.01,0.3625,index,simulated,PDI Synthetic Generator — Baseline,,AUBEB mangrove baseline scenario
3443,10,Verified restoration — sustained blue economy asset_Entity,Madagascar,2025-11-09,daily_state,ndc_balance,288.34,262.06,249.38,86.49,1.1702,index,simulated,PDI Synthetic Generator — Baseline,,AUBEB mangrove baseline scenario
3444,0,Pre-commercial: degraded ecosystem_Entity,Nigeria,2025-11-10,daily_state,ndc_balance,200.48,227.11,139.72,61.52,0.6178,index,simulated,PDI Synthetic Generator — Baseline,,AUBEB mangrove baseline scenario
3445,1,Custodial formalisation_Entity,Cameroon,2025-11-10,daily_state,ndc_balance,224.37,280.72,227.28,80.96,1.9302,index,simulated,PDI Synthetic Generator — Baseline,,AUBEB mangrove baseline scenario
3446,2,Data extraction — baseline remote sensing_Entity,Mozambique,2025-11-10,daily_state,ndc_balance,243.43,296.07,213.63,72.16,0.519,index,simulated,PDI Synthetic Generator — Baseline,,AUBEB mangrove baseline scenario
3447,3,Specification — carbon quantification_Entity,Madagascar,2025-11-10,daily_state,ndc_balance,247.12,259.69,262.44,101.06,2.14,index,simulated,PDI Synthetic Generator — Baseline,,AUBEB mangrove baseline scenario
3448,4,Certification — verification & registration_Entity,Guinea,2025-11-10,daily_state,ndc_balance,247.15,248.11,234.46,94.5,2.282,index,simulated,PDI Synthetic Generator — Baseline,,AUBEB mangrove baseline scenario
3449,5,Commercialisation outward_Entity,Tanzania,2025-11-10,daily_state,ndc_balance,240.03,258.78,241.39,93.28,0.8373,index,simulated,PDI Synthetic Generator — Baseline,,AUBEB mangrove baseline scenario
3450,6,Capital return — Conservation Fund deployment_Entity,Benin,2025-11-10,daily_state,ndc_balance,234.59,278.91,215.55,77.28,0.6181,index,simulated,PDI Synthetic Generator — Baseline,,AUBEB mangrove baseline scenario
3451,7,Restoration specification — CBEMR design_Entity,Nigeria,2025-11-10,daily_state,ndc_balance,293.21,266.92,297.9,101.6,0.4526,index,simulated,PDI Synthetic Generator — Baseline,,AUBEB mangrove baseline scenario
3452,8,Community custodial co-management_Entity,Cameroon,2025-11-10,daily_state,ndc_balance,228.57,232.83,184.48,79.23,0.6251,index,simulated,PDI Synthetic Generator — Baseline,,AUBEB mangrove baseline scenario
3453,9,Physical recovery — active regeneration_Entity,Mozambique,2025-11-10,daily_state,ndc_balance,260.63,234.81,238.5,91.51,2.4131,index,simulated,PDI Synthetic Generator — Baseline,,AUBEB mangrove baseline scenario
3454,10,Verified restoration — sustained blue economy asset_Entity,Madagascar,2025-11-10,daily_state,ndc_balance,270.21,262.82,256.96,95.1,0.512,index,simulated,PDI Synthetic Generator — Baseline,,AUBEB mangrove baseline scenario
3455,0,Pre-commercial: degraded ecosystem_Entity,Nigeria,2025-11-11,daily_state,ndc_balance,189.0,197.01,141.58,71.86,0.6168,index,simulated,PDI Synthetic Generator — Baseline,,AUBEB mangrove baseline scenario
3456,1,Custodial formalisation_Entity,Cameroon,2025-11-11,daily_state,ndc_balance,198.75,280.48,216.71,77.26,0.9547,index,simulated,PDI Synthetic Generator — Baseline,,AUBEB mangrove baseline scenario
3457,2,Data extraction — baseline remote sensing_Entity,Mozambique,2025-11-11,daily_state,ndc_balance,261.12,269.37,231.04,85.77,1.086,index,simulated,PDI Synthetic Generator — Baseline,,AUBEB mangrove baseline scenario
3458,3,Specification — carbon quantification_Entity,Madagascar,2025-11-11,daily_state,ndc_balance,312.44,275.75,248.82,79.64,1.0005,index,simulated,PDI Synthetic Generator — Baseline,,AUBEB mangrove baseline scenario
3459,4,Certification — verification & registration_Entity,Guinea,2025-11-11,daily_state,ndc_balance,296.07,279.34,245.71,82.99,1.8414,index,simulated,PDI Synthetic Generator — Baseline,,AUBEB mangrove baseline scenario
3460,5,Commercialisation outward_Entity,Tanzania,2025-11-11,daily_state,ndc_balance,267.74,230.92,234.8,87.7,1.4526,index,simulated,PDI Synthetic Generator — Baseline,,AUBEB mangrove baseline scenario
3461,6,Capital return — Conservation Fund deployment_Entity,Benin,2025-11-11,daily_state,ndc_balance,234.86,289.8,224.71,77.54,0.4481,index,simulated,PDI Synthetic Generator — Baseline,,AUBEB mangrove baseline scenario
3462,7,Restoration specification — CBEMR design_Entity,Nigeria,2025-11-11,daily_state,ndc_balance,302.47,279.85,263.33,87.06,0.9986,index,simulated,PDI Synthetic Generator — Baseline,,AUBEB mangrove baseline scenario
3463,8,Community custodial co-management_Entity,Cameroon,2025-11-11,daily_state,ndc_balance,241.08,259.16,196.44,75.8,1.0106,index,simulated,PDI Synthetic Generator — Baseline,,AUBEB mangrove baseline scenario
3464,9,Physical recovery — active regeneration_Entity,Mozambique,2025-11-11,daily_state,ndc_balance,250.11,245.35,233.28,93.27,2.5395,index,simulated,PDI Synthetic Generator — Baseline,,AUBEB mangrove baseline scenario
3465,10,Verified restoration — sustained blue economy asset_Entity,Madagascar,2025-11-11,daily_state,ndc_balance,288.67,249.97,255.99,88.68,0.613,index,simulated,PDI Synthetic Generator — Baseline,,AUBEB mangrove baseline scenario
3466,0,Pre-commercial: degraded ecosystem_Entity,Nigeria,2025-11-12,daily_state,ndc_balance,199.96,223.02,160.18,71.82,0.6656,index,simulated,PDI Synthetic Generator — Baseline,,AUBEB mangrove baseline scenario
3467,1,Custodial formalisation_Entity,Cameroon,2025-11-12,daily_state,ndc_balance,202.63,243.9,202.61,83.07,0.2824,index,simulated,PDI Synthetic Generator — Baseline,,AUBEB mangrove baseline scenario
3468,2,Data extraction — baseline remote sensing_Entity,Mozambique,2025-11-12,daily_state,ndc_balance,271.64,283.42,234.86,82.87,0.2782,index,simulated,PDI Synthetic Generator — Baseline,,AUBEB mangrove baseline scenario
3469,3,Specification — carbon quantification_Entity,Madagascar,2025-11-12,daily_state,ndc_balance,236.58,247.81,235.45,95.01,0.7394,index,simulated,PDI Synthetic Generator — Baseline,,AUBEB mangrove baseline scenario
3470,4,Certification — verification & registration_Entity,Guinea,2025-11-12,daily_state,ndc_balance,240.94,279.83,250.46,89.5,2.3892,index,simulated,PDI Synthetic Generator — Baseline,,AUBEB mangrove baseline scenario
3471,5,Commercialisation outward_Entity,Tanzania,2025-11-12,daily_state,ndc_balance,276.33,285.69,220.22,77.08,1.5127,index,simulated,PDI Synthetic Generator — Baseline,,AUBEB mangrove baseline scenario
3472,6,Capital return — Conservation Fund deployment_Entity,Benin,2025-11-12,daily_state,ndc_balance,247.35,270.72,233.92,86.41,1.4459,index,simulated,PDI Synthetic Generator — Baseline,,AUBEB mangrove baseline scenario
3473,7,Restoration specification — CBEMR design_Entity,Nigeria,2025-11-12,daily_state,ndc_balance,278.49,295.39,249.9,84.6,1.3867,index,simulated,PDI Synthetic Generator — Baseline,,AUBEB mangrove baseline scenario
3474,8,Community custodial co-management_Entity,Cameroon,2025-11-12,daily_state,ndc_balance,229.95,254.53,193.22,75.91,1.4988,index,simulated,PDI Synthetic Generator — Baseline,,AUBEB mangrove baseline scenario
3475,9,Physical recovery — active regeneration_Entity,Mozambique,2025-11-12,daily_state,ndc_balance,240.14,231.95,237.87,99.05,1.6425,index,simulated,PDI Synthetic Generator — Baseline,,AUBEB mangrove baseline scenario
3476,10,Verified restoration — sustained blue economy asset_Entity,Madagascar,2025-11-12,daily_state,ndc_balance,265.28,265.09,278.03,104.81,1.5191,index,simulated,PDI Synthetic Generator — Baseline,,AUBEB mangrove baseline scenario
3477,0,Pre-commercial: degraded ecosystem_Entity,Nigeria,2025-11-13,daily_state,ndc_balance,203.08,191.77,149.3,73.52,0.6388,index,simulated,PDI Synthetic Generator — Baseline,,AUBEB mangrove baseline scenario
3478,1,Custodial formalisation_Entity,Cameroon,2025-11-13,daily_state,ndc_balance,210.94,272.54,220.24,80.81,0.4696,index,simulated,PDI Synthetic Generator — Baseline,,AUBEB mangrove baseline scenario
3479,2,Data extraction — baseline remote sensing_Entity,Mozambique,2025-11-13,daily_state,ndc_balance,273.95,282.4,248.14,87.87,1.1675,index,simulated,PDI Synthetic Generator — Baseline,,AUBEB mangrove baseline scenario
3480,3,Specification — carbon quantification_Entity,Madagascar,2025-11-13,daily_state,ndc_balance,285.41,275.77,261.86,91.75,2.0034,index,simulated,PDI Synthetic Generator — Baseline,,AUBEB mangrove baseline scenario
3481,4,Certification — verification & registration_Entity,Guinea,2025-11-13,daily_state,ndc_balance,252.17,252.15,235.01,93.2,0.5481,index,simulated,PDI Synthetic Generator — Baseline,,AUBEB mangrove baseline scenario
3482,5,Commercialisation outward_Entity,Tanzania,2025-11-13,daily_state,ndc_balance,243.64,247.96,206.68,83.35,1.2441,index,simulated,PDI Synthetic Generator — Baseline,,AUBEB mangrove baseline scenario
3483,6,Capital return — Conservation Fund deployment_Entity,Benin,2025-11-13,daily_state,ndc_balance,228.7,251.89,232.89,92.46,0.3345,index,simulated,PDI Synthetic Generator — Baseline,,AUBEB mangrove baseline scenario
3484,7,Restoration specification — CBEMR design_Entity,Nigeria,2025-11-13,daily_state,ndc_balance,298.42,277.9,260.21,87.2,0.3637,index,simulated,PDI Synthetic Generator — Baseline,,AUBEB mangrove baseline scenario
3485,8,Community custodial co-management_Entity,Cameroon,2025-11-13,daily_state,ndc_balance,263.19,261.89,195.9,74.43,0.9106,index,simulated,PDI Synthetic Generator — Baseline,,AUBEB mangrove baseline scenario
3486,9,Physical recovery — active regeneration_Entity,Mozambique,2025-11-13,daily_state,ndc_balance,261.72,243.71,221.2,84.52,1.582,index,simulated,PDI Synthetic Generator — Baseline,,AUBEB mangrove baseline scenario
3487,10,Verified restoration — sustained blue economy asset_Entity,Madagascar,2025-11-13,daily_state,ndc_balance,276.0,279.8,236.46,84.51,1.0287,index,simulated,PDI Synthetic Generator — Baseline,,AUBEB mangrove baseline scenario
3488,0,Pre-commercial: degraded ecosystem_Entity,Nigeria,2025-11-14,daily_state,ndc_balance,227.72,189.44,159.39,69.99,0.8964,index,simulated,PDI Synthetic Generator — Baseline,,AUBEB mangrove baseline scenario
3489,1,Custodial formalisation_Entity,Cameroon,2025-11-14,daily_state,ndc_balance,211.52,270.1,219.58,81.3,0.9402,index,simulated,PDI Synthetic Generator — Baseline,,AUBEB mangrove baseline scenario
3490,2,Data extraction — baseline remote sensing_Entity,Mozambique,2025-11-14,daily_state,ndc_balance,218.67,223.46,246.58,110.35,0.8524,index,simulated,PDI Synthetic Generator — Baseline,,AUBEB mangrove baseline scenario
3491,3,Specification — carbon quantification_Entity,Madagascar,2025-11-14,daily_state,ndc_balance,289.3,263.96,226.27,78.21,1.6821,index,simulated,PDI Synthetic Generator — Baseline,,AUBEB mangrove baseline scenario
3492,4,Certification — verification & registration_Entity,Guinea,2025-11-14,daily_state,ndc_balance,236.22,268.9,223.39,83.08,1.6435,index,simulated,PDI Synthetic Generator — Baseline,,AUBEB mangrove baseline scenario
3493,5,Commercialisation outward_Entity,Tanzania,2025-11-14,daily_state,ndc_balance,243.34,253.08,237.19,93.72,0.27,index,simulated,PDI Synthetic Generator — Baseline,,AUBEB mangrove baseline scenario
3494,6,Capital return — Conservation Fund deployment_Entity,Benin,2025-11-14,daily_state,ndc_balance,245.67,241.74,231.76,94.34,1.471,index,simulated,PDI Synthetic Generator — Baseline,,AUBEB mangrove baseline scenario
3495,7,Restoration specification — CBEMR design_Entity,Nigeria,2025-11-14,daily_state,ndc_balance,283.66,286.24,238.59,83.35,1.1557,index,simulated,PDI Synthetic Generator — Baseline,,AUBEB mangrove baseline scenario
3496,8,Community custodial co-management_Entity,Cameroon,2025-11-14,daily_state,ndc_balance,216.58,224.36,191.24,85.24,2.1672,index,simulated,PDI Synthetic Generator — Baseline,,AUBEB mangrove baseline scenario
3497,9,Physical recovery — active regeneration_Entity,Mozambique,2025-11-14,daily_state,ndc_balance,236.17,238.49,201.62,84.54,1.7587,index,simulated,PDI Synthetic Generator — Baseline,,AUBEB mangrove baseline scenario
3498,10,Verified restoration — sustained blue economy asset_Entity,Madagascar,2025-11-14,daily_state,ndc_balance,296.34,247.03,261.81,88.35,1.3872,index,simulated,PDI Synthetic Generator — Baseline,,AUBEB mangrove baseline scenario
3499,0,Pre-commercial: degraded ecosystem_Entity,Nigeria,2025-11-15,daily_state,ndc_balance,180.45,195.14,149.36,76.54,0.8201,index,simulated,PDI Synthetic Generator — Baseline,,AUBEB mangrove baseline scenario
3500,1,Custodial formalisation_Entity,Cameroon,2025-11-15,daily_state,ndc_balance,215.16,251.82,196.79,78.15,0.9656,index,simulated,PDI Synthetic Generator — Baseline,,AUBEB mangrove baseline scenario
3501,2,Data extraction — baseline remote sensing_Entity,Mozambique,2025-11-15,daily_state,ndc_balance,281.49,246.0,260.14,92.42,0.7888,index,simulated,PDI Synthetic Generator — Baseline,,AUBEB mangrove baseline scenario
3502,3,Specification — carbon quantification_Entity,Madagascar,2025-11-15,daily_state,ndc_balance,268.17,263.31,275.91,102.89,1.6016,index,simulated,PDI Synthetic Generator — Baseline,,AUBEB mangrove baseline scenario
3503,4,Certification — verification & registration_Entity,Guinea,2025-11-15,daily_state,ndc_balance,252.96,294.54,248.01,84.2,1.944,index,simulated,PDI Synthetic Generator — Baseline,,AUBEB mangrove baseline scenario
3504,5,Commercialisation outward_Entity,Tanzania,2025-11-15,daily_state,ndc_balance,262.71,271.67,243.98,89.81,1.3977,index,simulated,PDI Synthetic Generator — Baseline,,AUBEB mangrove baseline scenario
3505,6,Capital return — Conservation Fund deployment_Entity,Benin,2025-11-15,daily_state,ndc_balance,297.2,282.14,215.88,72.64,0.7709,index,simulated,PDI Synthetic Generator — Baseline,,AUBEB mangrove baseline scenario
3506,7,Restoration specification — CBEMR design_Entity,Nigeria,2025-11-15,daily_state,ndc_balance,285.3,300.4,245.0,81.56,0.691,index,simulated,PDI Synthetic Generator — Baseline,,AUBEB mangrove baseline scenario
3507,8,Community custodial co-management_Entity,Cameroon,2025-11-15,daily_state,ndc_balance,243.01,238.24,183.97,75.7,1.646,index,simulated,PDI Synthetic Generator — Baseline,,AUBEB mangrove baseline scenario
3508,9,Physical recovery — active regeneration_Entity,Mozambique,2025-11-15,daily_state,ndc_balance,260.92,257.98,213.8,81.94,0.7565,index,simulated,PDI Synthetic Generator — Baseline,,AUBEB mangrove baseline scenario
3509,10,Verified restoration — sustained blue economy asset_Entity,Madagascar,2025-11-15,daily_state,ndc_balance,275.6,268.88,265.58,96.36,1.9366,index,simulated,PDI Synthetic Generator — Baseline,,AUBEB mangrove baseline scenario
3510,0,Pre-commercial: degraded ecosystem_Entity,Nigeria,2025-11-16,daily_state,ndc_balance,199.42,198.61,146.11,73.27,0.5014,index,simulated,PDI Synthetic Generator — Baseline,,AUBEB mangrove baseline scenario
3511,1,Custodial formalisation_Entity,Cameroon,2025-11-16,daily_state,ndc_balance,228.28,270.59,205.4,75.91,0.4844,index,simulated,PDI Synthetic Generator — Baseline,,AUBEB mangrove baseline scenario
3512,2,Data extraction — baseline remote sensing_Entity,Mozambique,2025-11-16,daily_state,ndc_balance,272.98,269.36,237.55,87.02,1.5497,index,simulated,PDI Synthetic Generator — Baseline,,AUBEB mangrove baseline scenario
3513,3,Specification — carbon quantification_Entity,Madagascar,2025-11-16,daily_state,ndc_balance,283.24,270.9,274.58,96.94,0.9371,index,simulated,PDI Synthetic Generator — Baseline,,AUBEB mangrove baseline scenario
3514,4,Certification — verification & registration_Entity,Guinea,2025-11-16,daily_state,ndc_balance,278.91,258.62,220.19,78.95,0.8863,index,simulated,PDI Synthetic Generator — Baseline,,AUBEB mangrove baseline scenario
3515,5,Commercialisation outward_Entity,Tanzania,2025-11-16,daily_state,ndc_balance,268.75,265.86,236.26,87.91,2.1761,index,simulated,PDI Synthetic Generator — Baseline,,AUBEB mangrove baseline scenario
3516,6,Capital return — Conservation Fund deployment_Entity,Benin,2025-11-16,daily_state,ndc_balance,266.06,264.55,244.99,92.08,1.5105,index,simulated,PDI Synthetic Generator — Baseline,,AUBEB mangrove baseline scenario
3517,7,Restoration specification — CBEMR design_Entity,Nigeria,2025-11-16,daily_state,ndc_balance,323.51,291.44,272.7,84.29,0.2196,index,simulated,PDI Synthetic Generator — Baseline,,AUBEB mangrove baseline scenario
3518,8,Community custodial co-management_Entity,Cameroon,2025-11-16,daily_state,ndc_balance,216.17,257.75,216.38,83.95,1.7231,index,simulated,PDI Synthetic Generator — Baseline,,AUBEB mangrove baseline scenario
3519,9,Physical recovery — active regeneration_Entity,Mozambique,2025-11-16,daily_state,ndc_balance,288.81,238.58,244.59,84.69,0.4503,index,simulated,PDI Synthetic Generator — Baseline,,AUBEB mangrove baseline scenario
3520,10,Verified restoration — sustained blue economy asset_Entity,Madagascar,2025-11-16,daily_state,ndc_balance,292.03,274.85,228.53,78.26,0.9531,index,simulated,PDI Synthetic Generator — Baseline,,AUBEB mangrove baseline scenario
3521,0,Pre-commercial: degraded ecosystem_Entity,Nigeria,2025-11-17,daily_state,ndc_balance,212.83,212.37,141.37,66.42,1.0723,index,simulated,PDI Synthetic Generator — Baseline,,AUBEB mangrove baseline scenario
3522,1,Custodial formalisation_Entity,Cameroon,2025-11-17,daily_state,ndc_balance,217.22,262.23,223.09,85.07,0.5871,index,simulated,PDI Synthetic Generator — Baseline,,AUBEB mangrove baseline scenario
3523,2,Data extraction — baseline remote sensing_Entity,Mozambique,2025-11-17,daily_state,ndc_balance,279.23,263.1,260.2,93.18,2.5333,index,simulated,PDI Synthetic Generator — Baseline,,AUBEB mangrove baseline scenario
3524,3,Specification — carbon quantification_Entity,Madagascar,2025-11-17,daily_state,ndc_balance,267.59,277.25,209.26,75.48,0.4205,index,simulated,PDI Synthetic Generator — Baseline,,AUBEB mangrove baseline scenario
3525,4,Certification — verification & registration_Entity,Guinea,2025-11-17,daily_state,ndc_balance,249.63,288.6,234.52,81.26,1.9652,index,simulated,PDI Synthetic Generator — Baseline,,AUBEB mangrove baseline scenario
3526,5,Commercialisation outward_Entity,Tanzania,2025-11-17,daily_state,ndc_balance,250.48,272.7,220.01,80.68,0.7931,index,simulated,PDI Synthetic Generator — Baseline,,AUBEB mangrove baseline scenario
3527,6,Capital return — Conservation Fund deployment_Entity,Benin,2025-11-17,daily_state,ndc_balance,239.86,289.59,242.1,83.6,1.7416,index,simulated,PDI Synthetic Generator — Baseline,,AUBEB mangrove baseline scenario
3528,7,Restoration specification — CBEMR design_Entity,Nigeria,2025-11-17,daily_state,ndc_balance,292.2,274.48,261.55,89.51,1.6194,index,simulated,PDI Synthetic Generator — Baseline,,AUBEB mangrove baseline scenario
3529,8,Community custodial co-management_Entity,Cameroon,2025-11-17,daily_state,ndc_balance,239.45,230.78,229.83,95.98,0.8404,index,simulated,PDI Synthetic Generator — Baseline,,AUBEB mangrove baseline scenario
3530,9,Physical recovery — active regeneration_Entity,Mozambique,2025-11-17,daily_state,ndc_balance,271.44,233.58,207.24,76.35,0.9529,index,simulated,PDI Synthetic Generator — Baseline,,AUBEB mangrove baseline scenario
3531,10,Verified restoration — sustained blue economy asset_Entity,Madagascar,2025-11-17,daily_state,ndc_balance,282.17,255.98,248.63,88.11,0.3209,index,simulated,PDI Synthetic Generator — Baseline,,AUBEB mangrove baseline scenario
3532,0,Pre-commercial: degraded ecosystem_Entity,Nigeria,2025-11-18,daily_state,ndc_balance,193.76,199.01,142.21,71.46,0.6432,index,simulated,PDI Synthetic Generator — Baseline,,AUBEB mangrove baseline scenario
3533,1,Custodial formalisation_Entity,Cameroon,2025-11-18,daily_state,ndc_balance,241.56,269.05,205.13,76.24,1.4889,index,simulated,PDI Synthetic Generator — Baseline,,AUBEB mangrove baseline scenario
3534,2,Data extraction — baseline remote sensing_Entity,Mozambique,2025-11-18,daily_state,ndc_balance,243.2,303.89,237.49,78.15,0.3238,index,simulated,PDI Synthetic Generator — Baseline,,AUBEB mangrove baseline scenario
3535,3,Specification — carbon quantification_Entity,Madagascar,2025-11-18,daily_state,ndc_balance,292.46,253.71,249.89,85.44,0.4867,index,simulated,PDI Synthetic Generator — Baseline,,AUBEB mangrove baseline scenario
3536,4,Certification — verification & registration_Entity,Guinea,2025-11-18,daily_state,ndc_balance,257.08,217.63,239.69,93.24,1.9645,index,simulated,PDI Synthetic Generator — Baseline,,AUBEB mangrove baseline scenario
3537,5,Commercialisation outward_Entity,Tanzania,2025-11-18,daily_state,ndc_balance,248.21,291.24,259.0,88.93,0.9143,index,simulated,PDI Synthetic Generator — Baseline,,AUBEB mangrove baseline scenario
3538,6,Capital return — Conservation Fund deployment_Entity,Benin,2025-11-18,daily_state,ndc_balance,266.0,260.47,252.62,94.97,0.9852,index,simulated,PDI Synthetic Generator — Baseline,,AUBEB mangrove baseline scenario
3539,7,Restoration specification — CBEMR design_Entity,Nigeria,2025-11-18,daily_state,ndc_balance,283.56,267.74,239.9,84.6,0.4793,index,simulated,PDI Synthetic Generator — Baseline,,AUBEB mangrove baseline scenario
3540,8,Community custodial co-management_Entity,Cameroon,2025-11-18,daily_state,ndc_balance,270.72,255.22,207.48,76.64,0.4189,index,simulated,PDI Synthetic Generator — Baseline,,AUBEB mangrove baseline scenario
3541,9,Physical recovery — active regeneration_Entity,Mozambique,2025-11-18,daily_state,ndc_balance,243.66,265.16,248.36,93.66,0.4411,index,simulated,PDI Synthetic Generator — Baseline,,AUBEB mangrove baseline scenario
3542,10,Verified restoration — sustained blue economy asset_Entity,Madagascar,2025-11-18,daily_state,ndc_balance,289.32,267.06,267.06,92.31,0.3079,index,simulated,PDI Synthetic Generator — Baseline,,AUBEB mangrove baseline scenario
3543,0,Pre-commercial: degraded ecosystem_Entity,Nigeria,2025-11-19,daily_state,ndc_balance,210.62,198.74,137.91,65.48,1.2068,index,simulated,PDI Synthetic Generator — Baseline,,AUBEB mangrove baseline scenario
3544,1,Custodial formalisation_Entity,Cameroon,2025-11-19,daily_state,ndc_balance,187.07,246.56,197.96,80.29,0.8244,index,simulated,PDI Synthetic Generator — Baseline,,AUBEB mangrove baseline scenario
3545,2,Data extraction — baseline remote sensing_Entity,Mozambique,2025-11-19,daily_state,ndc_balance,265.94,279.2,227.66,81.54,0.5273,index,simulated,PDI Synthetic Generator — Baseline,,AUBEB mangrove baseline scenario
3546,3,Specification — carbon quantification_Entity,Madagascar,2025-11-19,daily_state,ndc_balance,310.42,278.87,283.91,91.46,0.7738,index,simulated,PDI Synthetic Generator — Baseline,,AUBEB mangrove baseline scenario
3547,4,Certification — verification & registration_Entity,Guinea,2025-11-19,daily_state,ndc_balance,255.04,302.89,221.05,72.98,1.3954,index,simulated,PDI Synthetic Generator — Baseline,,AUBEB mangrove baseline scenario
3548,5,Commercialisation outward_Entity,Tanzania,2025-11-19,daily_state,ndc_balance,253.96,279.77,216.66,77.44,1.1148,index,simulated,PDI Synthetic Generator — Baseline,,AUBEB mangrove baseline scenario
3549,6,Capital return — Conservation Fund deployment_Entity,Benin,2025-11-19,daily_state,ndc_balance,255.21,259.24,218.07,84.12,1.9228,index,simulated,PDI Synthetic Generator — Baseline,,AUBEB mangrove baseline scenario
3550,7,Restoration specification — CBEMR design_Entity,Nigeria,2025-11-19,daily_state,ndc_balance,275.44,272.07,247.64,89.91,2.2478,index,simulated,PDI Synthetic Generator — Baseline,,AUBEB mangrove baseline scenario
3551,8,Community custodial co-management_Entity,Cameroon,2025-11-19,daily_state,ndc_balance,217.81,266.82,195.54,73.29,0.2608,index,simulated,PDI Synthetic Generator — Baseline,,AUBEB mangrove baseline scenario
3552,9,Physical recovery — active regeneration_Entity,Mozambique,2025-11-19,daily_state,ndc_balance,256.91,271.12,227.13,83.77,0.413,index,simulated,PDI Synthetic Generator — Baseline,,AUBEB mangrove baseline scenario
3553,10,Verified restoration — sustained blue economy asset_Entity,Madagascar,2025-11-19,daily_state,ndc_balance,261.29,274.65,242.71,88.37,0.7915,index,simulated,PDI Synthetic Generator — Baseline,,AUBEB mangrove baseline scenario
3554,0,Pre-commercial: degraded ecosystem_Entity,Nigeria,2025-11-20,daily_state,ndc_balance,211.49,187.04,136.09,64.35,1.012,index,simulated,PDI Synthetic Generator — Baseline,,AUBEB mangrove baseline scenario
3555,1,Custodial formalisation_Entity,Cameroon,2025-11-20,daily_state,ndc_balance,218.72,276.88,203.13,73.36,1.421,index,simulated,PDI Synthetic Generator — Baseline,,AUBEB mangrove baseline scenario
3556,2,Data extraction — baseline remote sensing_Entity,Mozambique,2025-11-20,daily_state,ndc_balance,239.99,269.95,241.03,89.29,0.7093,index,simulated,PDI Synthetic Generator — Baseline,,AUBEB mangrove baseline scenario
3557,3,Specification — carbon quantification_Entity,Madagascar,2025-11-20,daily_state,ndc_balance,277.34,262.4,286.69,103.37,1.7911,index,simulated,PDI Synthetic Generator — Baseline,,AUBEB mangrove baseline scenario
3558,4,Certification — verification & registration_Entity,Guinea,2025-11-20,daily_state,ndc_balance,251.74,273.68,237.9,86.93,1.2936,index,simulated,PDI Synthetic Generator — Baseline,,AUBEB mangrove baseline scenario
3559,5,Commercialisation outward_Entity,Tanzania,2025-11-20,daily_state,ndc_balance,255.95,300.73,234.48,77.97,1.0812,index,simulated,PDI Synthetic Generator — Baseline,,AUBEB mangrove baseline scenario
3560,6,Capital return — Conservation Fund deployment_Entity,Benin,2025-11-20,daily_state,ndc_balance,250.08,282.46,232.45,82.29,1.4226,index,simulated,PDI Synthetic Generator — Baseline,,AUBEB mangrove baseline scenario
3561,7,Restoration specification — CBEMR design_Entity,Nigeria,2025-11-20,daily_state,ndc_balance,287.28,290.7,243.41,83.73,1.3287,index,simulated,PDI Synthetic Generator — Baseline,,AUBEB mangrove baseline scenario
3562,8,Community custodial co-management_Entity,Cameroon,2025-11-20,daily_state,ndc_balance,247.96,266.71,190.85,71.56,0.4979,index,simulated,PDI Synthetic Generator — Baseline,,AUBEB mangrove baseline scenario
3563,9,Physical recovery — active regeneration_Entity,Mozambique,2025-11-20,daily_state,ndc_balance,256.83,245.87,215.27,83.82,1.1548,index,simulated,PDI Synthetic Generator — Baseline,,AUBEB mangrove baseline scenario
3564,10,Verified restoration — sustained blue economy asset_Entity,Madagascar,2025-11-20,daily_state,ndc_balance,291.67,288.48,252.83,86.68,0.6133,index,simulated,PDI Synthetic Generator — Baseline,,AUBEB mangrove baseline scenario
3565,0,Pre-commercial: degraded ecosystem_Entity,Nigeria,2025-11-21,daily_state,ndc_balance,199.88,206.28,146.89,71.21,0.3164,index,simulated,PDI Synthetic Generator — Baseline,,AUBEB mangrove baseline scenario
3566,1,Custodial formalisation_Entity,Cameroon,2025-11-21,daily_state,ndc_balance,228.68,267.86,207.01,77.28,0.244,index,simulated,PDI Synthetic Generator — Baseline,,AUBEB mangrove baseline scenario
3567,2,Data extraction — baseline remote sensing_Entity,Mozambique,2025-11-21,daily_state,ndc_balance,281.39,271.69,240.4,85.43,0.481,index,simulated,PDI Synthetic Generator — Baseline,,AUBEB mangrove baseline scenario
3568,3,Specification — carbon quantification_Entity,Madagascar,2025-11-21,daily_state,ndc_balance,254.67,280.22,295.25,105.36,2.0553,index,simulated,PDI Synthetic Generator — Baseline,,AUBEB mangrove baseline scenario
3569,4,Certification — verification & registration_Entity,Guinea,2025-11-21,daily_state,ndc_balance,245.66,250.84,239.14,95.34,0.5351,index,simulated,PDI Synthetic Generator — Baseline,,AUBEB mangrove baseline scenario
3570,5,Commercialisation outward_Entity,Tanzania,2025-11-21,daily_state,ndc_balance,257.72,274.47,240.52,87.63,1.7321,index,simulated,PDI Synthetic Generator — Baseline,,AUBEB mangrove baseline scenario
3571,6,Capital return — Conservation Fund deployment_Entity,Benin,2025-11-21,daily_state,ndc_balance,266.97,239.93,222.57,83.37,1.4462,index,simulated,PDI Synthetic Generator — Baseline,,AUBEB mangrove baseline scenario
3572,7,Restoration specification — CBEMR design_Entity,Nigeria,2025-11-21,daily_state,ndc_balance,295.4,264.51,237.18,80.29,0.5442,index,simulated,PDI Synthetic Generator — Baseline,,AUBEB mangrove baseline scenario
3573,8,Community custodial co-management_Entity,Cameroon,2025-11-21,daily_state,ndc_balance,229.63,248.16,181.66,73.2,1.4023,index,simulated,PDI Synthetic Generator — Baseline,,AUBEB mangrove baseline scenario
3574,9,Physical recovery — active regeneration_Entity,Mozambique,2025-11-21,daily_state,ndc_balance,276.34,242.81,219.18,79.32,1.8009,index,simulated,PDI Synthetic Generator — Baseline,,AUBEB mangrove baseline scenario
3575,10,Verified restoration — sustained blue economy asset_Entity,Madagascar,2025-11-21,daily_state,ndc_balance,268.17,276.76,246.79,89.17,1.9161,index,simulated,PDI Synthetic Generator — Baseline,,AUBEB mangrove baseline scenario
3576,0,Pre-commercial: degraded ecosystem_Entity,Nigeria,2025-11-22,daily_state,ndc_balance,202.87,210.01,129.76,61.79,0.6549,index,simulated,PDI Synthetic Generator — Baseline,,AUBEB mangrove baseline scenario
3577,1,Custodial formalisation_Entity,Cameroon,2025-11-22,daily_state,ndc_balance,213.76,279.56,210.58,75.33,0.4415,index,simulated,PDI Synthetic Generator — Baseline,,AUBEB mangrove baseline scenario
3578,2,Data extraction — baseline remote sensing_Entity,Mozambique,2025-11-22,daily_state,ndc_balance,268.2,274.21,226.61,82.64,1.6112,index,simulated,PDI Synthetic Generator — Baseline,,AUBEB mangrove baseline scenario
3579,3,Specification — carbon quantification_Entity,Madagascar,2025-11-22,daily_state,ndc_balance,296.96,279.17,253.39,85.33,0.6134,index,simulated,PDI Synthetic Generator — Baseline,,AUBEB mangrove baseline scenario
3580,4,Certification — verification & registration_Entity,Guinea,2025-11-22,daily_state,ndc_balance,270.5,292.47,217.38,74.33,1.6029,index,simulated,PDI Synthetic Generator — Baseline,,AUBEB mangrove baseline scenario
3581,5,Commercialisation outward_Entity,Tanzania,2025-11-22,daily_state,ndc_balance,257.8,290.53,226.07,77.81,1.4584,index,simulated,PDI Synthetic Generator — Baseline,,AUBEB mangrove baseline scenario
3582,6,Capital return — Conservation Fund deployment_Entity,Benin,2025-11-22,daily_state,ndc_balance,263.17,262.16,218.29,82.95,2.0389,index,simulated,PDI Synthetic Generator — Baseline,,AUBEB mangrove baseline scenario
3583,7,Restoration specification — CBEMR design_Entity,Nigeria,2025-11-22,daily_state,ndc_balance,257.19,264.53,259.33,98.03,1.2506,index,simulated,PDI Synthetic Generator — Baseline,,AUBEB mangrove baseline scenario
3584,8,Community custodial co-management_Entity,Cameroon,2025-11-22,daily_state,ndc_balance,244.82,255.79,201.36,78.72,1.6282,index,simulated,PDI Synthetic Generator — Baseline,,AUBEB mangrove baseline scenario
3585,9,Physical recovery — active regeneration_Entity,Mozambique,2025-11-22,daily_state,ndc_balance,239.04,250.65,228.85,91.3,2.4044,index,simulated,PDI Synthetic Generator — Baseline,,AUBEB mangrove baseline scenario
3586,10,Verified restoration — sustained blue economy asset_Entity,Madagascar,2025-11-22,daily_state,ndc_balance,283.45,299.31,275.41,92.01,0.8303,index,simulated,PDI Synthetic Generator — Baseline,,AUBEB mangrove baseline scenario
3587,0,Pre-commercial: degraded ecosystem_Entity,Nigeria,2025-11-23,daily_state,ndc_balance,201.08,230.16,157.23,68.31,0.8638,index,simulated,PDI Synthetic Generator — Baseline,,AUBEB mangrove baseline scenario
3588,1,Custodial formalisation_Entity,Cameroon,2025-11-23,daily_state,ndc_balance,201.54,304.77,199.81,65.56,0.8572,index,simulated,PDI Synthetic Generator — Baseline,,AUBEB mangrove baseline scenario
3589,2,Data extraction — baseline remote sensing_Entity,Mozambique,2025-11-23,daily_state,ndc_balance,257.25,271.81,255.55,94.02,1.9111,index,simulated,PDI Synthetic Generator — Baseline,,AUBEB mangrove baseline scenario
3590,3,Specification — carbon quantification_Entity,Madagascar,2025-11-23,daily_state,ndc_balance,276.15,252.06,250.37,90.66,0.2498,index,simulated,PDI Synthetic Generator — Baseline,,AUBEB mangrove baseline scenario
3591,4,Certification — verification & registration_Entity,Guinea,2025-11-23,daily_state,ndc_balance,262.6,279.33,229.59,82.19,0.6608,index,simulated,PDI Synthetic Generator — Baseline,,AUBEB mangrove baseline scenario
3592,5,Commercialisation outward_Entity,Tanzania,2025-11-23,daily_state,ndc_balance,284.87,279.29,215.51,75.65,1.1434,index,simulated,PDI Synthetic Generator — Baseline,,AUBEB mangrove baseline scenario
3593,6,Capital return — Conservation Fund deployment_Entity,Benin,2025-11-23,daily_state,ndc_balance,240.85,235.64,217.16,90.16,1.0778,index,simulated,PDI Synthetic Generator — Baseline,,AUBEB mangrove baseline scenario
3594,7,Restoration specification — CBEMR design_Entity,Nigeria,2025-11-23,daily_state,ndc_balance,273.71,247.68,229.58,83.88,0.8279,index,simulated,PDI Synthetic Generator — Baseline,,AUBEB mangrove baseline scenario
3595,8,Community custodial co-management_Entity,Cameroon,2025-11-23,daily_state,ndc_balance,244.34,244.75,196.81,80.41,1.055,index,simulated,PDI Synthetic Generator — Baseline,,AUBEB mangrove baseline scenario
3596,9,Physical recovery — active regeneration_Entity,Mozambique,2025-11-23,daily_state,ndc_balance,233.38,234.37,240.57,102.65,2.2782,index,simulated,PDI Synthetic Generator — Baseline,,AUBEB mangrove baseline scenario
3597,10,Verified restoration — sustained blue economy asset_Entity,Madagascar,2025-11-23,daily_state,ndc_balance,308.49,292.97,258.6,83.83,0.5997,index,simulated,PDI Synthetic Generator — Baseline,,AUBEB mangrove baseline scenario
3598,0,Pre-commercial: degraded ecosystem_Entity,Nigeria,2025-11-24,daily_state,ndc_balance,223.92,166.05,156.8,70.03,0.2432,index,simulated,PDI Synthetic Generator — Baseline,,AUBEB mangrove baseline scenario
3599,1,Custodial formalisation_Entity,Cameroon,2025-11-24,daily_state,ndc_balance,197.4,231.57,206.56,89.2,1.8242,index,simulated,PDI Synthetic Generator — Baseline,,AUBEB mangrove baseline scenario
3600,2,Data extraction — baseline remote sensing_Entity,Mozambique,2025-11-24,daily_state,ndc_balance,258.99,273.45,249.45,91.22,0.8259,index,simulated,PDI Synthetic Generator — Baseline,,AUBEB mangrove baseline scenario
3601,3,Specification — carbon quantification_Entity,Madagascar,2025-11-24,daily_state,ndc_balance,295.01,263.77,279.1,94.61,2.4188,index,simulated,PDI Synthetic Generator — Baseline,,AUBEB mangrove baseline scenario
3602,4,Certification — verification & registration_Entity,Guinea,2025-11-24,daily_state,ndc_balance,258.78,277.66,234.06,84.3,1.9852,index,simulated,PDI Synthetic Generator — Baseline,,AUBEB mangrove baseline scenario
3603,5,Commercialisation outward_Entity,Tanzania,2025-11-24,daily_state,ndc_balance,254.72,267.33,232.96,87.14,1.7582,index,simulated,PDI Synthetic Generator — Baseline,,AUBEB mangrove baseline scenario
3604,6,Capital return — Conservation Fund deployment_Entity,Benin,2025-11-24,daily_state,ndc_balance,281.07,283.23,225.14,79.49,1.0017,index,simulated,PDI Synthetic Generator — Baseline,,AUBEB mangrove baseline scenario
3605,7,Restoration specification — CBEMR design_Entity,Nigeria,2025-11-24,daily_state,ndc_balance,278.28,281.72,253.12,89.85,2.261,index,simulated,PDI Synthetic Generator — Baseline,,AUBEB mangrove baseline scenario
3606,8,Community custodial co-management_Entity,Cameroon,2025-11-24,daily_state,ndc_balance,213.15,208.21,198.41,93.08,2.1215,index,simulated,PDI Synthetic Generator — Baseline,,AUBEB mangrove baseline scenario
3607,9,Physical recovery — active regeneration_Entity,Mozambique,2025-11-24,daily_state,ndc_balance,257.28,247.49,222.91,86.64,1.392,index,simulated,PDI Synthetic Generator — Baseline,,AUBEB mangrove baseline scenario
3608,10,Verified restoration — sustained blue economy asset_Entity,Madagascar,2025-11-24,daily_state,ndc_balance,279.72,297.2,255.01,85.8,2.0788,index,simulated,PDI Synthetic Generator — Baseline,,AUBEB mangrove baseline scenario
3609,0,Pre-commercial: degraded ecosystem_Entity,Nigeria,2025-11-25,daily_state,ndc_balance,200.32,184.71,149.16,74.46,1.6344,index,simulated,PDI Synthetic Generator — Baseline,,AUBEB mangrove baseline scenario
3610,1,Custodial formalisation_Entity,Cameroon,2025-11-25,daily_state,ndc_balance,229.9,250.2,204.74,81.83,0.549,index,simulated,PDI Synthetic Generator — Baseline,,AUBEB mangrove baseline scenario
3611,2,Data extraction — baseline remote sensing_Entity,Mozambique,2025-11-25,daily_state,ndc_balance,260.92,261.29,251.8,96.37,2.3529,index,simulated,PDI Synthetic Generator — Baseline,,AUBEB mangrove baseline scenario
3612,3,Specification — carbon quantification_Entity,Madagascar,2025-11-25,daily_state,ndc_balance,282.96,276.41,269.2,95.14,0.4213,index,simulated,PDI Synthetic Generator — Baseline,,AUBEB mangrove baseline scenario
3613,4,Certification — verification & registration_Entity,Guinea,2025-11-25,daily_state,ndc_balance,239.42,279.07,260.52,93.35,1.9652,index,simulated,PDI Synthetic Generator — Baseline,,AUBEB mangrove baseline scenario
3614,5,Commercialisation outward_Entity,Tanzania,2025-11-25,daily_state,ndc_balance,264.93,253.65,250.47,94.54,2.1049,index,simulated,PDI Synthetic Generator — Baseline,,AUBEB mangrove baseline scenario
3615,6,Capital return — Conservation Fund deployment_Entity,Benin,2025-11-25,daily_state,ndc_balance,268.42,257.05,219.1,81.63,0.486,index,simulated,PDI Synthetic Generator — Baseline,,AUBEB mangrove baseline scenario
3616,7,Restoration specification — CBEMR design_Entity,Nigeria,2025-11-25,daily_state,ndc_balance,250.57,264.79,258.43,97.6,0.3761,index,simulated,PDI Synthetic Generator — Baseline,,AUBEB mangrove baseline scenario
3617,8,Community custodial co-management_Entity,Cameroon,2025-11-25,daily_state,ndc_balance,248.35,282.34,191.66,67.88,0.3342,index,simulated,PDI Synthetic Generator — Baseline,,AUBEB mangrove baseline scenario
3618,9,Physical recovery — active regeneration_Entity,Mozambique,2025-11-25,daily_state,ndc_balance,255.05,266.03,239.43,90.0,1.1935,index,simulated,PDI Synthetic Generator — Baseline,,AUBEB mangrove baseline scenario
3619,10,Verified restoration — sustained blue economy asset_Entity,Madagascar,2025-11-25,daily_state,ndc_balance,276.85,262.65,249.53,90.13,2.1823,index,simulated,PDI Synthetic Generator — Baseline,,AUBEB mangrove baseline scenario
3620,0,Pre-commercial: degraded ecosystem_Entity,Nigeria,2025-11-26,daily_state,ndc_balance,181.51,174.68,138.47,76.29,1.1043,index,simulated,PDI Synthetic Generator — Baseline,,AUBEB mangrove baseline scenario
3621,1,Custodial formalisation_Entity,Cameroon,2025-11-26,daily_state,ndc_balance,228.4,266.86,206.23,77.28,1.5156,index,simulated,PDI Synthetic Generator — Baseline,,AUBEB mangrove baseline scenario
3622,2,Data extraction — baseline remote sensing_Entity,Mozambique,2025-11-26,daily_state,ndc_balance,270.78,252.1,231.04,85.32,0.6422,index,simulated,PDI Synthetic Generator — Baseline,,AUBEB mangrove baseline scenario
3623,3,Specification — carbon quantification_Entity,Madagascar,2025-11-26,daily_state,ndc_balance,270.2,275.16,265.67,96.55,1.0743,index,simulated,PDI Synthetic Generator — Baseline,,AUBEB mangrove baseline scenario
3624,4,Certification — verification & registration_Entity,Guinea,2025-11-26,daily_state,ndc_balance,245.52,242.74,217.81,88.71,1.9324,index,simulated,PDI Synthetic Generator — Baseline,,AUBEB mangrove baseline scenario
3625,5,Commercialisation outward_Entity,Tanzania,2025-11-26,daily_state,ndc_balance,265.28,262.74,226.21,85.27,1.1308,index,simulated,PDI Synthetic Generator — Baseline,,AUBEB mangrove baseline scenario
3626,6,Capital return — Conservation Fund deployment_Entity,Benin,2025-11-26,daily_state,ndc_balance,285.76,290.11,238.81,82.32,1.6607,index,simulated,PDI Synthetic Generator — Baseline,,AUBEB mangrove baseline scenario
3627,7,Restoration specification — CBEMR design_Entity,Nigeria,2025-11-26,daily_state,ndc_balance,283.91,275.88,250.48,88.23,2.0349,index,simulated,PDI Synthetic Generator — Baseline,,AUBEB mangrove baseline scenario
3628,8,Community custodial co-management_Entity,Cameroon,2025-11-26,daily_state,ndc_balance,218.57,241.69,191.66,79.3,1.2917,index,simulated,PDI Synthetic Generator — Baseline,,AUBEB mangrove baseline scenario
3629,9,Physical recovery — active regeneration_Entity,Mozambique,2025-11-26,daily_state,ndc_balance,245.49,224.92,241.32,98.3,2.5749,index,simulated,PDI Synthetic Generator — Baseline,,AUBEB mangrove baseline scenario
3630,10,Verified restoration — sustained blue economy asset_Entity,Madagascar,2025-11-26,daily_state,ndc_balance,283.45,275.66,244.18,86.15,0.3243,index,simulated,PDI Synthetic Generator — Baseline,,AUBEB mangrove baseline scenario
3631,0,Pre-commercial: degraded ecosystem_Entity,Nigeria,2025-11-27,daily_state,ndc_balance,209.46,188.32,151.47,72.31,0.2749,index,simulated,PDI Synthetic Generator — Baseline,,AUBEB mangrove baseline scenario
3632,1,Custodial formalisation_Entity,Cameroon,2025-11-27,daily_state,ndc_balance,219.11,264.86,212.11,80.08,0.6446,index,simulated,PDI Synthetic Generator — Baseline,,AUBEB mangrove baseline scenario
3633,2,Data extraction — baseline remote sensing_Entity,Mozambique,2025-11-27,daily_state,ndc_balance,228.53,262.74,259.29,98.69,2.4955,index,simulated,PDI Synthetic Generator — Baseline,,AUBEB mangrove baseline scenario
3634,3,Specification — carbon quantification_Entity,Madagascar,2025-11-27,daily_state,ndc_balance,285.33,290.42,277.96,95.71,2.0031,index,simulated,PDI Synthetic Generator — Baseline,,AUBEB mangrove baseline scenario
3635,4,Certification — verification & registration_Entity,Guinea,2025-11-27,daily_state,ndc_balance,267.47,276.92,224.02,80.9,1.3163,index,simulated,PDI Synthetic Generator — Baseline,,AUBEB mangrove baseline scenario
3636,5,Commercialisation outward_Entity,Tanzania,2025-11-27,daily_state,ndc_balance,265.79,296.15,244.4,82.53,1.0518,index,simulated,PDI Synthetic Generator — Baseline,,AUBEB mangrove baseline scenario
3637,6,Capital return — Conservation Fund deployment_Entity,Benin,2025-11-27,daily_state,ndc_balance,239.52,225.46,227.13,94.83,0.2978,index,simulated,PDI Synthetic Generator — Baseline,,AUBEB mangrove baseline scenario
3638,7,Restoration specification — CBEMR design_Entity,Nigeria,2025-11-27,daily_state,ndc_balance,283.71,295.78,255.82,86.49,0.2733,index,simulated,PDI Synthetic Generator — Baseline,,AUBEB mangrove baseline scenario
3639,8,Community custodial co-management_Entity,Cameroon,2025-11-27,daily_state,ndc_balance,237.29,252.45,187.29,74.19,1.3658,index,simulated,PDI Synthetic Generator — Baseline,,AUBEB mangrove baseline scenario
3640,9,Physical recovery — active regeneration_Entity,Mozambique,2025-11-27,daily_state,ndc_balance,274.86,246.61,230.02,83.69,0.5702,index,simulated,PDI Synthetic Generator — Baseline,,AUBEB mangrove baseline scenario
3641,10,Verified restoration — sustained blue economy asset_Entity,Madagascar,2025-11-27,daily_state,ndc_balance,287.31,269.84,259.0,90.15,1.059,index,simulated,PDI Synthetic Generator — Baseline,,AUBEB mangrove baseline scenario
3642,0,Pre-commercial: degraded ecosystem_Entity,Nigeria,2025-11-28,daily_state,ndc_balance,185.4,204.65,128.23,62.66,0.759,index,simulated,PDI Synthetic Generator — Baseline,,AUBEB mangrove baseline scenario
3643,1,Custodial formalisation_Entity,Cameroon,2025-11-28,daily_state,ndc_balance,204.7,224.18,205.66,91.74,2.0583,index,simulated,PDI Synthetic Generator — Baseline,,AUBEB mangrove baseline scenario
3644,2,Data extraction — baseline remote sensing_Entity,Mozambique,2025-11-28,daily_state,ndc_balance,277.18,258.5,242.7,87.56,0.8347,index,simulated,PDI Synthetic Generator — Baseline,,AUBEB mangrove baseline scenario
3645,3,Specification — carbon quantification_Entity,Madagascar,2025-11-28,daily_state,ndc_balance,291.39,289.26,270.7,92.9,1.5172,index,simulated,PDI Synthetic Generator — Baseline,,AUBEB mangrove baseline scenario
3646,4,Certification — verification & registration_Entity,Guinea,2025-11-28,daily_state,ndc_balance,278.57,267.41,254.88,91.5,1.987,index,simulated,PDI Synthetic Generator — Baseline,,AUBEB mangrove baseline scenario
3647,5,Commercialisation outward_Entity,Tanzania,2025-11-28,daily_state,ndc_balance,277.02,296.69,228.27,76.94,0.2455,index,simulated,PDI Synthetic Generator — Baseline,,AUBEB mangrove baseline scenario
3648,6,Capital return — Conservation Fund deployment_Entity,Benin,2025-11-28,daily_state,ndc_balance,281.1,268.6,231.71,82.43,1.0013,index,simulated,PDI Synthetic Generator — Baseline,,AUBEB mangrove baseline scenario
3649,7,Restoration specification — CBEMR design_Entity,Nigeria,2025-11-28,daily_state,ndc_balance,302.41,275.62,263.77,87.22,0.7327,index,simulated,PDI Synthetic Generator — Baseline,,AUBEB mangrove baseline scenario
3650,8,Community custodial co-management_Entity,Cameroon,2025-11-28,daily_state,ndc_balance,236.19,248.08,204.88,82.59,0.8703,index,simulated,PDI Synthetic Generator — Baseline,,AUBEB mangrove baseline scenario
3651,9,Physical recovery — active regeneration_Entity,Mozambique,2025-11-28,daily_state,ndc_balance,233.51,250.15,218.11,87.19,0.7121,index,simulated,PDI Synthetic Generator — Baseline,,AUBEB mangrove baseline scenario
3652,10,Verified restoration — sustained blue economy asset_Entity,Madagascar,2025-11-28,daily_state,ndc_balance,292.13,279.65,264.77,90.63,0.7518,index,simulated,PDI Synthetic Generator — Baseline,,AUBEB mangrove baseline scenario
3653,0,Pre-commercial: degraded ecosystem_Entity,Nigeria,2025-11-29,daily_state,ndc_balance,192.32,215.9,131.45,60.88,0.897,index,simulated,PDI Synthetic Generator — Baseline,,AUBEB mangrove baseline scenario
3654,1,Custodial formalisation_Entity,Cameroon,2025-11-29,daily_state,ndc_balance,229.6,268.62,215.64,80.28,1.4362,index,simulated,PDI Synthetic Generator — Baseline,,AUBEB mangrove baseline scenario
3655,2,Data extraction — baseline remote sensing_Entity,Mozambique,2025-11-29,daily_state,ndc_balance,252.41,268.19,246.92,92.07,2.2135,index,simulated,PDI Synthetic Generator — Baseline,,AUBEB mangrove baseline scenario
3656,3,Specification — carbon quantification_Entity,Madagascar,2025-11-29,daily_state,ndc_balance,296.66,250.86,249.34,84.05,1.7121,index,simulated,PDI Synthetic Generator — Baseline,,AUBEB mangrove baseline scenario
3657,4,Certification — verification & registration_Entity,Guinea,2025-11-29,daily_state,ndc_balance,281.71,274.43,215.89,76.64,1.6424,index,simulated,PDI Synthetic Generator — Baseline,,AUBEB mangrove baseline scenario
3658,5,Commercialisation outward_Entity,Tanzania,2025-11-29,daily_state,ndc_balance,232.17,274.38,237.68,86.62,0.7677,index,simulated,PDI Synthetic Generator — Baseline,,AUBEB mangrove baseline scenario
3659,6,Capital return — Conservation Fund deployment_Entity,Benin,2025-11-29,daily_state,ndc_balance,267.63,274.43,208.73,76.06,0.3676,index,simulated,PDI Synthetic Generator — Baseline,,AUBEB mangrove baseline scenario
3660,7,Restoration specification — CBEMR design_Entity,Nigeria,2025-11-29,daily_state,ndc_balance,300.07,253.18,245.63,81.86,0.21,index,simulated,PDI Synthetic Generator — Baseline,,AUBEB mangrove baseline scenario
3661,8,Community custodial co-management_Entity,Cameroon,2025-11-29,daily_state,ndc_balance,228.28,247.57,200.58,81.02,1.8779,index,simulated,PDI Synthetic Generator — Baseline,,AUBEB mangrove baseline scenario
3662,9,Physical recovery — active regeneration_Entity,Mozambique,2025-11-29,daily_state,ndc_balance,244.6,217.05,233.32,95.39,1.5398,index,simulated,PDI Synthetic Generator — Baseline,,AUBEB mangrove baseline scenario
3663,10,Verified restoration — sustained blue economy asset_Entity,Madagascar,2025-11-29,daily_state,ndc_balance,259.43,291.22,249.52,85.68,0.751,index,simulated,PDI Synthetic Generator — Baseline,,AUBEB mangrove baseline scenario
3664,0,Pre-commercial: degraded ecosystem_Entity,Nigeria,2025-11-30,daily_state,ndc_balance,199.23,202.49,144.59,71.41,1.112,index,simulated,PDI Synthetic Generator — Baseline,,AUBEB mangrove baseline scenario
3665,1,Custodial formalisation_Entity,Cameroon,2025-11-30,daily_state,ndc_balance,204.2,262.71,220.93,84.1,1.4906,index,simulated,PDI Synthetic Generator — Baseline,,AUBEB mangrove baseline scenario
3666,2,Data extraction — baseline remote sensing_Entity,Mozambique,2025-11-30,daily_state,ndc_balance,273.57,269.96,228.19,83.41,0.5066,index,simulated,PDI Synthetic Generator — Baseline,,AUBEB mangrove baseline scenario
3667,3,Specification — carbon quantification_Entity,Madagascar,2025-11-30,daily_state,ndc_balance,280.8,289.01,253.96,87.87,1.7436,index,simulated,PDI Synthetic Generator — Baseline,,AUBEB mangrove baseline scenario
3668,4,Certification — verification & registration_Entity,Guinea,2025-11-30,daily_state,ndc_balance,245.37,260.86,236.25,90.57,0.9317,index,simulated,PDI Synthetic Generator — Baseline,,AUBEB mangrove baseline scenario
3669,5,Commercialisation outward_Entity,Tanzania,2025-11-30,daily_state,ndc_balance,261.14,265.35,251.19,94.66,0.9744,index,simulated,PDI Synthetic Generator — Baseline,,AUBEB mangrove baseline scenario
3670,6,Capital return — Conservation Fund deployment_Entity,Benin,2025-11-30,daily_state,ndc_balance,239.3,288.12,227.48,78.95,0.784,index,simulated,PDI Synthetic Generator — Baseline,,AUBEB mangrove baseline scenario
3671,7,Restoration specification — CBEMR design_Entity,Nigeria,2025-11-30,daily_state,ndc_balance,280.05,244.52,254.97,91.04,1.1512,index,simulated,PDI Synthetic Generator — Baseline,,AUBEB mangrove baseline scenario
3672,8,Community custodial co-management_Entity,Cameroon,2025-11-30,daily_state,ndc_balance,232.9,259.02,213.5,82.43,0.8274,index,simulated,PDI Synthetic Generator — Baseline,,AUBEB mangrove baseline scenario
3673,9,Physical recovery — active regeneration_Entity,Mozambique,2025-11-30,daily_state,ndc_balance,246.86,240.48,262.78,106.45,0.4111,index,simulated,PDI Synthetic Generator — Baseline,,AUBEB mangrove baseline scenario
3674,10,Verified restoration — sustained blue economy asset_Entity,Madagascar,2025-11-30,daily_state,ndc_balance,270.63,285.69,262.55,91.9,1.191,index,simulated,PDI Synthetic Generator — Baseline,,AUBEB mangrove baseline scenario
3675,0,Pre-commercial: degraded ecosystem_Entity,Nigeria,2025-12-01,daily_state,ndc_balance,198.15,209.77,128.09,61.06,0.6205,index,simulated,PDI Synthetic Generator — Baseline,,AUBEB mangrove baseline scenario
3676,1,Custodial formalisation_Entity,Cameroon,2025-12-01,daily_state,ndc_balance,201.3,296.43,202.18,68.2,1.0574,index,simulated,PDI Synthetic Generator — Baseline,,AUBEB mangrove baseline scenario
3677,2,Data extraction — baseline remote sensing_Entity,Mozambique,2025-12-01,daily_state,ndc_balance,242.75,287.31,233.86,81.4,1.9559,index,simulated,PDI Synthetic Generator — Baseline,,AUBEB mangrove baseline scenario
3678,3,Specification — carbon quantification_Entity,Madagascar,2025-12-01,daily_state,ndc_balance,279.94,250.55,293.03,104.68,1.7064,index,simulated,PDI Synthetic Generator — Baseline,,AUBEB mangrove baseline scenario
3679,4,Certification — verification & registration_Entity,Guinea,2025-12-01,daily_state,ndc_balance,262.73,266.93,236.51,88.6,1.6914,index,simulated,PDI Synthetic Generator — Baseline,,AUBEB mangrove baseline scenario
3680,5,Commercialisation outward_Entity,Tanzania,2025-12-01,daily_state,ndc_balance,256.01,301.89,242.68,80.39,0.6105,index,simulated,PDI Synthetic Generator — Baseline,,AUBEB mangrove baseline scenario
3681,6,Capital return — Conservation Fund deployment_Entity,Benin,2025-12-01,daily_state,ndc_balance,269.24,266.4,230.21,85.5,1.8548,index,simulated,PDI Synthetic Generator — Baseline,,AUBEB mangrove baseline scenario
3682,7,Restoration specification — CBEMR design_Entity,Nigeria,2025-12-01,daily_state,ndc_balance,264.34,271.31,265.14,97.73,2.1144,index,simulated,PDI Synthetic Generator — Baseline,,AUBEB mangrove baseline scenario
3683,8,Community custodial co-management_Entity,Cameroon,2025-12-01,daily_state,ndc_balance,228.09,262.68,199.44,75.93,0.3201,index,simulated,PDI Synthetic Generator — Baseline,,AUBEB mangrove baseline scenario
3684,9,Physical recovery — active regeneration_Entity,Mozambique,2025-12-01,daily_state,ndc_balance,257.45,237.04,222.97,86.61,1.6857,index,simulated,PDI Synthetic Generator — Baseline,,AUBEB mangrove baseline scenario
3685,10,Verified restoration — sustained blue economy asset_Entity,Madagascar,2025-12-01,daily_state,ndc_balance,284.9,252.1,247.01,86.7,1.4297,index,simulated,PDI Synthetic Generator — Baseline,,AUBEB mangrove baseline scenario
3686,0,Pre-commercial: degraded ecosystem_Entity,Nigeria,2025-12-02,daily_state,ndc_balance,195.05,194.58,137.85,70.67,0.4422,index,simulated,PDI Synthetic Generator — Baseline,,AUBEB mangrove baseline scenario
3687,1,Custodial formalisation_Entity,Cameroon,2025-12-02,daily_state,ndc_balance,202.71,280.1,217.02,77.48,1.5656,index,simulated,PDI Synthetic Generator — Baseline,,AUBEB mangrove baseline scenario
3688,2,Data extraction — baseline remote sensing_Entity,Mozambique,2025-12-02,daily_state,ndc_balance,287.41,265.2,207.04,72.04,1.4421,index,simulated,PDI Synthetic Generator — Baseline,,AUBEB mangrove baseline scenario
3689,3,Specification — carbon quantification_Entity,Madagascar,2025-12-02,daily_state,ndc_balance,264.8,259.49,257.72,97.33,1.2799,index,simulated,PDI Synthetic Generator — Baseline,,AUBEB mangrove baseline scenario
3690,4,Certification — verification & registration_Entity,Guinea,2025-12-02,daily_state,ndc_balance,246.12,253.32,242.01,95.54,1.2773,index,simulated,PDI Synthetic Generator — Baseline,,AUBEB mangrove baseline scenario
3691,5,Commercialisation outward_Entity,Tanzania,2025-12-02,daily_state,ndc_balance,230.52,261.43,234.59,89.73,0.6434,index,simulated,PDI Synthetic Generator — Baseline,,AUBEB mangrove baseline scenario
3692,6,Capital return — Conservation Fund deployment_Entity,Benin,2025-12-02,daily_state,ndc_balance,258.56,295.98,186.33,62.95,0.1504,index,simulated,PDI Synthetic Generator — Baseline,,AUBEB mangrove baseline scenario
3693,7,Restoration specification — CBEMR design_Entity,Nigeria,2025-12-02,daily_state,ndc_balance,302.86,289.62,258.03,85.2,1.3882,index,simulated,PDI Synthetic Generator — Baseline,,AUBEB mangrove baseline scenario
3694,8,Community custodial co-management_Entity,Cameroon,2025-12-02,daily_state,ndc_balance,240.79,266.22,191.97,72.11,0.6857,index,simulated,PDI Synthetic Generator — Baseline,,AUBEB mangrove baseline scenario
3695,9,Physical recovery — active regeneration_Entity,Mozambique,2025-12-02,daily_state,ndc_balance,228.8,256.08,232.0,90.6,2.4158,index,simulated,PDI Synthetic Generator — Baseline,,AUBEB mangrove baseline scenario
3696,10,Verified restoration — sustained blue economy asset_Entity,Madagascar,2025-12-02,daily_state,ndc_balance,293.67,291.14,271.79,92.55,1.2179,index,simulated,PDI Synthetic Generator — Baseline,,AUBEB mangrove baseline scenario
3697,0,Pre-commercial: degraded ecosystem_Entity,Nigeria,2025-12-03,daily_state,ndc_balance,216.71,200.32,143.85,66.38,1.0745,index,simulated,PDI Synthetic Generator — Baseline,,AUBEB mangrove baseline scenario
3698,1,Custodial formalisation_Entity,Cameroon,2025-12-03,daily_state,ndc_balance,223.87,275.76,216.29,78.43,0.7015,index,simulated,PDI Synthetic Generator — Baseline,,AUBEB mangrove baseline scenario
3699,2,Data extraction — baseline remote sensing_Entity,Mozambique,2025-12-03,daily_state,ndc_balance,263.11,275.61,218.27,79.2,0.6739,index,simulated,PDI Synthetic Generator — Baseline,,AUBEB mangrove baseline scenario
3700,3,Specification — carbon quantification_Entity,Madagascar,2025-12-03,daily_state,ndc_balance,275.31,260.68,254.31,92.37,1.1706,index,simulated,PDI Synthetic Generator — Baseline,,AUBEB mangrove baseline scenario
3701,4,Certification — verification & registration_Entity,Guinea,2025-12-03,daily_state,ndc_balance,230.53,276.42,217.46,78.67,0.8662,index,simulated,PDI Synthetic Generator — Baseline,,AUBEB mangrove baseline scenario
3702,5,Commercialisation outward_Entity,Tanzania,2025-12-03,daily_state,ndc_balance,246.43,284.51,252.67,88.81,2.2417,index,simulated,PDI Synthetic Generator — Baseline,,AUBEB mangrove baseline scenario
3703,6,Capital return — Conservation Fund deployment_Entity,Benin,2025-12-03,daily_state,ndc_balance,245.48,259.97,242.48,93.27,1.0483,index,simulated,PDI Synthetic Generator — Baseline,,AUBEB mangrove baseline scenario
3704,7,Restoration specification — CBEMR design_Entity,Nigeria,2025-12-03,daily_state,ndc_balance,288.2,265.75,255.27,88.57,2.2133,index,simulated,PDI Synthetic Generator — Baseline,,AUBEB mangrove baseline scenario
3705,8,Community custodial co-management_Entity,Cameroon,2025-12-03,daily_state,ndc_balance,226.6,227.46,192.12,84.46,0.9985,index,simulated,PDI Synthetic Generator — Baseline,,AUBEB mangrove baseline scenario
3706,9,Physical recovery — active regeneration_Entity,Mozambique,2025-12-03,daily_state,ndc_balance,269.62,251.49,206.7,76.66,1.1768,index,simulated,PDI Synthetic Generator — Baseline,,AUBEB mangrove baseline scenario
3707,10,Verified restoration — sustained blue economy asset_Entity,Madagascar,2025-12-03,daily_state,ndc_balance,282.67,257.42,239.67,84.79,1.0607,index,simulated,PDI Synthetic Generator — Baseline,,AUBEB mangrove baseline scenario
3708,0,Pre-commercial: degraded ecosystem_Entity,Nigeria,2025-12-04,daily_state,ndc_balance,200.58,200.94,139.46,69.4,1.0467,index,simulated,PDI Synthetic Generator — Baseline,,AUBEB mangrove baseline scenario
3709,1,Custodial formalisation_Entity,Cameroon,2025-12-04,daily_state,ndc_balance,216.97,277.73,213.46,76.86,0.2445,index,simulated,PDI Synthetic Generator — Baseline,,AUBEB mangrove baseline scenario
3710,2,Data extraction — baseline remote sensing_Entity,Mozambique,2025-12-04,daily_state,ndc_balance,253.13,289.43,284.55,98.31,1.6477,index,simulated,PDI Synthetic Generator — Baseline,,AUBEB mangrove baseline scenario
3711,3,Specification — carbon quantification_Entity,Madagascar,2025-12-04,daily_state,ndc_balance,284.85,287.54,261.96,91.1,2.2014,index,simulated,PDI Synthetic Generator — Baseline,,AUBEB mangrove baseline scenario
3712,4,Certification — verification & registration_Entity,Guinea,2025-12-04,daily_state,ndc_balance,255.55,281.3,239.41,85.11,1.1084,index,simulated,PDI Synthetic Generator — Baseline,,AUBEB mangrove baseline scenario
3713,5,Commercialisation outward_Entity,Tanzania,2025-12-04,daily_state,ndc_balance,248.96,296.39,240.03,80.98,0.5839,index,simulated,PDI Synthetic Generator — Baseline,,AUBEB mangrove baseline scenario
3714,6,Capital return — Conservation Fund deployment_Entity,Benin,2025-12-04,daily_state,ndc_balance,265.69,284.24,221.26,77.84,1.5191,index,simulated,PDI Synthetic Generator — Baseline,,AUBEB mangrove baseline scenario
3715,7,Restoration specification — CBEMR design_Entity,Nigeria,2025-12-04,daily_state,ndc_balance,269.32,271.41,236.33,87.07,1.9623,index,simulated,PDI Synthetic Generator — Baseline,,AUBEB mangrove baseline scenario
3716,8,Community custodial co-management_Entity,Cameroon,2025-12-04,daily_state,ndc_balance,228.86,238.46,202.9,85.09,1.9812,index,simulated,PDI Synthetic Generator — Baseline,,AUBEB mangrove baseline scenario
3717,9,Physical recovery — active regeneration_Entity,Mozambique,2025-12-04,daily_state,ndc_balance,220.54,222.02,238.67,107.5,3.3518,index,simulated,PDI Synthetic Generator — Baseline,,AUBEB mangrove baseline scenario
3718,10,Verified restoration — sustained blue economy asset_Entity,Madagascar,2025-12-04,daily_state,ndc_balance,267.86,282.37,263.66,93.37,1.567,index,simulated,PDI Synthetic Generator — Baseline,,AUBEB mangrove baseline scenario
3719,0,Pre-commercial: degraded ecosystem_Entity,Nigeria,2025-12-05,daily_state,ndc_balance,209.46,166.49,143.47,68.5,0.4415,index,simulated,PDI Synthetic Generator — Baseline,,AUBEB mangrove baseline scenario
3720,1,Custodial formalisation_Entity,Cameroon,2025-12-05,daily_state,ndc_balance,200.56,295.47,191.58,64.84,0.9623,index,simulated,PDI Synthetic Generator — Baseline,,AUBEB mangrove baseline scenario
3721,2,Data extraction — baseline remote sensing_Entity,Mozambique,2025-12-05,daily_state,ndc_balance,240.54,269.01,247.97,92.18,1.6647,index,simulated,PDI Synthetic Generator — Baseline,,AUBEB mangrove baseline scenario
3722,3,Specification — carbon quantification_Entity,Madagascar,2025-12-05,daily_state,ndc_balance,303.5,277.4,262.04,86.34,0.9695,index,simulated,PDI Synthetic Generator — Baseline,,AUBEB mangrove baseline scenario
3723,4,Certification — verification & registration_Entity,Guinea,2025-12-05,daily_state,ndc_balance,258.92,269.1,245.45,91.21,2.4806,index,simulated,PDI Synthetic Generator — Baseline,,AUBEB mangrove baseline scenario
3724,5,Commercialisation outward_Entity,Tanzania,2025-12-05,daily_state,ndc_balance,243.32,266.78,230.51,86.4,0.8072,index,simulated,PDI Synthetic Generator — Baseline,,AUBEB mangrove baseline scenario
3725,6,Capital return — Conservation Fund deployment_Entity,Benin,2025-12-05,daily_state,ndc_balance,227.41,254.87,225.67,88.54,0.7755,index,simulated,PDI Synthetic Generator — Baseline,,AUBEB mangrove baseline scenario
3726,7,Restoration specification — CBEMR design_Entity,Nigeria,2025-12-05,daily_state,ndc_balance,262.0,277.84,237.63,85.53,1.4002,index,simulated,PDI Synthetic Generator — Baseline,,AUBEB mangrove baseline scenario
3727,8,Community custodial co-management_Entity,Cameroon,2025-12-05,daily_state,ndc_balance,205.63,239.79,181.54,75.71,1.4225,index,simulated,PDI Synthetic Generator — Baseline,,AUBEB mangrove baseline scenario
3728,9,Physical recovery — active regeneration_Entity,Mozambique,2025-12-05,daily_state,ndc_balance,262.11,267.09,218.06,81.64,1.6942,index,simulated,PDI Synthetic Generator — Baseline,,AUBEB mangrove baseline scenario
3729,10,Verified restoration — sustained blue economy asset_Entity,Madagascar,2025-12-05,daily_state,ndc_balance,262.16,250.58,254.43,97.05,2.2181,index,simulated,PDI Synthetic Generator — Baseline,,AUBEB mangrove baseline scenario
3730,0,Pre-commercial: degraded ecosystem_Entity,Nigeria,2025-12-06,daily_state,ndc_balance,181.99,203.17,139.07,68.45,0.8012,index,simulated,PDI Synthetic Generator — Baseline,,AUBEB mangrove baseline scenario
3731,1,Custodial formalisation_Entity,Cameroon,2025-12-06,daily_state,ndc_balance,225.62,294.58,197.02,66.88,0.8211,index,simulated,PDI Synthetic Generator — Baseline,,AUBEB mangrove baseline scenario
3732,2,Data extraction — baseline remote sensing_Entity,Mozambique,2025-12-06,daily_state,ndc_balance,245.56,284.71,258.01,90.62,0.8992,index,simulated,PDI Synthetic Generator — Baseline,,AUBEB mangrove baseline scenario
3733,3,Specification — carbon quantification_Entity,Madagascar,2025-12-06,daily_state,ndc_balance,284.9,238.23,232.23,81.51,1.7365,index,simulated,PDI Synthetic Generator — Baseline,,AUBEB mangrove baseline scenario
3734,4,Certification — verification & registration_Entity,Guinea,2025-12-06,daily_state,ndc_balance,248.31,304.86,229.31,75.22,0.3353,index,simulated,PDI Synthetic Generator — Baseline,,AUBEB mangrove baseline scenario
3735,5,Commercialisation outward_Entity,Tanzania,2025-12-06,daily_state,ndc_balance,275.04,246.92,237.11,86.21,1.7807,index,simulated,PDI Synthetic Generator — Baseline,,AUBEB mangrove baseline scenario
3736,6,Capital return — Conservation Fund deployment_Entity,Benin,2025-12-06,daily_state,ndc_balance,286.78,252.98,236.55,82.48,1.9688,index,simulated,PDI Synthetic Generator — Baseline,,AUBEB mangrove baseline scenario
3737,7,Restoration specification — CBEMR design_Entity,Nigeria,2025-12-06,daily_state,ndc_balance,302.07,279.68,271.12,89.75,0.5788,index,simulated,PDI Synthetic Generator — Baseline,,AUBEB mangrove baseline scenario
3738,8,Community custodial co-management_Entity,Cameroon,2025-12-06,daily_state,ndc_balance,238.6,245.2,185.97,75.84,0.8213,index,simulated,PDI Synthetic Generator — Baseline,,AUBEB mangrove baseline scenario
3739,9,Physical recovery — active regeneration_Entity,Mozambique,2025-12-06,daily_state,ndc_balance,268.84,238.36,237.49,88.34,1.4175,index,simulated,PDI Synthetic Generator — Baseline,,AUBEB mangrove baseline scenario
3740,10,Verified restoration — sustained blue economy asset_Entity,Madagascar,2025-12-06,daily_state,ndc_balance,290.4,283.74,254.63,87.68,1.4901,index,simulated,PDI Synthetic Generator — Baseline,,AUBEB mangrove baseline scenario
3741,0,Pre-commercial: degraded ecosystem_Entity,Nigeria,2025-12-07,daily_state,ndc_balance,191.89,215.72,152.34,70.62,1.3595,index,simulated,PDI Synthetic Generator — Baseline,,AUBEB mangrove baseline scenario
3742,1,Custodial formalisation_Entity,Cameroon,2025-12-07,daily_state,ndc_balance,201.91,248.31,210.63,84.83,1.306,index,simulated,PDI Synthetic Generator — Baseline,,AUBEB mangrove baseline scenario
3743,2,Data extraction — baseline remote sensing_Entity,Mozambique,2025-12-07,daily_state,ndc_balance,284.22,275.31,242.75,85.41,0.8977,index,simulated,PDI Synthetic Generator — Baseline,,AUBEB mangrove baseline scenario
3744,3,Specification — carbon quantification_Entity,Madagascar,2025-12-07,daily_state,ndc_balance,281.29,251.87,269.5,95.81,2.7082,index,simulated,PDI Synthetic Generator — Baseline,,AUBEB mangrove baseline scenario
3745,4,Certification — verification & registration_Entity,Guinea,2025-12-07,daily_state,ndc_balance,276.48,259.84,234.78,84.92,1.7828,index,simulated,PDI Synthetic Generator — Baseline,,AUBEB mangrove baseline scenario
3746,5,Commercialisation outward_Entity,Tanzania,2025-12-07,daily_state,ndc_balance,261.55,275.54,219.05,79.5,1.4918,index,simulated,PDI Synthetic Generator — Baseline,,AUBEB mangrove baseline scenario
3747,6,Capital return — Conservation Fund deployment_Entity,Benin,2025-12-07,daily_state,ndc_balance,251.56,269.46,225.77,83.79,1.2543,index,simulated,PDI Synthetic Generator — Baseline,,AUBEB mangrove baseline scenario
3748,7,Restoration specification — CBEMR design_Entity,Nigeria,2025-12-07,daily_state,ndc_balance,273.69,258.54,245.85,89.83,1.6154,index,simulated,PDI Synthetic Generator — Baseline,,AUBEB mangrove baseline scenario
3749,8,Community custodial co-management_Entity,Cameroon,2025-12-07,daily_state,ndc_balance,244.77,251.03,176.2,70.19,0.2785,index,simulated,PDI Synthetic Generator — Baseline,,AUBEB mangrove baseline scenario
3750,9,Physical recovery — active regeneration_Entity,Mozambique,2025-12-07,daily_state,ndc_balance,241.59,267.17,207.71,77.74,1.4322,index,simulated,PDI Synthetic Generator — Baseline,,AUBEB mangrove baseline scenario
3751,10,Verified restoration — sustained blue economy asset_Entity,Madagascar,2025-12-07,daily_state,ndc_balance,285.13,258.75,236.98,83.11,0.4314,index,simulated,PDI Synthetic Generator — Baseline,,AUBEB mangrove baseline scenario
3752,0,Pre-commercial: degraded ecosystem_Entity,Nigeria,2025-12-08,daily_state,ndc_balance,223.28,211.51,129.7,58.09,0.4644,index,simulated,PDI Synthetic Generator — Baseline,,AUBEB mangrove baseline scenario
3753,1,Custodial formalisation_Entity,Cameroon,2025-12-08,daily_state,ndc_balance,222.04,289.49,216.61,74.82,0.579,index,simulated,PDI Synthetic Generator — Baseline,,AUBEB mangrove baseline scenario
3754,2,Data extraction — baseline remote sensing_Entity,Mozambique,2025-12-08,daily_state,ndc_balance,226.41,297.81,226.02,75.89,1.4675,index,simulated,PDI Synthetic Generator — Baseline,,AUBEB mangrove baseline scenario
3755,3,Specification — carbon quantification_Entity,Madagascar,2025-12-08,daily_state,ndc_balance,294.4,295.4,279.89,94.75,1.515,index,simulated,PDI Synthetic Generator — Baseline,,AUBEB mangrove baseline scenario
3756,4,Certification — verification & registration_Entity,Guinea,2025-12-08,daily_state,ndc_balance,260.14,243.25,219.63,84.43,0.963,index,simulated,PDI Synthetic Generator — Baseline,,AUBEB mangrove baseline scenario
3757,5,Commercialisation outward_Entity,Tanzania,2025-12-08,daily_state,ndc_balance,267.77,271.92,246.72,90.73,0.6961,index,simulated,PDI Synthetic Generator — Baseline,,AUBEB mangrove baseline scenario
3758,6,Capital return — Conservation Fund deployment_Entity,Benin,2025-12-08,daily_state,ndc_balance,258.03,281.34,233.4,82.96,1.3435,index,simulated,PDI Synthetic Generator — Baseline,,AUBEB mangrove baseline scenario
3759,7,Restoration specification — CBEMR design_Entity,Nigeria,2025-12-08,daily_state,ndc_balance,293.95,244.8,287.99,97.97,1.2603,index,simulated,PDI Synthetic Generator — Baseline,,AUBEB mangrove baseline scenario
3760,8,Community custodial co-management_Entity,Cameroon,2025-12-08,daily_state,ndc_balance,241.44,276.85,201.86,72.91,0.2745,index,simulated,PDI Synthetic Generator — Baseline,,AUBEB mangrove baseline scenario
3761,9,Physical recovery — active regeneration_Entity,Mozambique,2025-12-08,daily_state,ndc_balance,247.96,247.71,232.64,93.82,1.2333,index,simulated,PDI Synthetic Generator — Baseline,,AUBEB mangrove baseline scenario
3762,10,Verified restoration — sustained blue economy asset_Entity,Madagascar,2025-12-08,daily_state,ndc_balance,274.4,282.16,274.34,97.23,0.7836,index,simulated,PDI Synthetic Generator — Baseline,,AUBEB mangrove baseline scenario
3763,0,Pre-commercial: degraded ecosystem_Entity,Nigeria,2025-12-09,daily_state,ndc_balance,188.72,193.57,137.98,71.28,1.1539,index,simulated,PDI Synthetic Generator — Baseline,,AUBEB mangrove baseline scenario
3764,1,Custodial formalisation_Entity,Cameroon,2025-12-09,daily_state,ndc_balance,215.75,274.44,223.18,81.32,0.2284,index,simulated,PDI Synthetic Generator — Baseline,,AUBEB mangrove baseline scenario
3765,2,Data extraction — baseline remote sensing_Entity,Mozambique,2025-12-09,daily_state,ndc_balance,239.4,272.52,241.29,88.54,1.7471,index,simulated,PDI Synthetic Generator — Baseline,,AUBEB mangrove baseline scenario
3766,3,Specification — carbon quantification_Entity,Madagascar,2025-12-09,daily_state,ndc_balance,289.8,263.5,259.66,89.6,1.1149,index,simulated,PDI Synthetic Generator — Baseline,,AUBEB mangrove baseline scenario
3767,4,Certification — verification & registration_Entity,Guinea,2025-12-09,daily_state,ndc_balance,275.17,253.54,227.21,82.57,1.2271,index,simulated,PDI Synthetic Generator — Baseline,,AUBEB mangrove baseline scenario
3768,5,Commercialisation outward_Entity,Tanzania,2025-12-09,daily_state,ndc_balance,251.84,299.73,248.51,82.91,1.5518,index,simulated,PDI Synthetic Generator — Baseline,,AUBEB mangrove baseline scenario
3769,6,Capital return — Conservation Fund deployment_Entity,Benin,2025-12-09,daily_state,ndc_balance,276.23,239.19,263.48,95.38,1.6619,index,simulated,PDI Synthetic Generator — Baseline,,AUBEB mangrove baseline scenario
3770,7,Restoration specification — CBEMR design_Entity,Nigeria,2025-12-09,daily_state,ndc_balance,257.88,277.53,249.69,89.97,1.9426,index,simulated,PDI Synthetic Generator — Baseline,,AUBEB mangrove baseline scenario
3771,8,Community custodial co-management_Entity,Cameroon,2025-12-09,daily_state,ndc_balance,268.92,261.14,191.81,71.33,1.4854,index,simulated,PDI Synthetic Generator — Baseline,,AUBEB mangrove baseline scenario
3772,9,Physical recovery — active regeneration_Entity,Mozambique,2025-12-09,daily_state,ndc_balance,241.49,257.29,247.58,96.23,0.5008,index,simulated,PDI Synthetic Generator — Baseline,,AUBEB mangrove baseline scenario
3773,10,Verified restoration — sustained blue economy asset_Entity,Madagascar,2025-12-09,daily_state,ndc_balance,306.14,299.97,232.84,76.06,0.49,index,simulated,PDI Synthetic Generator — Baseline,,AUBEB mangrove baseline scenario
3774,0,Pre-commercial: degraded ecosystem_Entity,Nigeria,2025-12-10,daily_state,ndc_balance,221.59,210.49,137.65,62.12,0.6025,index,simulated,PDI Synthetic Generator — Baseline,,AUBEB mangrove baseline scenario
3775,1,Custodial formalisation_Entity,Cameroon,2025-12-10,daily_state,ndc_balance,224.75,263.94,224.9,85.21,1.9971,index,simulated,PDI Synthetic Generator — Baseline,,AUBEB mangrove baseline scenario
3776,2,Data extraction — baseline remote sensing_Entity,Mozambique,2025-12-10,daily_state,ndc_balance,305.13,269.11,237.69,77.9,0.4497,index,simulated,PDI Synthetic Generator — Baseline,,AUBEB mangrove baseline scenario
3777,3,Specification — carbon quantification_Entity,Madagascar,2025-12-10,daily_state,ndc_balance,271.4,279.86,231.6,82.76,2.0167,index,simulated,PDI Synthetic Generator — Baseline,,AUBEB mangrove baseline scenario
3778,4,Certification — verification & registration_Entity,Guinea,2025-12-10,daily_state,ndc_balance,273.73,264.43,252.61,92.28,1.5112,index,simulated,PDI Synthetic Generator — Baseline,,AUBEB mangrove baseline scenario
3779,5,Commercialisation outward_Entity,Tanzania,2025-12-10,daily_state,ndc_balance,274.98,269.66,238.57,86.76,2.0374,index,simulated,PDI Synthetic Generator — Baseline,,AUBEB mangrove baseline scenario
3780,6,Capital return — Conservation Fund deployment_Entity,Benin,2025-12-10,daily_state,ndc_balance,275.81,258.58,225.7,81.83,1.2723,index,simulated,PDI Synthetic Generator — Baseline,,AUBEB mangrove baseline scenario
3781,7,Restoration specification — CBEMR design_Entity,Nigeria,2025-12-10,daily_state,ndc_balance,278.47,262.19,247.84,89.0,2.0857,index,simulated,PDI Synthetic Generator — Baseline,,AUBEB mangrove baseline scenario
3782,8,Community custodial co-management_Entity,Cameroon,2025-12-10,daily_state,ndc_balance,233.89,254.76,199.35,78.25,1.5351,index,simulated,PDI Synthetic Generator — Baseline,,AUBEB mangrove baseline scenario
3783,9,Physical recovery — active regeneration_Entity,Mozambique,2025-12-10,daily_state,ndc_balance,240.76,257.19,247.49,96.23,1.983,index,simulated,PDI Synthetic Generator — Baseline,,AUBEB mangrove baseline scenario
3784,10,Verified restoration — sustained blue economy asset_Entity,Madagascar,2025-12-10,daily_state,ndc_balance,286.01,280.11,241.58,84.47,1.243,index,simulated,PDI Synthetic Generator — Baseline,,AUBEB mangrove baseline scenario
3785,0,Pre-commercial: degraded ecosystem_Entity,Nigeria,2025-12-11,daily_state,ndc_balance,223.4,188.57,141.43,63.31,0.6758,index,simulated,PDI Synthetic Generator — Baseline,,AUBEB mangrove baseline scenario
3786,1,Custodial formalisation_Entity,Cameroon,2025-12-11,daily_state,ndc_balance,197.06,277.56,210.43,75.81,1.4667,index,simulated,PDI Synthetic Generator — Baseline,,AUBEB mangrove baseline scenario
3787,2,Data extraction — baseline remote sensing_Entity,Mozambique,2025-12-11,daily_state,ndc_balance,235.77,246.32,258.31,104.87,2.7864,index,simulated,PDI Synthetic Generator — Baseline,,AUBEB mangrove baseline scenario
3788,3,Specification — carbon quantification_Entity,Madagascar,2025-12-11,daily_state,ndc_balance,266.19,280.56,263.06,93.76,1.4967,index,simulated,PDI Synthetic Generator — Baseline,,AUBEB mangrove baseline scenario
3789,4,Certification — verification & registration_Entity,Guinea,2025-12-11,daily_state,ndc_balance,269.44,270.35,215.71,79.79,1.0355,index,simulated,PDI Synthetic Generator — Baseline,,AUBEB mangrove baseline scenario
3790,5,Commercialisation outward_Entity,Tanzania,2025-12-11,daily_state,ndc_balance,252.74,269.38,214.04,79.46,0.588,index,simulated,PDI Synthetic Generator — Baseline,,AUBEB mangrove baseline scenario
3791,6,Capital return — Conservation Fund deployment_Entity,Benin,2025-12-11,daily_state,ndc_balance,233.91,285.69,241.08,84.39,1.8991,index,simulated,PDI Synthetic Generator — Baseline,,AUBEB mangrove baseline scenario
3792,7,Restoration specification — CBEMR design_Entity,Nigeria,2025-12-11,daily_state,ndc_balance,265.18,277.89,244.29,87.91,1.6539,index,simulated,PDI Synthetic Generator — Baseline,,AUBEB mangrove baseline scenario
3793,8,Community custodial co-management_Entity,Cameroon,2025-12-11,daily_state,ndc_balance,234.56,259.4,198.59,76.56,1.6946,index,simulated,PDI Synthetic Generator — Baseline,,AUBEB mangrove baseline scenario
3794,9,Physical recovery — active regeneration_Entity,Mozambique,2025-12-11,daily_state,ndc_balance,276.97,278.26,236.52,85.0,1.365,index,simulated,PDI Synthetic Generator — Baseline,,AUBEB mangrove baseline scenario
3795,10,Verified restoration — sustained blue economy asset_Entity,Madagascar,2025-12-11,daily_state,ndc_balance,276.58,255.05,234.21,84.68,1.0933,index,simulated,PDI Synthetic Generator — Baseline,,AUBEB mangrove baseline scenario
3796,0,Pre-commercial: degraded ecosystem_Entity,Nigeria,2025-12-12,daily_state,ndc_balance,164.92,196.24,133.77,68.17,1.3165,index,simulated,PDI Synthetic Generator — Baseline,,AUBEB mangrove baseline scenario
3797,1,Custodial formalisation_Entity,Cameroon,2025-12-12,daily_state,ndc_balance,213.14,288.57,214.34,74.28,1.3459,index,simulated,PDI Synthetic Generator — Baseline,,AUBEB mangrove baseline scenario
3798,2,Data extraction — baseline remote sensing_Entity,Mozambique,2025-12-12,daily_state,ndc_balance,247.5,271.27,243.73,89.85,1.4205,index,simulated,PDI Synthetic Generator — Baseline,,AUBEB mangrove baseline scenario
3799,3,Specification — carbon quantification_Entity,Madagascar,2025-12-12,daily_state,ndc_balance,307.78,287.81,266.19,86.49,0.8866,index,simulated,PDI Synthetic Generator — Baseline,,AUBEB mangrove baseline scenario
3800,4,Certification — verification & registration_Entity,Guinea,2025-12-12,daily_state,ndc_balance,279.91,299.44,275.42,91.98,1.8042,index,simulated,PDI Synthetic Generator — Baseline,,AUBEB mangrove baseline scenario
3801,5,Commercialisation outward_Entity,Tanzania,2025-12-12,daily_state,ndc_balance,258.55,269.62,211.64,78.5,1.7438,index,simulated,PDI Synthetic Generator — Baseline,,AUBEB mangrove baseline scenario
3802,6,Capital return — Conservation Fund deployment_Entity,Benin,2025-12-12,daily_state,ndc_balance,300.27,265.56,216.09,71.97,0.3656,index,simulated,PDI Synthetic Generator — Baseline,,AUBEB mangrove baseline scenario
3803,7,Restoration specification — CBEMR design_Entity,Nigeria,2025-12-12,daily_state,ndc_balance,301.88,282.47,257.42,85.27,1.3384,index,simulated,PDI Synthetic Generator — Baseline,,AUBEB mangrove baseline scenario
3804,8,Community custodial co-management_Entity,Cameroon,2025-12-12,daily_state,ndc_balance,233.88,248.77,206.47,83.0,1.0561,index,simulated,PDI Synthetic Generator — Baseline,,AUBEB mangrove baseline scenario
3805,9,Physical recovery — active regeneration_Entity,Mozambique,2025-12-12,daily_state,ndc_balance,248.44,249.61,212.74,85.23,0.7446,index,simulated,PDI Synthetic Generator — Baseline,,AUBEB mangrove baseline scenario
3806,10,Verified restoration — sustained blue economy asset_Entity,Madagascar,2025-12-12,daily_state,ndc_balance,264.41,251.77,263.93,99.82,1.0759,index,simulated,PDI Synthetic Generator — Baseline,,AUBEB mangrove baseline scenario
3807,0,Pre-commercial: degraded ecosystem_Entity,Nigeria,2025-12-13,daily_state,ndc_balance,197.93,199.37,151.79,76.13,0.233,index,simulated,PDI Synthetic Generator — Baseline,,AUBEB mangrove baseline scenario
3808,1,Custodial formalisation_Entity,Cameroon,2025-12-13,daily_state,ndc_balance,234.52,269.91,215.93,80.0,1.2378,index,simulated,PDI Synthetic Generator — Baseline,,AUBEB mangrove baseline scenario
3809,2,Data extraction — baseline remote sensing_Entity,Mozambique,2025-12-13,daily_state,ndc_balance,253.11,248.15,204.79,80.91,1.2538,index,simulated,PDI Synthetic Generator — Baseline,,AUBEB mangrove baseline scenario
3810,3,Specification — carbon quantification_Entity,Madagascar,2025-12-13,daily_state,ndc_balance,268.02,265.01,239.88,89.5,0.8716,index,simulated,PDI Synthetic Generator — Baseline,,AUBEB mangrove baseline scenario
3811,4,Certification — verification & registration_Entity,Guinea,2025-12-13,daily_state,ndc_balance,282.1,296.62,225.81,76.13,0.9753,index,simulated,PDI Synthetic Generator — Baseline,,AUBEB mangrove baseline scenario
3812,5,Commercialisation outward_Entity,Tanzania,2025-12-13,daily_state,ndc_balance,281.67,255.82,218.33,77.51,0.6403,index,simulated,PDI Synthetic Generator — Baseline,,AUBEB mangrove baseline scenario
3813,6,Capital return — Conservation Fund deployment_Entity,Benin,2025-12-13,daily_state,ndc_balance,241.29,278.11,204.82,73.65,1.4996,index,simulated,PDI Synthetic Generator — Baseline,,AUBEB mangrove baseline scenario
3814,7,Restoration specification — CBEMR design_Entity,Nigeria,2025-12-13,daily_state,ndc_balance,288.01,266.06,236.64,82.16,0.8531,index,simulated,PDI Synthetic Generator — Baseline,,AUBEB mangrove baseline scenario
3815,8,Community custodial co-management_Entity,Cameroon,2025-12-13,daily_state,ndc_balance,248.97,285.44,186.46,65.32,0.3538,index,simulated,PDI Synthetic Generator — Baseline,,AUBEB mangrove baseline scenario
3816,9,Physical recovery — active regeneration_Entity,Mozambique,2025-12-13,daily_state,ndc_balance,260.72,254.65,212.7,81.58,0.2468,index,simulated,PDI Synthetic Generator — Baseline,,AUBEB mangrove baseline scenario
3817,10,Verified restoration — sustained blue economy asset_Entity,Madagascar,2025-12-13,daily_state,ndc_balance,269.93,263.31,262.44,97.23,0.4456,index,simulated,PDI Synthetic Generator — Baseline,,AUBEB mangrove baseline scenario
3818,0,Pre-commercial: degraded ecosystem_Entity,Nigeria,2025-12-14,daily_state,ndc_balance,169.68,177.56,125.49,70.67,0.8173,index,simulated,PDI Synthetic Generator — Baseline,,AUBEB mangrove baseline scenario
3819,1,Custodial formalisation_Entity,Cameroon,2025-12-14,daily_state,ndc_balance,199.72,268.77,223.51,83.16,1.9166,index,simulated,PDI Synthetic Generator — Baseline,,AUBEB mangrove baseline scenario
3820,2,Data extraction — baseline remote sensing_Entity,Mozambique,2025-12-14,daily_state,ndc_balance,273.37,246.03,242.15,88.58,0.5615,index,simulated,PDI Synthetic Generator — Baseline,,AUBEB mangrove baseline scenario
3821,3,Specification — carbon quantification_Entity,Madagascar,2025-12-14,daily_state,ndc_balance,287.44,259.62,241.06,83.86,1.6348,index,simulated,PDI Synthetic Generator — Baseline,,AUBEB mangrove baseline scenario
3822,4,Certification — verification & registration_Entity,Guinea,2025-12-14,daily_state,ndc_balance,251.55,277.07,220.97,79.75,1.3613,index,simulated,PDI Synthetic Generator — Baseline,,AUBEB mangrove baseline scenario
3823,5,Commercialisation outward_Entity,Tanzania,2025-12-14,daily_state,ndc_balance,282.41,272.1,222.78,78.89,0.8061,index,simulated,PDI Synthetic Generator — Baseline,,AUBEB mangrove baseline scenario
3824,6,Capital return — Conservation Fund deployment_Entity,Benin,2025-12-14,daily_state,ndc_balance,234.8,260.65,202.19,77.57,1.2586,index,simulated,PDI Synthetic Generator — Baseline,,AUBEB mangrove baseline scenario
3825,7,Restoration specification — CBEMR design_Entity,Nigeria,2025-12-14,daily_state,ndc_balance,299.02,251.77,233.19,77.98,0.7274,index,simulated,PDI Synthetic Generator — Baseline,,AUBEB mangrove baseline scenario
3826,8,Community custodial co-management_Entity,Cameroon,2025-12-14,daily_state,ndc_balance,250.54,251.86,196.88,78.17,1.2937,index,simulated,PDI Synthetic Generator — Baseline,,AUBEB mangrove baseline scenario
3827,9,Physical recovery — active regeneration_Entity,Mozambique,2025-12-14,daily_state,ndc_balance,267.99,280.21,243.4,86.86,1.963,index,simulated,PDI Synthetic Generator — Baseline,,AUBEB mangrove baseline scenario
3828,10,Verified restoration — sustained blue economy asset_Entity,Madagascar,2025-12-14,daily_state,ndc_balance,304.87,270.81,264.65,86.81,1.2913,index,simulated,PDI Synthetic Generator — Baseline,,AUBEB mangrove baseline scenario
3829,0,Pre-commercial: degraded ecosystem_Entity,Nigeria,2025-12-15,daily_state,ndc_balance,188.35,202.94,152.14,74.97,1.0964,index,simulated,PDI Synthetic Generator — Baseline,,AUBEB mangrove baseline scenario
3830,1,Custodial formalisation_Entity,Cameroon,2025-12-15,daily_state,ndc_balance,230.38,276.83,221.84,80.14,1.8427,index,simulated,PDI Synthetic Generator — Baseline,,AUBEB mangrove baseline scenario
3831,2,Data extraction — baseline remote sensing_Entity,Mozambique,2025-12-15,daily_state,ndc_balance,245.78,247.54,257.7,104.1,2.7548,index,simulated,PDI Synthetic Generator — Baseline,,AUBEB mangrove baseline scenario
3832,3,Specification — carbon quantification_Entity,Madagascar,2025-12-15,daily_state,ndc_balance,255.65,278.74,293.09,105.15,1.9621,index,simulated,PDI Synthetic Generator — Baseline,,AUBEB mangrove baseline scenario
3833,4,Certification — verification & registration_Entity,Guinea,2025-12-15,daily_state,ndc_balance,276.57,259.66,249.6,90.25,0.8177,index,simulated,PDI Synthetic Generator — Baseline,,AUBEB mangrove baseline scenario
3834,5,Commercialisation outward_Entity,Tanzania,2025-12-15,daily_state,ndc_balance,269.59,257.46,204.48,75.85,0.4624,index,simulated,PDI Synthetic Generator — Baseline,,AUBEB mangrove baseline scenario
3835,6,Capital return — Conservation Fund deployment_Entity,Benin,2025-12-15,daily_state,ndc_balance,261.8,245.94,236.83,90.46,2.3336,index,simulated,PDI Synthetic Generator — Baseline,,AUBEB mangrove baseline scenario
3836,7,Restoration specification — CBEMR design_Entity,Nigeria,2025-12-15,daily_state,ndc_balance,275.65,239.07,277.54,100.69,0.7745,index,simulated,PDI Synthetic Generator — Baseline,,AUBEB mangrove baseline scenario
3837,8,Community custodial co-management_Entity,Cameroon,2025-12-15,daily_state,ndc_balance,245.45,252.39,192.32,76.2,1.1273,index,simulated,PDI Synthetic Generator — Baseline,,AUBEB mangrove baseline scenario
3838,9,Physical recovery — active regeneration_Entity,Mozambique,2025-12-15,daily_state,ndc_balance,238.96,249.27,227.02,91.07,2.1758,index,simulated,PDI Synthetic Generator — Baseline,,AUBEB mangrove baseline scenario
3839,10,Verified restoration — sustained blue economy asset_Entity,Madagascar,2025-12-15,daily_state,ndc_balance,287.39,269.13,251.4,87.48,0.2826,index,simulated,PDI Synthetic Generator — Baseline,,AUBEB mangrove baseline scenario
3840,0,Pre-commercial: degraded ecosystem_Entity,Nigeria,2025-12-16,daily_state,ndc_balance,188.83,191.16,133.82,70.0,1.4123,index,simulated,PDI Synthetic Generator — Baseline,,AUBEB mangrove baseline scenario
3841,1,Custodial formalisation_Entity,Cameroon,2025-12-16,daily_state,ndc_balance,227.46,265.5,224.18,84.44,1.1528,index,simulated,PDI Synthetic Generator — Baseline,,AUBEB mangrove baseline scenario
3842,2,Data extraction — baseline remote sensing_Entity,Mozambique,2025-12-16,daily_state,ndc_balance,257.32,259.05,218.37,84.3,0.6433,index,simulated,PDI Synthetic Generator — Baseline,,AUBEB mangrove baseline scenario
3843,3,Specification — carbon quantification_Entity,Madagascar,2025-12-16,daily_state,ndc_balance,288.12,293.56,273.87,93.29,1.465,index,simulated,PDI Synthetic Generator — Baseline,,AUBEB mangrove baseline scenario
3844,4,Certification — verification & registration_Entity,Guinea,2025-12-16,daily_state,ndc_balance,276.02,239.0,222.84,80.73,0.3947,index,simulated,PDI Synthetic Generator — Baseline,,AUBEB mangrove baseline scenario
3845,5,Commercialisation outward_Entity,Tanzania,2025-12-16,daily_state,ndc_balance,242.17,274.21,249.24,90.89,1.8198,index,simulated,PDI Synthetic Generator — Baseline,,AUBEB mangrove baseline scenario
3846,6,Capital return — Conservation Fund deployment_Entity,Benin,2025-12-16,daily_state,ndc_balance,265.5,260.75,223.64,84.23,0.2851,index,simulated,PDI Synthetic Generator — Baseline,,AUBEB mangrove baseline scenario
3847,7,Restoration specification — CBEMR design_Entity,Nigeria,2025-12-16,daily_state,ndc_balance,286.1,262.48,247.25,86.42,1.1389,index,simulated,PDI Synthetic Generator — Baseline,,AUBEB mangrove baseline scenario
3848,8,Community custodial co-management_Entity,Cameroon,2025-12-16,daily_state,ndc_balance,247.75,249.65,205.29,82.23,0.3986,index,simulated,PDI Synthetic Generator — Baseline,,AUBEB mangrove baseline scenario
3849,9,Physical recovery — active regeneration_Entity,Mozambique,2025-12-16,daily_state,ndc_balance,250.09,237.69,252.46,100.95,1.615,index,simulated,PDI Synthetic Generator — Baseline,,AUBEB mangrove baseline scenario
3850,10,Verified restoration — sustained blue economy asset_Entity,Madagascar,2025-12-16,daily_state,ndc_balance,259.67,283.28,239.63,84.59,0.6748,index,simulated,PDI Synthetic Generator — Baseline,,AUBEB mangrove baseline scenario
3851,0,Pre-commercial: degraded ecosystem_Entity,Nigeria,2025-12-17,daily_state,ndc_balance,179.03,210.48,162.71,77.3,0.6081,index,simulated,PDI Synthetic Generator — Baseline,,AUBEB mangrove baseline scenario
3852,1,Custodial formalisation_Entity,Cameroon,2025-12-17,daily_state,ndc_balance,221.15,286.39,196.78,68.71,0.9617,index,simulated,PDI Synthetic Generator — Baseline,,AUBEB mangrove baseline scenario
3853,2,Data extraction — baseline remote sensing_Entity,Mozambique,2025-12-17,daily_state,ndc_balance,285.14,297.32,244.03,82.08,0.8457,index,simulated,PDI Synthetic Generator — Baseline,,AUBEB mangrove baseline scenario
3854,3,Specification — carbon quantification_Entity,Madagascar,2025-12-17,daily_state,ndc_balance,275.66,250.26,262.74,95.31,2.5978,index,simulated,PDI Synthetic Generator — Baseline,,AUBEB mangrove baseline scenario
3855,4,Certification — verification & registration_Entity,Guinea,2025-12-17,daily_state,ndc_balance,275.04,287.15,233.04,81.16,1.5002,index,simulated,PDI Synthetic Generator — Baseline,,AUBEB mangrove baseline scenario
3856,5,Commercialisation outward_Entity,Tanzania,2025-12-17,daily_state,ndc_balance,260.93,284.6,244.73,85.99,0.7642,index,simulated,PDI Synthetic Generator — Baseline,,AUBEB mangrove baseline scenario
3857,6,Capital return — Conservation Fund deployment_Entity,Benin,2025-12-17,daily_state,ndc_balance,280.64,294.93,202.31,68.6,0.5837,index,simulated,PDI Synthetic Generator — Baseline,,AUBEB mangrove baseline scenario
3858,7,Restoration specification — CBEMR design_Entity,Nigeria,2025-12-17,daily_state,ndc_balance,274.46,276.61,259.0,93.63,1.0463,index,simulated,PDI Synthetic Generator — Baseline,,AUBEB mangrove baseline scenario
3859,8,Community custodial co-management_Entity,Cameroon,2025-12-17,daily_state,ndc_balance,245.35,229.94,192.33,78.39,0.7227,index,simulated,PDI Synthetic Generator — Baseline,,AUBEB mangrove baseline scenario
3860,9,Physical recovery — active regeneration_Entity,Mozambique,2025-12-17,daily_state,ndc_balance,254.29,254.58,216.56,85.07,1.765,index,simulated,PDI Synthetic Generator — Baseline,,AUBEB mangrove baseline scenario
3861,10,Verified restoration — sustained blue economy asset_Entity,Madagascar,2025-12-17,daily_state,ndc_balance,262.74,277.47,252.21,90.9,1.347,index,simulated,PDI Synthetic Generator — Baseline,,AUBEB mangrove baseline scenario
3862,0,Pre-commercial: degraded ecosystem_Entity,Nigeria,2025-12-18,daily_state,ndc_balance,206.93,194.29,148.58,71.8,1.1859,index,simulated,PDI Synthetic Generator — Baseline,,AUBEB mangrove baseline scenario
3863,1,Custodial formalisation_Entity,Cameroon,2025-12-18,daily_state,ndc_balance,204.29,254.19,203.92,80.22,1.8691,index,simulated,PDI Synthetic Generator — Baseline,,AUBEB mangrove baseline scenario
3864,2,Data extraction — baseline remote sensing_Entity,Mozambique,2025-12-18,daily_state,ndc_balance,273.31,276.12,230.8,83.59,1.554,index,simulated,PDI Synthetic Generator — Baseline,,AUBEB mangrove baseline scenario
3865,3,Specification — carbon quantification_Entity,Madagascar,2025-12-18,daily_state,ndc_balance,272.06,265.31,283.78,104.31,3.0011,index,simulated,PDI Synthetic Generator — Baseline,,AUBEB mangrove baseline scenario
3866,4,Certification — verification & registration_Entity,Guinea,2025-12-18,daily_state,ndc_balance,288.45,301.24,232.72,77.25,0.8689,index,simulated,PDI Synthetic Generator — Baseline,,AUBEB mangrove baseline scenario
3867,5,Commercialisation outward_Entity,Tanzania,2025-12-18,daily_state,ndc_balance,255.83,279.67,250.15,89.44,0.3326,index,simulated,PDI Synthetic Generator — Baseline,,AUBEB mangrove baseline scenario
3868,6,Capital return — Conservation Fund deployment_Entity,Benin,2025-12-18,daily_state,ndc_balance,234.0,277.02,216.43,78.13,0.5615,index,simulated,PDI Synthetic Generator — Baseline,,AUBEB mangrove baseline scenario
3869,7,Restoration specification — CBEMR design_Entity,Nigeria,2025-12-18,daily_state,ndc_balance,272.66,262.52,259.75,95.27,2.4222,index,simulated,PDI Synthetic Generator — Baseline,,AUBEB mangrove baseline scenario
3870,8,Community custodial co-management_Entity,Cameroon,2025-12-18,daily_state,ndc_balance,234.06,277.35,181.23,65.34,1.0496,index,simulated,PDI Synthetic Generator — Baseline,,AUBEB mangrove baseline scenario
3871,9,Physical recovery — active regeneration_Entity,Mozambique,2025-12-18,daily_state,ndc_balance,255.88,247.79,245.73,96.03,0.3608,index,simulated,PDI Synthetic Generator — Baseline,,AUBEB mangrove baseline scenario
3872,10,Verified restoration — sustained blue economy asset_Entity,Madagascar,2025-12-18,daily_state,ndc_balance,280.54,278.57,275.77,98.3,1.7393,index,simulated,PDI Synthetic Generator — Baseline,,AUBEB mangrove baseline scenario
3873,0,Pre-commercial: degraded ecosystem_Entity,Nigeria,2025-12-19,daily_state,ndc_balance,202.28,205.03,136.54,66.6,0.7614,index,simulated,PDI Synthetic Generator — Baseline,,AUBEB mangrove baseline scenario
3874,1,Custodial formalisation_Entity,Cameroon,2025-12-19,daily_state,ndc_balance,235.45,255.91,224.38,87.68,2.2961,index,simulated,PDI Synthetic Generator — Baseline,,AUBEB mangrove baseline scenario
3875,2,Data extraction — baseline remote sensing_Entity,Mozambique,2025-12-19,daily_state,ndc_balance,237.96,273.13,269.22,98.57,0.8741,index,simulated,PDI Synthetic Generator — Baseline,,AUBEB mangrove baseline scenario
3876,3,Specification — carbon quantification_Entity,Madagascar,2025-12-19,daily_state,ndc_balance,238.6,249.94,263.92,105.59,1.6623,index,simulated,PDI Synthetic Generator — Baseline,,AUBEB mangrove baseline scenario
3877,4,Certification — verification & registration_Entity,Guinea,2025-12-19,daily_state,ndc_balance,281.28,264.68,238.95,84.95,0.9302,index,simulated,PDI Synthetic Generator — Baseline,,AUBEB mangrove baseline scenario
3878,5,Commercialisation outward_Entity,Tanzania,2025-12-19,daily_state,ndc_balance,261.42,245.38,230.8,88.29,0.5868,index,simulated,PDI Synthetic Generator — Baseline,,AUBEB mangrove baseline scenario
3879,6,Capital return — Conservation Fund deployment_Entity,Benin,2025-12-19,daily_state,ndc_balance,252.74,280.21,245.22,87.51,1.8951,index,simulated,PDI Synthetic Generator — Baseline,,AUBEB mangrove baseline scenario
3880,7,Restoration specification — CBEMR design_Entity,Nigeria,2025-12-19,daily_state,ndc_balance,274.73,281.52,268.75,95.46,2.2821,index,simulated,PDI Synthetic Generator — Baseline,,AUBEB mangrove baseline scenario
3881,8,Community custodial co-management_Entity,Cameroon,2025-12-19,daily_state,ndc_balance,235.25,246.05,203.25,82.61,0.4686,index,simulated,PDI Synthetic Generator — Baseline,,AUBEB mangrove baseline scenario
3882,9,Physical recovery — active regeneration_Entity,Mozambique,2025-12-19,daily_state,ndc_balance,255.89,252.98,231.6,90.51,0.92,index,simulated,PDI Synthetic Generator — Baseline,,AUBEB mangrove baseline scenario
3883,10,Verified restoration — sustained blue economy asset_Entity,Madagascar,2025-12-19,daily_state,ndc_balance,293.66,280.73,261.63,89.09,0.7627,index,simulated,PDI Synthetic Generator — Baseline,,AUBEB mangrove baseline scenario
3884,0,Pre-commercial: degraded ecosystem_Entity,Nigeria,2025-12-20,daily_state,ndc_balance,200.27,199.45,147.02,73.41,1.2058,index,simulated,PDI Synthetic Generator — Baseline,,AUBEB mangrove baseline scenario
3885,1,Custodial formalisation_Entity,Cameroon,2025-12-20,daily_state,ndc_balance,209.26,272.83,220.34,80.76,1.1091,index,simulated,PDI Synthetic Generator — Baseline,,AUBEB mangrove baseline scenario
3886,2,Data extraction — baseline remote sensing_Entity,Mozambique,2025-12-20,daily_state,ndc_balance,270.94,287.38,251.37,87.47,1.8551,index,simulated,PDI Synthetic Generator — Baseline,,AUBEB mangrove baseline scenario
3887,3,Specification — carbon quantification_Entity,Madagascar,2025-12-20,daily_state,ndc_balance,295.53,261.01,245.99,83.24,0.8873,index,simulated,PDI Synthetic Generator — Baseline,,AUBEB mangrove baseline scenario
3888,4,Certification — verification & registration_Entity,Guinea,2025-12-20,daily_state,ndc_balance,283.34,258.96,226.19,79.83,0.8432,index,simulated,PDI Synthetic Generator — Baseline,,AUBEB mangrove baseline scenario
3889,5,Commercialisation outward_Entity,Tanzania,2025-12-20,daily_state,ndc_balance,284.23,242.41,224.14,78.86,1.0444,index,simulated,PDI Synthetic Generator — Baseline,,AUBEB mangrove baseline scenario
3890,6,Capital return — Conservation Fund deployment_Entity,Benin,2025-12-20,daily_state,ndc_balance,279.27,275.88,208.81,74.77,0.8524,index,simulated,PDI Synthetic Generator — Baseline,,AUBEB mangrove baseline scenario
3891,7,Restoration specification — CBEMR design_Entity,Nigeria,2025-12-20,daily_state,ndc_balance,297.24,259.78,250.07,84.13,1.2622,index,simulated,PDI Synthetic Generator — Baseline,,AUBEB mangrove baseline scenario
3892,8,Community custodial co-management_Entity,Cameroon,2025-12-20,daily_state,ndc_balance,221.98,262.88,207.51,78.94,0.3904,index,simulated,PDI Synthetic Generator — Baseline,,AUBEB mangrove baseline scenario
3893,9,Physical recovery — active regeneration_Entity,Mozambique,2025-12-20,daily_state,ndc_balance,246.64,253.07,229.44,90.66,1.9937,index,simulated,PDI Synthetic Generator — Baseline,,AUBEB mangrove baseline scenario
3894,10,Verified restoration — sustained blue economy asset_Entity,Madagascar,2025-12-20,daily_state,ndc_balance,269.68,266.94,220.43,81.74,1.3827,index,simulated,PDI Synthetic Generator — Baseline,,AUBEB mangrove baseline scenario
3895,0,Pre-commercial: degraded ecosystem_Entity,Nigeria,2025-12-21,daily_state,ndc_balance,229.41,193.74,148.76,64.84,0.322,index,simulated,PDI Synthetic Generator — Baseline,,AUBEB mangrove baseline scenario
3896,1,Custodial formalisation_Entity,Cameroon,2025-12-21,daily_state,ndc_balance,206.94,253.29,205.34,81.07,1.2881,index,simulated,PDI Synthetic Generator — Baseline,,AUBEB mangrove baseline scenario
3897,2,Data extraction — baseline remote sensing_Entity,Mozambique,2025-12-21,daily_state,ndc_balance,254.21,238.34,265.76,104.54,2.6869,index,simulated,PDI Synthetic Generator — Baseline,,AUBEB mangrove baseline scenario
3898,3,Specification — carbon quantification_Entity,Madagascar,2025-12-21,daily_state,ndc_balance,272.44,260.09,239.92,88.06,1.5735,index,simulated,PDI Synthetic Generator — Baseline,,AUBEB mangrove baseline scenario
3899,4,Certification — verification & registration_Entity,Guinea,2025-12-21,daily_state,ndc_balance,261.7,292.57,238.73,81.6,1.3742,index,simulated,PDI Synthetic Generator — Baseline,,AUBEB mangrove baseline scenario
3900,5,Commercialisation outward_Entity,Tanzania,2025-12-21,daily_state,ndc_balance,269.38,268.4,222.99,82.78,1.2742,index,simulated,PDI Synthetic Generator — Baseline,,AUBEB mangrove baseline scenario
3901,6,Capital return — Conservation Fund deployment_Entity,Benin,2025-12-21,daily_state,ndc_balance,268.29,265.23,217.93,81.23,0.9424,index,simulated,PDI Synthetic Generator — Baseline,,AUBEB mangrove baseline scenario
3902,7,Restoration specification — CBEMR design_Entity,Nigeria,2025-12-21,daily_state,ndc_balance,275.04,248.58,253.49,92.16,1.9454,index,simulated,PDI Synthetic Generator — Baseline,,AUBEB mangrove baseline scenario
3903,8,Community custodial co-management_Entity,Cameroon,2025-12-21,daily_state,ndc_balance,243.36,248.73,199.48,80.2,1.8287,index,simulated,PDI Synthetic Generator — Baseline,,AUBEB mangrove baseline scenario
3904,9,Physical recovery — active regeneration_Entity,Mozambique,2025-12-21,daily_state,ndc_balance,240.32,241.39,228.31,94.58,0.8816,index,simulated,PDI Synthetic Generator — Baseline,,AUBEB mangrove baseline scenario
3905,10,Verified restoration — sustained blue economy asset_Entity,Madagascar,2025-12-21,daily_state,ndc_balance,290.81,245.84,236.18,81.21,0.5193,index,simulated,PDI Synthetic Generator — Baseline,,AUBEB mangrove baseline scenario
3906,0,Pre-commercial: degraded ecosystem_Entity,Nigeria,2025-12-22,daily_state,ndc_balance,187.6,178.84,147.22,78.48,1.6158,index,simulated,PDI Synthetic Generator — Baseline,,AUBEB mangrove baseline scenario
3907,1,Custodial formalisation_Entity,Cameroon,2025-12-22,daily_state,ndc_balance,204.42,275.94,215.23,78.0,0.2736,index,simulated,PDI Synthetic Generator — Baseline,,AUBEB mangrove baseline scenario
3908,2,Data extraction — baseline remote sensing_Entity,Mozambique,2025-12-22,daily_state,ndc_balance,261.2,272.77,274.35,100.58,1.5832,index,simulated,PDI Synthetic Generator — Baseline,,AUBEB mangrove baseline scenario
3909,3,Specification — carbon quantification_Entity,Madagascar,2025-12-22,daily_state,ndc_balance,260.57,268.77,270.61,100.68,2.7549,index,simulated,PDI Synthetic Generator — Baseline,,AUBEB mangrove baseline scenario
3910,4,Certification — verification & registration_Entity,Guinea,2025-12-22,daily_state,ndc_balance,271.76,262.02,254.65,93.7,1.587,index,simulated,PDI Synthetic Generator — Baseline,,AUBEB mangrove baseline scenario
3911,5,Commercialisation outward_Entity,Tanzania,2025-12-22,daily_state,ndc_balance,270.02,265.8,248.13,91.89,1.9696,index,simulated,PDI Synthetic Generator — Baseline,,AUBEB mangrove baseline scenario
3912,6,Capital return — Conservation Fund deployment_Entity,Benin,2025-12-22,daily_state,ndc_balance,283.01,295.6,243.16,82.26,0.9286,index,simulated,PDI Synthetic Generator — Baseline,,AUBEB mangrove baseline scenario
3913,7,Restoration specification — CBEMR design_Entity,Nigeria,2025-12-22,daily_state,ndc_balance,288.45,240.51,243.09,84.27,1.907,index,simulated,PDI Synthetic Generator — Baseline,,AUBEB mangrove baseline scenario
3914,8,Community custodial co-management_Entity,Cameroon,2025-12-22,daily_state,ndc_balance,233.41,254.12,210.88,82.98,1.3344,index,simulated,PDI Synthetic Generator — Baseline,,AUBEB mangrove baseline scenario
3915,9,Physical recovery — active regeneration_Entity,Mozambique,2025-12-22,daily_state,ndc_balance,281.21,240.38,216.51,76.99,1.0884,index,simulated,PDI Synthetic Generator — Baseline,,AUBEB mangrove baseline scenario
3916,10,Verified restoration — sustained blue economy asset_Entity,Madagascar,2025-12-22,daily_state,ndc_balance,277.67,265.44,263.54,94.91,2.07,index,simulated,PDI Synthetic Generator — Baseline,,AUBEB mangrove baseline scenario
3917,0,Pre-commercial: degraded ecosystem_Entity,Nigeria,2025-12-23,daily_state,ndc_balance,196.77,188.88,136.58,69.41,0.9737,index,simulated,PDI Synthetic Generator — Baseline,,AUBEB mangrove baseline scenario
3918,1,Custodial formalisation_Entity,Cameroon,2025-12-23,daily_state,ndc_balance,211.27,267.44,215.79,80.69,1.6681,index,simulated,PDI Synthetic Generator — Baseline,,AUBEB mangrove baseline scenario
3919,2,Data extraction — baseline remote sensing_Entity,Mozambique,2025-12-23,daily_state,ndc_balance,256.2,215.42,244.14,95.29,0.9543,index,simulated,PDI Synthetic Generator — Baseline,,AUBEB mangrove baseline scenario
3920,3,Specification — carbon quantification_Entity,Madagascar,2025-12-23,daily_state,ndc_balance,268.79,260.13,290.03,107.9,2.3782,index,simulated,PDI Synthetic Generator — Baseline,,AUBEB mangrove baseline scenario
3921,4,Certification — verification & registration_Entity,Guinea,2025-12-23,daily_state,ndc_balance,272.12,242.53,231.85,85.2,0.3479,index,simulated,PDI Synthetic Generator — Baseline,,AUBEB mangrove baseline scenario
3922,5,Commercialisation outward_Entity,Tanzania,2025-12-23,daily_state,ndc_balance,256.64,276.97,225.83,81.54,0.5765,index,simulated,PDI Synthetic Generator — Baseline,,AUBEB mangrove baseline scenario
3923,6,Capital return — Conservation Fund deployment_Entity,Benin,2025-12-23,daily_state,ndc_balance,255.39,237.42,230.99,90.45,0.575,index,simulated,PDI Synthetic Generator — Baseline,,AUBEB mangrove baseline scenario
3924,7,Restoration specification — CBEMR design_Entity,Nigeria,2025-12-23,daily_state,ndc_balance,277.33,246.9,239.75,86.45,1.6968,index,simulated,PDI Synthetic Generator — Baseline,,AUBEB mangrove baseline scenario
3925,8,Community custodial co-management_Entity,Cameroon,2025-12-23,daily_state,ndc_balance,224.8,248.62,205.87,82.81,1.0906,index,simulated,PDI Synthetic Generator — Baseline,,AUBEB mangrove baseline scenario
3926,9,Physical recovery — active regeneration_Entity,Mozambique,2025-12-23,daily_state,ndc_balance,253.93,237.99,214.26,84.38,0.5843,index,simulated,PDI Synthetic Generator — Baseline,,AUBEB mangrove baseline scenario
3927,10,Verified restoration — sustained blue economy asset_Entity,Madagascar,2025-12-23,daily_state,ndc_balance,271.53,265.01,270.85,99.75,1.5614,index,simulated,PDI Synthetic Generator — Baseline,,AUBEB mangrove baseline scenario
3928,0,Pre-commercial: degraded ecosystem_Entity,Nigeria,2025-12-24,daily_state,ndc_balance,200.38,203.96,153.08,75.05,0.3103,index,simulated,PDI Synthetic Generator — Baseline,,AUBEB mangrove baseline scenario
3929,1,Custodial formalisation_Entity,Cameroon,2025-12-24,daily_state,ndc_balance,218.98,270.14,219.98,81.43,0.4707,index,simulated,PDI Synthetic Generator — Baseline,,AUBEB mangrove baseline scenario
3930,2,Data extraction — baseline remote sensing_Entity,Mozambique,2025-12-24,daily_state,ndc_balance,258.63,274.17,250.05,91.2,1.7919,index,simulated,PDI Synthetic Generator — Baseline,,AUBEB mangrove baseline scenario
3931,3,Specification — carbon quantification_Entity,Madagascar,2025-12-24,daily_state,ndc_balance,274.28,254.75,234.84,85.62,0.3258,index,simulated,PDI Synthetic Generator — Baseline,,AUBEB mangrove baseline scenario
3932,4,Certification — verification & registration_Entity,Guinea,2025-12-24,daily_state,ndc_balance,264.78,250.74,223.41,84.38,0.3851,index,simulated,PDI Synthetic Generator — Baseline,,AUBEB mangrove baseline scenario
3933,5,Commercialisation outward_Entity,Tanzania,2025-12-24,daily_state,ndc_balance,272.03,282.78,239.06,84.54,0.4478,index,simulated,PDI Synthetic Generator — Baseline,,AUBEB mangrove baseline scenario
3934,6,Capital return — Conservation Fund deployment_Entity,Benin,2025-12-24,daily_state,ndc_balance,267.16,268.86,214.29,79.7,1.4307,index,simulated,PDI Synthetic Generator — Baseline,,AUBEB mangrove baseline scenario
3935,7,Restoration specification — CBEMR design_Entity,Nigeria,2025-12-24,daily_state,ndc_balance,259.83,240.38,254.19,97.83,0.7986,index,simulated,PDI Synthetic Generator — Baseline,,AUBEB mangrove baseline scenario
3936,8,Community custodial co-management_Entity,Cameroon,2025-12-24,daily_state,ndc_balance,203.19,238.21,182.72,76.71,0.2353,index,simulated,PDI Synthetic Generator — Baseline,,AUBEB mangrove baseline scenario
3937,9,Physical recovery — active regeneration_Entity,Mozambique,2025-12-24,daily_state,ndc_balance,237.54,244.99,223.96,91.42,1.7407,index,simulated,PDI Synthetic Generator — Baseline,,AUBEB mangrove baseline scenario
3938,10,Verified restoration — sustained blue economy asset_Entity,Madagascar,2025-12-24,daily_state,ndc_balance,297.77,239.9,263.67,88.55,1.9527,index,simulated,PDI Synthetic Generator — Baseline,,AUBEB mangrove baseline scenario
3939,0,Pre-commercial: degraded ecosystem_Entity,Nigeria,2025-12-25,daily_state,ndc_balance,200.94,194.47,142.62,70.98,0.2878,index,simulated,PDI Synthetic Generator — Baseline,,AUBEB mangrove baseline scenario
3940,1,Custodial formalisation_Entity,Cameroon,2025-12-25,daily_state,ndc_balance,201.69,265.81,235.05,88.43,1.6767,index,simulated,PDI Synthetic Generator — Baseline,,AUBEB mangrove baseline scenario
3941,2,Data extraction — baseline remote sensing_Entity,Mozambique,2025-12-25,daily_state,ndc_balance,250.03,265.63,241.99,91.1,1.7389,index,simulated,PDI Synthetic Generator — Baseline,,AUBEB mangrove baseline scenario
3942,3,Specification — carbon quantification_Entity,Madagascar,2025-12-25,daily_state,ndc_balance,281.9,281.25,256.01,90.82,0.8859,index,simulated,PDI Synthetic Generator — Baseline,,AUBEB mangrove baseline scenario
3943,4,Certification — verification & registration_Entity,Guinea,2025-12-25,daily_state,ndc_balance,280.61,294.61,219.38,74.46,0.7154,index,simulated,PDI Synthetic Generator — Baseline,,AUBEB mangrove baseline scenario
3944,5,Commercialisation outward_Entity,Tanzania,2025-12-25,daily_state,ndc_balance,246.84,297.56,228.49,76.79,1.5136,index,simulated,PDI Synthetic Generator — Baseline,,AUBEB mangrove baseline scenario
3945,6,Capital return — Conservation Fund deployment_Entity,Benin,2025-12-25,daily_state,ndc_balance,283.51,282.83,215.05,75.85,0.506,index,simulated,PDI Synthetic Generator — Baseline,,AUBEB mangrove baseline scenario
3946,7,Restoration specification — CBEMR design_Entity,Nigeria,2025-12-25,daily_state,ndc_balance,254.84,261.04,234.35,89.78,0.5208,index,simulated,PDI Synthetic Generator — Baseline,,AUBEB mangrove baseline scenario
3947,8,Community custodial co-management_Entity,Cameroon,2025-12-25,daily_state,ndc_balance,230.34,239.09,201.29,84.19,2.0668,index,simulated,PDI Synthetic Generator — Baseline,,AUBEB mangrove baseline scenario
3948,9,Physical recovery — active regeneration_Entity,Mozambique,2025-12-25,daily_state,ndc_balance,252.73,260.92,240.61,92.22,1.2283,index,simulated,PDI Synthetic Generator — Baseline,,AUBEB mangrove baseline scenario
3949,10,Verified restoration — sustained blue economy asset_Entity,Madagascar,2025-12-25,daily_state,ndc_balance,270.55,283.24,246.23,86.93,2.1122,index,simulated,PDI Synthetic Generator — Baseline,,AUBEB mangrove baseline scenario
3950,0,Pre-commercial: degraded ecosystem_Entity,Nigeria,2025-12-26,daily_state,ndc_balance,207.64,200.66,143.94,69.32,1.3658,index,simulated,PDI Synthetic Generator — Baseline,,AUBEB mangrove baseline scenario
3951,1,Custodial formalisation_Entity,Cameroon,2025-12-26,daily_state,ndc_balance,228.85,253.68,251.32,99.07,2.7594,index,simulated,PDI Synthetic Generator — Baseline,,AUBEB mangrove baseline scenario
3952,2,Data extraction — baseline remote sensing_Entity,Mozambique,2025-12-26,daily_state,ndc_balance,263.49,258.33,249.47,94.68,0.6609,index,simulated,PDI Synthetic Generator — Baseline,,AUBEB mangrove baseline scenario
3953,3,Specification — carbon quantification_Entity,Madagascar,2025-12-26,daily_state,ndc_balance,282.36,290.93,276.37,95.0,0.4206,index,simulated,PDI Synthetic Generator — Baseline,,AUBEB mangrove baseline scenario
3954,4,Certification — verification & registration_Entity,Guinea,2025-12-26,daily_state,ndc_balance,267.8,263.81,201.88,75.38,0.8321,index,simulated,PDI Synthetic Generator — Baseline,,AUBEB mangrove baseline scenario
3955,5,Commercialisation outward_Entity,Tanzania,2025-12-26,daily_state,ndc_balance,262.15,269.35,233.99,86.87,0.7998,index,simulated,PDI Synthetic Generator — Baseline,,AUBEB mangrove baseline scenario
3956,6,Capital return — Conservation Fund deployment_Entity,Benin,2025-12-26,daily_state,ndc_balance,268.04,251.38,205.08,76.51,0.7168,index,simulated,PDI Synthetic Generator — Baseline,,AUBEB mangrove baseline scenario
3957,7,Restoration specification — CBEMR design_Entity,Nigeria,2025-12-26,daily_state,ndc_balance,277.67,304.52,262.78,86.29,1.5143,index,simulated,PDI Synthetic Generator — Baseline,,AUBEB mangrove baseline scenario
3958,8,Community custodial co-management_Entity,Cameroon,2025-12-26,daily_state,ndc_balance,217.01,260.26,214.22,82.31,0.7254,index,simulated,PDI Synthetic Generator — Baseline,,AUBEB mangrove baseline scenario
3959,9,Physical recovery — active regeneration_Entity,Mozambique,2025-12-26,daily_state,ndc_balance,252.01,259.8,210.24,80.92,0.9135,index,simulated,PDI Synthetic Generator — Baseline,,AUBEB mangrove baseline scenario
3960,10,Verified restoration — sustained blue economy asset_Entity,Madagascar,2025-12-26,daily_state,ndc_balance,255.54,235.84,255.77,100.09,2.0312,index,simulated,PDI Synthetic Generator — Baseline,,AUBEB mangrove baseline scenario
3961,0,Pre-commercial: degraded ecosystem_Entity,Nigeria,2025-12-27,daily_state,ndc_balance,182.8,218.65,140.88,64.43,0.6209,index,simulated,PDI Synthetic Generator — Baseline,,AUBEB mangrove baseline scenario
3962,1,Custodial formalisation_Entity,Cameroon,2025-12-27,daily_state,ndc_balance,216.35,246.51,172.53,69.99,0.6389,index,simulated,PDI Synthetic Generator — Baseline,,AUBEB mangrove baseline scenario
3963,2,Data extraction — baseline remote sensing_Entity,Mozambique,2025-12-27,daily_state,ndc_balance,247.57,276.55,243.41,88.02,0.455,index,simulated,PDI Synthetic Generator — Baseline,,AUBEB mangrove baseline scenario
3964,3,Specification — carbon quantification_Entity,Madagascar,2025-12-27,daily_state,ndc_balance,299.19,278.44,246.97,82.55,1.0032,index,simulated,PDI Synthetic Generator — Baseline,,AUBEB mangrove baseline scenario
3965,4,Certification — verification & registration_Entity,Guinea,2025-12-27,daily_state,ndc_balance,275.25,285.29,241.06,84.5,1.2054,index,simulated,PDI Synthetic Generator — Baseline,,AUBEB mangrove baseline scenario
3966,5,Commercialisation outward_Entity,Tanzania,2025-12-27,daily_state,ndc_balance,232.33,275.68,233.78,84.8,1.9855,index,simulated,PDI Synthetic Generator — Baseline,,AUBEB mangrove baseline scenario
3967,6,Capital return — Conservation Fund deployment_Entity,Benin,2025-12-27,daily_state,ndc_balance,265.23,252.0,240.19,90.56,1.9365,index,simulated,PDI Synthetic Generator — Baseline,,AUBEB mangrove baseline scenario
3968,7,Restoration specification — CBEMR design_Entity,Nigeria,2025-12-27,daily_state,ndc_balance,289.99,280.19,256.81,88.56,1.3285,index,simulated,PDI Synthetic Generator — Baseline,,AUBEB mangrove baseline scenario
3969,8,Community custodial co-management_Entity,Cameroon,2025-12-27,daily_state,ndc_balance,219.58,250.9,202.69,80.79,0.9848,index,simulated,PDI Synthetic Generator — Baseline,,AUBEB mangrove baseline scenario
3970,9,Physical recovery — active regeneration_Entity,Mozambique,2025-12-27,daily_state,ndc_balance,231.18,254.25,235.79,92.74,1.9295,index,simulated,PDI Synthetic Generator — Baseline,,AUBEB mangrove baseline scenario
3971,10,Verified restoration — sustained blue economy asset_Entity,Madagascar,2025-12-27,daily_state,ndc_balance,305.88,267.89,245.17,80.15,0.2664,index,simulated,PDI Synthetic Generator — Baseline,,AUBEB mangrove baseline scenario
3972,0,Pre-commercial: degraded ecosystem_Entity,Nigeria,2025-12-28,daily_state,ndc_balance,201.8,191.36,143.87,71.29,0.7864,index,simulated,PDI Synthetic Generator — Baseline,,AUBEB mangrove baseline scenario
3973,1,Custodial formalisation_Entity,Cameroon,2025-12-28,daily_state,ndc_balance,212.68,278.6,237.67,85.31,0.9279,index,simulated,PDI Synthetic Generator — Baseline,,AUBEB mangrove baseline scenario
3974,2,Data extraction — baseline remote sensing_Entity,Mozambique,2025-12-28,daily_state,ndc_balance,265.18,259.14,240.76,90.79,0.9155,index,simulated,PDI Synthetic Generator — Baseline,,AUBEB mangrove baseline scenario
3975,3,Specification — carbon quantification_Entity,Madagascar,2025-12-28,daily_state,ndc_balance,283.28,262.39,256.02,90.38,1.4914,index,simulated,PDI Synthetic Generator — Baseline,,AUBEB mangrove baseline scenario
3976,4,Certification — verification & registration_Entity,Guinea,2025-12-28,daily_state,ndc_balance,256.65,280.36,254.0,90.6,1.4166,index,simulated,PDI Synthetic Generator — Baseline,,AUBEB mangrove baseline scenario
3977,5,Commercialisation outward_Entity,Tanzania,2025-12-28,daily_state,ndc_balance,249.9,285.56,223.34,78.21,0.2325,index,simulated,PDI Synthetic Generator — Baseline,,AUBEB mangrove baseline scenario
3978,6,Capital return — Conservation Fund deployment_Entity,Benin,2025-12-28,daily_state,ndc_balance,265.12,273.24,229.99,84.17,0.5931,index,simulated,PDI Synthetic Generator — Baseline,,AUBEB mangrove baseline scenario
3979,7,Restoration specification — CBEMR design_Entity,Nigeria,2025-12-28,daily_state,ndc_balance,263.78,242.89,256.71,97.32,2.3877,index,simulated,PDI Synthetic Generator — Baseline,,AUBEB mangrove baseline scenario
3980,8,Community custodial co-management_Entity,Cameroon,2025-12-28,daily_state,ndc_balance,249.68,270.46,189.87,70.2,0.4861,index,simulated,PDI Synthetic Generator — Baseline,,AUBEB mangrove baseline scenario
3981,9,Physical recovery — active regeneration_Entity,Mozambique,2025-12-28,daily_state,ndc_balance,238.03,257.79,235.52,91.36,1.5691,index,simulated,PDI Synthetic Generator — Baseline,,AUBEB mangrove baseline scenario
3982,10,Verified restoration — sustained blue economy asset_Entity,Madagascar,2025-12-28,daily_state,ndc_balance,273.9,241.61,250.56,91.48,1.8315,index,simulated,PDI Synthetic Generator — Baseline,,AUBEB mangrove baseline scenario
3983,0,Pre-commercial: degraded ecosystem_Entity,Nigeria,2025-12-29,daily_state,ndc_balance,196.97,200.48,150.58,75.11,0.8175,index,simulated,PDI Synthetic Generator — Baseline,,AUBEB mangrove baseline scenario
3984,1,Custodial formalisation_Entity,Cameroon,2025-12-29,daily_state,ndc_balance,210.37,266.57,223.62,83.89,1.3308,index,simulated,PDI Synthetic Generator — Baseline,,AUBEB mangrove baseline scenario
3985,2,Data extraction — baseline remote sensing_Entity,Mozambique,2025-12-29,daily_state,ndc_balance,256.88,242.96,261.46,101.78,2.1752,index,simulated,PDI Synthetic Generator — Baseline,,AUBEB mangrove baseline scenario
3986,3,Specification — carbon quantification_Entity,Madagascar,2025-12-29,daily_state,ndc_balance,287.0,280.84,265.28,92.43,0.3016,index,simulated,PDI Synthetic Generator — Baseline,,AUBEB mangrove baseline scenario
3987,4,Certification — verification & registration_Entity,Guinea,2025-12-29,daily_state,ndc_balance,248.37,254.08,205.26,80.79,0.3155,index,simulated,PDI Synthetic Generator — Baseline,,AUBEB mangrove baseline scenario
3988,5,Commercialisation outward_Entity,Tanzania,2025-12-29,daily_state,ndc_balance,249.88,265.99,210.04,78.97,1.6315,index,simulated,PDI Synthetic Generator — Baseline,,AUBEB mangrove baseline scenario
3989,6,Capital return — Conservation Fund deployment_Entity,Benin,2025-12-29,daily_state,ndc_balance,251.6,262.51,239.4,91.2,2.4894,index,simulated,PDI Synthetic Generator — Baseline,,AUBEB mangrove baseline scenario
3990,7,Restoration specification — CBEMR design_Entity,Nigeria,2025-12-29,daily_state,ndc_balance,280.24,298.18,262.64,88.08,0.3213,index,simulated,PDI Synthetic Generator — Baseline,,AUBEB mangrove baseline scenario
3991,8,Community custodial co-management_Entity,Cameroon,2025-12-29,daily_state,ndc_balance,223.16,244.39,199.51,81.64,1.6937,index,simulated,PDI Synthetic Generator — Baseline,,AUBEB mangrove baseline scenario
3992,9,Physical recovery — active regeneration_Entity,Mozambique,2025-12-29,daily_state,ndc_balance,240.12,267.16,204.03,76.37,0.797,index,simulated,PDI Synthetic Generator — Baseline,,AUBEB mangrove baseline scenario
3993,10,Verified restoration — sustained blue economy asset_Entity,Madagascar,2025-12-29,daily_state,ndc_balance,240.06,241.47,240.79,99.72,0.8317,index,simulated,PDI Synthetic Generator — Baseline,,AUBEB mangrove baseline scenario
3994,0,Pre-commercial: degraded ecosystem_Entity,Nigeria,2025-12-30,daily_state,ndc_balance,186.72,184.62,135.04,72.32,1.306,index,simulated,PDI Synthetic Generator — Baseline,,AUBEB mangrove baseline scenario
3995,1,Custodial formalisation_Entity,Cameroon,2025-12-30,daily_state,ndc_balance,200.02,286.03,209.52,73.25,0.7144,index,simulated,PDI Synthetic Generator — Baseline,,AUBEB mangrove baseline scenario
3996,2,Data extraction — baseline remote sensing_Entity,Mozambique,2025-12-30,daily_state,ndc_balance,271.24,281.24,248.96,88.52,0.8416,index,simulated,PDI Synthetic Generator — Baseline,,AUBEB mangrove baseline scenario
3997,3,Specification — carbon quantification_Entity,Madagascar,2025-12-30,daily_state,ndc_balance,298.3,277.67,255.86,85.77,0.5667,index,simulated,PDI Synthetic Generator — Baseline,,AUBEB mangrove baseline scenario
3998,4,Certification — verification & registration_Entity,Guinea,2025-12-30,daily_state,ndc_balance,271.31,267.45,246.16,90.73,1.885,index,simulated,PDI Synthetic Generator — Baseline,,AUBEB mangrove baseline scenario
3999,5,Commercialisation outward_Entity,Tanzania,2025-12-30,daily_state,ndc_balance,282.72,267.01,217.72,77.01,1.6382,index,simulated,PDI Synthetic Generator — Baseline,,AUBEB mangrove baseline scenario
4000,6,Capital return — Conservation Fund deployment_Entity,Benin,2025-12-30,daily_state,ndc_balance,248.39,289.73,228.59,78.9,0.2114,index,simulated,PDI Synthetic Generator — Baseline,,AUBEB mangrove baseline scenario
4001,7,Restoration specification — CBEMR design_Entity,Nigeria,2025-12-30,daily_state,ndc_balance,271.14,237.14,260.16,95.95,2.7322,index,simulated,PDI Synthetic Generator — Baseline,,AUBEB mangrove baseline scenario
4002,8,Community custodial co-management_Entity,Cameroon,2025-12-30,daily_state,ndc_balance,248.95,254.11,193.7,76.23,0.9074,index,simulated,PDI Synthetic Generator — Baseline,,AUBEB mangrove baseline scenario
4003,9,Physical recovery — active regeneration_Entity,Mozambique,2025-12-30,daily_state,ndc_balance,224.14,249.27,224.7,90.14,0.4391,index,simulated,PDI Synthetic Generator — Baseline,,AUBEB mangrove baseline scenario
4004,10,Verified restoration — sustained blue economy asset_Entity,Madagascar,2025-12-30,daily_state,ndc_balance,277.4,281.02,258.04,91.82,1.7676,index,simulated,PDI Synthetic Generator — Baseline,,AUBEB mangrove baseline scenario
4005,0,Pre-commercial: degraded ecosystem_Entity,Nigeria,2025-12-31,daily_state,ndc_balance,221.32,203.71,139.35,62.96,1.1153,index,simulated,PDI Synthetic Generator — Baseline,,AUBEB mangrove baseline scenario
4006,1,Custodial formalisation_Entity,Cameroon,2025-12-31,daily_state,ndc_balance,207.91,308.08,201.09,65.27,1.0471,index,simulated,PDI Synthetic Generator — Baseline,,AUBEB mangrove baseline scenario
4007,2,Data extraction — baseline remote sensing_Entity,Mozambique,2025-12-31,daily_state,ndc_balance,258.16,296.68,243.11,81.94,1.281,index,simulated,PDI Synthetic Generator — Baseline,,AUBEB mangrove baseline scenario
4008,3,Specification — carbon quantification_Entity,Madagascar,2025-12-31,daily_state,ndc_balance,258.13,293.3,239.25,81.57,1.0055,index,simulated,PDI Synthetic Generator — Baseline,,AUBEB mangrove baseline scenario
4009,4,Certification — verification & registration_Entity,Guinea,2025-12-31,daily_state,ndc_balance,264.6,278.33,274.18,98.51,2.2063,index,simulated,PDI Synthetic Generator — Baseline,,AUBEB mangrove baseline scenario
4010,5,Commercialisation outward_Entity,Tanzania,2025-12-31,daily_state,ndc_balance,254.0,249.74,228.42,89.93,2.3488,index,simulated,PDI Synthetic Generator — Baseline,,AUBEB mangrove baseline scenario
4011,6,Capital return — Conservation Fund deployment_Entity,Benin,2025-12-31,daily_state,ndc_balance,276.71,263.48,239.7,86.62,2.1914,index,simulated,PDI Synthetic Generator — Baseline,,AUBEB mangrove baseline scenario
4012,7,Restoration specification — CBEMR design_Entity,Nigeria,2025-12-31,daily_state,ndc_balance,249.92,303.12,238.01,78.52,0.6912,index,simulated,PDI Synthetic Generator — Baseline,,AUBEB mangrove baseline scenario
4013,8,Community custodial co-management_Entity,Cameroon,2025-12-31,daily_state,ndc_balance,251.4,275.75,172.9,62.7,0.4959,index,simulated,PDI Synthetic Generator — Baseline,,AUBEB mangrove baseline scenario
4014,9,Physical recovery — active regeneration_Entity,Mozambique,2025-12-31,daily_state,ndc_balance,261.38,217.52,230.36,88.13,1.4307,index,simulated,PDI Synthetic Generator — Baseline,,AUBEB mangrove baseline scenario
4015,10,Verified restoration — sustained blue economy asset_Entity,Madagascar,2025-12-31,daily_state,ndc_balance,261.41,279.1,252.85,90.59,0.6286,index,simulated,PDI Synthetic Generator — Baseline,,AUBEB mangrove baseline scenario
